title,date,text
Danish  central bank  sold 3.7 bln DKK in  forex  market in November,2022-12-02,"COPENHAGEN, Dec 2 (Reuters) - Denmark's central bankintervened in the foreign exchange market in November, selling 3.7 billion Danish crowns ($520.91 million) to stabilize the crown currency, it said on Friday. ($1 = 7.1030 Danish crowns) (Reporting by Nikolaj Skydsgaard and Jacob Gronholt-Pedersen) 

Released: 2022-12-2T17:02:04.000Z"
Danish  central bank  sold 22.3 bln DKK in  forex  market in October,2022-11-02,"COPENHAGEN, Nov 2 (Reuters) - Denmark's central bankintervened in the foreign exchange market in October, selling 22.3 billion Danish crowns ($2.96 billion) to stabilize the crown currency, it said on Wednesday. ($1 = 7.5395 Danish crowns) (Reporting by Nikolaj Skydsgaard) 

Released: 2022-11-2T17:03:13.000Z"
Danish  central bank  sold 23 bln DKK in  forex  market in September,2022-10-04,"COPENHAGEN, Oct 4 (Reuters) - Denmark's central bankintervened in the foreign exchange market in September, selling 23 billion Danish crowns ($3.08 billion) to stabilize the crown currency, it said on Tuesday. ($1 = 7.4703 Danish crowns) (Reporting by Nikolaj Skydsgaard; Editing by Frank Jack Daniel) 

Released: 2022-10-4T16:04:54.000Z"
UPDATE 2-Danish bonds rally as  FX interventions  stoke rate cut talk,2022-01-05,"(Updates with analyst comment, context)

By Dhara Ranasinghe

LONDON, Jan 5 (Reuters) - Denmark's short-dated borrowing costs fell on Wednesday, as news of heavy currency market interventions to weaken the Danish crown stoked speculation that the central bank would soon resort to an interest rate cut.

According to data released on Tuesday, Denmark's central bank last month sold 47 billion Danish crowns, worth more than $7 billion, to defend its currency's peg against the euro.

While it has been selling crowns to stabilise its strengthening currency since March 2021, December marked the biggest monthly intervention since early 2020.

Those purchases have taken Denmark's foreign exchange reserves to the highest since 2015, at almost 530 billion Danish crowns ($81 bln).

But economists reckon authorities may have to follow up those interventions by cutting interest rates.

Denmark's central bank does not have regular monetary policy meetings but the board of governors convenes whenever necessary. It usually announces rate decisions on a Thursday at 5pm local time.

Another cut soon would follow a September move, which came after months of currency interventions failed to sufficiently weaken the crown.

The Danish central bank's sole mandate is to maintain the peg and keep the crown within a band of 7.29252 to 7.62824 crowns per euro.

The rate cut speculation, is now playing out in bond markets where yields fell sharply, suggesting investors are starting to position for such a move.

The yield on Denmark's three-year bond was down almost 7 basis points (bps) on Wednesday at -0.50%.

Five-year bond yields were down 3 bps at -0.34%.

""They have shown a long-standing willingness to defend the exchange rate peg and that won't change anytime soon,"" said David Oxley, a senior European economist at Capital Economics, referring to Danish central bank policy makers.

""In September, the rate cut was a logical solution to the upward pressure on the peg so if the crown is under pressure again that they will do what it takes to maintain the peg.""

While money market futures so far suggest only a 20% chance of a 10 bps rate cut in February, speculation is building.

Nordea analysts said another rate cut could be imminent while Soren Kristensen, chief economist at Sydbank, saw a possible 10-15 bps move during the first quarter.

Oxley at Capital Economics said Denmark could cut rates to as low as -0.75% without opening up too much of a gap with the European Central Bank's key rate at -0.50%.

At -0.60%, the key Danish interest rate is already among the lowest in the world and a rate cut would contrast with policy in most other developed economies, where central banks are scaling back stimulus and lifting borrowing costs from ultra-low levels as inflation picks up.

Not all see a rate cut as a done deal. Danske Bank noted upward crown pressure was now receding, meaning currency interventions might be considered sufficient.

Claus Hvidegaard, head of fixed income research Denmark, at SEB, says higher currency intervention were more of a reflection of the central bank's wish to boost excess liquidity, and keep money market rates stable versus the euro area.

""We see it as much more of a liquidity exercise, so we think they will have to intervene more in currency markets to boost liquidity before they consider another rate cut.""

(Reporting by Dhara Ranasinghe in London and Nikolaj Skydsgaard in Copenhagen; Editing by Sujata Rao, Mark Potter and Hugh Lawson) 

Released: 2022-1-5T15:59:47.000Z"
UPDATE 1-Danish bond yields drop as  FX interventions  stoke rate cut talk,2022-01-05,"(Updates with context, detail , chart)

By Dhara Ranasinghe

LONDON, Jan 5 (Reuters) - Denmark's short-dated borrowing costs fell sharply on Wednesday, as news of heavy central bank interventions to weaken the Danish crown in recent weeks stoked speculation over a cut in interest rates.

According to data released on Tuesday, Denmark's central bank sold 47 billion Danish crowns, worth more than $7 billion, last month to defend the currency's peg against the euro.

While it has been selling crowns to stabilise its strengthening currency since March 2021, December marked its biggest monthly intervention since early 2020.

Economists reckon that intervention may be followed up with a rate cut to dent the crown. The Danish central bank's sole mandate is to maintain the peg and keep the crown within a band of 7.29252 to 7.62824 crowns per euro.

The rate cut speculation is clearly playing out in bond markets where bond yields fell sharply.

The yield on Denmark's three-year bond was down almost 7 basis points (bps) on Wednesday at -0.50%.

Five-year bond yields were down 3 bps at -0.34%.

Rate cuts tend to push down borrowing costs in financial markets and the fall in bond yields suggest investors are starting to position for a move.

At -0.60%, the key Danish interest rate is already the among the lowest in the world and a rate cut would contrast with policy in most other developed economies, where central banks are scaling back stimulus and lifting borrowing costs from ultra-low levels as inflation picks up.

Denmark cut interest rates in September after months of currency interventions failed to sufficiently weaken the crown. While money market futures so far suggest only a 20% chance of a 10 bps rate cut in February, speculation is building.

""The Danish central bank has yet again been forced to intervene markedly in the FX market to counter the pressure for a stronger Danish krone,"" Nordea chief analyst Jan Størup Nielsen chief analyst said in a note.

""Unless excess liquidity starts to increase more substantially, another interest rate cut could be imminent.""

Soren Kristensen, chief economist at Sydbank, agreed a rate cut was likely, seeing a possible 10-15 bps move during the first quarter.

(Reporting by Dhara Ranasinghe in London and Nikolaj Skydsgaard in Copenhagen Editing by Sujata Rao and Mark Potter) 

Released: 2022-1-5T11:06:05.000Z"
Danish  central bank  sold 47 bln DKK in  forex  market in December,2022-01-04,"COPENHAGEN, Jan 4 (Reuters) - Denmark's central bankintervened in the foreign exchange market in December, selling 47 billion Danish crowns ($7.15 billion) to stabilise the crown currency, it said on Tuesday.

Foreign currency reserves stood at 529.8 billion crowns at the end of December, compared with 481.5 billion at the end of November, the central bank said. ($1 = 6.5757 Danish crowns) (Reporting by Jacob Gronholt-Pedersen; Editing by Kevin Liffey) 

Released: 2022-1-4T17:06:51.000Z"
Danish  central bank  sold 5.2 bln DKK in  forex  market in July,2021-08-03,"COPENHAGEN, Aug 3 (Reuters) - Denmark's central bankintervened in the foreign exchange market in July and sold 5.2 billion crowns to stabilise the crown currency, it said on Tuesday.

Foreign currency reserves were at 458.6 billion Danish crowns ($73.13 billion) at the end of July, compared with 458.4 billion at the end of June, the central bank said. ($1 = 6.2711 Danish crowns) (Reporting by Stine Jacobsen Editing by David Goodman) 

Released: 2021-8-3T16:11:35.000Z"
Danish cbank sold 17 bln DKK in  forex  market in March,2021-04-07,"COPENHAGEN, April 7 (Reuters) - Denmark's central bankintervened in the foreign exchange market in March and sold 17 billion crowns in order to stabilise the crown currency, it said on Wednesday.

Foreign currency reserves were at 446.5 billion Danish crowns at end-March, up from 429.4 billion at end-February, the central bank said. (Reporting by Nikolaj Skydsgaard Editing by Mark Heinrich) 

Released: 2021-4-7T16:05:49.000Z"
"DENMARK'S  CENTRAL BANK  CHIEF SAYS NEW IMBALANCES MAY TRIGGER  FX INTERVENTIONS , NEW RATE HIKE",2020-03-20,"DENMARK'S CENTRAL BANK CHIEF SAYS NEW IMBALANCES MAY TRIGGER FX INTERVENTIONS, NEW RATE HIKE

Released: 2020-3-23T18:04:43.000Z"
UPDATE 1-Danish  FX  reserves shrink after large  central bank intervention ,2020-01-03,"(Adds analyst comments, background)

COPENHAGEN, Jan 3 (Reuters) - Denmark's foreign exchange reserves fell by more than 4 billion crowns in December after the central bank made its largest intervention in the currency market in three months, it said on Friday.

""We need to go back four years, since there has been an intervention three months in a row, and the central bank is potentially not done,"" chief economist at Arbejdernes Landsbank, Jeppe Borre, said in a note.

Denmark's foreign exchange reserves fell to 435.4 billion crowns ($65.05 billion) in December from 440.7 billion crowns at the end of November, the central bank said.

It bought 4.1 billion crowns in December to keep the currency stable against the euro, to which it is pegged, it said.

In October and November, the central bank only bought 0.4 and 1.2 billion crowns respectively.

Since the central bank cut its key rate to its lowest level ever in September, mirroring a cut by the ECB, the crown has steadily weakened to levels not seen since 2015.

In 2015, the Danish central bankintervened heavily to stave off foreign investors buying crowns in the hopes that Denmark would abandon its fixed peg to the euro.

""The central bank's rate cut has, all things being equal, been more significant than that of the ECB, which contributes to the weakening of the crown,"" chief economist at Arbejdernes Landsbank, Jeppe Borre, said in a note.

($1 = 6.6934 Danish crowns) (Reporting by Nikolaj Skydsgaard; Editing by Kirsten Donovan and Nick Macfie) 

Released: 2020-1-3T17:40:29.000Z"
*S&PGR Affirms Denmark 'AAA/A-1+' Ratings; Outlook Stable,2019-03-08,"8 Mar 2019 16:12 ET  Press Release: S&PGR Affirms Denmark 'AAA/A-1+' Ratings; Outlook Stable


 
 
The following is a press release from S&P Global Ratings: 
 
OVERVIEW 
     -- Denmark's economy is in a strong position, in our view, and will 
continue to grow by 1.7% over the coming years, despite slower global trade 
and a reduction in households' ratio of debt to disposable income. 
     -- Denmark continues to benefit from a strong institutional framework 
that promotes fiscal discipline, and a modest public-sector debt burden. 
     -- We are therefore affirming our 'AAA/A-1+' ratings on Denmark. 
     -- The outlook remains stable. 
 
RATING ACTION 
On March 8, 2019, S&P Global Ratings affirmed its unsolicited 'AAA' long-term 
and 'A-1+' short-term foreign and local currency sovereign credit ratings on 
Denmark. The outlook is stable. 
 
OUTLOOK 
The stable outlook reflects our expectation that Denmark's strong economic, 
fiscal, external, and monetary credit metrics can withstand most foreseeable 
shocks. We expect Denmark will maintain low government debt, which we see as 
an important factor to offset some of the risks associated with the country's 
still-high household indebtedness and banks' significant external funding 
needs. 
 
We could lower the rating if we observe material slippages in fiscal or 
economic performance stemming from weaker institutional and policymaking 
capabilities. The rating could also come under pressure if the stability of 
the Danish financial sector was jeopardized by worsening asset quality in the 
highly indebted private sector, or if external financing comes under pressure. 
 
RATIONALE 
The rating reflects our view of Denmark's mature political and institutional 
framework, which promotes economic prosperity, competitiveness, and 
flexibility. Longstanding fiscal discipline is also a strength for the rating. 
These factors have supported consistently strong current account surpluses, 
contributing to Denmark's substantial net external asset position. 
Nevertheless, we note potential risks stemming from the financial sector's 
large external borrowing requirements and households' still-high debt, despite 
their deleveraging. 
 
Institutional and economic profile: Strong economic growth amid global slowdown 
     -- We expect the Danish economy will expand by an average of 1.7% in the 
next three years, despite households reducing debt and falling world trade 
possibly weighing on growth in the medium to long term. 
     -- We expect the resilience of Denmark's consensus-led politics to 
continue after the 2019 elections. 
     -- Balanced demand fundamentals and macroprudential efforts cushion risks 
of widening budgetary deficits. 
 
Denmark benefits from a wealthy and diversified economy. Its GDP per capita, 
which we estimate at about $61,600 in 2018, is among the highest of all the 
sovereigns we rate. Furthermore, high-value-added sectors dominate the 
economy, the workforce is skilled and flexible, and the labor participation 
rate is high. 
 
The low GDP growth rate in 2018 does not reflect an accurate picture of the 
economy's underlying performance, due to patent payments in 2017 inflating 
both exports and GDP. We expect growth to pick up in 2019, during which 
exports should expand and a better growing season for the agriculture sector 
is likely. Over 2020-2021, we think that economic progress will continue, 
supported by strong employment growth, steadily rising disposable incomes, and 
low interest rates. Moreover, we think that increasing financial wealth will 
foster private consumption and economic growth in the coming years. 
 
We believe the minority government has been successful in implementing 
measures to counteract risks from the tightening labor market, which in turn 
will enhance growth prospects and help ensure the government's long-term 
financial strength. The measures--which include reforms that increased the 
pension age and incentivized the inflow of mainly skilled foreign labor--have 
helped increase the workforce. That said, we believe employment is nearing 
full capacity, which could dampen Denmark's economic growth. 
 
We note that households have been deleveraging and increasingly moving to 
fixed-rate mortgages over the past few years, thereby reducing their 
sensitivity to interest rate hikes. But even though gross household debt to 
disposable income has reduced from the 2009 peak of 270% to about 215% in late 
2018, Denmark's ratio of bank credit to the resident private sector is the 
highest among European peers. However, thanks to sizable assets, mainly in the 
form of real estate and pension savings, supported by tax benefits, household 
wealth on a net basis is strong. 
 
We don't anticipate significant demand-led imbalances, as was the case before 
the property market slump in 2008. Even though property prices have surpassed 
pre-2008 levels, credit growth has stayed modest, suggesting that house prices 
are not fueled by excessive lending. In addition, growth in consumption and 
investment levels has been moderate. This, together with the high savings 
rate, helps prevent potential overheating. Moreover, a change in the property 
tax from 2021 will restore the link between property values and the tax 
levied, which we believe will strengthen the automatic stabilizers in the real 
estate market. In addition, we have seen several initiatives to contain 
household indebtedness over the past years, through lowered deductibility of 
interest payments, rules supporting fixed-rate debt, and amortization for high 
loan-to-value ratios, and thresholds on debt-to-income ratios. These measures 
specifically affect the property markets of Copenhagen and Aarhus, where real 
estate prices tend to be higher. 
 
Denmark's Liberal-led, minority government must seek coalition partnerships to 
guide legislation through parliament. We note that it gained sufficient 
support to pass its budget for 2019. We also acknowledge the government's 
success in obtaining support for key policies, including the new property tax 
and pension reform. We view Denmark's consensus-led political landscape as 
supportive of the rating, since the current situation presents little risk to 
effective decision-making, despite it being a minority government. We believe 
consensus-based policies will continue after the 2019 election. We consider 
that Denmark's strict budgetary framework prevents excessive spending or 
material structural fiscal deficits. 
 
Following the publication of the ""Report on the Non-Resident Portfolio at 
Danske Bank 's Estonian branch"", which revealed suspicious transactions of 
around EUR200 billion, Danish and European authorities are following up with a 
number of further investigations to examine the effectiveness of cross-border 
financial regulations. Should the investigations reveal any institutional 
weakness or governance issue, we expect effective countermeasures will be 
implemented in a timely manner. 
 
Flexibility and performance profile: Substantial current account surpluses 
enhance the external position 
     -- Denmark enjoys very strong current account surpluses on the back of 
solid trade balances and robust investment revenues from overseas assets, 
although at a lower level than in past years. 
     -- Low public debt, despite public housing coming onto the central 
government balance sheet, provides strong fiscal flexibility. 
     -- Predictable central bank response patterns continue to uphold the 
krone's peg to the euro. 
 
Denmark's external performance continues to enhance its net creditor position. 
For more than two decades, Denmark has posted particularly strong current 
account surpluses, peaking at about 9% of GDP in 2014. Stagnating exports in 
2018 led to a decrease in the current account surplus to 5.5% of GDP, which we 
believe will pick up in 2019 and remain around 6.0%. 
 
High external savings, as shown by a net external asset position of about 100% 
of current account receipts (CARs) at year-end 2018, continue to generate 
substantial net investment income. The large income surplus supports continued 
strong current account positions. 
 
Using a narrower measure of Denmark's international investment position, we 
estimate that external debt, net of public- and financial-sector assets, will 
average 47.6% of CARs in 2019-2022, down from about 52% in 2016. We forecast 
current account payments plus short-term debt repayments will remain stable at 
about 184% of CARs plus official reserves in 2019. Roughly three-quarters of 
Denmark's external debt is owed by its financial sector. 
 
Denmark's monetary policy is, in our view, limited by the peg of the krone to 
the euro, in contrast to policy of sovereigns with floating and more actively 
traded currencies. Following the strain on Denmark's currency peg in the first 
half of 2015, monetary policy has normalized, with the monetary policy rate 
0.25 percentage points below the European Central Bank 's (ECB 's) policy rate. 
Periods of international uncertainty typically increase investors' appetite 
for the Danish krone, increasing the likelihood of appreciation pressure. In 
early 2019, Denmark's central bank  had to intervene to support the krone. If 
the krone continues to weaken, we would expect Denmark's central bank  to 
support it by raising the interest rate on par with that of the ECB . 
 
We consider Denmark's fiscal policy track record to be strong. For 2018, we 
expect a headline fiscal surplus of 0.2% of GDP. Because the government is 
seeking to contain expenditures and has reduced taxes, we see potential for 
additional growth-boosting reforms. These include further tax reductions, 
property tax refunds, and repayments of early retirement contributions. These 
reforms spur consumption, creating extra demand, and increase the capacity of 
the economy. 
 
Denmark has low government debt, thanks to its budgetary performance. As such, 
we expect gross general government debt will remain below 40% of GDP through 
2022. We note that the central government has decided to finance the social 
housing sector directly by purchasing social housing associations' bonds, and 

8 Mar 2019 16:13 ET 
Press Release: S&PGR Affirms Denmark 'AAA/A-1+' -2-


by increasing the issuance of government securities. Nevertheless, we project 
net debt to GDP will increase only modestly and remain low, at about 22% of 
GDP at year-end 2022. 
 
We believe the Danish banking sector overall is stable and represents limited 
contingent liabilities to the sovereign. The banking sector continues to 
record sound profitability on the back of limited loan losses and good 
profitability of mortgage lending, while adhering to strict cost controls. 
Although we have observed a decline in the coverage of nonperforming loans, it 
remains higher than pre-crisis level. 
 
KEY STATISTICS 
 
RATINGS SCORE SNAPSHOT 
 
RELATED CRITERIA 
     -- Criteria | Governments | Sovereigns: Sovereign Rating Methodology, 
Dec. 18, 2017 
     -- General Criteria: Methodology For Linking Long-Term And Short-Term 
Ratings, April 7, 2017 
     -- General Criteria: Use Of CreditWatch And Outlooks, Sept. 14, 2009 
     -- General Criteria: Methodology: Criteria For Determining Transfer And 
Convertibility Assessments, May 18, 2009 
 
RELATED RESEARCH 
     -- Sovereign Ratings History, March 5, 2019 
     -- Sovereign Ratings List, March 5, 2019 
     -- Banking Industry Country Risk Assessment Update: February 2019, Feb. 
22, 2019 
     -- Sovereign Ratings Score Snapshot, Feb. 4, 2019 
     -- Eurozone Sovereign Rating Trends 2019, Jan. 14, 2019 
     -- Sovereign Risk Indicators, Dec. 13, 2018. An interactive version is 
also available at "" http://www.spratings.com/sri (""http://www.spratings.com/sri"")"" 
     -- Default, Transition, and Recovery: 2017 Annual Sovereign Default Study 
And Rating Transitions, May 8, 2018 
 
In accordance with our relevant policies and procedures, the Rating Committee 
was composed of analysts that are qualified to vote in the committee, with 
sufficient experience to convey the appropriate level of knowledge and 
understanding of the methodology applicable (see 'Related Criteria And 
Research'). At the onset of the committee, the chair confirmed that the 
information provided to the Rating Committee by the primary analyst had been 
distributed in a timely manner and was sufficient for Committee members to 
make an informed decision. After the primary analyst gave opening remarks and 
explained the recommendation, the Committee discussed key rating factors and 
critical issues in accordance with the relevant criteria. Qualitative and 
quantitative risk factors were considered and discussed, looking at 
track-record and forecasts. 
 
The committee's assessment of the key rating factors is reflected in the 
Ratings Score Snapshot above. 
 
The chair ensured every voting member was given the opportunity to articulate 
his/her opinion. The chair or designee reviewed the draft report to ensure 
consistency with the Committee decision. The views and the decision of the 
rating committee are summarized in the above rationale and outlook. The 
weighting of all rating factors is described in the methodology used in this 
rating action (see 'Related Criteria And Research'). 
 
Ratings List 
Ratings Affirmed 
 
Denmark 
 Sovereign Credit Rating |U                   AAA/Stable/A-1+ 
 Transfer & Convertibility Assessment   |U    AAA 
 
|U  Unsolicited ratings with no issuer participation and/or no access to 
internal documents. 
 
This unsolicited rating(s) was initiated by a party other than the Issuer (as 
defined in S&P Global Ratings' policies). It may be based solely on publicly 
available information and may or may not involve the participation of the 
Issuer and/or access to the Issuer's internal documents. S&P Global Ratings 
has used information from sources believed to be reliable based on standards 
established in our policies and procedures, but does not guarantee the 
accuracy, adequacy, or completeness of any information used. 
 
Certain terms used in this report, particularly certain adjectives used to 
express our view on rating relevant factors, have specific meanings ascribed 
to them in our criteria, and should therefore be read in conjunction with such 
criteria. Please see Ratings Criteria at www.standardandpoors.com for further 
information. Complete ratings information is available to subscribers of 
RatingsDirect at www.capitaliq.com. All ratings affected by this rating action 
can be found on S&P Global Ratings' public website at 
www.standardandpoors.com. Use the Ratings search box located in the left 
column.  Alternatively, call one of the following S&P Global Ratings numbers: 
Client Support Europe (44) 20-7176-7176; London Press Office (44) 
20-7176-3605; Paris (33) 1-4420-6708; Frankfurt (49) 69-33-999-225; Stockholm 
(46) 8-440-5914; or Moscow 7 (495) 783-4009. 
 
Primary Credit Analyst: Dennis Nilsson, Stockholm (46) 8-440-5354; 
                        dennis.nilsson@spglobal.com 
Secondary Contact: Gabriel Forss, Stockholm (46) 8-440-5933; 
                   gabriel.forss@spglobal.com 
Research Contributor: Himani Joshi, CRISIL Global Analytical Center, an S&P affiliate, Mumbai 
Additional Contact: EMEA Sovereign and IPF; 
                    SovereignIPF@spglobal.com 
 
 
The article with statistical information is available in full 
at www.standardandpoors.com. Registration is free. To access the full article, 
select ""Ratings Actions"" in the left navigation under Ratings Resources, 
then choose the Press Releases tab. 
 
 
 
No content (including ratings, credit-related analyses and data, valuations, 
model, software, or other application or output therefrom) or any part thereof 
(Content) may be modified, reverse engineered, reproduced, or distributed in 
any form by any means, or stored in a database or retrieval system, without 
the prior written permission of Standard & Poor's Financial Services LLC  or 
its affiliates (collectively, S&P). The Content shall not be used for any 
unlawful or unauthorized purposes. S&P and any third-party providers, as well 
as their directors, officers, shareholders, employees, or agents (collectively 
S&P Parties) do not guarantee the accuracy, completeness, timeliness, or 
availability of the Content. S&P Parties are not responsible for any errors 
or omissions (negligent or otherwise), regardless of the cause, for the 
results obtained from the use of the Content, or for the security or 
maintenance of any data input by the user. The Content is provided on an ""as 
is"" basis. S&P PARTIES DISCLAIM ANY AND ALL EXPRESS OR IMPLIED WARRANTIES, 
INCLUDING, BUT NOT LIMITED TO, ANY WARRANTIES OF MERCHANTABILITY OR FITNESS 
FOR A PARTICULAR PURPOSE OR USE, FREEDOM FROM BUGS, SOFTWARE ERRORS OR 
DEFECTS, THAT THE CONTENT'S FUNCTIONING WILL BE UNINTERRUPTED, OR THAT THE 
CONTENT WILL OPERATE WITH ANY SOFTWARE OR HARDWARE CONFIGURATION. In no event 
shall S&P Parties be liable to any party for any direct, indirect, incidental, 
exemplary, compensatory, punitive, special or consequential damages, costs, 
expenses, legal fees, or losses (including, without limitation, lost income or 
lost profits and opportunity costs or losses caused by negligence) in 
connection with any use of the Content even if advised of the possibility of 
such damages. 
 
Credit-related and other analyses, including ratings, and statements in the 
Content are statements of opinion as of the date they are expressed and not 
statements of fact. S&P's opinions, analyses, and rating acknowledgment 
decisions (described below) are not recommendations to purchase, hold, or sell 
any securities or to make any investment decisions, and do not address the 
suitability of any security. S&P assumes no obligation to update the Content 
following publication in any form or format.  The Content should not be relied 
on and is not a substitute for the skill, judgment, and experience of the 
user, its management, employees, advisors, and/or clients when making 
investment and other business decisions. S&P does not act as a fiduciary or 
an investment advisor except where registered as such. While S&P has obtained 
information from sources it believes to be reliable, S&P does not perform an 
audit and undertakes no duty of due diligence or independent verification of 
any information it receives. 
 
To the extent that regulatory authorities allow a rating agency to acknowledge 
in one jurisdiction a rating issued in another jurisdiction for certain 
regulatory purposes, S&P reserves the right to assign, withdraw, or suspend 
such acknowledgement at any time and in its sole discretion. S&P Parties 
disclaim any duty whatsoever arising out of the assignment, withdrawal, or 
suspension of an acknowledgment as well as any liability for any damage 
alleged to have been suffered on account thereof. 
 
S&P keeps certain activities of its business units separate from each other in 
order to preserve the independence and objectivity of their respective 
activities. As a result, certain business units of S&P may have information 
that is not available to other S&P business units. S&P has established 
policies and procedures to maintain the confidentiality of certain nonpublic 
information received in connection with each analytical process. 
 
S&P may receive compensation for its ratings and certain analyses, normally 
from issuers or underwriters of securities or from obligors. S&P reserves the 
right to disseminate its opinions and analyses. S&P's public ratings and 
analyses are made available on its Web sites, www.standardandpoors.com (free 
of charge), and www.capitaliq.com (subscription), 
and may be distributed through other means, including via S&P 
publications and third-party redistributors. Additional information about our 
ratings fees is available at www.standardandpoors.com/usratingsfees. 
 
Any Passwords/user IDs issued by S&P to users are single user-dedicated and 
may ONLY be used by the individual to whom they have been assigned. 
No sharing of passwords/user IDs and no simultaneous access via the same 
password/user ID is permitted. To reprint, translate, or use the data or 
information other than as provided herein, contact Client Services, 
55 Water Street, New York, NY 10041; (1) 212-438-7280 or by e-mail to: 

8 Mar 2019 16:13 ET 
Press Release: S&PGR Affirms Denmark 'AAA/A-1+' -3-


research_request@spglobal.com. 
 
Copyright (c) 2019 by Standard & Poor's Financial Services LLC . 
All rights reserved. 
 
 

(END) Dow Jones Newswires

March 08, 2019 16:13 ET (21:13 GMT)"
Danish  Central Bank  Buys Krone to Defend Euro Peg -Bloomberg,2019-02-04,"--The Danish central bank brought 1.9 billion Danish kroner, about $291 million worth, in January, Bloomberg reports Monday.

--January was the second consecutive month the bank intervened in the currency markets, as it works to boost its currency against the euro, the report said.

--The central bank might be moving closer to raising its interest rate, which is sitting at -0.65%, the report said.

Full story: https://www.bloomberg.com/news/articles/2019-02-04/ denmark- intervenes-for-second-straight-month-to-prop-up- currency?srnd=premium (""https://www.bloomberg.com/news/articles/2019-02-04/denmark-intervenes-for-second-straight-month-to-prop-up-currency?srnd=premium"")

Write to Stephen Nakrosis at stephen.nakrosis@wsj.com

(END) Dow Jones Newswires

February 04, 2019 12:45 ET (17:45 GMT)"
*S&PGR Affirms Denmark At 'AAA/A-1+'; Outlook Stable,2017-09-15,"15 Sep 2017 16:11 ET  Press Release: S&PGR Affirms Denmark At 'AAA/A-1+'; Outlook Stable


 
 
The following is a press release from Standard & Poor's: 
 
Ratings: 
Foreign and Local Currency: AAA/Stable/A-1+ 
 
For further details see ratings list. 
 
OVERVIEW 
 
     -- We expect Denmark's wealthy, competitive, and diversified economy will 
expand by 2% per year on average during 2017-2020. 
     -- Denmark benefits from high institutional effectiveness, mature 
political and institutional frameworks that promote fiscal discipline, and a 
modest government debt burden. 
     -- We are therefore affirming our 'AAA/A-1+' ratings on Denmark. 
     -- The stable outlook reflects the depth of Denmark's economic, fiscal, 
external, and monetary buffers. 
 
RATING ACTION 
 
On Sept. 15, 2017, S&P Global Ratings affirmed its 'AAA' long-term and 'A-1+' 
short-term foreign and local currency sovereign credit ratings on the Kingdom 
of Denmark. The outlook is stable. 
 
OUTLOOK 
 
The stable outlook reflects our expectation that Denmark's strong economic, 
fiscal, external, and monetary credit measures can withstand most foreseeable 
shocks. We expect that Denmark will maintain low government debt, which we see 
as important to offset some of the risks associated with the country's high 
household debt and banks' significant external funding needs. 
 
We could lower the ratings if policies weakened, leading to slippages in 
fiscal, economic, or external performance. The ratings could also come under 
pressure if high private-sector debt were to jeopardize the stability of 
Denmark's financial sector. We see these scenarios as unlikely to materialize 
over the coming two years, however. 
 
RATIONALE 
 
The ratings reflect our view of Denmark's mature political and institutional 
framework--which promotes economic prosperity, competitiveness, and 
flexibility--as well as long-standing fiscal discipline. These factors have 
supported consistently strong current account surpluses, contributing to 
Denmark's substantial net external asset position. We note some potential risks 
stemming from the financial sector's large external borrowing requirements and 
still-high household debt. 
 
Institutional and economic profile: Capacity constraints dampen the strong 
growth potential 
     -- High economic growth momentum, but labor market shortages are likely to 
limit medium-term growth potential. 
     -- The consensus-led political landscape will be tested in the upcoming 
2018 budget vote as the minority government looks to garner support for tax 
cuts and expenditure containment. 
     -- Balanced demand fundamentals and macroprudential efforts cushion risks 
of widening imbalances. 
 
Denmark benefits from a wealthy and diversified economy. GDP per capita in 
Denmark is among the highest of all the sovereigns we rate, estimated at about 
US$54,800 in 2017. High-value-added sectors dominate the economy, the workforce 
is skilled and flexible, and the labor participation rate is high. At the same 
time, although shrinking, household gross debt to net disposable income stood 
at 292% at year-end 2016, near its 340% peak of 2008. The ratio of bank credit 
to the resident private sector is the highest among countries in the 
Organization for Economic Cooperation and Development (OECD). Even so, we note 
that, over the past three years, households have been amortizing debt and 
increasingly moving to fixed-rate mortgage loans, thus reducing their 
sensitivity to interest rate hikes. Moreover, the highest income earners carry 
the largest debt, which mitigates some of the risks. In addition, household net 
wealth is strong, thanks to significant assets primarily in the form of real 
estate and pension savings, which tax-system benefits also encourage. Still, 
most household assets are in the form of illiquid pension account balances and 
real estate. 
 
The Danish economy is exhibiting strong growth momentum, and we estimate 
economic output will expand by 2.3% in 2017, compared with our previous 
forecast of 1.7%. We see meaningful growth contributions from domestic private 
demand, with sound support from the Danish export industry as it benefits from 
the pickup in demand from key trading partners. In addition, the labor market 
remains solid, with employment up by 2.6% in 2016 and continuing its positive 
trend in 2017, and the unemployment rate set to reduce to 6.0% by 2019. Yet 
despite the healthy labor market, wage increases have been kept in check, 
sustaining Denmark's overall competitiveness. We note high confidence levels 
among households and industries, suggesting that growth will remain sound 
through 2018. 
 
We believe measures to counteract risks from the tightening labor market could 
help maintain the positive momentum of the business cycle. For instance, recent 
reforms that have raised the early retirement age, alongside an inflow of 
foreign labor, have contributed to expansion of the labor force. Yet we foresee 
labor capacity constraints dampening growth potential in 2018-2020, possibly 
reducing GDP growth to around 2%. 
 
We consider the current upswing to be solid and well balanced, so we don't 
anticipate mounting demand-led imbalances, as occurred during the years leading 
up to the sharp correction in the Danish property market in 2008. Even though 
we observe a pickup in the real estate market, with house prices surpassing 
pre-2008 levels, credit growth remains modest, suggesting that house prices are 
not being fuelled by excessive lending. In addition, consumption and investment 
ratios, although increasing, are moderate, which together with sound savings 
help prevent overheating. Moreover, we note that a change in the property tax 
from 2021 will restore the link between property value and the tax being 
levied, which we believe will strengthen the automatic stabilizers in the real 
esate market. In addition, macroprudential measures targeting the property 
markets of Copenhagen and Aarhus will likely curb price increases. 
 
Denmark's minority coalition government needs to seek partnerships to guide 
legislation through parliament. This situation is not unusual in Denmark's 
consensus-led political landscape, suggesting that the current political 
situation presents little risk to effective decision-making. Importantly, we 
observe that political and institutional frameworks, including a strict 
budgetary framework, allow for high institutional effectiveness and government 
discipline, thereby avoiding excessive spending or material structural fiscal 
deficits. Even if elections were held early, which is not our base case, we do 
not expect this would have a material adverse impact on Denmark's institutional 
and policy effectiveness. We observe that the current government has recently 
succeeded in obtaining support for key policies, including the new property tax 
and pension reform, to make it more attractive to stay in the labor market. 
 
Amid the buoyant economic growth, government has presented a 2018 budget bill 
focused on tax cuts and expenditure containment in efforts to extend the 
economic upswing. The proposed tax cuts totaling Danish krone (DKK) 23 billion 
(about $3 billion or 1% of GDP) are intended to be offset by expenditure 
reductions so as not to provide unnecessary fiscal stimulus to the economy. But 
the government might still face challenges in attaining the necessary 
parliamentary support. There is a possibility that the government won't be able 
to push through its expenditure containment plan, meaning further fiscal 
stimulus if the tax cuts are approved. On the other hand, the recent pension 
reform could extend the labor supply by adding flexibility to retirement 
savings, thereby increasing the incentive for the core labor force to remain 
active. 
 
Flexibility and performance profile: A strong external position and low public 
debt provide ample flexibility 
     -- Very strong current account surpluses on the back of solid trade 
balances and robust investment revenues from overseas assets. 
     -- Low public debt provides strong fiscal flexibility, enabling public 
housing financing to move onto the central government balance sheet. 
     -- Predictable central bank response patterns continue to stave off 
appreciation of the krone. 
 
Denmark's external performance continues to enhance its net creditor position. 
For more than two decades, Denmark has posted current account surpluses, which 
were particularly strong in recent years, peaking at about 9% of GDP in 2015. 
We project that the current account surplus will average about 8% of GDP 
annually in 2017-2020, reflecting sound services, goods exports, and, in 
particular, robust net income from sizable external assets. We expect net 
exports will help the current account surplus surpass 8% of GDP in 2017, but 
that rising imports, as the economic cycle progresses, will gradually limit the 
trade balance's contribution to the current account. However, in 2018-2020, 
significant current income from Denmark's net wealth relative to other 
countries, as shown by a net external asset position of about 90% of current 
account receipts (CARs) at year-end 2016, will support the current account. 
 
Using a narrower measure of Denmark's international investment position, we 
estimate that external debt, net of public- and financial-sector assets, will 
average 41% of CARs in 2017-2020, down from about 50% in 2016. We forecast 
current account payments plus short-term debt repayments will decline to about 
180% of CARs plus official reserves in 2017, from 220% in 2010. Roughly 
three-fifths of Denmark's external debt is owed by its financial sector. 
 
In this context, it is important to note that Danske Bank has decided to turn 
its Finnish subsidiary into a branch under the Danish headquarters. Moreover, 
Nordea Bank has changed its legal structure by redefining its subsidiaries in 
Norway, Finland, and Denmark as branches and, more recently, has announced it 
will move its base to Finland in 2018. We note that Nordea Kredit Realkredit, 
Nordea's Danish covered bond entity, will remain in Denmark and hence its 

15 Sep 2017 16:11 ET 
Press Release: S&PGR Affirms Denmark At -2-


assets and liabilities will not be transferred to the head office. We do not 
anticipate any major impact from these changes on Denmark's external positions 
or gross external financing needs. 
 
The krone is pegged to the euro, which, in our opinion, limits Denmark's 
monetary flexibility compared with that of sovereigns with floating and more 
actively traded currencies, and financial sectors that are better equipped to 
manage currency risk. Following the pressure on Denmark's currency peg in the 
first half of 2015, monetary policy has gradually normalized, with the monetary 
policy rate spread to the eurozone currently negative 0.25 percentage points. 
Periods of international uncertainty typically increase investors' appetite for 
Danish krone, leading to appreciation pressures. We observe that Danmarks 
Nationalbank (DNB), Denmark's central bank, has intervened in the foreign 
currency market albeit to a modest extent. We expect the DNB will counteract 
any upward pressure on the krone in a similar fashion by increasing foreign 
currency reserves and moving its policy rate further into negative territory. 
 
We consider Denmark's fiscal policy track record to be strong. For 2017 and 
2018, we expect a headline fiscal deficit of 1.4% of GDP and 1.2% of GDP, 
respectively. We believe the current strong economic growth could allow for 
more rapid budgetary consolidation than envisaged in the proposed budget bill. 
 
As a result of Denmark's budgetary performance, there is low government debt. 
In recent years, the government has reduced its treasury reserves, which we 
forecast will approach DKK100 billion by year-end 2017, equivalent to about 5% 
of GDP or just over one year of estimated bond redemptions. As such, we expect 
gross general government debt will remain below 40% of GDP through 2020, with 
net debt at about 24%, reflecting sizable liquid assets. In view of its solid 
financial position, the Danish government has recently proposed the possibility 
of financing public housing construction through onlending from the central 
treasury. This would change the current situation, in which public housing 
companies issue mortgage loans covered by public guarantees, predominantly from 
municipalities. We expect a decision in the second half of 2017, following 
which, yearly loan volumes of DKK20 billion could be added to the central 
government's funding requirement, with a corresponding reduction in mortgage 
bank lending. Although this change would translate into a direct liability of 
the central government, we consider that the government has ample room to 
manage a debt increase of this magnitude, given its currently low debt and 
consolidating fiscal trajectory. 
 
We believe the situation in the Danish banking sector is stable and that it 
represents limited contingent liabilities to the sovereign. In addition, 
Denmark's implementation of the EU-wide Banking Recovery and Resolution 
Directive on June 1, 2015, has reduced the central government's contingent 
liabilities, in our view, since we expect the Danish authorities will use the 
bail-in tool to resolve deposit-taking banks, if necessary. The authorities 
also require mortgage lending institutions to hold a bail-in-able buffer of 2% 
of mortgage loans to avoid government bailouts of large systemic banking 
groups. The banking sector continues to record sound profitability on the back 
of lower loan losses and increased profitability of mortgage lending, while 
adhering to strict cost control. In particular, we note that impairment charges 
are currently at their lowest level since 2007, and evolving customer 
preferences toward digital solutions have allowed for reduced staff and 
branches. We expect some further expansion of the duration of wholesale funding 
as mortgage providers continue to transfer clients to longer-dated financing 
options to limit refinancing risk. But we note that the average duration of 
Danish bank's wholesale funding already exceeds that of Nordic peers by a wide 
margin. 
 
KEY STATISTICS 
 
RATINGS SCORE SNAPSHOT 
 
RELATED CRITERIA AND RESEARCH 
 
Related Criteria 
     -- Criteria - Governments - Sovereigns: Sovereign Rating Methodology - 
December 23,2014 
     -- General Criteria: Guarantee Criteria - October 21,2016 
     -- General Criteria: Methodology: Criteria For Determining Transfer And 
Convertibility Assessments - May 18,2009 
     -- General Criteria: Use Of CreditWatch And Outlooks - September 14,2009 
     -- General Criteria: Methodology For Linking Long-Term And Short-Term 
Ratings - April 07,2017 
 
Related Research 
     -- Sovereign Ratings History - Sept. 8, 2017 
     -- Sovereign Risk Indicators - July 6, 2017. An interactive version is 
also available at www.spratings.com/sri 
     -- Credit Trends: 2016 Sovereign Ratings Update: Outlook And CreditWatch 
Resolutions - April 18, 2017 
     -- Global Sovereign Rating Trends: First-Quarter 2017 - April 10, 2017 
     -- Default, Transition, and Recovery: 2016 Annual Sovereign Default Study 
And Rating Transitions - April 3, 2017 
     -- Sovereign Debt 2017: Global Borrowing To Drop By 4% To US$6.8 Trillion 
- Feb. 23, 2017 
 
In accordance with our relevant policies and procedures, the Rating Committee 
was composed of analysts that are qualified to vote in the committee, with 
sufficient experience to convey the appropriate level of knowledge and 
understanding of the methodology applicable (see 'Related Criteria And 
Research'). At the onset of the committee, the chair confirmed that the 
information provided to the Rating Committee by the primary analyst had been 
distributed in a timely manner and was sufficient for Committee members to make 
an informed decision. 
 
After the primary analyst gave opening remarks and explained the 
recommendation, the Committee discussed key rating factors and critical issues 
in accordance with the relevant criteria. Qualitative and quantitative risk 
factors were considered and discussed, looking at track record and forecasts. 
 
The committee agreed that all key rating factors were unchanged. 
 
The chair ensured every voting member was given the opportunity to articulate 
his/her opinion. The chair or designee reviewed the draft report to ensure 
consistency with the Committee decision. The views and the decision of the 
rating committee are summarized in the above rationale and outlook. The 
weighting of all rating factors is described in the methodology used in this 
rating action (see 'Related Criteria And Research'). 
 
RATINGS LIST 
 
                                          Rating 
                                          To                  From 
Denmark (Kingdom of) 
 Sovereign Credit Rating 
  Foreign and Local Currency              AAA/Stable/A-1+     AAA/Stable/A-1+ 
 Transfer & Convertibility Assessment     AAA                 AAA 
 Senior Unsecured 
  Foreign and Local Currency [#1]         AAA                 AAA 
  Foreign and Local Currency              AAA                 AAA 
 Short-Term Debt 
  Local Currency                          A-1+                A-1+ 
 Commercial Paper 
  Foreign Currency                        A-1+                A-1+ 
 
[#1] Issuer: Oresundsbro Konsortiet, Guarantor: Denmark (Kingdom of), 
 Guarantor: Sweden (Kingdom of) 
 
Certain terms used in this report, particularly certain adjectives used to 
express our view on rating relevant factors, have specific meanings ascribed to 
them in our criteria, and should therefore be read in conjunction with such 
criteria. Please see Ratings Criteria at www.standardandpoors.com for further 
information. Complete ratings information is available to subscribers of 
RatingsDirect at www.globalcreditportal.com and at spcapitaliq.com. All ratings 
affected by this rating action can be found on S&P Global Ratings' public Web 
site at www.standardandpoors.com. Use the Ratings search box located in the 
left column. Alternatively, call one of the following S&P Global Ratings 
numbers: Client Support Europe (44) 20-7176-7176; London Press Office (44) 
20-7176-3605; Paris (33) 1-4420-6708; Frankfurt (49) 69-33-999-225; Stockholm 
(46) 8-440-5914; or Moscow 7 (495) 783-4009. 
 
Primary Credit Analyst:  Gabriel Forss, Stockholm (46) 8-440-5933; 
                         gabriel.forss@spglobal.com 
 
Secondary Contact:  Felix Winnekens, Frankfurt (49) 69-33-999-245; 
                    felix.winnekens@spglobal.com 
 
Research Contributor:  Archita Nanda, CRISIL Global Analytical Center, an S&P 
                       Global Ratings affiliate, Mumbai; 
 
 
Additional Contact:  SovereignEurope; 
                     SovereignEurope@spglobal.com 
 
The article with statistical information is available in full at 
www.standardandpoors.com. Registration is free. To access the full article, 
select ""Ratings Actions"" in the left navigation under Ratings Resources, then 
choose the Press Releases tab. 
 
 
 
No content (including ratings, credit-related analyses and data, valuations, 
model, software, or other application or output therefrom) or any part thereof 
(Content) may be modified, reverse engineered, reproduced, or distributed in 
any form by any means, or stored in a database or retrieval system, without the 
prior written permission of Standard & Poor's Financial Services LLC or its 
affiliates (collectively, S&P). The Content shall not be used for any unlawful 
or unauthorized purposes. S&P and any third-party providers, as well as their 
directors, officers, shareholders, employees, or agents (collectively S&P 
Parties) do not guarantee the accuracy, completeness, timeliness, or 
availability of the Content. S&P Parties are not responsible for any errors or 
omissions (negligent or otherwise), regardless of the cause, for the results 
obtained from the use of the Content, or for the security or maintenance of any 
data input by the user. The Content is provided on an ""as is"" basis. S&P 
PARTIES DISCLAIM ANY AND ALL EXPRESS OR IMPLIED WARRANTIES, INCLUDING, BUT NOT 
LIMITED TO, ANY WARRANTIES OF MERCHANTABILITY OR FITNESS FOR A PARTICULAR 

15 Sep 2017 16:11 ET 
Press Release: S&PGR Affirms Denmark At -3-


PURPOSE OR USE, FREEDOM FROM BUGS, SOFTWARE ERRORS OR DEFECTS, THAT THE 
CONTENT'S FUNCTIONING WILL BE UNINTERRUPTED, OR THAT THE CONTENT WILL OPERATE 
WITH ANY SOFTWARE OR HARDWARE CONFIGURATION. In no event shall S&P Parties be 
liable to any party for any direct, indirect, incidental, exemplary, 
compensatory, punitive, special or consequential damages, costs, expenses, 
legal fees, or losses (including, without limitation, lost income or lost 
profits and opportunity costs or losses caused by negligence) in connection 
with any use of the Content even if advised of the possibility of such damages. 
 
Credit-related and other analyses, including ratings, and statements in the 
Content are statements of opinion as of the date they are expressed and not 
statements of fact. S&P's opinions, analyses, and rating acknowledgment 
decisions (described below) are not recommendations to purchase, hold, or sell 
any securities or to make any investment decisions, and do not address the 
suitability of any security. S&P assumes no obligation to update the Content 
following publication in any form or format. The Content should not be relied 
on and is not a substitute for the skill, judgment, and experience of the user, 
its management, employees, advisors, and/or clients when making investment and 
other business decisions. S&P does not act as a fiduciary or an investment 
advisor except where registered as such. While S&P has obtained information 
from sources it believes to be reliable, S&P does not perform an audit and 
undertakes no duty of due diligence or independent verification of any 
information it receives. 
 
To the extent that regulatory authorities allow a rating agency to acknowledge 
in one jurisdiction a rating issued in another jurisdiction for certain 
regulatory purposes, S&P reserves the right to assign, withdraw, or suspend 
such acknowledgement at any time and in its sole discretion. S&P Parties 
disclaim any duty whatsoever arising out of the assignment, withdrawal, or 
suspension of an acknowledgment as well as any liability for any damage alleged 
to have been suffered on account thereof. 
 
S&P keeps certain activities of its business units separate from each other in 
order to preserve the independence and objectivity of their respective 
activities. As a result, certain business units of S&P may have information 
that is not available to other S&P business units. S&P has established policies 
and procedures to maintain the confidentiality of certain nonpublic information 
received in connection with each analytical process. 
 
S&P may receive compensation for its ratings and certain analyses, normally 
from issuers or underwriters of securities or from obligors. S&P reserves the 
right to disseminate its opinions and analyses. S&P's public ratings and 
analyses are made available on its Web sites, www.standardandpoors.com (free of 
charge), and www.ratingsdirect.com and www.globalcreditportal.com 
(subscription), and may be distributed through other means, including via S&P 
publications and third-party redistributors. Additional information about our 
ratings fees is available at www.standardandpoors.com/usratingsfees(""http://www.standardandpoors.com/usratingsfees""). 
 
Any Passwords/user IDs issued by S&P to users are single user-dedicated and may 
ONLY be used by the individual to whom they have been assigned. No sharing of 
passwords/user IDs and no simultaneous access via the same password/user ID is 
permitted. To reprint, translate, or use the data or information other than as 
provided herein, contact Client Services, 55 Water Street, New York, NY 10041; 
(1) 212-438-7280 or by e-mail to: research_request@standardandpoors.com. 
 
Copyright (c) 2017 by Standard & Poor's Financial Services LLC. All rights 
reserved. 
 
 
 

(END) Dow Jones Newswires

September 15, 2017 16:11 ET (20:11 GMT)"
Euro Eases Franc's Strain -- WSJ,2017-07-08,"This article is being republished as part of our daily reproduction of WSJ.com articles that also appeared in the U.S. print edition of The Wall Street Journal (July 8, 2017).

ZURICH -- The yearslong battle that smaller European central banks have waged against their own strong currencies may have turned a corner, thanks to the strengthening euro.

Increased confidence in the eurozone, both politically and economically, has raised the euro's value against a broad swath of big and small currencies, including some of its neighbors. Amid these improved prospects for Europe, central bankers in Switzerland, Denmark and the Czech Republic have dramatically scaled back their purchases of foreign currencies in recent months.

The Swiss National Bank's foreign-exchange reserves -- accumulated on a massive scale since 2012 -- dipped slightly last month to 693.5 billion Swiss francs ($721 billion), the SNB said Friday. The figures suggest the central bank has pulled back on its currency intervention efforts.

Denmark hasn't intervened in markets since March, according to central bank data. Data from the Czech central bank showed currency intervention of just EUR653 million ($745 million) in April, down sharply from March.

This is in contrast to the first quarter, when these banks cumulatively added tens of billions of dollars' worth of foreign currency to their balance sheets. By creating new Swiss francs, Danish kroner and Czech koruna and using them to buy foreign currency assets, these central banks hoped to weaken their own currencies and protect exporters while boosting inflation.

Their ability to step back is a byproduct of the broader normalization occurring among big central banks. The Federal Reserve has raised rates twice this year and is expected to do so again before year-end. The European Central Bank has reduced its quantitative easing program, and officials have sounded more positive about the bloc's economic outlook, even though its deposit rate is still negative.

This has the potential to reduce demand for assets in countries such as Switzerland, whose currencies tend to benefit amid uncertain times in the global economy.

""The Danes and Swiss are all at the mercy of large central banks. Sometimes they lose, like when the ECB cut rates into negative territory and sometimes it works in their favor,"" as is the case more recently, said Peter Rosenstreich, head of market strategy at Swissquote Bank.

Switzerland has battled the strong franc since the euro crisis intensified in 2010, prompting its central bank to spend vast sums intervening and, eventually, setting a ceiling on the franc's strength in 2011. When it abandoned that cap in early 2015, it was forced to step up its intervention.

Denmark, meanwhile, has a target range for the euro-kroner exchange rate. The Czech central bank had a euro target for a while, but dropped it in April.

The euro traded at just under 1.10 Swiss francs early Friday, near a one-year high. The euro fetched 7.44 kroner -- which is near the middle of the Danish central bank's target range -- and 26.1 Czech koruna, just slightly weaker than when the koruna target was in place.

A strong currency brings many economic benefits. It reflects the confidence global investors attach to assets of countries such as Switzerland, which is known as a haven. It raises purchasing power and may make key imported commodities like oil less expensive.

But when it is too strong, the economy may slide into persistent consumer price declines known as deflation, which weakens consumption and investment. A strong currency also typically damps exports.

And the exchange rate effects extend beyond exports and consumer prices. The Czech Republic is a key manufacturing hub in sectors like automobiles and thus benefits from low costs. Switzerland is home to global corporate powerhouses like Nestlé SA and Swatch Group AG which generate a significant share of their revenue from overseas but report their earnings in francs.

Switzerland's central bank ""is breathing a sigh of relief,"" said Mr. Rosenstreich.

Write to Brian Blackstone at brian.blackstone@wsj.com

(END) Dow Jones Newswires

July 08, 2017 02:32 ET (06:32 GMT)"
Why Are Europe’s Small Central Banks Stocking Up Foreign Money?,2017-03-07,"ZURICH—Europe’s smaller central banks are loading up on foreign currencies at rates usually associated with periods of intense global stress, highlighting the fragile underpinnings of the global economic recovery despite the recent upbeat mood in financial markets.

Switzerland’s holdings of foreign assets jumped last month at their fastest pace in over two years as its central bank fought the strong franc, which weakens exports and inflation. The Czech central bankintervened in January on a massive scale to maintain its currency target against the euro. Denmark has also stepped up its foreign-currency purchases to keep the krone from strengthening too much.

These central banks are showing crisis-like behavior to protect their currencies even in the absence of obvious trouble. This exposes them to losses if their currencies fail to weaken on their own. It also raises doubts as to how long they can keep this up in an era when economic and political uncertainties appear to be a lasting feature of the world economy.

“There is a little bit of survivor behavior,” said Peter Rosenstreich, head of market strategy at Swissquote Bank. “They’ve been protecting their currencies so long and it’s hard to give up that defensive position.”

The Swiss National Bank said Tuesday its foreign exchange reserves swelled nearly 25 billion Swiss francs ($24.63 billion) last month to 668 billion francs, the biggest rise since December 2014, the month before the Swiss abandoned a cap on the franc’s value. The pile of foreign reserves is greater than Switzerland’s entire gross domestic product.

“It’s quite bizarre. You’d think at some time you’d run out of surprises,” said Stefan Gerlach, chief economist at BSI Bank in Zurich and a former deputy governor at Ireland’s central bank.

The franc is regarded as one of the world’s safest currencies given Switzerland’s stable economy and low debt, meaning its value usually increases when investors seek safety instead of returns.

Analysts cited elections in France this spring, in Germany this fall and continued political uncertainty in Italy, the U.S. and U.K. as reasons for the relentless demand for the franc and other safe-haven currencies.

Central banks accumulate foreign reserves when they purchase assets denominated in other currencies, using freshly created money. They do this to weaken their currencies, protecting exports and giving a boost to inflation. Foreign reserves can waver slightly due to changes in currency values, but big increases like Switzerland’s signal aggressive intervention.

This tool has gained traction in recent years as official rates have turned negative in Denmark and Switzerland and are near zero in the Czech Republic.

The Czech central bank said Tuesday that currency intervention was 14.5 billion euros ($15.3 billion) in January, the largest amount by far since it introduced an exchange rate target against the euro in November 2013. “It is an eye-popping number,” said Bruna Skarica, economist at Oxford Economics.

Czech officials have said they plan to discontinue this target in the middle of this year, which has spurred investor flows into the Czech currency, the koruna, in anticipation.

Denmark intervened last month to the tune of 4.7 billion kroner ($670 million), the most since last June.

Like the franc, the Danish krone typically rises in uncertain times, especially in the eurozone. The Czech Republic is seen as one of the more stable economies within central and Eastern Europe, so it sees similar trends.

What sets this latest episode apart is that there wasn’t a particular destabilizing stress point in the last few weeks like the Greek crisis or the U.K. vote to leave the European Union. Global markets have been mostly calm with U.S. equities marking record highs. Government bond yields have risen but not too much.

Meanwhile, the U.S. Federal Reserve and the European Central Bank are close to hitting their 2% inflation targets, and the Fed is expected to raise interest rates as soon as next week.

This should be a recipe for reduced demand for the Swiss, Danish and Czech currencies as investors seek higher returns elsewhere. But the opposite has occurred.

The euro traded at 1.0723 francs midday Tuesday, about 10% lower than it was when the SNB had the franc ceiling in place from 2011 to early 2015. The euro fetched 7.43 Danish kroner, which is within the Danish bank’s target of within 2.25% above or below 7.46. The Czech koruna is near the central bank’s target of 27 against the euro, but only due to the massive intervention.

“The global economy is doing better than in the last few years” and has broadened out, SNB Chairman Thomas Jordan said in a Swiss newspaper interview on March 4.

But alluding to the contrast between a better economy and heightened political tension that has bedeviled his central bank, Mr. Jordan noted the political risks are on the rise.

“Such phases of increased political uncertainty are problematic for us because the Swiss franc is considered a safe haven,” he said.

Corrections & Amplifications The Czech central bank said Tuesday that currency intervention was 14.5 billion euros ($15.3 billion) in January, the largest amount by far since it introduced an exchange rate target against the euro in November 2013. An earlier version of this article incorrectly stated the amount of the intervention. (March 7)

Write to Brian Blackstone at brian.blackstone@wsj.com

(END) Dow Jones Newswires

March 07, 2017 08:40 ET (13:40 GMT)"
Why Are Europe's Small Central Banks Stocking Up Foreign Money?,2017-03-07,"ZURICH--Europe's smaller central banks are loading up on foreign currencies at rates usually associated with periods of intense global stress, highlighting the fragile underpinnings of the global economic recovery despite the recent upbeat mood in financial markets.

Switzerland's holdings of foreign assets jumped last month at their fastest pace in over two years as its central bank fought the strong franc, which weakens exports and inflation. The Czech central bankintervened in January on a massive scale to maintain its currency target against the euro. Denmark has also stepped up its foreign-currency purchases to keep the krone from strengthening too much.

These central banks are showing crisis-like behavior to protect their currencies even in the absence of obvious trouble. This exposes them to losses if their currencies fail to weaken on their own. It also raises doubts as to how long they can keep this up in an era when economic and political uncertainties appear to be a lasting feature of the world economy.

""There is a little bit of survivor behavior,"" said Peter Rosenstreich, head of market strategy at Swissquote Bank. ""They've been protecting their currencies so long and it's hard to give up that defensive position.""

The Swiss National Bank said Tuesday its foreign exchange reserves swelled nearly 25 billion Swiss francs ($24.63 billion) last month to 668 billion francs, the biggest rise since December 2014, the month before the Swiss abandoned a cap on the franc's value. The pile of foreign reserves is greater than Switzerland's entire gross domestic product.

""It's quite bizarre. You'd think at some time you'd run out of surprises, "" said Stefan Gerlach, chief economist at BSI Bank in Zurich and a former deputy governor at Ireland's central bank.

The franc is regarded as one of the world's safest currencies given Switzerland's stable economy and low debt, meaning its value usually increases when investors seek safety instead of returns.

Analysts cited elections in France this spring, in Germany this fall and continued political uncertainty in Italy, the U.S. and U.K. as reasons for the relentless demand for the franc and other safe-haven currencies.

Central banks accumulate foreign reserves when they purchase assets denominated in other currencies, using freshly created money. They do this to weaken their currencies, protecting exports and giving a boost to inflation. Foreign reserves can waver slightly due to changes in currency values, but big increases like Switzerland's signal aggressive intervention.

This tool has gained traction in recent years as official rates have turned negative in Denmark and Switzerland and are near zero in the Czech Republic.

The Czech central bank said Tuesday that currency intervention was 14.5 billion euros ($15.3 billion) in January, the largest amount by far since it introduced an exchange rate target against the euro in November 2013. ""It is an eye-popping number,"" said Bruna Skarica, economist at Oxford Economics.

Czech officials have said they plan to discontinue this target in the middle of this year, which has spurred investor flows into the Czech currency, the koruna, in anticipation.

Denmark intervened last month to the tune of 4.7 billion kroner ($670 million), the most since last June.

Like the franc, the Danish krone typically rises in uncertain times, especially in the eurozone. The Czech Republic is seen as one of the more stable economies within central and Eastern Europe, so it sees similar trends.

What sets this latest episode apart is that there wasn't a particular destabilizing stress point in the last few weeks like the Greek crisis or the U.K. vote to leave the European Union. Global markets have been mostly calm with U.S. equities marking record highs. Government bond yields have risen but not too much.

Meanwhile, the U.S. Federal Reserve and the European Central Bank are close to hitting their 2% inflation targets, and the Fed is expected to raise interest rates as soon as next week.

This should be a recipe for reduced demand for the Swiss, Danish and Czech currencies as investors seek higher returns elsewhere. But the opposite has occurred.

The euro traded at 1.0723 francs midday Tuesday, about 10% lower than it was when the SNB had the franc ceiling in place from 2011 to early 2015. The euro fetched 7.43 Danish kroner, which is within the Danish bank's target of within 2.25% above or below 7.46. The Czech koruna is near the central bank's target of 27 against the euro, but only due to the massive intervention.

""The global economy is doing better than in the last few years"" and has broadened out, SNB Chairman Thomas Jordan said in a Swiss newspaper interview on March 4.

But alluding to the contrast between a better economy and heightened political tension that has bedeviled his central bank, Mr. Jordan noted the political risks are on the rise.

""Such phases of increased political uncertainty are problematic for us because the Swiss franc is considered a safe haven,"" he said.

Write to Brian Blackstone at brian.blackstone@wsj.com

Corrections & Amplifications

This article was corrected at 8:56 a.m. ET because the original version misstated the amount of the intervention in the 11th paragraph. The Czech central bank said Tuesday that currency intervention was 14.5 billion euros ($15.3 billion) in January, not 14.8 billion euros as originally stated.

7 Mar 2017 09:10 ET  Correction to Europe's Small Central Banks Story

The Czech central bank said Tuesday that currency intervention was 14.5 billion euros ($15.3 billion) in January, the largest amount by far since it introduced an exchange rate target against the euro in November 2013. (""Why Are Europe's Small Central Banks Stocking Up Foreign Money?,"" at 1313 GMT, misstated the amount of the intervention in the 11th paragraph.)

(END) Dow Jones Newswires

March 07, 2017 09:10 ET (14:10 GMT)"
Why Are Europe's Small Central Banks Stocking Up Foreign Money?,2017-03-07,"ZURICH--Europe's smaller central banks are loading up on foreign currencies at rates usually associated with periods of intense global stress, highlighting the fragile underpinnings of the global economic recovery despite the recent upbeat mood in financial markets.

Switzerland's holdings of foreign assets jumped last month at their fastest pace in over two years as its central bank fought the strong franc, which weakens exports and inflation. The Czech central bankintervened in January on a massive scale to maintain its currency target against the euro. Denmark has also stepped up its foreign-currency purchases to keep the krone from strengthening too much.

These central banks are showing crisis-like behavior to protect their currencies even in the absence of obvious trouble. This exposes them to losses if their currencies fail to weaken on their own. It also raises doubts as to how long they can keep this up in an era when economic and political uncertainties appear to be a lasting feature of the world economy.

""There is a little bit of survivor behavior,"" said Peter Rosenstreich, head of market strategy at Swissquote Bank. ""They've been protecting their currencies so long and it's hard to give up that defensive position.""

The Swiss National Bank said Tuesday its foreign exchange reserves swelled nearly 25 billion Swiss francs ($24.63 billion) last month to 668 billion francs, the biggest rise since December 2014, the month before the Swiss abandoned a cap on the franc's value. The pile of foreign reserves is greater than Switzerland's entire gross domestic product.

""It's quite bizarre. You'd think at some time you'd run out of surprises, "" said Stefan Gerlach, chief economist at BSI Bank in Zurich and a former deputy governor at Ireland's central bank.

The franc is regarded as one of the world's safest currencies given Switzerland's stable economy and low debt, meaning its value usually increases when investors seek safety instead of returns.

Analysts cited elections in France this spring, in Germany this fall and continued political uncertainty in Italy, the U.S. and U.K. as reasons for the relentless demand for the franc and other safe-haven currencies.

Central banks accumulate foreign reserves when they purchase assets denominated in other currencies, using freshly created money. They do this to weaken their currencies, protecting exports and giving a boost to inflation. Foreign reserves can waver slightly due to changes in currency values, but big increases like Switzerland's signal aggressive intervention.

This tool has gained traction in recent years as official rates have turned negative in Denmark and Switzerland and are near zero in the Czech Republic.

The Czech central bank said Tuesday that currency intervention was 14.5 billion euros ($15.3 billion) in January, the largest amount by far since it introduced an exchange rate target against the euro in November 2013. ""It is an eye-popping number,"" said Bruna Skarica, economist at Oxford Economics.

Czech officials have said they plan to discontinue this target in the middle of this year, which has spurred investor flows into the Czech currency, the koruna, in anticipation.

Denmark intervened last month to the tune of 4.7 billion kroner ($670 million), the most since last June.

Like the franc, the Danish krone typically rises in uncertain times, especially in the eurozone. The Czech Republic is seen as one of the more stable economies within central and Eastern Europe, so it sees similar trends.

What sets this latest episode apart is that there wasn't a particular destabilizing stress point in the last few weeks like the Greek crisis or the U.K. vote to leave the European Union. Global markets have been mostly calm with U.S. equities marking record highs. Government bond yields have risen but not too much.

Meanwhile, the U.S. Federal Reserve and the European Central Bank are close to hitting their 2% inflation targets, and the Fed is expected to raise interest rates as soon as next week.

This should be a recipe for reduced demand for the Swiss, Danish and Czech currencies as investors seek higher returns elsewhere. But the opposite has occurred.

The euro traded at 1.0723 francs midday Tuesday, about 10% lower than it was when the SNB had the franc ceiling in place from 2011 to early 2015. The euro fetched 7.43 Danish kroner, which is within the Danish bank's target of within 2.25% above or below 7.46. The Czech koruna is near the central bank's target of 27 against the euro, but only due to the massive intervention.

""The global economy is doing better than in the last few years"" and has broadened out, SNB Chairman Thomas Jordan said in a Swiss newspaper interview on March 4.

But alluding to the contrast between a better economy and heightened political tension that has bedeviled his central bank, Mr. Jordan noted the political risks are on the rise.

""Such phases of increased political uncertainty are problematic for us because the Swiss franc is considered a safe haven,"" he said.

Write to Brian Blackstone at brian.blackstone@wsj.com

Corrections & Amplifications

This article was corrected at 8:56 a.m. ET because the original version misstated the amount of the intervention in the 11th paragraph. The Czech central bank said Tuesday that currency intervention was 14.5 billion euros ($15.3 billion) in January, not 14.8 billion euros as originally stated.

7 Mar 2017 08:55 ET  Correction to Europe's Small Central Banks Story

The Czech central bank said Tuesday that currency intervention was 14.5 billion euros ($15.3 billion) in January, the largest amount by far since it introduced an exchange rate target against the euro in November 2013. (""Why Are Europe's Small Central Banks Stocking Up Foreign Money?,"" at 1313 GMT, misstated the amount of the intervention in the 11th paragraph.)

(END) Dow Jones Newswires

March 07, 2017 08:55 ET (13:55 GMT)"
UPDATE 1- Denmark  defends its  currency  peg with biggest  intervention  since Brexit,2017-03-02,"(Adds details, comments, updates dateline)

By Teis Jensen and Jemima Kelly

COPENHAGEN/LONDON, March 2 (Reuters) - Denmark's central bank sold 4.7 billion Danish crowns ($665 million) on the foreign exchange market in February to defend its currency peg amid high demand for crowns from investors worried about the future of the euro.

It was the central bank's biggest intervention since June last year, when it stepped into the market as demand for the Danish currency rose on fears that Britain's shock vote to leave the European Union could have ripple effects in the euro zone.

Under the European Union's Exchange Rate Mechanism (ERM2), Denmark must keep the crown within 2.25 percent of 7.46038 crowns per euro, although in practice it has not moved more than 0.5 percent either way.

Europe's single currency faces political risks including a French presidential election which anti-euro, far-right leader Marine Le Pen is seen by bookmakers as having a 30 percent chance of winning.

This has prompted some investors to seek alternatives to the euro, and they see Denmark - among a handful of countries with a triple-A credit rating, and with a large surplus in its balance of payments - as a safe bet.

""If Le Pen wins, against expectations, she has announced that there will be a referendum on the euro - that would obviously shake the foundation of the euro cooperation, and that has led investors to seek shelter in Danish crowns,"" said Nykredit chief economist Tore Stramer, in Copenhagen.

""We will probably have to live with that traffic until (results day) in France on May 8.""

With jitters over the French election weighing on the euro, the Danish crown in late February hit its highest levels since the results of June's Brexit vote, at 7.4325 crowns per euro .

""GREAT CONFIDENCE""

February's intervention was detailed by central bank on Thursday. It was dwarfed, however, by the hundreds of billions of crowns sold in early 2015 after the Swiss National Bank scrapped the ceiling on the Swiss franc's exchange rate against the euro, sparking a speculative run on the crown.

That intervention had bolstered investors' faith in the central bank's willingness to defend the crown, analysts said.

""There is a great confidence in the fixed exchange rate policy, which makes investors to some extent enforce (it) themselves because they don't want to buy crowns at too a high price, because they know (it) will fall back closer to the central rate again,"" said Sydbank economist Soren Kristensen.

He added that the central bank, whose foreign exchange reserves have fallen to levels last seen before the Swiss franc shock, would be willing to intervene far more aggressively if strong upward pressure was put on the Danish crown. It would prefer to do that than further cut its key interest rate, currently at minus 0.65 percent, he said.

The central bank said its total foreign exchange reserves rose to 466.6 billion Danish crowns in February, up from 457.8 billion crowns at the end of January.

($1 = 7.0687 Danish crowns) (Writing by Jemima Kelly; Editing by Catherine Evans) 

Released: 2017-3-2T19:27:55.000Z"
"Denmark's  FX  reserves rise to 457.8 bln DKK in Jan, c.bank did not  intervene ",2017-02-02,"COPENHAGEN, Feb 2 (Reuters) - Denmark's foreign exchange reserves rose by 1.8 billion crowns to 457.8 billion Danish crowns ($66.6 billion) in January from 451.6 billion crowns at the end of December.

The central bank did not intervene in the foreign exchange market in January, it said.

The central bank use the foreign exchange reserves as a tool to control the rate of the Danish crown, which is pegged to the euro, by buying or selling. ($1 = 6.8752 Danish crowns) (Copenhagen newsroom) 

Released: 2017-2-2T16:07:38.000Z"
Denmark Central Bank Currency Intervention  Is Possible -- 1Q  Central Bank  Outlook,2017-01-04,"

The Danish central bank looks unlikely to move interest rates in the first quarter, but it could return to currency markets if the Danish krone's exchange rate begins to veer off target.

Denmark's Nationalbank aims to make life easier for exporters to the important eurozone market, as well as keep inflation low and steady, by tightly controlling the national currency.

It's only policy aim is to keep the euro's exchange rate within 2.25% of 7.46038 kroner.

The krone has been on the strong side over recent weeks and the central bank will have taken note. Analysts expect the bank to react soon and begin selling kroner.

""We do not believe that the bank will allow a further appreciation of the krone,"" said Jan Storup Nielsen at Nordea Bank in Copenhagen.

Of vital importance for Danish interest rates throughout 2017 will be the actions of the European Central Bank. Further easing in Frankfurt could send the euro lower against the krone and force Danish policy makers into counter measures.

However, as the ECB looks likely to leave its policy levers largely unchanged in the short term, Nationalbank may do likewise.

Mr. Storup Nielsen expects the central bank's key interest rate to remain at minus 0.65% into 2018. 


 
Main Policy Rate  Last-Quarter Rate  Current Rate   Outlook 
Deposit Rate       -0.65% Oct. 4     -0.65% Jan. 3   Hold 
 

Write to Charles Duxbury at charles.duxbury@wsj.com

(END) Dow Jones Newswires

January 03, 2017 18:26 ET (23:26 GMT)"
"Denmark 's  FX  reserves rose slightly in October, no  intervention  - c.bank",2016-11-02,"COPENHAGEN, Nov 2 (Reuters) - Denmark's foreign exchange reserves rose marginally to 449.9 billion Danish crowns ($67.2 billion) in October, up 0.1 billion from the previous month, the central bank said on Wednesday.

The central bank said it did not intervene last month in the foreign exchange market to keep the Danish crown stable against the euro. It last intervened in June.

The small increase in reserves reflects the central bank's net purchase of foreign exchange and the government's net repayment of foreign debt.

The central bank uses its foreign exchange reserves as a tool to control the rate of the Danish crown, which is pegged to the euro, by buying or selling.

($1 = 6.6980 Danish crowns) (Reporting by Teis Jensen; editing by John Stonestreet) 

Released: 2016-11-2T16:14:22.000Z"
NORDIC MORNING BRIEFING: Earnings and Central Banks in Focus,2016-10-27,"
 
TODAY'S CALENDAR - All times GMT 
 
Nordic Macro 
0600 Finland October Consumer 
     Confidence 
0600 Norway August Unemployment 
0700 Sweden October CCI 
0730 Sweden Riksbank Rate Call 
0800 Norway Norges Bank Rate Call 
 
Other Macro 
0800 EuroZone September M3 
     Money Supply 
0830 UK 3Q GDP 
1230 US September Durable 
     Goods Orders 
1230 US Initial Jobless Claims 
1400 US September Pending Home 
     Sales 
 
Nordic Equities 
Autoliv 3Q 
DNB ASA 3Q 
Nokia Corp 3Q 
Statoil ASA 3Q 
Svenska Cellulosa AB 3Q 
 
Other Equities 
ABB Ltd 3Q 
Alphabet Inc 3Q 
Amazon.com Inc 3Q 
BASF SE 3Q 
Blackstone Group LP 3Q 
Bristolmyers Squibb Co 3Q 
BT Group PLC 2Q 
Colgate-Palmolive Co 3Q 
ConocoPhillips 3Q 
Deutsche Bank 3Q 
Dow Chemical Co 3Q 
Dr Pepper Snapple Group Inc 3Q 
EQT Corp 3Q 
Expedia Inc 3Q 
Ford Motor Co 3Q 
Kia Motors Corp 3Q 
LG Electronics Inc 3Q 
Linkedin Corp 3Q 
Nomura Holdings Inc 2Q 
Samsung Electronics 3Q 
Stanley Black & Decker Inc 3Q 
STMicroelectronics NV 3Q 
Telefonica SA 3Q 
Twitter Inc 3Q 
United Parcel Service Inc 3Q 
Volkswagen AG 3Q 
ZTE Corporation 3Q 
 
IN FOCUS: 

A hectic day Thursday sees regional heavyweights Nokia and Statoil kick things off on the earnings front before two keenly eyed central bank policy meetings.

Sweden's Riksbank is the first to announce the result of its latest monetary policy meeting and although no change is expected to rates, the rate path or the asset-purchase program, September's disappointing inflation reading could pose questions.

""After most things went the Riksbank's way so far this year, the reading on inflation in September suddenly stirred things up a bit,"" Handelsbanken said. However, it expects the central bank to adopt a wait-and-see stance, with both October and November inflation readings due before the Dec. 20 policy meeting.

""If the majority of factors for the unexpected price trends in October prove to be only temporary, and if the inflation rate rises again, the Riksbank's stance should be more or less unchanged, we think. On the other hand, further disinflationary shocks should likely push for policy easing once again, most likely involving first-hand expanded asset purchases,"" it said.

The Norges Bank is also expected to stand pat, after it indicated in September that a rate change in the near term was unlikely.

""On the one hand, NOK has been stronger, inflation lower and money market spreads higher than expected,"" noted Nordea. ""On the other hand oil price and rates abroad are higher. The summing up will probably indicate that Norges Bank has not changed its view significantly. It should be neutral to the market."" 

FOREX: 
 
EUR/NOK 
0250 GMT 9.0192-242 
Previous 9.0254-304 
%Chg -0.07 
 
EUR/SEK 
0250 GMT 9.7144-244 
Previous 9.7133-233 
%Chg +0.01 
 
USD/NOK 
0250 GMT 8.2785-845 
Previous 8.2728-88 
%Chg +0.07 
 
USD/SEK 
0250 GMT 8.9175-265 
Previous 8.9045-135 
%Chg +0.15 
 
NORDIC CURRENCIES: 

EUR/DKK continues to trade with a heavy tone below 7.4400, with the DKK supported by the world's second-largest current account surplus and safe-haven demand for DKK on the back of high political uncertainty in Europe, said Danske Bank.

""We forecast EUR/DKK at 7.4425 in 12 months and thus for the pair to continue to trade at the low end of the historical trading range,"" said Danske.

It noted that EUR/DKK three-month FX forward outright is trading around 7.4370, above the 7.4350 level where Danske would expect Denmark's central bank to intervene to cap the lower bound for EUR/DKK. 


 
STOCK INDEXES: 
 
OMXN40 1435.41  -0.07% 
OMXS30 1454.21  +0.23% 
OBX     564.64  -2.14% 
OMXC20 1025.75  -1.04% 
OMXH25 3517.73  +0.18% 
 
Brent crude: $49.98 
 
NORDIC MARKETS: 

Nordic stock markets had a largely negative session Wednesday.

European indexes traded lower as company results, weaker crude oil prices and central bank comments dampened enthusiasm, Saxo Bank said in a note.

""Both anticipation for, and arrival of, the OPEC production cut deal have boosted crude prices for several weeks now, but now that the ink had dried it appears investors have their doubts about the agreement's real impact on global supplies,"" Saxo said.

""These doubts have now pushed WTI prices back below the $50/barrel benchmark, impacting risk sentiment.""

Beyond oil, the main risk event remains the US presidential election, Saxo added. 


 
ENERGY: 

Oil prices were little changed in Asia following declines in the U.S. that came as the market focused on OPEC's lack of real progress in convincing members to join a production cut deal rather than a surprise drop in U.S. crude inventories.

A closer look at the U.S. data actually shows the latest 553,000-barrel decline in stocks was centered on the West Coast, which is isolated from the rest of the network, said ANZ Research.

""Inventories actually increased along East and Gulf Coasts,"" the bank adds.

At 0242 GMT, Nymex was down 1 cent at $49.17 a barrel, while Brent was unchanged at $49.98 a barrel.

Russia's Gazprom and the European Union's competition watchdog on Wednesday announced they will attempt to settle a longstanding antitrust case and that the state-controlled energy company would soon submit concrete commitments to change behaviors in exchange for escaping a hefty fine.

""We are now putting the final touch to our commitment proposal. It will be sent to the European Commission shortly,"" Alexander Medvedev, Gazprom's deputy chairman, said following a meeting with the EU's competition commissioner, Margrethe Vestager. Two people familiar with the negotiations said that nailing down the outstanding details for a preliminary settlement agreement might still take ""a couple of weeks.""

""In essence, we have a deal,"" one of those people said. 


 
NEWS ROUNDUP: 

SWEDEN: Ericsson AB appointed Borje Ekholm as chief executive Wednesday, as the struggling telecom-equipment provider looks to turn around its business amid waning demand and stiff global competition.

Mr. Ekholm has been an Ericsson board member for the past 10 years. He joins Ericsson's executive team from his position as CEO of Patricia Industries, a division within Investor AB, a Swedish investment company that is Ericsson's largest shareholder, controlling over 20% of its voting rights.

The news sent Ericsson shares as much as 3% higher in morning trading in Stockholm.

Ericsson had been looking for a new CEO since it ousted Hans Vestberg in July, as the company battles slowing demand for its cellphone towers and switches and faces competition from China's Huawei Technologies Co. and Nordic rival Nokia Corp.

Speaking at a news conference in Stockholm, Mr. Ekholm said Ericsson must continue to trim expenses.

""We are clearly challenged right now--we have to make adjustments to our cost structure,"" he said. ""That's something that has to go on.""

Mr. Ekholm said he aimed to make Ericsson profitable again by prioritizing parts of its business while divesting others. He didn't provide more details.

""We have to establish profitability first,"" he said, adding he then wanted to ""focus on building a strong company for the long term--five years-plus.""

NORWAY: Telenor SA (TEL.OS) Wednesday posted a third-quarter net loss due to costs related to the part sale of its stake in Amsterdam-based peer VimpelCom Ltd.(VIP).

The Norwegian telecom provider's net loss for the period ending Sept. 30 was 4.82 billion Norwegian kroner ($540 million), compared with a net loss of NOK1.77 billion a year earlier, while third-quarter revenue was NOK32.79 billion, up slightly from NOK31.84 billion in the same period last year.

Telenor, which is majority-owned by the Norwegian state, attributed the net loss mainly to its 33% stake in VimpelCom, nearly one-fourth of which it started selling through a public offering last month. Telenor said the adjusted price of the VimpelCom shares resulted in a total impairment loss of NOK2.4 billion, as well as a loss of NOK3.2 billion related to a reclassification of translation differences previously recognized in other comprehensive income.

NORWAY: Nordea Bank AB (NDA.SK) Wednesday posted a 14% rise in third-quarter net profit as income from its wholesale banking activities helped offset sluggish net interest income. Net profit at the Stockholm-based bank climbed to 888 million euros ($966.0 million) in the three months ending Sept. 30 from EUR780 million in the same period a year earlier, beating expectations of EUR818 million, according to a FactSet poll.

""The third quarter was characterised by a stable environment with low volatility on the financial markets but also continued low growth,"" Chief Executive Casper von Koskull said.

""Total revenues held up well in the quarter...we continue to believe the trough levels are over. Negative rates have put pressure on deposit margins, which was partly offset by higher lending margins.""

DENMARK: Dong Energy A/S (DENERG.KO) said Wednesday it had started a review of options for its oil and gas business, a unit it previously said wasn't central to its long-term strategy. The Danish utility and wind-farm developer said in a statement that J.P. Morgan was conducting a preliminary market assessment but no decision had been taken on whether to divest.

Write to Dominic Chopping at dominic.chopping@wsj.com; Twitter: @domchopping @WSJNordics

(END) Dow Jones Newswires

October 26, 2016 22:54 ET (02:54 GMT)"
"Current Account Surplus, Safe Haven Demand Supports DKK -- Market Talk",2016-10-26,"1044 GMT EUR/DKK continues to trade with a heavy tone below 7.4400, with the DKK supported by the world's second largest current account surplus and safe haven demand for DKK on the back of high political uncertainty in Europe, says Danske Bank. ""We forecast EUR/DKK at 7.4425 in 12 months and thus for the pair to continue to trade at the low end of the historical trading range,"" says Danske. Notes EUR/DKK 3 month FX forward outright is trading around 7.4370, above the 7.4350 level where Danske would expect Denmark's central bank to intervene to cap the lower bound for EUR/DKK. EUR/DKK trades at 7.4384. (dominic.chopping@wsj.com) 


 
Contact us in London. +44-20-7842-9464 
markettalk@wsj.com 
 

(END) Dow Jones Newswires

October 26, 2016 06:44 ET (10:44 GMT)"
Denmark 's  Central Bank  Could  Intervene  in  Currency  Market -- 4Q  Central Bank  Outlook,2016-10-04,"

Denmark's central bank has shown no sign that it is preparing to change interest rates, and intervention in the currency market looks likely to continue as the policy tool of choice over the coming months.

The central bank will have its eye on a recent weakening of the Danish krone and will act to support the currency if the drop extends into the fourth quarter.

The Danish central bank's only policy aim is to keep the euro's exchange rate within 2.25% of 7.46038 kroner to control inflation and provide stability for domestic businesses that look to the eurozone as an important export market. It has no target for the inflation rate.

Further ahead, analysts are flagging that potential political strife in the U.K. or the eurozone could lift the krone without central bank help as investors sell euros or pounds for the Danish currency.

Analysts at Danske Bank identified the Italian constitutional referendum on Dec. 4 and talks on the U.K.'s withdrawal from the European Union as clouds on the horizon.

The Danish central bank will intervene and sell kroner if the currency looks like it is rising as high as it did straight after the Brexit vote.

On interest rates, the current level looks set to persist. Nordea analysts expect the central bank's policy rate to be maintained at -0.65% until the end of 2017. 


 
Main Policy Rate  Last-Quarter Rate  Current Rate   Outlook 
Deposit Rate       -0.65% July 7    -0.65% Oct. 4    Hold 
 

Write to Charles Duxbury at charles.duxbury@wsj.com

(END) Dow Jones Newswires

October 04, 2016 17:42 ET (21:42 GMT)"
"Denmark 's  FX  reserves fell slightly in September, no  intervention ",2016-10-04,"COPENHAGEN, Oct 4 (Reuters) - Denmark's foreign exchange reserves fell marginally to 449.8 billion Danish crowns ($67.47 billion) in September, down 0.1 billion from the previous month, the central bank said Wednesday.

The central bank said it did not intervene in the foreign exchange market. It last intervened in June in an attempt to keep the Danish crown stable against the euro.

The small decrease reflects the central bank's net purchase of foreign exchange and the government's net repayment of foreign debt.

The central bank uses foreign exchange reserves as a tool to control the rate of the Danish crown, which is pegged to the euro, by buying or selling. ($1 = 6.6668 Danish crowns) (Reporting by Jacob Gronholt-Pedersen; Editing by Alison Williams) 

Released: 2016-10-4T15:15:05.000Z"
Denmark 's  FX  reserves rise;  central bank intervened  before UK referendum,2016-07-04,"COPENHAGEN, July 4 (Reuters) - Denmark's foreign exchange reserves rose to 452.3 billion Danish crowns ($67.7 billion) in June from 426.9 billion crowns at the end of May.

The central bank intervened in the foreign exchange market by selling 25.2 billion crowns in June to keep the currency stable against the euro, it said.

""The majority of the interventions took place prior to the United Kingdom's referendum on 23 June on European Union membership,"" the central bank said.

The Danish crown briefly strengthened to its strongest level against the euro since 2003 when investors on June 24 flocked to safe-haven assets in the wake of Britain's vote to leave the European Union.

($1 = 6.6834 Danish crowns) (Reporting by Ole Mikkelsen, editing by Larry King) 

Released: 2016-7-4T15:10:34.000Z"
NORDIC MORNING BRIEFING: Nordic Manufacturing PMIs in Focus,2016-07-01,"
 
TODAY'S CALENDAR - All times GMT 
 
Nordic Macro 
0630 Sweden June PMI 
     Manufacturing 
0700 Norway June PMI 
     Manufacturing 
0800 Norway June Registered 
     Unemployment 
0900 Denmark June PMI 
     Manufacturing 
 
Other Macro 
0830 UK June PMI Manufacturing 
0900 Euro Zone May Unemployment 
1400 US June ISM Manufacturing 
 
GLOBAL NEWS: 

S&P cut the investment-grade credit ratings of the European Union by a notch, saying the U.K.'s vote to leave the EU reduces its budget flexibility and reflects a loss of political solidarity.

S&P now has the EU at double-A, the third-highest investment-grade ratings. The credit ratings firm said the outlook is stable, reflecting S&P's view that under most scenarios, including any U.K. withdrawal from future budget commitments, its current rating on the EU will stay at the current level. The ratings agency affirmed its double-A-plus credit ratings on the U.S., pointing to the country's economic resiliency, bolstered by its status as the issuer of the world's leading reserve currency.

China's official manufacturing purchasing managers' index, a gauge of the nation's factory activity, edged down in June, ending three straight months of expansion, official data showed Friday.

The index fell to 50.0--the mark that separates expansion from contraction--from 50.1 a month ago, suggesting the world's second-largest economy is still struggling to gain momentum. The June PMI matched a median forecast of 50.0 by 13 economists polled by The Wall Street Journal.

China's official nonmanufacturing purchasing managers' index, a gauge of activity outside factory floors, rose to 53.7 in June from 53.1 in May.

The Bank of Japan's latest tankan survey showed that manufacturers' sentiment remained solid in the second quarter, although the poll doesn't fully take into account the impact on business confidence of the Brexit vote.

The main index of the quarterly survey released Friday showed that sentiment among big manufacturers remained unchanged at plus 6 in the April-June quarter. The reading compares with a median forecast for plus 4 by 17 economists polled by The Wall Street Journal.

Turkey opened a new area of membership talks with the European Union on Thursday, but bloc officials made clear there was no prospect of further advancement to Ankara's bid in the coming months.

Turkey had pressed for an advancement of its talks on membership as a condition of the deal to take back migrants who cross into Greece and the EU. The EU fulfilled that pledge by opening what is called a chapter in the accession discussions.

There are 35 chapters in the accession talks. The EU has begun discussion on 16 of them, including the chapter on financial and budgetary provisions which were opened Thursday. But talks on only one chapter have been completed and the EU hasn't opened discussion on any of the most sensitive topics.

Federal Reserve Bank of St. Louis President James Bullard said Thursday the U.S. economy was in an era of modest growth that would keep unemployment and inflation at their current levels for the next 2 1/2 years.

""Key macroeconomic variables including real output growth, the unemployment rate, and inflation appear to be at or near values that are likely to persist over the forecast horizon,"" Mr. Bullard said. ""Any further cyclical adjustment is likely to be relatively minor.""

Mr. Bullard also said the U.K.'s decision to exit the European Union is unlikely to seriously disrupt the U.S. or global economies.

""I think what we've learned in the past five days is that it was a shock but global markets held up fairly well,"" Mr. Bullard said. ""Global markets were able to absorb the shock, reprice, and look forward to the future.""

The U.S. asked Moscow to force the regime of President Bashar al-Assad to ground its air force as part of a proposal that could lead to greater cooperation with Russia in Syria, according to officials familiar with the offer.

If the Russians get the regime to ground its air force, the Pentagon then would consider helping Moscow with its targeting in Syria, to ensure its strikes hit the Nusra Front and Islamic State militant groups, rather than the U.S.-backed moderate opposition, the officials said. 


 
IN FOCUS: 

It's a busy day of PMI data in the region Friday and SEB said that June's manufacturing PMIs increased markedly in the eurozone, especially Germany, defying expectations of marginally lower readings.

""Hence, outside of the U.K., Brexit fears do not seem to have affected sentiment in manufacturing much.""

In Norway, June registered unemployment is due and will be especially interesting after seasonally adjusted registered unemployment increased by nearly 1,000 in May, said Nordea.

""That was in line with our view that the economy is still too weak to avoid a further increase in unemployment.""

It expects a further increase in unemployment in June, but at a somewhat slower pace. 

FOREX: 
 
EUR/NOK 
0150 GMT 9.2808-58 
Previous 9.2887-937 
%Chg -0.09 
 
EUR/SEK 
0150 GMT 9.3857-957 
Previous 9.3897-997 
%Chg -0.04 
 
USD/NOK 
0150 GMT 8.3545-605 
Previous 8.3604-64 
%Chg -0.07 
 
USD/SEK 
0150 GMT 8.4494-584 
Previous 8.4553-643 
%Chg -0.07 
 
NORDIC CURRENCIES: 

There may be extra nervousness and fluctuations in the Danish krone in the coming weeks and months as a result of the low visibility with respect to Britain's position in the EU and the resulting major economic uncertainty, said Nordea.

It said that price activity in EUR/DKK and excess liquidity in the banking sector indicates that Denmark's central bank has been intervening in the currency markets both before and after the U.K.'s vote last week.

""But there is no sign that the National Bank has been forced to intervene massively by the British Brexit,"" Nordea said, noting that indications point to interventions totaling around DKK5 billion ($0.745 billion) on June 24, which, it said, is not dramatic. 


 
STOCK INDEXES: 
 
OMXN40 1414.09 +1.28% 
OMXS30 1323.57 +1.07% 
OBX     541.23 +2.64% 
OMXC20 1007.96 +1.27% 
OMXH25 3198.2  +1.39% 
 
Brent crude: $50.07 
 
NORDIC MARKETS: 

Nordic markets had a generally positive session Thursday, though gains were modest as markets began to settle after a volatile week.

""European markets took a breath first thing and opened lower, with oil also showing weakness,"" Saxo Bank said in a note.

""Equities then reversed from their lows to turn positive,"" Saxo added, but noted ""it's probably time for a pause"" in the dramatic recovery uptick. A two-day surge in the price of oil--on the back of a bigger-than-expected inventory decline and a continued production slowdown--ran out of steam Thursday, with WTI falling back below $50 a barrel, while Brent crude headed lower after touching $51. 


 
ENERGY: 

Oil prices rebounded in Asia following sharp losses in the U.S. session.

Around 0330 GMT, Brent crude was trading at $50.07, up 36 cents while Nymex was at $48.63, a gain of 31 cents. 


 
NEWS ROUNDUP: 

DENMARK: Denmark's Vestas Wind Systems A/S (VWS.KO) said Thursday it has received an order for 22 turbines to be installed at the Lyrestad wind park in Mariestad, Sweden, with power produced from the development sold to Google as part of the tech company's drive to power its entire operations on clean energy. Google said at the end of last year that it was purchasing a further 842 megawatts of renewable energy and, in addition to Thursday's deal with the Swedish wind farm, it has signed a similar agreement with a new 50-turbine project near Stavanger in Norway. In total, the two new wind farms will provide 236 megawatts of energy and Google has signed long-term contracts to purchase all energy produced from both projects, it said.

SWEDEN: SAS AB (SAS.SK) said Thursday it has sold its remaining 20% stake in Nordic regional airline Wideroe, completing a plan it made in 2013 when it was in the midst of extensive restructuring and a debt-reduction exercise as it grappled with high fuel costs and rising competition from discount carriers. The airline, partly owned by the Swedish, Norwegian and Danish governments, sold 80% of Wideroe in September 2013 to WF Holding AS, an investment firm controlled by transport company Torghatten ASA for 2 billion Swedish kronor ($237 million). It said at the time that the remaining shares would be divested during 2016.

Write to Dominic Chopping at dominic.chopping@wsj.com; Twitter: @domchopping @WSJNordics

(END) Dow Jones Newswires

June 30, 2016 23:35 ET (03:35 GMT)"
"High Volatility, Low Visibility Seen in EUR/DKK -- Brexit Market Talk",2016-06-30,"1152 GMT There may be extra nervousness and fluctuations in the Danish krone in the coming weeks and months as a result of the low visibility with respect to Britain's position in the EU and the resulting major economic uncertainty, says Nordea. It adds that price activity in EUR/DKK and excess liquidity in the banking sector indicates that Denmark's central bank has been intervening in the currency markets both before and after the U.K.'s vote last week. ""But there is no sign that the National Bank has been forced to intervene massively by the British Brexit,"" Nordea says, noting that indications point to interventions totaling around DKK5 billion on June 24, which it says is not dramatic. EUR/DKK trades at 7.4391. (dominic.chopping@wsj.com) 


 
Contact us in London. +44-20-7842-9464 
markettalk@wsj.com 
 

(END) Dow Jones Newswires

June 30, 2016 07:52 ET (11:52 GMT)"
Nordea Expects Danish  FX Intervention  -- Brexit Market Talk,2016-06-24,"1312 GMT Denmark's central bank is likely to intervene in currency markets, says Nordea, to prevent a further strengthening of the Danish krone after the U.K. voted to leave the European Union. Denmark's central bank said earlier it would do ""what is necessary"" to keep the exchange rate stable if a pressure on the krone should arise. Says no immediate action is needed in Norway and Sweden, but Sweden's Riksbanken would be ready to offer liquidity and intervene in currency markets in case of major financial market reactions. Continues to expect Norway's central bank to cut rates in September. Says the Danish central bank would consider an independent rate cut only in case of an intensified pressure. (kjetilmalkenes.hovland@wsj.com) 


 
Contact us in London. +44-20-7842-9464 
markettalk@wsj.com 
 

(END) Dow Jones Newswires

June 24, 2016 09:12 ET (13:12 GMT)"
Denmark  able to keep euro peg with  forex interventions  -Danske,2016-06-24,"COPENHAGEN, June 24 (Reuters) -

* The Danish crown has strengthened versus the euro following Thursday's Brexit vote

* Unlike last year the driver of the inflow is not a lack of credibility in the Danish central bank's willingness and ability to maintain the peg to the euro, Danske Bank senior analyst Jens Naervig said at a conference call

* This time around the inflow in the crown happens on the back of the market turning its focus to the risk to the eurozone, following the British referendum, Naervig said

* The base case is that the Danish central bank will set the lower bound of the euro-crown exchange rate at around the current level of 7.4350 crowns per euro by using interventions in the foreign exchange market, he said

* ""We don't think in our base case that they will cut their key policy rate, currently at minus 65 basis points, but if the inflow accelerates then it has room to cut the key policy rate to minus 75 basis points, which we still view as the lower bound for the key policy rate in Denmark,"" Naervig said (Reporting by Teis Jensen) 

Released: 2016-6-24T07:19:30.000Z"
"UPDATE 1- Denmark  ready for lower rates,  interventions  to defend peg amid Brexit fears -c.bank",2016-06-15,"(Recasts, adds details, background)

By Teis Jensen

COPENHAGEN, June 15 (Reuters) - Denmark is ready to cut interest rates further into negative territory and make unlimited interventions in the currency market if needed to defend the crown's peg to the euro, the head of its central bank said on Wednesday.

Uncertainty over how Britain's referendum on June 23 on whether to stay in the European Union will play out has prompted investors to buy Danish crowns, seen as a safe haven.

That has helped strengthen the currency to the upper end of the tight band to the euro the central bank has kept it within.

The central bank intervened in the currency market in May for the first time in three months, buying foreign reserves and selling its own currency, which helped ease pressure on the crown towards the end of the month.

The Nationalbank is ready for unlimited intervention and to let its reserve of foreign exchange ""sky rocket"", central bank governor Lars Rohde told a press meeting on Wednesday.

He said the bank could also cut interest rates further, a stronger tool used less often than foreign exchange intervention to weaken the crown. In January the bank raised its certificate of deposit rate to minus 0.65 percent from minus 0.75 percent.

""We did not (reach) the lowest possible rate last year, so there is the possibility to go further into negative territory if needed,"" Rohde said.

Last year, speculators poured money into the AAA-rated country's currency, betting Denmark would drop the three-decade-old currency peg and let the crown rise, after the Swiss National Bank scrapped its cap on the franc against the euro.

At 1108 GMT, the crown was trading at 7.4357 per euro .

Under the ERM2 Exchange Rate Mechanism, the crown must stay within 2.25 percent of a rate of 7.46038 per euro. In reality the central bank has kept to a much tighter range of plus/minus 0.50 percent. (Additional reporting by Erik Matzen and Jacob Gronholt-Pedersen,; editing by John Stonestreet) 

Released: 2016-6-15T12:38:04.000Z"
INTERVIEW-Danish  central bank  ready to  intervene  if Brexit hits crown,2016-06-03,"COPENHAGEN, June 3 (Reuters) - Denmark's central bank says it is ready to intervene to weaken the crown if a British exit from the European Union later this month triggers inflows into the Danish currency.

Speculators poured money into AAA-rated country's currency in January and February last year, betting Denmark would drop its three-decade-old currency peg and let the crown rise, after the Swiss National Bank scrapped its cap on the franc against the euro.

Upward pressure on the Danish crown since early March has led the central bank to buy almost 24 billion crowns ($3.7 billion)worth of foreign currency in May.

""We cannot rule out that an inflow of currency can happen if the British vote no at the referendum,"" central bank Governor Per Callesen said on the sidelines of a Thomson Reuters banking seminar in Copenhagen.

Callesen said the central bank is standing firm on the current Danish currency regime, which pegs the value of the crown to the euro.

""We don't see anyone in the political sphere or media pushing for a change in the regime. We believe we have the means available for keeping the exchange rate,"" Callesen said.

Intervention in currency markets is the tool the central bank uses most to defend the peg. It has also raised the possibility of adjusting interest rates independently of the European Central Bank.

Callesen underscored that potential pressure on the crown would be different from what happened last year, when Switzerland changed its exchange rate regime.

""The referendum in Britain will not have any impact on the exchange regime,"" Callesen said.

The Danish central bank said on Thursday foreign exchange reserves rose to 426.9 billion Danish crowns in May from 403.5 billion crowns a month earlier.

The central bank also said it intervened in forex marked by selling 23.6 billion crowns to keep the currency stable against the euro. It was the first intervention since February.

Under the Exchange Rate Mechanism, Denmark must keep the crown within 2.25 percent of a rate of 7.46038 per euro. In practice, it has kept to a much tighter range of plus or minus 0.50 percent. ($1 = 6.5794 Danish crowns) (Reporting by Ole Mikkelsen,; editing by Jacob Gronholt-Pedersen, Larry King)

Released: 2016-6-6T13:43:48.000Z"
Denmark Intervened  As Brexit Fears Lifted DKK -- Market Talk,2016-06-02,"1508 GMT The Danish central bank said it spent DKK23.6 billion in May to prevent the krone from appreciating, in accordance with its policy to keep EUR/DKK within a tight band. Analysts say the currency and Danish assets have likely seen safe haven demand due to the risk of a U.K. vote to leave the EU, as well as Greece concerns. Nordea says much of the intervention probably occurred in the last two weeks of May, when EUR/DKK fell to around 7.436. It says a U.K. vote to leave the EU could ""open the door to large capital inflows"" into Denmark and trigger Danish rate cuts, ""possibly even a Danish bond purchase programme."" (jessica.fleetham@wsj.com) 


 
Contact us in London. +44-20-7842-9464 
markettalk@wsj.com 
 

(END) Dow Jones Newswires

June 02, 2016 11:08 ET (15:08 GMT)"
BUZZ- Denmark 's  central bank  seen  intervening  in May,2016-05-31,"** The Danish central bank is expected to have intervened in foreign exchange market in May for the first time in three months, analysts say.

** Analysts at Nordea and Handelsbanken say the central bank may have spent between 8 and 10 bln Danish crowns buying foreign currency in May.

** The crown has strengthened 0.3 percent against euro since the beginning of March to a level of around 7.4375.

** Nordea analysts say a Brexit could trigger a surge in inflow of currency.

** The central bank will publish monthly currency reserves numbers on Thursday 1400 GMT.

Released: 2016-6-3T11:25:21.000Z"
NORDIC MORNING BRIEFING: Denmark Retail Sales Tops Thin Data Slate,2016-05-20,"
 
TODAY'S CALENDAR - All times GMT 
 
Nordic Macro 
0700 Apr Denmark retail sales 
 
Other Macro 
N/A      G7 meeting of finance 
         ministers and central 
         bank governors 
1400 Apr US existing home sales 
 
Other Equities 
Deere & Co 2Q 
Foot Locker 1Q 
 
GLOBAL NEWS: 

Richmond Federal Reserve Bank President Jeffrey Lacker on Thursday reiterated his support for an interest-rate increase at the central bank's policy meeting in June, arguing that risks to the U.S. economy from outside have ""entirely dissipated.""

Mr. Lacker, in an interview with Bloomberg Radio, said he sees ""risks from global and financial developments having virtually entirely dissipated,"" allowing for a ""very strong"" case for raising rates at the June 14-15 meeting of the interest-rate-setting Federal Open Market Committee. Mr. Lacker isn't a voting member of the FOMC this year. Mr. Lacker added that he supported a rate increase in April, when the Fed held rates steady.

Mr. Lacker told Bloomberg Radio that financial markets had taken ""the wrong signal from us"" after the Fed paused from raising rates in March and April.

""They overestimated how likely we were to pause for the rest of the year, "" Mr. Lacker said.

The European Union 's economic sanctions against Russia look set to be extended beyond July because of the continuing conflict in Ukraine, the bloc's foreign policy chief said Thursday.

Federica Mogherini's comments, in an interview with German newspaper Die Welt, come after European and U.S. diplomats said they were increasingly confident Western economic pressure on Russia over its intervention in Ukraine would continue.

The EU imposed economic sanctions on Russia in two tranches in the summer of 2014 in response to Moscow's annexation of Ukraine's Crimea region and its support for separatists in eastern Ukraine. Russia has denied Western charges that it supplied and directed the rebels.

The sanctions, which expire in late July, include restrictions on defense and energy business ties. They also prevent state-owned banks, energy and defense companies from raising money in European financial markets. Washington has adopted similar measures.

A top Bank of England official was due to say Thursday that he will consider the case for more stimulus if the U.K. economy doesn't improve later this year, even if voters choose to stay in the European Union in a referendum on membership in June.

Gertjan Vlieghe, one of the nine members of the BOE's Monetary Policy Committee, planned to say in a speech in London that the U.K. economy has lost momentum over the past three years, amid disappointing global growth, a squeeze on British public spending and poor productivity growth. Annual inflation, measured in April at 0.3%, remains well below the BOE's 2% goal.

He planned to say that uncertainty over the outcome of a referendum on the U.K.'s EU membership, scheduled for June 23, is also contributing to the slowdown, primarily by delaying spending and investment. But he said officials are struggling to untangle how much of the cooling-off reflects these short-term effects and how much is due to more persistent problems.

Mr. Vlieghe also planned to say that he would like to see ""convincing evidence of an improvement in the economic outlook"" after June's vote, assuming Britons side with Prime Minister David Cameron and choose to stay in, according to a text of his prepared remarks.

""If such an improvement is not apparent soon it will reduce my confidence that inflation is likely to return to the target within an acceptable time horizon without additional monetary stimulus,"" he planned to say in an address at London Business School .

The U.S. and its European partners made a fresh appeal Thursday for European banks and businesses to invest in Iran, saying they would do more to encourage legitimate business in the country now that most sanctions are gone.

Following a meeting in Brussels between U.S. Secretary of State John Kerry , European Union foreign policy chief Federica Mogherini and their counterparts from France, Germany and the U.K., the governments pledged to provide more information and assistance to encourage companies to resume business ties with Tehran. 


 
IN FOCUS: 

A thin calendar Friday sees Danish retail sales before attention turns to U.S. existing home sales later.

""While existing home sales have trended sideways over the past year or so, sales rebounded strongly in March and are expected to continue to rise in April,"" says SEB.

SEB noteD that fundamentals for housing in the U.S. continue to look good, but sales are constrained by the limited inventory of homes for sale. The low supply is pushing prices higher, in turn depressing sales activity, but on the other hand, the labor market is getting ever stronger which means that incomes are improving, SEB said. 

FOREX: 
 
EUR/NOK 
0250 GMT 9.3488-538 
Previous 9.3617-67 
%Chg -0.14 
 
EUR/SEK 
0250 GMT 9.3487-587 
Previous 9.3581-681 
%Chg -0.10 
 
USD/NOK 
0250 GMT 8.3423-83 
Previous 8.3558-618 
%Chg -0.16 
 
USD/SEK 
0250 GMT 8.3437-527 
Previous 8.3534-624 
%Chg -0.12 
 
NORDIC CURRENCIES: 

EUR/DKK fell below 7.4370 Wednesday, noted Danske Bank , and it expects the cross to trade at 7.4375 on a 12 month horizon, down from a previous estimate of 7.4425.

Danske thinks downside risk beyond 7.4350 would be capped by foreign exchange intervention from Denmark's central bank . ""We look for DKK to stay supported by a tighter policy rate spread to ECB , a low net position, hedging of potential EUR risk due to the U.K. EU referendum in June and in the near term, foreigners buying DKK at the Dong IPO."" 


 
STOCK INDEXES: 
 
OMXN40  1411.6 -0.98% 
OMXS30  1321.8 -1.43% 
OBX     533.28 -1.92% 
OMXC20 1010.73 -0.17% 
OMXH25    3074 -0.92% 
 
Brent crude: $49.08 
 
NORDIC MARKETS: 

Nordic markets closed mostly lower Thursday as investors digested the latest Federal Reserve minutes that suggested interest rates could rise as early as next month if economic data is supportive. The comments fuelled a further rally in the U.S. dollar, weighing on commodity-based companies in the region which were among the worst-performing stocks on the day. The price of crude pulled back sharply, dragging on Oslo's oil-heavy OBX index. 


 
ENERGY: 

Crude oil prices edged higher in early Asia trade, shrugging off the modest firming in the U.S. dollar.

Prices settled with little change in New York trading hours on Thursday. Around 0159 GMT, front-month Brent crude remained within striking distance of $50, notching a gain of 27 cents to $49.08 per barrel. Light, sweet crude in New York was trading up 39 cents at $48.55/barrel.

Write to Dominic Chopping at dominic.chopping@wsj.com; Twitter: @domchopping @WSJNordics

(END) Dow Jones Newswires

May 19, 2016 22:58 ET (02:58 GMT)"
Danish  Central Bank  Stops Krone Purchases -- Market Talk,2016-04-04,"1425 GMT Denmark's central bank stopped intervening in the foreign exchange market in March, for the first time since April 2015, notes Nordea. For nearly a year the Danish central bank has sold foreign currency to counter Danish krone weakening versus the euro. However, now that it has stopped intervening, this suggests the bank has managed to establish a temporary equilibrium with the current interest rate differential to the ECB. (peter.nurse@wsj.com) 


 
Contact us in London. +44-20-7842-9464 
markettalk@wsj.com 
 

(END) Dow Jones Newswires

April 04, 2016 10:25 ET (14:25 GMT)"
UPDATE 2-Denmark hikes main rate to keep crown in tight range vs euro,2016-01-07,"(Adds analyst, currency move, context)

By Sabina Zawadzki

COPENHAGEN, Jan 7 (Reuters) - Denmark's central bank raised its main interest rate on Thursday to keep its currency in a tight range against the euro, in a rare step taken independently of action by the European Central Bank, with which it usually moves in lockstep.

In its first move since last February, the bank raised its certificate of deposit rate to minus 0.65 percent from minus 0.75 percent. It left its lending and discount rates at 0.05 percent and 0.00 percent, respectively.

It uses the deposit rate, the return banks get for parking money with it for one week, as one way to maintain the Danish crown's long-held peg to the euro. The central bank also frequently intervenes in foreign currency markets.

Thursday's move follows nine consecutive months of interventions to bolster the crown as well as Denmark failing to act when the ECB cut rates on Dec. 3.

The rate hike is also out of step with neighbouring Sweden, which has been battling flat or falling consumer prices and said earlier this week it was ready to intervene in currency markets despite the fact that the Swedish crown floats freely.

The Danish crown has traded around 7.4610 per euro in recent days, close to its central parity rate of 7.46038, although it strengthened to a two-month high at 7.4575 following the rate decision.

The central bank has no fixed schedule of meetings and never gives guidance on monetary policy. But many analysts had expected Thursday's move in view of the amounts the central bank has spent on intervention.

""Whether today's rate hike will be followed by further rate hikes will depend entirely on the future development of the Danish crown against the euro. In our main scenario we do not expect that further rate increases will be required on this side of summer,"" said Nordea's chief analyst, Jan Storup Nielsen.

DENMARK WINS 'CROWN WAR'

Denmark began diverging from European Central Bank actions at the start of last year when the crown came under huge upward pressure from investors believing the country would drop the euro peg, days after Switzerland scrapped its cap on the franc against the shared currency.

That pressure eased after four rate cuts in January and February, massive interventions and other moves such as the suspension of government bond issues. On April 2 the crown hit its weakest point against the euro in 14 years.

Since then, the central bank has gradually depleted its foreign currency reserves as it fights the weakness of the crown through intervention.

""Today's interest rate announcement is yet another sign that the crown war has found its final closure,"" said Christian Heinig, chief economist at Realkredit Danmark, referring to the pressure on the currency in the wake of Switzerland's move.

""A closure was already indicated in 2015 as foreign exchange reserves declined, and it became even more evident in December when the central bank did not copy the interest rate cut from the European Central Bank,"" he said.

Data issued on Tuesday showed the bank's reserves fell by almost 50 billion crowns in December, the largest drop since Lehman Brothers collapsed in 2008.

Its reserves are now lower than at the end of 2014, when the crown began to strengthen causing the central bank to pump crowns into the market by buying foreign currency, thus building the reserves to record highs.

Reserves fell by 49 billion crowns to 434.9 billion crowns ($62.7 billion) in December from 483.9 billion crowns at the end of November having peaked at 737 billion crowns last March.

Under the European Union's Exchange Rate Mechanism (ERM2), Denmark, an EU member but euro zone outsider, has agreed to keep the crown within 2.25 percent of the parity rate of 7.46038 crowns to the euro. In practice, the crown has not moved more than 0.5 percent either side of that rate.

""Central bank head Lars Rohde can now be euphoric after the victory. The war on the crown, which raged in the beginning of 2015, is now over with the Central Bank as a clear winner,"" Sydbank's chief economist, Jacob Graven, said. (Additional reporting by Teis Jensen and Annabela Nielsen, editing by Hugh Lawson) 

Released: 2016-1-7T17:33:23.000Z"
Danish rate hike may be coming after  central bank interventions ,2015-12-17,"COPENHAGEN, Dec 17 (Reuters) - Denmark's central bank has spent 25 billion to 30 billion crowns ($4.4 billion) this month to maintain the currency's peg to the euro, an effort that may trigger a rise in interest rates, perhaps as early as Thursday, some analysts said.

Central bank efforts to keep its currency linked to the euro led it to slash rates and sell crowns earlier this year to weaken the crown. Lately, though, it has had to buy crowns to keep its value closer to the euro's. A rate increase, which would also strengthen the crown, would be the logical next move.

Even the modest increase expected by most analysts would move Danish monetary policy in the opposite direction to the European Central Bank's. The ECB cut its deposit rate by 0.10 percentage point earlier in December.

Because the Danish crown is linked to the euro in a narrow range, the central bank usually conducts the same monetary policy as the ECB and normally changes rates on the same day as the ECB. But it sat out the ECB's Dec. 3 rate cut.

Since the ECB rate decision, analysts estimate the central bank has spent more of its foreign currency reserves, meaning it intervened in the market to strengthen the crown.

""We now forecast that over the next three months the Danish central bank will hike the certificates of deposit rate by a modest 10 basis points to -0.65 percent,"" Danske Bank wrote.

""An independent rate hike could potentially come as early as today,"" it wrote in a note to clients on Thursday.

Denmark's central bank has no scheduled rate-setting meetings. But rate changes tend to be announced on Thursdays at 1500 GMT.

Chief economist Jes Asmussen at Handelsbanken Markets estimates the central bank's intervention at 30 billion crowns. Nordea Markets puts it at 25 billion.

""The currency reserves might be back on pre-crisis levels within the next couple of months, which may open up for an independent Danish rate hike,"" Nordea wrote in a note.

Denmark's certificate of deposit rate has been deep in negative territory since early February, at -0.75 percent. The ECB lowered its deposit rate by 10 basis points to -0.3 percent.

Four interest rate cuts in January and February to keep the crown within its euro range after strong pressure on the national currency has resulted in record low rates.

To keep at bay speculators betting Denmark will scrap the euro peg, the central bank flooded the market with crowns, building up foreign currency reserves. It also called off government bond issues to ease demand for Danish assets.

Its reserves peaked at a record of 737 billion Danish crowns ($107 billion) in March. By the end of November, reserves amounted to 484 billion crowns, not far off the at 447 billion seen at the end of last year, before the pressure on the crown.

Under the European Union's Exchange Rate Mechanism, Denmark, an EU member but euro zone outsider, has agreed to keep the crown at 2.25 percent either side of the parity rate of 7.46038 crowns to the euro. In practice, the crown has not moved more than 0.5 percent on either side. ($1 = 6.8779 Danish crowns) (Editing by Sabina Zawadzki, Larry King) 

Released: 2015-12-17T14:46:51.000Z"
UPDATE 1-Danish  central bank  says upward pressure on crown more likely than downward,2015-10-01,"(Adds background, context.)

COPENHAGEN, Oct 1 (Reuters) - Speculation against the Danish crown has usually resulted in a downward pressure, but upward pressure is more likely in the future, the central bank governor said.

""Denmark's role as a creditor nation, where the balance is in our favour, means that future crown crises are likely more often to result in upward pressure,"" Governor Lars Rohde said in a speech on Thursday.

Speculators poured money into Danish assets at the start of the year, betting that Denmark would drop its three-decade-old currency peg to the euro, following a move by the Swiss central bank to scrap its cap on the franc against the euro.

That pressure led Denmark to cut interest rates, intervene heavily in the foreign exchange market and suspend government debt issuance in a bid to relieve demand for the crown.

Capital flows in January and February were greater than they were earlier, which reflects a trend with the crown, Rohde said. Changes in interest rates have more effect when the crown is weakening, he said, while intervention in the foreign exchange market have more impact when money is flowing in, Rohde said.

Denmark's benchmark certificate of deposit rate has been at -0.75 percent, compared with the ECB's deposit rate of -0.2 percent, since February. It was cut four times in less than two months when the crown was being forced up.

Rohde said on Sept. 16 that the money markets appear to be pricing in an interest rate increase, but he declined to say when and by how much the bank will lift its main rate.

(Reporting by Ole Mikkelsen, editing by Larry King) 

Released: 2015-10-1T10:54:10.000Z"
UPDATE 2-Danish  central bank  chief says market counting on rate hike,2015-09-16,"(Releads on rate expectations, adds cbank governor comments)

By Ole Mikkelsen

COPENHAGEN, Sept 16 (Reuters) - Danish central bank governor Lars Rohde said on Wednesday the money markets appear to be pricing in an interest rate hike, but he declined to say when and by how much the bank will lift its main rate.

The spread in the money market for one-month interest rates between Denmark and the euro zone has narrowed to -0.2 percentage points from -0.8 points in February, showing that investors expect Danish rates to be closer to their ECB peers.

Denmark's benchmark, the certificate of deposit rate, has been at -0.75 percent, compared with the ECB's deposit rate of -0.2 percent, since February after four cuts in less than two months when the crown currency came under heavy pressure to strengthen.

""The negative spread to the euro area in the Danish money market has become smaller. One could interpret it as the market's expectation for gradual increases in interest rates,"" Rohde told reporters.

Some Danish analysts expect a rate hike could come at any time while others see a rise or two by the end of the year.

Speculators poured money into Danish assets at the start of the year, betting Denmark would drop its three-decade-old currency peg, following a move by the Swiss central bank to scrap its cap on the franc against the euro.

That pressure lead Denmark to cut interest rates, intervene heavily in the foreign exchange market and suspend government debt issuance in a bid to relieve demand for the crown.

The government plans to resume bond issuance as of October, but the central bank said it would not hesitate to suspend issuance again if need be.

""We have plenty of tools to achieve the objective of keeping the crown stable,"" Rohde told Reuters after the bank issued its quarterly economic forecasts.

ECONOMIC UPSWING

The bank trimmed its forecast for economic growth in 2015 but said overall the country was heading for an upswing and the government should move away from fiscal stimulus policies.

It expected the economy to grow 1.8 percent this year, lower than its previous forecast of 2.0 percent, mainly because of lower exports and private consumption earlier this year. It kept its 2016 forecast at 2.1 percent.

It said Denmark's growth potential is between 1.0 percent and 1.3 percent per year with a steady workforce and the country needed more in employment to reach stronger growth rates such the forecasted 1.8 percent for this year. The labour markets has improved with an increasing work force in 26 consecutive months.

Denmark's economy is largely export-driven, so it depends on the fortunes of neighbours such as Germany and Sweden, the largest buyers of its goods.

A new centre-right government has been in place since July and promised to freeze state spending at current levels, although it relies on support in parliament of the populist Danish People's Party, who advocate more spending. (Additional reporting by Teis Jensen; Editing by Sabina Zawadzki and Hugh Lawson) 

Released: 2015-9-16T14:17:28.000Z"
"Danish May  FX  reserves fall to 659 bln DKK, cbank  intervenes ",2015-06-02,"COPENHAGEN, June 2 (Reuters) - Denmark's foreign exchange reserves fell to 658.9 billion Danish crowns ($98.4 billion) in May from 705.4 billion crowns at end of April, below the 666.7 billion crowns seen in a Reuters survey.

The central bank data showed its foreign reserves fell for the second consecutive month as it intervened in the foreign exchange market to buy 35 billion crowns to keep the country's currency stable against the euro.

($1 = 6.6947 Danish crowns) (Reporting by Ole Mikkelsen; editing by Sabina Zawadzki) 

Released: 2015-6-2T15:08:52.000Z"
Danish  FX  reserves slip from record high after cbank  intervenes ,2015-05-05,"COPENHAGEN, May 5 (Reuters) - Denmark's central bank sold foreign currency to strengthen the crown in April for the first time in over a year, marking a victory over speculators who had pushed the currency hard against its upper range against the euro.

Central bank data showed its foreign reserves fell for the first time since May 2014 to 704.5 billion crowns ($105 billion) from a record 737.1 billion crowns after the central bank bought 33.9 billion crowns using its foreign reserves. ($1 = 6.6844 Danish crowns) (Reporting by Sabina Zawadzki and Alexander Tange) 

Released: 2015-5-5T15:09:32.000Z"
Europe's Central Bankers Hit Calmer Waters,2015-04-09,"The Wall Street Journal's Daily Report on Global Central Banks for Wednesday, April 8, 2015:

Sign up for the newsletter: http://on.wsj.com/grandcentralsignup (""http://on.wsj.com/grandcentralsignup"")

Highlights

-- Blackstone's Take: Europe's Central Bankers Hit Calmer Waters

-- Kocherlakota Says Fed Should Be ""Extraordinarily Patient"" On Rates

-- 5 Things to Watch in the Fed's March Minutes

-- Bank of Japan Votes Down Call to Slash Easing

-- Ukraine in Talks to Boost Emergency Cash Reserves

BLACKSTONE'S TAKE: EUROPE'S CENTRAL BANKERS HIT CALMER WATERS

After a topsy-turvy start to 2015, Europe's central banks appear to have found their footing.

The European Central Bank said Tuesday that it hit its monthly target of 60 billion euros ($65.1 billion) in bond purchases in March, the first month of its new quantitative easing program.

This occurred despite the fact that government bond purchases only began on March 9, and helped to alleviate concerns that the ECB won't be able to find sufficient assets to buy to meet its ambitious goal of EUR1.1 trillion in asset purchases by September 2016.

And things have stabilized in smaller European countries whose currencies had been rocked by the ECB's QE program. Denmark's central bank--which intervened massively in currency markets in January and February to keep the krone from strengthening too much against the euro--didn't intervene last month, the bank said Tuesday.

In Switzerland, where a soaring franc early this year fueled concerns of deflation, consumer prices fell less than expected in March on an annual basis, by 0.9% versus market expectations of a 1.1% drop. That will likely reduce pressure on the Swiss National Bank to take additional unconventional easing steps, such as deeper cuts to its already negative deposit rate.

This week's reports support the prevailing view that the focus of financial markets will shift away from Europe in coming months and toward the Federal Reserve, which will decide as soon as June whether to raise interest rates for the first time in nearly a decade.

Still, if the past few years in Europe are any indication, the calm could prove fleeting. A rising share of the eurozone government debt market trades at negative yields-- Spain joined the club Tuesday with a negative rate on six-month T-bills--which could make it harder down for the road for the ECB to buy large amounts of government bonds unless it pays a high premium for them.

And any hiccups from Greece or elsewhere in the eurozone could put renewed upward pressure on currencies in Denmark, Sweden and Switzerland, forcing those central banks to respond.

But for now, central bankers in Europe should welcome the reprieve, however long it lasts.

-By Brian Blackstone

MORNING MINUTES: KEY DEVELOPMENTS AROUND THE WORLD

Kocherlakota Says Fed Should Be ""Extraordinarily Patient"" On Rates. The Federal Reserve should hold off on raising interest rates until the second half of 2016, Minneapolis Fed President Narayana Kocherlakota said Tuesday. ""Under my current outlook, I continue to believe that it would be a mistake to raise the target range for the fed funds rate in 2015,"" he said.

5 Things to Watch in the Fed's March Minutes. The Fed last month gave itself the option of raising interest rates in June, but also signaled it will remain cautious about actually pulling the trigger. More clues about the debate inside the U.S. central bank could be revealed when the Fed releases minutes of its March 17-18 policy meeting. Here's what to watch when they come out Wednesday at 2 p.m. EDT.

Fed's Bear Stearns, JPMorgan, AIG Bailout Records Remain Secret -- Courthouse News Service. Federal Reserve memos and spreadsheets regarding emergency loans to three big financial firms during the 2008 crisis are not subject to release under the Freedom of Information Act, a federal judge ruled Tuesday.

Dollar Coin Loses Currency on Savings. At one time, the U.S. could have saved billions by ditching the flimsy dollar bill in favor of a durable coin. But for a dollar coin to succeed, the dollar bill needed to be eliminated. Now, the lifespan of paper money has increased, the bulk of the potential savings has been forfeited and the U.S. Federal Reserve, which once supported the change, is against it.

ECB Hits Its March Bond-Purchase Target. The European Central Bank reached its target of EUR60 billion in monthly bond purchases under a new stimulus program launched in March, a sign of resolve that the bank will eventually pump more than EUR1 trillion in freshly created money to stoke the European economy and boost inflation.

ECB's Mersch Shoots Down Speculation of Deposit Rate Cut--Boersen-Zeitung. ECB executive board member Yves Mersch rejects speculation the bank could cut its deposit rate below the current rate of -0.2%. He said in an interview with German newspaper Boersen-Zeitung, ""From my point of view, a cost-benefit analysis rules out another cut in the deposit rate."" --Dow Jones Newswires.

Bank of Japan Votes Down Call to Slash Easing. The Bank of Japan's internal split widened Wednesday, as Gov. Haruhiko Kuroda's toughest critic on the policy board officially called for a steep reduction of its aggressive monetary stimulus.

Denmark Stays Out of Currency Market. Denmark's central bank refrained from intervening in the foreign-exchange market in March, in a sign that the national currency has stabilized against the euro following weeks of volatility brought on by the European Central Bank's stimulus efforts.

Bank of Russia Sees No Ruble-Related Risks to Financial Stability. The Bank of Russia sees no risks to financial stability from volatility in the ruble, which has firmed to levels last seen in late December, the head of the monetary policy department at the bank said on Wednesday --Dow Jones Newswires.

Ukraine in Talks to Boost Emergency Cash Reserves. Ukraine is in talks with several countries to provide currency swap lines to boost the country's emergency cash reserves, the International Monetary Fund's No. 2 official, David Lipton, said Tuesday.

Hungary's Central Bank to Build Portfolio of Chinese Yuan Bonds. The Hungarian central bank said Tuesday it had decided to build a bond portfolio denominated in Chinese yuan in a bid to diversify its foreign-currency assets. The move, which will take place in several steps, won't materially influence the adequacy of the central bank's foreign-exchange reserves since the portfolio will be relatively small in size, the National Bank of Hungary said in a statement --Dow Jones Newswires.

Hungary Central Bank Wants Big Rise in Investment Guarantee Limit. Hungary's central bank wants a four-fold increase in the amount of compensation investors would receive for unlawful losses or bankruptcies, the bank said Tuesday, after thousands of retail investors saw big losses following the recent bankruptcies of various locally owned brokerages. The bank has proposed increasing the maximum indemnity payment to 100,000 euros ($109,861) from the current limit of 6 million Hungarian forints ($22,030). --Dow Jones Newswires.

Spain Joins Negative Yield Club. Spain's government on Tuesday issued short-term debt yielding a shade under 0%. The EUR725 million ($796 million) in six-month Spanish debt delivers an average yield to investors of -0.002%. Germany, France, the Netherlands, Belgium, Ireland and Austria already have all their short-term debt trading with yields under 0% in the post-issuance market.

India's Central Bank Still Struggling With New GDP Figures. While it's the job of every central bank to find the fine balance between growth and inflation, India's top central banker says he's feeling a bit wobbly, as he's uncertain how to read the country's recently revised gross domestic product numbers.

GRAPHIC CONTENT

How Rich and Poor Spend (and Earn) Their Money. For many Americans, the rise in food and housing prices is a tough squeeze. That's because--even in an era with low overall inflation--low-income Americans spend a disproportionate share of their money on food and housing. New data from the Labor Department show the extent of the discrepancy.

FORWARD GUIDANCE

-8 a.m. EDT: Fed's Powell speaks on ""Challenges for Monetary Policy"" in New York

-10 a.m. EDT: New York Fed's Dudley speaks in New York

-2 p.m. EDT: Federal Reserve releases minutes from its March 17-18 policy meeting

RESEARCH

Nominal GDP: Target or Benchmark? Robert L. Hetzel wrote in an Economic Brief from the Richmond Fed: ""Implemented as an activist rule, nominal GDP targeting could be destabilizing. Even if it were feasible, keeping nominal GDP on a preset path in the face of an inflation shock could initiate a recession, while keeping nominal GDP on a target path left unrevised periodically would force changes in inflation if persistent changes in productivity occurred,"" Still, he wrote, ""articulation of a benchmark path for the level of nominal GDP would be a useful start in formulating and communicating policy as a rule. An explicit rule would in turn highlight the importance of shaping the expectations of markets about the way in which the central bank will behave in the future.""

COMMENTARY

On Secular Stagnation, Ben Bernanke's Theory Meets Larry Summers's Evidence. ""Two of the biggest names in macroeconomics met on the battlefield of the blogosphere last week,"" Greg Ip writes for the Journal. ""Former Federal Reserve Chairman Ben Bernanke and former Treasury Secretary Larry Summers were debating why interest rates are so low. .. They both make persuasive (and entertaining) cases. My read is that Mr. Bernanke has theory on his side, while Mr. Summers has the evidence.""

Should Monetary Policy Take Into Account Risks to Financial Stability? ""Let there be no mistake: In light of our recent experience, threats to financial stability must be taken extremely seriously,"" former Fed Chairman Ben Bernanke writes on his blog. ""However, as a means of addressing those threats, monetary policy is far from ideal. .. In their efforts to promote financial stability, central banks should focus their efforts on improving their supervisory, regulatory, and macroprudential policy tools.""

America's Endless War Over Money. ""The ""Audit the Fed"" debate is the latest manifestation of a conflict as old as the nation, between those who argue that a strong central bank improves economic stability, and those who see an overbearing government engaged in harmful meddling,"" K evin Granville and Binyamin Appelbaum write in a New York Times illustrated timeline of U.S. central-banking controversies.

BASIS POINTS

- The number of job openings in the U.S. climbed to the highest level in 14 years, surpassing five million for the first time since January 2001. But the number of Americans actually getting hired for jobs fell for the second consecutive month, as did the number of people who voluntarily quit.

- Americans pared their credit-card debt in February, the Fed reported Tuesday. Outstanding consumer credit--reflecting Americans' total debt outside of mortgages--grew in February, but the gain was entirely driven by car loans and education debt rather than credit cards.

- Aging populations and sluggish advances in worker productivity are binding the global economy to a bleaker, low-growth fate, the International Monetary Fund said in a new report Tuesday.

- The Czech central bank, which recently has stepped up its rhetoric warning of possible foreign exchange interventions, on Wednesday said its foreign-exchange reserves at the end of March edged up slightly on the month in euro terms, but fell when measured in U.S. dollars--Dow Jones Newswires.

- Inflationary expectations in Russia have started to stabilize, the central bank monetary policy chief said Wednesday, underpinning expectations that more rate cuts are in the pipeline --Dow Jones Newswires.

- The Reserve Bank of Australia and the People's Bank of China extended a local-currency-swap agreement worth A$40 billion (CNY 200 billion) --Dow Jones Newswires.

- Retail sales in the eurozone fell in February after four successive monthly increases, an indication that the boost to the spending power of households from lower oil prices may be waning.

- The Bank of Portugal has a new smartphone app, available in both Portuguese and English.

SIGN UP: Grand Central, straight to your inbox.

FEEDBACK LOOP: Send us your tips, suggestions and feedback. Write to: Jon.Hilsenrath@wsj.com; Victoria.McGrane@wsj.com; Pedro.daCosta@wsj.com; Michael.Derby@wsj.com; Nell.Henderson@wsj.com; Brian.Blackstone@wsj.com; jason.douglas@wsj.com; Ben.Leubsdorf@wsj.com; Paul.Hannon@wsj.com; Jacob.Schlesinger@wsj.com; Sarah.Portlock@wsj.com; Kate.Davidson@wsj.com

Follow us on Twitter: @WSJCentralBanks, @NHendersonWSJ, @pdacosta, @Blackstonebrian, @PaulHannon29, @michaelsderby, @vgmac, @wsj_douglasj, @BenLeubsdorf, @JMSchles, @MargitFeher, @ToddBuell, @sarahportlock, @KateDavidson"
Denmark  Did Not  Intervene  in  Foreign Exchange  Market in March--2nd Update,2015-04-07,"(Revises first two paragraphs.)

By Charles Duxbury

Denmark's central bank said Tuesday that it refrained from intervening in the foreign exchange market in March, in a sign that the Danish currency has stabilized against the euro following weeks of volatility brought on by the European Central Bank's stimulus efforts.

The Danish central bank has been battling to stabilize the exchange rate, its core task, since the ECB announced a massive bond-buying stimulus program in January and sent the euro plummeting against other currencies, including the krone.

Nationalbanken said its foreign-exchange reserves remained at an elevated 737.1 billion kroner ($107.2 billion) after it sold a record amount of its own currency in January and February to weaken it but that it had stayed out of the foreign exchange market last month.

The central bank has been battling to stabilize the exchange rate, its core task, since the ECB kicked off a massive bond-buying stimulus program earlier this year and sent the euro plummeting against other currencies, including the krone.

As well as selling kroner, Denmark cut interest rates four times earlier this year and suspended bond issuance to sap interest in the krone among investors seeking better returns than they could get in the eurozone.

That interest rose sharply after Switzerland abandoned its currency ceiling to the euro as the ECB bond program loomed and traders began wondering if Denmark could be next.

The Danish central bank's only policy aim is to keep the euro's exchange rate within 2.25% above or below 7.46038 kroner to keep a lid on inflation and provide stability for domestic businesses that look to the eurozone as an important export market. It has no inflation target.

The peg has existed in close to its current form for more than three decades, first relative to the German currency and later against the euro.

Central bank Governor Lars Rohde has described the peg as the cornerstone of Danish economic policy and said the bank will do whatever it takes to defend it.

The ceasing of kroner sales in March is the latest sign that Nationalbanken's efforts have worked. Last Monday it issued short-term debt for the first time in two months.

Write to Charles Duxbury at charles.duxbury@wsj.com

(END) Dow Jones Newswires

April 07, 2015 13:11 ET (17:11 GMT)"
Denmark 's  Central Bank : Did Not  Intervene  in the  Foreign Exchange  Market in March,2015-04-07,"(MORE TO FOLLOW) Dow Jones Newswires

April 07, 2015 10:02 ET (14:02 GMT)

(MORE TO FOLLOW) Dow Jones Newswires

07-04-15 1403GMT"
GLOBAL CENTRAL BANKS: Denmark May See Krone's Tumult Fade,2015-04-02,"Denmark's central bank has been under huge pressure to defend the currency peg to the euro, its main policy aim, but recent signs are that the storm could be passing.

In its most recent statement on its market activities, the central bank said it didn't intervene in currency markets in the latter part of February after buying record amounts of foreign exchange in January and early February to sap demand for the Danish krone.

The central bank's main policy goal is to keep the euro's exchange rate within 2.25% above or below 7.46038 kroner to keep a lid on inflation and provide stability for domestic businesses that rely on the eurozone as a market.

That task was made harder earlier this year by Switzerland's move to abandon its exchange-rate cap which got investors wondering whether Denmark could be next. Investors began buying up krone assets, pushing up its value, knowing that if the peg broke those assets would be worth more in euro terms.

The European Central Bank's bond-buying plan has also pushed down the value of the euro against the krone, forcing Denmark to cut interest rates four times and intervene extensively in currency markets to weaken its own currency.

With ECB asset-buying set to run for a protracted period, the Danish central bank will be on alert for moves higher in the krone's value compared with the euro.

If the current period of calmer currency markets continues, analysts expect Nationalbanken to keep rates unchanged for a period before gradually raising the deposit rate back toward zero.

However, if the krone starts strengthening again, Nationalbanken has made clear it is ready to intervene in currency markets and cut interest rates as necessary to maintain the peg.

""We are able and we are willing to do whatever it takes to defend the peg,"" Gov. Lars Rohde said recently. ""The peg is the cornerstone of economic policy in Denmark and has very broad based support.""

--Write to Charles Duxbury at charles.duxbury@wsj.com

Corrections & Amplifications

This article was corrected at 14:33 GMT to fix the currency in the healine. It's krone, not krune.

2 Apr 2015 09:31 ET  Correction to Outlook for Denmark's Central Bank


 
   By Charles Duxbury 
 

(The article ""GLOBAL CENTRAL BANKS: Denmark May See Krune's Tumult Fades, published at 5:59 a.m. EDT and 6:04 EDT, erroneously referred to Denmark's currency a the krune in the headline. The currency is named the krone.)

(END) Dow Jones Newswires

April 02, 2015 09:31 ET (13:31 GMT)"
Central bank  fightback helps Danish crown to 14-year low,2015-04-01,"LONDON, April 1 (Reuters) - The Danish crown fell to its weakest against the euro in 14 years on Wednesday, marking a victory for Denmark's central bank in its battle to defend the three-decade-old currency peg.

Speculators have been betting Denmark will abandon the peg and let the crown rise since the Swiss National Bank dropped the franc's cap against the euro on Jan. 15 and the European Central Bank announced its 1 trillion euro stimulus programme.

That compelled the Danish central bank to slash interest rates four times in January and February, and it has spent an estimated $40 billion since then intervening in markets.

""Those speculative flows are being unwound,"" said Richard Falkenhall, currency strategist at SEB. ""It looks like the Danish central bank has been successful in defending the peg and the upward pressure on the crown is easing.""

In robust volumes on the Thomson Reuters trading platform, the Danish crown fell to 7.4720 per euro early on Wednesday, its lowest against the euro since late 2000.

It was trading at 7.4704 per euro at 1100 GMT, with some traders saying Danish company dividend payments to foreign investors were causing the crown to weaken.

The crown had struck a 10-year high of 7.43 crowns per euro on Jan. 16, the day after the SNB removed its 1.20 per euro cap on the franc, triggering a 40 percent surge in the Swiss unit.

The steady drop seen over the last few days also meant the crown's first quarter losses were the worst in any quarter since the euro was introduced in 1999. The peg usually limits movements in the Danish currency to a tiny 0.01 percent per day.

Since January, the central bank has several times restated its commitment to arrangements under the Exchange Rate Mechanism (ERM II), which requires the crown to be kept within a range of 2.25 percent either side of 7.46038 crowns per euro. In practice, it has been kept within 0.5 percent.

In the pre-euro era, the crown was pegged to the German mark, starting in 1982.

With pressure on the currency ebbing, analysts said the central bank was unlikely to loosen monetary policy or intervene further. Denmark will publish currency reserve data on Tuesday.

""There won't be any rate cuts coming in the next few months,"" said Steen Bocian, chief economist at Danske Bank . 

Released: 2015-4-1T12:26:28.000Z"
"GRAPHIC-Dollar on track for best quarter since Q3 2008, euro the worst",2015-03-31,"LONDON, March 31 (Reuters) - The dollar is on track for its best quarterly performance since 2008 while the euro is set for its worst ever three months, reflecting a divergence in monetary policies between the United States and the euro zone.

http://fingfx.thomsonreuters.com/2015/03/30/1409021beb.htm (""http://fingfx.thomsonreuters.com/2015/03/30/1409021beb.htm"")

The European Central Bank unleashed a 1 trillion euro bond buying programme in March to boost inflation in the euro zone while the Federal Reserve is expected to start tightening policy later this year. Those interest rate differentials work in favour of U.S. Treasuries and have boosted the greenback.

The dollar index is up 9 percent in the first three months of 2015, its best quarterly performance since July to September 2008, while the euro is down 11 percent during the same period -- the worst quarterly show in its history.

""First-quarter expectations were focused on cyclical divergence between the U.S. and rest of the world, and especially Europe,"" said Steve Englander, global head of G10 FX strategy at Citi. He added that investors were growing impatient with the divergence theme, but had not yet found a replacement for the second quarter.

Nevertheless, the ECB's quantitative easing programme triggered talk of a ""currency war"" in Europe.

Central banks from Switzerland to Sweden moved to prevent their currencies from rising sharply against the euro, with the Swiss National Bank shocking markets in Jannuary by abandoning its three-year-old cap on the franc against the euro.

The franc soared 40 percent, the biggest one-day move in a major currency in the era of floating exchange rates, on the day the SNB dropped the cap, before weakening in subsequent weeks. It remains on track for its best quarterly performance in three decades, according to Reuters charts.

Denmark's central bank also intervened in the currency market to drive down the Danish crown, which hit its highest since 2004. Denmark imposed negative interest rates of -0.75 percent, on a par with the Swiss, and spent billions of dollars to weaken the crown.

Those actions saw the crown post its worst quarterly performance in more than 15 years.

Sweden's central bank also adopted quantitative easing -- albeit on a smaller scale than the ECB. Despite that, the Swedish crown was on track for its best quarterly performance in two years.. (Reporting by Anirban Nag, graphic by Christian Inton; Editing by Catherine Evans) 

Released: 2015-3-31T12:00:05.000Z"
Denmark  Central Bank  Raises Current-Account Ceiling,2015-03-18,"AARHUS--Denmark's central bank moved to ease the financial burden its negative deposit rate has placed on commercial lenders as it increased the amount of money banks could hold in its overnight current account.

Nationalbanken said on Wednesday that banks could now hold 145 billion Danish kroner ($20.65 billion) in excess liquidity in its current account compared with 37 billion kroner earlier.

The central bank's current account has an interest rate of zero while money deposited at the seven-day certificates-of-deposit rate incurs a charge of 0.75%.

As of Tuesday, Danish banks had 29 billion kroner in the current account and 347.3 billion kroner in certificates of deposit. Wednesday's changes allow banks to move a significant amount of their excess liquidity to the current account and this will ease some of the financial pressure they have been under since the introduction of the negative-deposit rate, analysts at Danish lender Danske Bank said in a note.

This negative deposit rate is one of the weapons deployed this year by Denmark's central bank in its battle to protect its long-held currency peg with the euro. Cutting rates so low makes krone-denominated assets less attractive to investors and weakens the value of the krone.

The central bank's main policy goal is to keep the euro's exchange rate within 2.25% above or below 7.46038 kroner to keep a lid on inflation and provide stability for domestic businesses that look to the eurozone as an important export market.

That task was made harder earlier this year by the Swiss move to abandon its exchange-rate cap which got investors wondering whether Denmark could be next. Investors began buying up krone assets knowing that if the peg broke those assets would be worth more in euro terms.

The European Central Bank's massive bond-buying plan has also pushed down the value of the euro against the krone, forcing Denmark to cut interest rates four times and intervene extensively in currency markets to weaken its own currency.

The Danish central bank said it was crucial that any changes it makes to its policies didn't affect the transmission of its negative interest rate on deposits to money market rates. It said it had judged that the changes to the current account terms wouldn't do that.

Write to Charles Duxbury at charles.duxbury@wsj.com"
Denmark  Central Bank  Raises Current-Account Ceiling,2015-03-18,"AARHUS--Denmark's central bank moved to ease the financial burden its negative deposit rate has placed on commercial lenders as it increased the amount of money banks could hold in its overnight current account.

Nationalbanken said on Wednesday that banks could now hold 145 billion Danish kroner ($20.65 billion) in excess liquidity in its current account compared with 37 billion kroner earlier.

The central bank's current account has an interest rate of zero while money deposited at the seven-day certificates-of-deposit rate incurs a charge of 0.75%.

As of Tuesday, Danish banks had 29 billion kroner in the current account and 347.3 billion kroner in certificates of deposit. Wednesday's changes allow banks to move a significant amount of their excess liquidity to the current account and this will ease some of the financial pressure they have been under since the introduction of the negative-deposit rate, analysts at Danish lender Danske Bank said in a note.

This negative deposit rate is one of the weapons deployed this year by Denmark's central bank in its battle to protect its long-held currency peg with the euro. Cutting rates so low makes krone-denominated assets less attractive to investors and weakens the value of the krone.

The central bank's main policy goal is to keep the euro's exchange rate within 2.25% above or below 7.46038 kroner to keep a lid on inflation and provide stability for domestic businesses that look to the eurozone as an important export market.

That task was made harder earlier this year by the Swiss move to abandon its exchange-rate cap which got investors wondering whether Denmark could be next. Investors began buying up krone assets knowing that if the peg broke those assets would be worth more in euro terms.

The European Central Bank's massive bond-buying plan has also pushed down the value of the euro against the krone, forcing Denmark to cut interest rates four times and intervene extensively in currency markets to weaken its own currency.

The Danish central bank said it was crucial that any changes it makes to its policies didn't affect the transmission of its negative interest rate on deposits to money market rates. It said it had judged that the changes to the current account terms wouldn't do that.

Write to Charles Duxbury at charles.duxbury@wsj.com

Access Investor Kit for AT&T, Inc.

Visit http://www.companyspotlight.com/partner?cp_code=P479&isin=US00206R1023(""http://www.companyspotlight.com/partner?cp_code=P479&isin=US00206R1023"")

(END) Dow Jones Newswires

March 18, 2015 08:25 ET (12:25 GMT)"
Danish Central Banker Pledges to Defend  Currency  Peg--Update,2015-03-12,"Denmark's central bank is committed to defending the krone's peg to the euro, and further cuts in its benchmark interest rate, as well as interventions in the foreign exchange markets, remain options, Governor Lars Rohde said Thursday.

The krone's peg to the euro came under strain after the European Central Bank announced a large-scale bond-buying program in January, sending the shared currency spiraling downward. The long-held exchange-rate policy also came into focus because of Switzerland's surprise decision in mid-January to abandon its own currency cap, catching many investors off guard.

In defense of the peg, which has been in place since 1982, the central bank cut its deposit rate four times in the space of three weeks, with the final move coming at the beginning of February. It also intervened heavily in the currency markets, buying foreign currency worth 106.3 billion Danish kroner ($15.39 billion) in January. It bought a further 168.7 billion Danish kroner in February

Speaking in London, Mr. Rohde said the central bank hadn't had to intervene in the final weeks of February, and pledged to defend the peg, which he said had served the Danish economy well since its introduction.

""We are able and we are willing to do whatever it takes to defend the peg,"" he said. ""The peg is the cornerstone of economic policy in Denmark and has very broad based support.""

The central bank seeks to hold the euro's exchange rate within 2.25% either above or below 7.46038 kroner to keep inflation low and provide stability for exporters.

The central bank's last reduction in the rate it pays to depositors brought it to minus 0.75%, which Mr. Rohde said was the lowest in the world. But he indicated further cuts were possible.

""We have not seen any hoarding of cash,"" he said. ""There is some lower bound for negative interest rates, but we haven't found it yet.""

Mr. Rohde also said the central bank could resume sales of kroner for euros if the peg were to come under pressure again.

""There's no upper limit on purchases of foreign currencies,"" he said. ""We have all the instruments to handle the situation. We are able and we are willing to do it.""

In addition to rate cuts and foreign exchange interventions, in late January Denmark took the novel step of suspending the issuance of government bonds, seeking to deter foreign investment in Danish assets that would strengthen the krone.

Mr. Rohde said that policy was equivalent to quantitative easing, the policy embarked on Monday by the ECB, in which the central bank buys government bonds with newly created money.

""The Danish government has almost two years of free financing requirements as a deposit with the Danish central bank,"" he said. ""This works like a QE operation. If a government is paying back on old bond issues, they finance it by drawing money from the central bank. But that is almost the same as issuing bonds that are bought by the central bank.""

He added that if bond sales were to be suspended throughout 2015, the amount of quantitative easing involved would be roughly equivalent to that carried out by the ECB.

Mr. Rohde said the Swiss National Bank's Jan. 15 decision to abandon its cap on the Swiss franc's exchange rate against the euro had been a ""genuine surprise,"" and prompted foreign investors to speculate that Denmark might be forced to take similar action as the euro continued to weaken.

But Mr. Rohde stressed that ""we are not Switzerland,"" noting big differences in the degree of popular support for and long-term commitment to the currency policy in the two countries.

""The Swiss (arrangement) was not a peg, it was a ceiling,"" he said. ""It was declared to be temporary. And it was not part of an understanding by all parties that this was the way we should go on.""

Write to Paul Hannon at paul.hannon@wsj.com

(END) Dow Jones Newswires

March 12, 2015 11:22 ET (15:22 GMT)"
"NORDIC MORNING BRIEFING: Focus on Eurozone PMI, U.S. ADP",2015-03-04,"
 
TODAY'S CALENDAR - All times GMT 
 
Other Macro 
0900 Eurozone Services PMI Feb 
1000 Eurozone Retail Sales Jan 
1315 U.S. ADP Jobs Data Feb 
 
Nordic Equities 
0630 Elekta Earnings 
0700 Subsea 7 Earnings 
N/A DS Norden Earnings 
N/A Torm Earnings 
 
 
 
IN FOCUS: 

Earnings season is drawing to a close in the Nordics and on Wednesday investors will focus on Eurozone services PMIs, expected to confirm a welcome return to European expansion.

European retail sales in January are seen somewhat higher on the month. Still, European consumers remain slightly hampered by a lack of credit, which is one of the reasons for the European Central Bank's aggressive new monetary stimulus program.

In the afternoon, focus turns to U.S. jobs data from ADP, as investors look for clues ahead of Friday's U.S. jobs report, to see if January's strong numbers will be repeated. 

FOREX: 
 
EUR/NOK 
0450 GMT  8.6135-85 
Previous  8.6166-216 
%Chg -0.04 
 
EUR/SEK 
0450 GMT 9.2430-530 
Previous 9.2429-529 
%Chg  +0.00 
 
USD/NOK 
0450 GMT 7.7121-81 
Previous 7.7096-156 
%Chg +0.03 
 
USD/SEK 
0450 GMT 8.2754-844 
Previous 8.2707-97 
%Chg  +0.06 
 
NORDIC CURRENCIES: 

The Swedish krona traded up Tuesday, reaching one-month highs against the euro and the Norwegian krone.

BNP Paribas said the moves are on a combination of hawkish comments from Riksbank Governor Ingves that the Swedish currency is rather weak and that inflation will rise soon.

Strong German January retail sales, up 2.9% on the month versus expectations of a 0.3% decline are good news for countries, like Sweden, that export to Germany, BNP said.

SEB said that data so far this year has not portended any sharply weaker economic momentum for Norway and has rather been positive for the Norwegian krone.

""However, we think data is about to turn weaker, which should put upside pressure on EUR/NOK in the short-term,"" SEB said, adding that the extent of Norges Bank's dovishness will depend on the oil investment survey and the regional network report due later this week. 


STOCK INDEXES: 
 
OMXN40 1,599.65 -0.8% 
OMXS30 1,661.87 -1.5% 
OBX      560.11 +0.7% 
OMXC20   873.13 -0.7% 
OMXH25 3,427.39 -0.7% 
 
 
NORDIC MARKETS: 

Nordic markets closed mixed Tuesday, amid caution ahead of a European Central Bank monetary policy meeting later this week from which investors will look for answers about the scope of the ECB's bond-buying program.

Oslo's energy-heavy OBX bucked the wider European cautious trend by gaining 0.7% as oil prices gained on concerns about violence in Libya and expectations that crude-oil stockpile builds could be slowing.

With little corporate news on Wednesday's agenda, investors will look at the U.S. ADP jobs data for clues on the U.S. labor market ahead of Friday's non-farm payrolls release. Friday's February jobs report is expected to show the economy added 240,000 new jobs, according to economists surveyed by The Wall Street Journal. 


 
ENERGY: 

Crude-oil futures were mixed in early Asian trade after gains ahead of Wednesday's U.S. oil inventory data from the Department of Energy. According to a survey of analysts by The Wall Street Journal, U.S. crude-oil stocks are expected to have risen by 4.6 million barrels in the week ended Feb. 27.

Late Tuesday, API data showed U.S. crude supplies rose by 2.9 million barrels. Oil prices have moved within the $58-$60 a barrel range in the last few weeks.

""Brent prices were supported by ongoing unrest in Libya, reviving supply fears from the OPEC member,"" ANZ said. Libyan oil production has jumped in recent days despite fresh attacks on fields and an air raid near a terminal, a top official said Tuesday.

""Saudi Arabia also increased its official selling price for buyers in Asia, the U.S. and northwest Europe,"" ANZ said.

At 0210 GMT, Nymex WTI crude was up 10 cents at $50.62 and Brent crude was down 24 cents at $60.78. 


 
NEWS ROUNDUP: 
 

DENMARK: Denmark's central bank continued its foreign exchange interventions in February, in line with its long-running efforts to prevent the krone from climbing too high and to maintain its fixed exchange rate with the euro.

SWEDEN: Network operator Millicom International Cellular SA (MIC-SDB.SK) said Tuesday it has appointed Mauricio Ramos as its new chief executive effective from April 1.

NORWAY: The Norwegian Nobel Committee, which decides who is awarded the prestigious Nobel Peace Prize, on Tuesday replaced its chairman, Thorbjørn Jagland, whose tenure has been marked by controversy.

-Write to Jens Hansegard at jens.hansegard@wsj.com; Twitter: @WSJNordics

(END) Dow Jones Newswires

March 04, 2015 00:43 ET (05:43 GMT)"
 Denmark Intervenes  in  Currency  Market in a Big Way,2015-03-03,"Denmark's central bank bought a record amount of foreign currency last month in a bid to protect the krone's peg to the euro, underscoring the fallout from the European Central Bank's efforts to boost economic growth.

The Nationalbanken's net purchases of foreign exchange amounted to 168.7 billion Danish kronor ($25.32 billion) in February, equal to about 9% of the Nordic country's gross domestic product.

The scale of the intervention was a record for Denmark's central bank, which also made significant net purchases of foreign currency the previous month. The central bank doesn't specify the types of currencies it buys.

""The [central bank] has never bought or sold foreign exchange to this extent before, which shows that the krone has been under very significant appreciation pressure in recent months,"" said Citigroup economist Tina Mortensen in a note.

The central bank said the bulk of interventions took place during days around its interest-rate reduction on Feb. 5. The central bank said its foreign-exchange reserves increased by 172.9 billion kronor, to 737.1 billion kronor in February.

Even if the intervention tapered off in February, ""it is too early to say that the battle is over,"" said Nomura analyst Jens Nordvig, in a research note. ""The Danish central bank may need to consider extreme measures to reinforce the peg further"" such as temporary capital controls or transaction taxes, he wrote.

A representative for Denmark's central bank told The Wall Street Journal last month that the bank is standing firm on the peg. ""The peg is a cornerstone of Danish economic policy and has been so since 1982, and there is a broad commitment throughout Denmark for the fixed exchange rate,"" he said.

The central bank aims to keep the euro's exchange rate within 2.25% above or below 7.46038 kroner to keep a lid on inflation and provide stability for domestic businesses that look to the eurozone as an important export market. The peg has existed in close to its current form for more than three decades, first relative to the German currency and later against the euro.

But the peg has come under pressure as investors poured funds into kroner recently in search of better returns than they can get in the eurozone. The ECB's planned bond-buying program has pushed eurozone bond yields down and led to a decline in the value of the euro. Bond yields move inversely to prices. Denmark has cut its key policy rates four times this year, with the certificate of deposit rate most recently reduced by 0.25 percentage point to minus 0.75%. When monetary authorities set a negative interest rate on bank deposits, financial institutions, in effect, pay a fee to park their excess funds with the central bank.

In other measures aimed at deflecting foreign inflows, the central bank has suspended government bond issuance and rejected bids at some recent treasury auctions.

The ECB's decision in January to purchase more than EUR1 trillion ($1.12 trillion) in public and private bonds has put significant upward pressure on haven currencies outside the eurozone, including the krone and the Swiss franc.

In January, the Swiss National Bank abandoned the ceiling it had set on the franc's value against the euro, as defending that cap had become too costly. Like the Danish central bank, the Swiss National Bank has been charging banks to hold their deposits to limit foreign capital flows into its economy.

Last month, Sweden's central bank, which also isn't part of the eurozone, cut its main interest rate into negative territory and launched a bond-purchase program.

Write to Brian Blackstone at brian.blackstone@wsj.com and Emese Bartha at emese.bartha@wsj.com"
A 'Real Food Fight' for New Actavis Bonds -- Market Talk,2015-03-03,"15:05 EST - Prices on Actavis' (ACT) new bonds are higher as investors seek to get a piece of the deal. At $21B, the sale was the 2nd-larget corporate-debt offering, but there were about $90B in orders. It's a ""real food fight,"" one investor says. Yields on the bonds are some 0.15 percentage point or more lower than where the bonds priced earlier today, according to investors. (mike.cherney@wsj.com; @Mike_Cherney)

14:52 EST - BlackRock's (BLK) iShares Core US Aggregate Bond ETF (AGG) logged a record daily net outflow yesterday at $525.8M, the giant money manager notes, but it doesn't call the move surprising. It says large inflows and outflows can be seen in bond ETFs at a time of changing interest-rate expectations. The world's 2nd-largest bond ETF saw its net asset value fall 0.49% today after news of the outflow was reported by Bloomberg. Fund tracker Lipper also said the outflow wasn't surprising, noting the $24B ETF had $101M of net outflows on Feb. 13. AGG is down 4c at $110.41.(katy.burne@wsj.com; @katyburne)

14:47 EST - Eurasia Group returned from Caracas convinced that government was committed to paying bondholders. Eurasia says cash-strapped government is looking to repeat debt-exchange deal it struck with Dominican Republic with other Petrocaribe members. The most natural candidate would be Jamaica, which owes $2.9B. Eurasia says Venezuela is also seeking loans from Qatar, Russia, Saudi Arabia and China. The government will have to continue cutting back imports, however, after a 22% contraction last year, Eurasia says. If it does, it will risk unrest among a population already enduring shortages. (ezequiel.minaya@wsj.com)

13:59 EST - The New Zealand dollar has gotten a lift against the greenback from the steady GlobalDairyTrade auction, where average prices rose 1.1% from the prior event. The kiwi is at US$0.7565 early in New Zealand trading, and BNZ forex strategist Kymberly Martin notes resistance as the pair nears US$0.7610. Support is seen around US$0.7500. She adds a lack of domestic data mean attention will likely focus on Australia's 4Q GDP, due Wednesday afternoon. (rebecca.howard@wsj.com; @FarroHoward)

13:22 EST - Fitch says struggling US coal miners are unlikely to swoop in and repurchase some of their crushing debt despite high interest payments and bonds trading at cut-rate prices. The likes of Arch (ACI) and Alpha Natural (ANR) have debt trading at distressed levels with steep discounts. Some competitors have offered stock, cash and secured notes to buy back that kind of debt on the cheap, but don't expect that to become a trend, the ratings firm predicts. Some miners have built up cash piles to help survive low coal prices and they are lowering their costs to keep running and supplying their customers. Those assets are worth defending and these companies won't ""easily sacrifice liquidity"" to buy back their notes, Fitch says. (tim.puko@wsj.com)

1822 GMT Austria's credit rating won't be immediately affected by a moratorium on payments for Heta Asset Resolution AG's financial debt, the rating agency Standard & Poor's says. The moratorium was announced on Sunday and affects almost all of Heta's financial debt until May 2016. Heta is the wind-down entity set up for the former lender Hypo Alpe-Adria-Bank International AG. Standard & Poor's says the Austrian government has made comments that it will continue to service the EUR1 billion in debt covered by Austrian federal government guarantees. Standard & Poor's rates Austria's long-term debt at AA+.(nicole.lundeen@wsj.com, @nicole_lundeen) 


 
Contact us in London. +44-20-7842-9464 
markettalk@wsj.com 

12:59 EST - Actavis' bond sale shows the hunger for yield is still strong. But investors ought to look to both sides of the corporate capital structure. The generic pharmaceutical maker on Tuesday closed a $21B debt deal. Proceeds will be used to finance the cash portion of its acquisition of Allergan, announced in November. Investors starved for fresh investment-grade debt were eager for a piece: orders reportedly exceeded $90B. But in this interest-rate environment, income doesn't just have to come from bonds. While Actavis doesn't pay a dividend and Allergan's payout is miniscule, there are five U.S. pharma majors--Abbvie, Bristol-Myers Squibb, Eli Lilly, Merck and Pfizer--that offer an average dividend yield of just under 3%. That is roughly 0.9 percentage points higher than what the 10-year Treasury offers, and about matches the yield of the five-year, fixed-rate tranche offered in Tuesday's Actavis deal. Stocks and bonds alike can experience capital losses, of course. But nowadays, investors searching for income have to consider all their options. (charles.grant@dowjones.com; @CGrantWSJ)

12:37 EST - While proposing higher personal-income and sales taxes and lower corporate-income taxes as part of his first budget proposal, Pennsylvania Gov. Tom Wolf tells state legislators he wants to raise the state's minimum wage to $10.10/hour from the current $7.25. He also wants to increase training and apprenticeship programs for workers so they can get higher-paying jobs in the state's shale-gas industry and in manufacturing. Additionally, Wolf proposed a tax break for manufacturing companies which increase annual taxable payroll by at least $1M; he envisions such firms receiving cash payments of up to 5% of new taxable income the following year. (kris.maher@wsj.com)

12:05 EST - Brazilian consumers lead the world in adoption of online shopping, according to a new survey conducted by comScore on behalf of UPS. About 56% of their purchases are made online, the highest of any market in the survey. They're also patient: 38% are willing to wait more than 10 days to qualify for free shipping for international orders. Asian consumers were the least willing to wait for an order, with 27% saying they expected same-day delivery and nearly half expecting a retailer to offer next-day shipping. (laura.stevens@WSJ.com; @LauraStevensWSJ)

11:36 EST - So-called middle-market companies (those with $50-500M of annual sales) contribute $1.7T to the US economy, or 13% of output, and support 16.5M American jobs, says HSBC. Among 15 major global markets examined, the US was found to have the largest concentration of middle-market companies at 55,700, followed by China at 40,200. They generate 74M jobs. In the US, more than 1/3 of middle-market businesses are in the wholesale and retail sectors, followed by business services such as legal, accounting and design. (erica.phillips@wsj.com; @EEPhillips_WSJ)

1636 GMT Denmark's central bank continues to intervene hard to defend its EUR/DKK peg, making FX intervention purchases of DKK168.7 billion in February. This pushes its currency reserve to an all-time high of DKK737 billion. Flows may have moderated in the last few weeks, but it is too early to say the battle is over, says Nomura in a note. Indeed, the Danish central bank may need to consider extreme measures to reinforce the peg further, with temporary capital controls and transaction taxes two potential options left. Capital controls are controversial in the context of the EU's rules on free capital mobility, says Nomura, but transaction taxes would be consistent with what major EU countries are already planning for implementation in 2016. (peter.nurse@wsj.com) 


 
Contact us in London. +44-20-7842-9464 
markettalk@wsj.com 

1635 GMT [Dow Jones]--The scale of Danish interventions in February is ""the highest amount since the introduction of the euro,"" notes analyst Jan Storup Nielsen at Nordea. ""Even though the pressure for a stronger DKK seems to have diminished over the last week it is still way too early for the Danish central bank to consider a rate hike. This will probably only been done once the Danish central bank gets more information on how the upcoming QE-program will affect the Danish market. Towards year-end we expect the Danish central bank to do the first rate hike."" (Katie.martin@wsj.com, @katie_martin_fx) 


 
Contact us in London. +44-20-7842-9464 
markettalk@wsj.com 

(END) Dow Jones Newswires

March 03, 2015 15:05 ET (20:05 GMT)"
Actavis Bond Buyers Should Look to Stocks As Well -- Market Talk,2015-03-03,"12:59 EST - Actavis' bond sale shows the hunger for yield is still strong. But investors ought to look to both sides of the corporate capital structure. The generic pharmaceutical maker on Tuesday closed a $21B debt deal. Proceeds will be used to finance the cash portion of its acquisition of Allergan, announced in November. Investors starved for fresh investment-grade debt were eager for a piece: orders reportedly exceeded $90B. But in this interest-rate environment, income doesn't just have to come from bonds. While Actavis doesn't pay a dividend and Allergan's payout is miniscule, there are five U.S. pharma majors--Abbvie, Bristol-Myers Squibb, Eli Lilly, Merck and Pfizer--that offer an average dividend yield of just under 3%. That is roughly 0.9 percentage points higher than what the 10-year Treasury offers, and about matches the yield of the five-year, fixed-rate tranche offered in Tuesday's Actavis deal. Stocks and bonds alike can experience capital losses, of course.

 But nowadays, investors searching for income have to consider all their options. (charles.grant@dowjones.com; @CGrantWSJ)

12:37 EST - While proposing higher personal-income and sales taxes and lower corporate-income taxes as part of his first budget proposal, Pennsylvania Gov. Tom Wolf tells state legislators he wants to raise the state's minimum wage to $10.10/hour from the current $7.25. He also wants to increase training and apprenticeship programs for workers so they can get higher-paying jobs in the state's shale-gas industry and in manufacturing. Additionally, Wolf proposed a tax break for manufacturing companies which increase annual taxable payroll by at least $1M; he envisions such firms receiving cash payments of up to 5% of new taxable income the following year. (kris.maher@wsj.com)

12:05 EST - Brazilian consumers lead the world in adoption of online shopping, according to a new survey conducted by comScore on behalf of UPS. About 56% of their purchases are made online, the highest of any market in the survey. They're also patient: 38% are willing to wait more than 10 days to qualify for free shipping for international orders. Asian consumers were the least willing to wait for an order, with 27% saying they expected same-day delivery and nearly half expecting a retailer to offer next-day shipping. (laura.stevens@WSJ.com; @LauraStevensWSJ)

11:36 EST - So-called middle-market companies (those with $50-500M of annual sales) contribute $1.7T to the US economy, or 13% of output, and support 16.5M American jobs, says HSBC. Among 15 major global markets examined, the US was found to have the largest concentration of middle-market companies at 55,700, followed by China at 40,200. They generate 74M jobs. In the US, more than 1/3 of middle-market businesses are in the wholesale and retail sectors, followed by business services such as legal, accounting and design. (erica.phillips@wsj.com; @EEPhillips_WSJ)

1636 GMT Denmark's central bank continues to intervene hard to defend its EUR/DKK peg, making FX intervention purchases of DKK168.7 billion in February. This pushes its currency reserve to an all-time high of DKK737 billion. Flows may have moderated in the last few weeks, but it is too early to say the battle is over, says Nomura in a note. Indeed, the Danish central bank may need to consider extreme measures to reinforce the peg further, with temporary capital controls and transaction taxes two potential options left. Capital controls are controversial in the context of the EU's rules on free capital mobility, says Nomura, but transaction taxes would be consistent with what major EU countries are already planning for implementation in 2016. (peter.nurse@wsj.com) 


 
Contact us in London. +44-20-7842-9464 
markettalk@wsj.com 

1635 GMT [Dow Jones]--The scale of Danish interventions in February is ""the highest amount since the introduction of the euro,"" notes analyst Jan Storup Nielsen at Nordea. ""Even though the pressure for a stronger DKK seems to have diminished over the last week it is still way too early for the Danish central bank to consider a rate hike. This will probably only been done once the Danish central bank gets more information on how the upcoming QE-program will affect the Danish market. Towards year-end we expect the Danish central bank to do the first rate hike."" (Katie.martin@wsj.com, @katie_martin_fx) 


 
Contact us in London. +44-20-7842-9464 
markettalk@wsj.com 

1633 GMT [Dow Jones]--The Danish central bankintervened strongly in February to defend its currency peg, with purchases for DKK168.7 billion in February, according to data released today. ""Despite the surge in the Danish FX reserve, it is a fair distance from the size of reserves in Hong Kong, Singapore and Switzerland,"" strategists at Danske Bank say. The bank expects the central bank to keep EUR/DKK in the range of 7.4440-7.4700 in the next months and not to make changes to the key policy rate within the coming 12 months. EUR/DKK is now at 7.452. (chiara.albanese@wsj.com) 


 
Contact us in London. +44-20-7842-9464 
markettalk@wsj.com 

1629 GMT [Dow Jones]--""With low inflation, you can buy more stuff,"" European Central Bank President Mario Draghi famously said in June 2013. Germany appears to have taken him at his word. German retail sales jumped 2.9% on the month in January and 5.3% on the year, far in excess of expectations. This certainly goes against the stereotype of Germany's ultra-cautious consumers, unlike the avid shoppers of the U.S. and U.K, and may not be a flash in the pan. Wage growth started to pick up in 2014. With unemployment low, further gains seem likely in 2015: the IG Metall union won a 3.4% increase for 800,000 workers in the metals and electrical engineering sector in February. With inflation low, German real wages could rise 2.9%, Deutsche Bank thinks -- the highest outcome since 1995. Germany has seen years of wage restraint, while savings now offer scant reward. Perhaps investors ought to get used to the sight of Germans going shopping. (richard.barley@wsj.com; @RichardBarley1) 


 
Contact us in London. +44-20-7842-9464 
markettalk@wsj.com 

1628 GMT ""Today's data confirms that appreciation pressure on the DKK has been massive during January and most of February following the Swiss National Bank's end to its peg and European Central Bank's announcement of a bond purchase program,"" says Scandi economist Tina Mortensen at the U.S. bank. ""In terms of nominal GDP, total intervention in January and February amounted to around 14% of GDP...The DKK has weakened recently but if it shows renewed strength, the DNB would be forced to resume intervention and, likely to cut the certificate of deposit rate deeper into negative territory, in our view."" Citi says such action would be well in line with previous comments from the central bank that there is ""no limit to how high FX reserves can go"". (Katie.martin@wsj.com; @katie_martin_fx) 


 
Contact us in London. +44-20-7842-9464 
markettalk@wsj.com 

11:17 EST - Small-business hiring grew for a second month in February as the Paychex/IHS Small Business Jobs Index rose 0.19% to 100.84. There was a slowdown in the fall and early winter, and the index is down 0.31% from a year earlier. The measure reads same-store, year-over-year worker counts at roughly 350K small businesses nationally with fewer than 50 employees. (ruth.simon@wsj.com)

11:02 EST - Desjardins, like CIBC, sticks to its call of another Bank of Canada rate cut tomorrow despite the stronger-than-expected 4Q GDP report. The two are contrarians among the primary dealers of Canadian government securities; the rest changed to no rate change after Poloz's speech last week. Desjardins notes that 75% of 4Q GDP growth was from inventories while domestic demand growth was halved. (nirmala.menon@wsj.com; @NirmalaMenon)

10:37 EST - PNC thinks Canada's 4Q GDP report hasn't taken the possibility of another rate cut Wednesday from the Bank of Canada off the table. Last quarter's growth was driven by ""unsustainably rapid"" inventory accumulation--a sign things could slow in early 2015. The bank adds while the recent stabilization in energy prices indicates the BoC will hold rates, the weak details of GDP report ""argue for"" a cut. (paul.vieira@wsj.com; @paulvieira)

(END) Dow Jones Newswires

March 03, 2015 12:59 ET (17:59 GMT)"
Extreme Measures To Defend Denmark's Peg May Be Needed -- Market Talk,2015-03-03,"1636 GMT Denmark's central bank continues to intervene hard to defend its EUR/DKK peg, making FX intervention purchases of DKK168.7 billion in February. This pushes its currency reserve to an all-time high of DKK737 billion. Flows may have moderated in the last few weeks, but it is too early to say the battle is over, says Nomura in a note. Indeed, the Danish central bank may need to consider extreme measures to reinforce the peg further, with temporary capital controls and transaction taxes two potential options left. Capital controls are controversial in the context of the EU's rules on free capital mobility, says Nomura, but transaction taxes would be consistent with what major EU countries are already planning for implementation in 2016. (peter.nurse@wsj.com) 


 
Contact us in London. +44-20-7842-9464 
markettalk@wsj.com 
 

(END) Dow Jones Newswires

March 03, 2015 11:36 ET (16:36 GMT)"
"'Massive'  Intervention  In  Denmark , Says Citi -- Market Talk",2015-03-03,"1628 GMT ""Today's data confirms that appreciation pressure on the DKK has been massive during January and most of February following the Swiss National Bank's end to its peg and European Central Bank's announcement of a bond purchase program,"" says Scandi economist Tina Mortensen at the U.S. bank. ""In terms of nominal GDP, total intervention in January and February amounted to around 14% of GDP...The DKK has weakened recently but if it shows renewed strength, the DNB would be forced to resume intervention and, likely to cut the certificate of deposit rate deeper into negative territory, in our view."" Citi says such action would be well in line with previous comments from the central bank that there is ""no limit to how high FX reserves can go"". (Katie.martin@wsj.com; @katie_martin_fx) 


 
Contact us in London. +44-20-7842-9464 
markettalk@wsj.com 

11:17 EST - Small-business hiring grew for a second month in February as the Paychex/IHS Small Business Jobs Index rose 0.19% to 100.84. There was a slowdown in the fall and early winter, and the index is down 0.31% from a year earlier. The measure reads same-store, year-over-year worker counts at roughly 350K small businesses nationally with fewer than 50 employees. (ruth.simon@wsj.com)

11:02 EST - Desjardins, like CIBC, sticks to its call of another Bank of Canada rate cut tomorrow despite the stronger-than-expected 4Q GDP report. The two are contrarians among the primary dealers of Canadian government securities; the rest changed to no rate change after Poloz's speech last week. Desjardins notes that 75% of 4Q GDP growth was from inventories while domestic demand growth was halved. (nirmala.menon@wsj.com; @NirmalaMenon)

10:37 EST - PNC thinks Canada's 4Q GDP report hasn't taken the possibility of another rate cut Wednesday from the Bank of Canada off the table. Last quarter's growth was driven by ""unsustainably rapid"" inventory accumulation--a sign things could slow in early 2015. The bank adds while the recent stabilization in energy prices indicates the BoC will hold rates, the weak details of GDP report ""argue for"" a cut. (paul.vieira@wsj.com; @paulvieira)

1524 GMT As the European Central Bank's staff forecasts will include 2017 projections for the first time, they may give an indication whether government bond purchases end in September 2016 or run for longer, UBS economists say. ""Should the 2017 inflation forecast...show that HICP is still not back to the ECB's target of 'below but close to 2%', it could be interpreted as a first indication that the ECB positions itself toward an extension of quantitative easing beyond September 2016,"" they say. UBS reckons the likelihood of QE being extended beyond September 2016 ""is not small"". (emese.bartha@wsj.com; @EmeseBartha) 


 
Contact us in London. +44-20-7842-9464 
markettalk@wsj.com 

10:11 EST - CIBC World Markets maintains the Bank of Canada will cut rates for a second consecutive time tomorrow despite stronger-than-expected 4Q GDP. The majority of forecasters have shifted to a pause outlook after BoC Governor Stephen Poloz said last week January's cut buys it time to see how the economy responds. CIBC Chief economist Avery Shenfeld dismisses the 4Q GDP report as ""water under the bridge;"" he says it wont' have captured coming downdraft from declining prices for oil, a key Canadian export. But he doesn't' hold a strong view on tomorrow's rate outcome. ""Our message to investors is, don't have a lot of money riding either way on the timing of a cut."" (nirmala.menon@wsj.com, @NirmalaMenon)

10:10 EST - CEOs at large US companies see the economy accelerating modestly this year but are holding steady on hiring plans, according the Business Roundtable's 1Q survey. The CEOs expect GDP rising 2.8% this year, versus 2014's 2.4%--which is what the 4Q survey showed was the executives' 2015 forecast. Unchanged, though, is 40% increasing hiring the next 6 months; 23% expect to cut staff. (eric.morath@wsj.com; @ericmorath)

9:59 EST - The era of forward guidance is over and the new word is flexibility, says Torsten Slok, chief international economist at Deutsche Bank Securities. He believes comments from both Yellen and Fischer the past week signal the shift. But the change may cause anxiety in financial markets and generate volatility. ""If the Fed doesn't hold the hand of markets, then markets will come to its own conclusions about the future path of monetary policy."" Slok points to 2013's taper tantrum. ""When the Fed removes forward guidance, volatility will go up. Bottom line: The Fed is telling us that the days of low [volatility] are over."" (min.zeng@wsj.com; @minzengwsj)

1452 GMT 10-year U.S. Treasury and Bund yields edge 1-2bps higher in relatively quiet trading conditions as traders eye the European Central Bank meeting on Thursday and the monthly U.S. labor figures on Friday. Gilts yields move 5bps higher after a weaker-than-expected 5-year sale, that saw buyers baulk at the yield on offer, and better-than-expected U.K. construction data. In the 10-year sector, Bunds yield 0.36%, USTs 2.086% and gilts 1.844%. (nick.cawley@wsj.com) 


 
Contact us in London. +44-20-7842-9464 
markettalk@wsj.com 

9:46 EST - Capital Economics, veteran bears on Canada's economy, say the annualized 2.4% gain in Canada's GDP in 4Q looks encouraging enough, but it represents the calm before the storm. Now is when the energy-price slump begins to feed through. The ""first hints"" of the impact of lower oil prices is evident in the breakdown of 4Q growth: engineering investment contracted at a 2% while real gross domestic income, which adjusts for shifts in the terms of trade on GDP, contracted 0.4%. That as 4Q's GDP growth ""was driven principally by a pickup in inventory accumulation, which is never an encouraging sign."" (don.curren@wsj.com; @dbcurren)

9:45 EST - New York City business conditions rebounded in February, although hiring contracted, according to the latest report from the New York chapter of the ISM. The ISM-NY business conditions index bounced back to 63.1 in February from 44.5 in January. The employment index, however, fell to 49.3 last month. A reading below 50 means a decline in employment. When asked what was the biggest impediment to business, the top answer was bad weather. Bad weather was the second most often obstacle cited in January, a sign that the harsh weather is curtailing business activity in the New York City area. (kathleen.madigan@wsj.com)

9:24 EST - While the 2.4% 4Q GDP growth is a pretty impressive result for Canada as many had expected a soggy performance, but BNP Paribas isn't giddy. It notes the bulk of the growth can be attributed to inventories and consumption, while to the downside there was considerable weakness in business investment. ""Final domestic demand slowed significantly to 1.5%."" BNP says the data support its forecast of the Bank of Canada holding steady tomorrow, but it sees the retracing in demand and weak business investment as suggesting a softening in underlying momentum. (don.curren@wsj.com; @dbcurren)

(END) Dow Jones Newswires

March 03, 2015 11:28 ET (16:28 GMT)"
"'Massive'  Intervention  In  Denmark , Says Citi -- Market Talk",2015-03-03,"1628 GMT ""Today's data confirms that appreciation pressure on the DKK has been massive during January and most of February following the Swiss National Bank's end to its peg and European Central Bank's announcement of a bond purchase program,"" says Scandi economist Tina Mortensen at the U.S. bank. ""In terms of nominal GDP, total intervention in January and February amounted to around 14% of GDP...The DKK has weakened recently but if it shows renewed strength, the DNB would be forced to resume intervention and, likely to cut the certificate of deposit rate deeper into negative territory, in our view."" Citi says such action would be well in line with previous comments from the central bank that there is ""no limit to how high FX reserves can go"". (Katie.martin@wsj.com; @katie_martin_fx) 


 
Contact us in London. +44-20-7842-9464 
markettalk@wsj.com 
 

(END) Dow Jones Newswires

March 03, 2015 11:28 ET (16:28 GMT)"
*Denmark  FX  Reserves Increased By DKK172.9B To DKK737.1B In Feb,2015-03-03,"3 Mar 2015 10:10 ET *Denmark Ctrl Bk: Net Purchases of FX Amounted To DKK168.7B In Feb

3 Mar 2015 10:43 ET  Denmark FX Reserves Increased by DKK172.9B to DKK737.1B in Feb

By Emese Bartha

Denmark's central bank continued its foreign exchange interventions in February, in line with its long-running efforts to prevent the krone from climbing too high and to maintain its fixed exchange rate with the euro.

The central bank's net purchase of foreign exchange via interventions in the foreign exchange market amounted to 168.7 billion Danish kronor ($25.31 billion), it said, adding that the main part of the interventions took place during the days around the interest rate reduction on Feb. 5. The central bank said its foreign exchange reserves increased by DKK172.9 billion to DKK737.1 billion in February.

Denmark has cut its key policy rates four times this year, with the certificate of deposit rate last reduced by 0.25 percentage point to -0.75%. In other measures aimed at deflecting foreign inflows, it has suspended government bond issuance until further notice and rejected bids at some recent treasury bill auctions.

The Danish krone was recently trading at 7.4530 to the euro.

--Anna Molin in Stockholm contributed to this article.

(END) Dow Jones Newswires

March 03, 2015 10:43 ET (15:43 GMT)"
UPDATE 1-Crown hits 8-month low as Denmark raises capital controls option,2015-02-20,"(Recasts, adds fresh quote)

By Anirban Nag

LONDON, Feb 20 (Reuters) - The Danish crown fell to its lowest in over eight months against the euro on Friday, after a government adviser said the country would be prepared to introduce capital controls to defend its currency peg, traders said.

Hans Jorgen Whitta-Jacobsen, the head of the Economic Council, told Reuters the central bank was willing to use extreme measures including capital controls to defend the peg to the euro ""to the last drop of blood"".

The crown fell to 7.4640 per euro, its lowest since early June 2014. The euro was last up 0.23 percent at 7.4615 crowns, a substantial move for a pair that usually trades in a 0-0.01 percent range, and on track for its biggest daily move since 1999, when the single currency was introduced.

""The news that capital controls are being considered was the main reason for the lower crown,"" said a trader at a Danish bank in Copenhagen. ""It has been pretty volatile, but it is too soon to say that the upward pressure on the Danish crown is ebbing.""

Currency flows into Denmark have picked up on speculation it may abandon the peg after Switzerland shocked markets by removing its franc/euro cap on Jan. 15.

Since then, the Danish central bank has intervened aggressively in the currency market and cut interest rates deep into negative territory. Its deposit rate of minus 0.75 percent is the same as the Swiss National Bank's.

Whitta-Jacobsen said there was no parallel between the Swiss and Danish cases, and two weeks ago central bank governor Lars Rohde told Reuters the bank would do ""whatever it takes"" to protect the fixed currency policy.

Under the Exchange Rate Mechanism (ERM II) set up with the launch of the single currency, Denmark agreed to keep the crown in a corridor of 2.25 percent either side of a central rate of 7.46038 to the euro. In practice, it has kept it within 0.50 percent.

It spent a record $15 billion intervening last month to keep the currency within the tight range.

Analysts said worries about Greece and an imminent European Central Bank bond purchase programme were likely to put further upward pressure on the crown.

In response, Denmark's central bank could intervene more aggressively, cut rates further or possibly launch its own quantitative easing (QE) programme of asset purchases.

ING said that, given Denmark's task of sending effective signals to the market had become increasingly difficult, ""we believe that QE may eventually be required."" (Reporting by Anirban Nag; Editing by Robin Pomeroy and John Stonestreet) 

Released: 2015-2-20T15:57:22.000Z"
Will Denmark Throw in the Towel on the Peg?,2015-02-18,"The Swiss National Bank shocked markets last month by abandoning its cap on the value of the Swiss franc against a plunging euro. Since then, speculation has been rife in markets that Denmark's central bank could be the next to throw in the towel.

With almost alarming regularity, the Nationalbanken, Denmark's central bank, has lowered interest rates four times already this year to limit the krone's appeal and defend its peg--which is intended to provide a stable backdrop for Danish companies.

The peg seeks to stop the euro falling more than 2.25% below (or rising 2.25% above--although that's not the issue right now) 7.46038 krone, by buying (or selling) foreign currency. The bank's also stepped up its intervention in currency markets and even suspended issuance of government bonds in a bid to lower the krone.

But all the rate cutting has fueled talk that the Danish central bank is starting to think twice about the huge quantities of foreign assets it needs to buy to defend the peg.

Jens Nordvig, head of fixed income research at Nomura, notes that so far this year the Nationalbanken has increased its reserves by more than $30 billion as it buys foreign currency to hold down the krone. That means in terms of the size of its economy, Denmark is intervening at a similar pace to that of Switzerland right before the Swiss bank decided to remove the limit on the exchange rate between the franc and the euro.

""There is no doubt that the pressure on the krone is very significant, and that the fight for the peg will be a tough one,"" Nordvig said.

But investors shouldn't get carried away with the Swiss-Danish parallels. That's because the background to Denmark's peg is very different, according to Mr. Nordvig.

Unlike the Swiss currency cap, a recent innovation introduced in 2011 to deal with the franc's strength during the euro crisis, the Danish peg has been around since 1982 (when the currency was pegged to the Deutschmark). And the Danish peg has widespread political support and the backing of all major political parties. There's no sign of the popular opposition to monetary policy that led to a Swiss referendum late last year aiming to force the central bank to hold more gold.

As long as the political will remains, analysts reckon the Nationalbanken has the tools at its disposal to defend the peg. A central bank trying to prop up its currency by selling reserves (like Russia recently) can run out of assets to sell. But buying assets to weaken your currency is, at least theoretically, a limitless exercise.

""Even if a central bank turns insolvent for a while, IT IS A CENTRAL BANK. They don't care about liquidity, and can survive technical insolvency [in the] worst case,"" said Aurelija Augulyte, a senior currency strategist at Nordea. 

Access Investor Kit for Schweizerische Nationalbank

Visit http://www.companyspotlight.com/partner?cp_code=P479&isin=CH0001319265(""http://www.companyspotlight.com/partner?cp_code=P479&isin=CH0001319265"")

(END) Dow Jones Newswires

February 18, 2015 04:11 ET (09:11 GMT)"
INTERVIEW-Danish  central bank  has resources to keep crown stable: governor,2015-02-06,"(Adds more quotes, analyst comment, context)

By Ole Mikkelsen

COPENHAGEN, Feb 6 (Reuters) - Denmark's central bank has other means of holding the crown steady against the euro which it has not yet used, Governor Lars Rohde told Reuters on Friday, adding it will do ""whatever it takes"" to protect its fixed currency policy.

He said negative interest rates will stay in place for ""quite a long time"" and could be lowered further. But he would not be drawn into details of future actions.

The normally reclusive central bank chief has launched a media offensive in the past two days, emphasising Denmark's decades-old commitment to the peg; rare verbal intervention which some analysts took to be a sign of its concern.

The bank spent over 100 billion Danish crowns ($15 billion) intervening last month to keep the currency within a tight range against a weakening euro and has cut its deposit rate four times in three weeks to an unprecedented low of -0.75 percent.

""We have unlimited amounts of crowns available. We can let the currency reserves grow indefinitely. It is an option that we can use and it is unlimited. We are ready to do whatever it takes,"" he told Reuters by telephone, echoing a phrase that European Central Bank chief Mario Draghi used to calm market alarm about the euro.

""There are other tools in the toolbox, than those you have seen,"" he said.

Responsibility for Denmark's monetary policy is unusually concentrated in the governor, a position which Rohde took in 2013. There is no rate-setting committee, nor are there scheduled meetings with minutes for investors to glean for policy clues.

Rohde took a substantial pay cut from his previous role as the chief executive of ATP -- the country's largest pension fund which runs the state-mandated pension scheme for all Danes. ATP posted record results in some years of the financial crisis.

UNLIMITED RESERVES

Some analysts believe Rohde was signalling intervention as the preferred 'tool' to steady the crown because of his repetition that there were no limits on foreign reserve growth -- the result of selling crowns to hold down the exchange rate.

Asked whether he would allow reserves to climb to 100 percent or even 200 percent of gross domestic product (GDP), Rohde said: ""I do not fear that"".

Switzerland built foreign reserves worth 80 percent of GDP before it scrapped its currency cap to the euro on Jan. 15, diverting pressure onto the crown.

""It may well be that they (Denmark) have more tools as the central bank governor said, but it is most likely that they will let the forex reserves grow,"" said Danske Bank Senior Analyst Jens Naervig Pedersen.

The central bank surprised markets last week when it suspended government bond issues, in effect taking out demand for 75 billion Danish crowns.

""The suspension of issuance of government bonds is a Danish version of QE (quantitative easing). It provides downward pressure on government bond yields and has a spillover effect on mortgage bonds,"" Rohde said.

""That makes it less attractive to hold crowns.""

Asked whether he would launch a ""real"" QE scheme, meaning a bond-buying programme like the ECB's, he said: ""I would not rule anything out, but we have no plans."" ($1 = 6.5050 Danish crowns) (Writing by Sabina Zawadzki; Editing by Ruth Pitchford)

Released: 2015-2-9T14:55:16.000Z"
*Denmark  Central Bank :  Forex  Reserve Rose By DKK106.6B to DKK564.1B in Jan,2015-02-03,"3 Feb 2015 10:03 ET *Denmark Central Bank: Net Purchase of Forex for Market Interventions Equal to DKK106.3B in Jan

3 Feb 2015 10:29 ET  Denmark Increased Krone Sales in January to Protect Peg


By Charles Duxbury 

Denmark's central bank said Tuesday that it ramped up its foreign exchange buys in January, selling Danish kroner in the market to weaken it and protect the currency's peg against a falling euro.

The Danish central bank, Nationalbanken, said it bought foreign currency worth 106.3 billion Danish kroner ($16.34 billion) in January as part of its market inventions.

The bank said its total foreign exchange reserves rose by 106.6 billion kroner to 564.1 billion kroner when market inventions and central government's net borrowing were included.

In December the central bank didn't intervene in the foreign exchange market.

The dramatic rise in its market activity reflects Nationalbanken's efforts to counter the upward pressure on the krone generated by investors moving funds to Denmark seeking better returns than they can get in the eurozone.

Returns there fell after the European Central Bank announced an expansion of a bond buying plan, pushing down the value of the euro and lowering bond yields in the eurozone compared with those available at some durations in Denmark.

Nationalbanken's main policy aim is to hold the euro's exchange rate within 2.25% either side of 7.46038 kroner to keep inflation low and provide stability for exporters.

As well as currency market interventions, Denmark has cut its deposit rate to minus 0.5% and suspended bond issuance to deflect foreign investments away the country.

Write to Charles Duxbury at charles.duxbury@wsj.com

(END) Dow Jones Newswires

February 03, 2015 10:29 ET (15:29 GMT)"
Danish cbank spent over 100 bln DKK in  forex intervention  in Jan,2015-02-03,"COPENHAGEN, Feb 3 (Reuters) - Denmark's central bank said on Tuesday it had spent 106 billion Danish crowns ($16 billion) in intervention on the foreign exchange market in January, a record high since the EU member pegged its crown currency to the euro.

The central bank sold crowns to weaken the currency and bought foreign currency, boosting foreign exchange reserves to a record high of 564 billion Danish crowns. The previous record was 514 billion crowns in July 2012.

($1 = 6.5054 Danish crowns) (Reporting by Teis Jensen; editing by Sabina Zawadzki) 

Released: 2015-2-3T16:11:07.000Z"
RPT-More Danish rate cuts seen; next stop -- wider  FX  band,2015-02-02,"(Repeats item to additional subscribers with no changes)

* Crown seen as safer haven since Swiss scrapped cap

* Denmark using rate cuts, intervention to curb crown

* Still has bolder option of widening trading band

* Analysts do not see Denmark scrapping its peg

By Ole Mikkelsen

COPENHAGEN, Jan 30 (Reuters) - Denmark is likely to cut its deposit rate deeper into negative territory and could widen the crown's trading band if bolder action is needed to relieve pressure on its currency peg.

Investors have piled into the Danish crown since the Swiss central bank shocked markets on Jan. 15 by scrapping the franc's cap to the euro and cut interest rates to levels that are below Denmark's, making the crown more attractive.

The European Central Bank's decision last week to launch a landmark bond-buying programme with new money to weaken the euro has also bolstered the crown.

Rising pressure on the currency has spurred speculation that Denmark may follow the Swiss and scrap its 15-year-old peg to the euro. But, analysts say that is unlikely, pointing to a number of other options the central bank can resort to before having to consider abandoning the regime.

Under the European Union's Exchange Rate Mechanism (ERM2), Denmark agreed to keep the crown at 2.25 percent either side of the parity rate of 7.46038 crowns to the euro. But in practice, the crown has not moved more than 0.5 percent on either side, as central bank intervention, when necessary, has kept it in check.

""The central bank has several tools they can use before they have to give up the fixed currency policy and so far they have only used two,"" said Citi Economist Tina Mortensen.

""In addition to lowering interest rates further, they can build up reserves. But they can also reintroduce a three-year lending facility and they can use the fluctuation band more ... Denmark can let the currency fluctuate 15 percent around the central parity and still meet ERM2 requirements,"" she said.

While Denmark agreed to keep its currency very close to the euro, ERM2 rules allowed currencies of other participants, ranging from Cyprus and Malta to Slovenia and Lithuania, to fluctuate 15 percent either side of parity as a general rule.

A sluggish economic recovery in the European Union, prospects of deflation in some countries and political uncertainty due to factors such as the election of the far-left Syriza party in Greece are all weighing on the euro.

""With many uncertainties still facing the euro area and with Danish monetary policy already loose, the pressure will likely remain ... and a recalibration of the current trading range cannot be ruled out,"" Bank of America Merrill Lynch said in a note to clients.

RESERVES AT RECORD?

Before a potential widening of the trading range, however, the central bank still has plenty of room to keep intervening and cutting interest rates to curb the crown. At the very least it could lower its benchmark rate to -0.75 percent to match the Swiss rate, or below, analysts said.

On Thursday, the Danish central bank cut its key rate to -0.50 percent, the third cut in two weeks.

Unlike Russia, which is burning up its foreign reserves to defend the ailing rouble, undermining financial stability, Denmark is building its reserves by intervening to curb a strengthening currency.

Jes Asmussen, chief economist at Handelsbanken Capital Markets, estimates that in January the central bank spent a record $100 billion ($15 billion) in foreign exchange markets by selling crowns to weaken the currency.

That suggests foreign reserves -- which stood at 447 billion crowns ($68 billion) at the end of December, or a quarter of Danish gross domestic product -- could bypass their record level of 514 billion crowns, held in July 2012. Foreign currency reserves data is due on Feb. 3.

As the Swiss central bank's policies show, there is such a thing as having too much in reserves. The Danish level, however, is far off the 100 percent of GDP that the Swiss National Bank held before it scrapped the franc's cap.

""The market is testing the central bank at the moment. The question is when the market realises that the central bank will insist on keeping the crown close to the euro,"" chief economist Helge Pedersen from Nordea said. ($1 = 6.5837 Danish crowns) (Additional reporting by Anirban Nag in London; Editing by Sabina Zawadzki and Susan Fenton)

Released: 2015-2-5T06:01:00.000Z"
Denmark  to  Intervene  More To Curb DKK Appreciation -- Market Talk,2015-01-29,"1637 GMT Today's cut by the Danish central bank was prompted by the DNB's strong commitment to its exchange rate peg to the euro, says Citigroup. There were probably strong capital flows into Denmark after the Swiss National Bank scrapped its currency floor Jan. 15, compounded by the ECB's quantitative easing announcement last week. More action from the Danish central bank is to come, Citi's economists say. ""As we expect demand for Danish kroner likely will remain high, we reckon the DNB will be forced to continue intervening in the FX market and, likely could be forced to cut the CD-rate deeper into negative territory,"" strategists said. (chiara.albanese@wsj.com) 


 
Contact us in London. +44-20-7842-9464 
markettalk@wsj.com 

1636 GMT Consumer demand in Russia was for many years the main driver of economic growth. Now things have changed. According to Nielsen, which studies consumers across Europe, the fourth quarter saw the largest drop in consumer confidence in the last three years. In December, an average Russian was behaving like a consumer during the 2008-2009 crisis, the survey found. Confidence has been hammered by a rapid depreciation of the ruble, dropping oil prices and the fallout of Western sanctions, Nielsen says. And there are no positive expectations in sight -- 60% of Russians fear that prices will continue rising further, while 30% expect quality and assortment of goods on stores' stalls to worsen. (andrey.ostroukh@wsj.com) 


 
Contact us in London. +44-20-7842-9464 
markettalk@wsj.com 

1629 GMT - OTP Mortgage Bank, part of OTP Bank (OTP.BU) is set for a syndicate issuance in the form of floating rate notes targeting 500 million euros ($565M). The notes are priced 65 basis points above three-month Euribor, which is currently at 0.053%. The maturity of the loan is July 28, 2017 and settlement is the Feb. 5, 2017. The bookrunner is BNP Paribas. (veronika.gulyas@wsj.com; @VeronikaGulyas1)

11:25 EST - Shares in Mexican grocer Soriana (SORIANA.MX) are up 1.2% after the retailer inked a $2.67B deal to purchase 160 stores from competitor Comercial Mexicana (COMERCI.MX), even though analysts are concerned that SORIANA lacks the capital to make the new assets outperform. Credit Suisse figures that SORIANA will need to issue more than $1B in equity to reduce leverage, thus diluting minority shareholders. ""Soriana faces a tough dilemma,"" says the investment bank. ""If they minimize the portion of this transaction that is funded with equity, then the company might not have the cash to invest in much needed maintenance (and now integration) projects. This could even widen the execution gap vs. competitors."" (amy.guthrie@wsj.com)

11:07 EST - While the Fed's latest statement continues to suggest a move toward starting rate hike around midyear, BlackRock fixed income CIO Rick Rieder sees increased risks of that not happening amid myriad uncertainties internationally. While saying the dollar's strength shouldn't place the US economic recovery at risk, he notes the greenback is clearly having an impact on export conditions and currency competitiveness while presenting an earnings headwind for companies. The Fed's ""excessively easy policy"" has to be moderated despite this ""near-term currency headwind,"" argues Rieder, as its costs and risks ""are simply too great."" (daisy.maxey@wsj.com; @DaisyMaxey)

1605 GMT Denmark's third interest rate cut in two weeks probably means borrowing costs will fall to zero for the bond auction next Wednesday. The government plans to launch a new bond due in 2020, with a coupon of 0.25%. It'll likely now be sold at a hefty premium above face value. Denmark doesn't have any other bond maturing in 2020; the one maturing in 2019 is trading currently at a yield of -0.13%, while the one maturing in 2021 is yielding around 0.05%, according to Tradeweb. (emese.bartha@wsj.com @EmeseBartha) 


 
Contact us in London. +44-20-7842-9464 
markettalk@wsj.com 

11:03 EST - Scotiabank says its index for Canadian commodity prices has hit its lowest level since the throes of the recession in mid 2009. It says the widespread softness in commodity prices is being driven by a fight for market share in international oil and iron ore markets, as well as general unease over lackluster global economic conditions and an almost ""deflationary"" environment, particularly in the euro zone and Japan. Looking ahead, Scotia sees oil prices recovering moderately by mid-2015 alongside a global supply adjustment, while a ""safe-haven"" bid re-emerges for gold, lifting TSX gold equities. (don.curren@wsj.com @dbcurren)

1603 GMT Russia's international reserves shrank by $120 billion last year to $378 billion, its lowest since 2009. At this rate of depletion, the reserves will fall below $100 billion, a minimum level needed to cover short-term external debt payments, by the beginning of 2017, says Capital Economics. ""Accordingly, assuming there is no change in the external environment (oil prices, Ukraine conflict, etc.) it seems that Russia has sufficient reserves to maintain current policy settings for about two years."" (andrey.ostroukh@wsj.com) 


 
Contact us in London. +44-20-7842-9464 
markettalk@wsj.com 

1554 GMT Phyllis Papadavid, senior global currency strategist at BNP Paribas in London says that the Danish central Bank's third interest rate cut in the space of two weeks is ""symptomatic of the pressure that is building on the currency and the need for the bank to lean against the wind"". ""They have ample ability to do so,"" she says. (josie.cox@wsj.com) 


 
Contact us in London. +44-20-7842-9464 
markettalk@wsj.com 

1551 GMT Portuguese airline TAP SGPS SA has temporarily banned the sale of tickets in Angola for departures that don't take place in the country because of troubles with the exchange rate. Oil-reliant Angola has seen its currency plunge in value as crude prices have slumped. Foreigners have been buying tickets in Angolan kwanza for departures from other countries, but TAP loses out because its costs are in mostly denominated in dollars and euros. Nor would it want to be stranded with plenty of kwanza it can't get out of Angola because of capital controls. A TAP spokesman said a similar ban has been in place in oil-dependent Venezuela since last year. (patricia.kowsmann@wsj.com @kowsmann) 


 
Contact us in London. +44-20-7842-9464 
markettalk@wsj.com 

10:43 EST - The low level of rains in certain regions of Brazil, which has hurt Sao Paulo state water utility Sabesp, now is expected to impact the water utility in Minas Gerais state Copasa, according to Moody's. This week, Minas Gerais governor asked for customers to curb water usage amid drought, which is likely to hurt Copasa's operating revenues and cash flows, according to Moody's. (rogerio.jelmayer@wsj.com)

10:39 EST - Smallpox vaccine maker Siga Technologies (SIGA) wants to pay four top executives bonuses for sticking with the company through its Chapter 11 bankruptcy, but it doesn't want the public to know how much they'll get. SIGA is asking a bankruptcy court judge to keep the bonuses under seal because making it public could negatively impact its operations and infringe on the privacy of the employees. The four executives earned a total of $4.9M in compensation in 2013, filings show. SIGA, which contributes smallpox vaccine Tecovirimat to the US Strategic National Stockpile, could owe drug maker PharmAthene (PIP) $190M in a long-running licensing dispute that led to SIGA's bankruptcy filing. (sara.randazzo@wsj.com; @sara_randazzo)

(END) Dow Jones Newswires

January 29, 2015 11:37 ET (16:37 GMT)"
Denmark  to  Intervene  More To Curb DKK Appreciation -- Market Talk,2015-01-29,"1637 GMT Today's cut by the Danish central bank was prompted by the DNB's strong commitment to its exchange rate peg to the euro, says Citigroup. There were probably strong capital flows into Denmark after the Swiss National Bank scrapped its currency floor Jan. 15, compounded by the ECB's quantitative easing announcement last week. More action from the Danish central bank is to come, Citi's economists say. ""As we expect demand for Danish kroner likely will remain high, we reckon the DNB will be forced to continue intervening in the FX market and, likely could be forced to cut the CD-rate deeper into negative territory,"" strategists said. (chiara.albanese@wsj.com) 


 
Contact us in London. +44-20-7842-9464 
markettalk@wsj.com 
 

(END) Dow Jones Newswires

January 29, 2015 11:37 ET (16:37 GMT)"
Danish crown falls after Denmark's cuts rates again,2015-01-29,"LONDON, Jan 29 (Reuters) - The Danish crown fell to a day's low against the euro on Thursday after Denmark's central bank took interest rates deeper into negative territory to ward off upward pressure on the currency.

The central bank lowered the certificate of deposit rate to a record low of -0.5 percent, from -0.35 percent, and said the rate cut followed intervention in the currency market.

This was the third rate cut in two weeks, broadly a response to the European Central Bank's decision to embark on one-trillion-euro worth of additional stimulus for the euro zone economy.

In afternoon trade, the crown weakened to 7.4452 crowns per euro from 7.4440 before the rate cut, before recovering to trade at 7.4438.

Traders said the central bank has been intervening in the past few days after buying 6.9 billion crowns ($1.1 billion) in the market between September and November 2014.

An intervention often precedes a rate cut in Denmark. (Reporting by Anirban Nag; editing by Patrick Graham) 

Released: 2015-1-29T16:17:23.000Z"
"FACTBOX- Denmark  and the ERM II, how  intervention  works",2015-01-20,"BRUSSELS, Jan 20 (Reuters) - Financial markets expect the Danish crown might appreciate after an expected European Central Bank decision on Thursday to start quantitative easing, threatening to break out of its narrow fixed fluctuation band against the euro.

Below are some key elements of the Danish crown's fixing in the band, called the Exchange Rate Mechanism II, which is the waiting room for currencies to prove they are stable against the euro before a country joins the single currency area.

* The Danish crown joined ERM II on January 1, 1999. The central rate is 7.46038 crowns to the euro.

* The normal trading band in the ERM II around the central parity is +/-15 percent. The Danish central bank, however, has set a narrower corridor of plus or minus 2.25 percent on either side of the central parity. The crown has historically been stable around the central parity rate at +/-0.5 percent.

* Because it is pegged so closely to the euro exchange rate, and Danish central bank interest rates are the same as the European Central Bank's, the Danish currency is effectively the same as the euro, although the Danish central bank has no say in ECB's monetary policy decisions.

* Should markets push the exchange rate of the Danish crown outside the agreed band, the European Central Bank and the Danish central bank would coordinate interventions on the market to keep the crown within the set corridor.

* The ECB and the Danish central bank can agree to intervene on the market while the crown is still well within the band.

* When the crown is about to breach the band limits, central bank intervention is automatic and unlimited. The only limiting factor would be if the intervention might threaten the overriding objective of price stability.

* The Danish government and central bank together with euro zone finance ministers and the ECB can agree to change the central parity rate and the process can be confidential until it is agreed.

* Denmark, like Britain, has a formal opt-out from joining the euro, so it has no formal obligation to be in the ERM II.

(Reporting By Jan Strupczewski; Editing by Catherine Evans)

Released: 2015-1-23T14:08:27.000Z"
Denmark  Central Bank  Cuts Key Rates,2015-01-20,"(RTTNews) - Denmark cut its key interest rate unexpectedly on Monday ahead of the European Central Bank's policy meeting on Thursday.

The Nationalbank's lending rate and interest rate on certificates of deposit were reduced by 0.15 percentage point each. The lending rate was lowered to 0.05 percent from 0.2 percent and the deposit rate to -0.2 percent from -0.05 percent.

The discount rate and the current account rate are unchanged.

The central bank action came after the Swiss National Bank discontinued the currency ceiling of Swiss franc and lowered its interest rate to -0.75 percent.

The move from the Denmark central bank follows steady upward pressure on the krone and could heighten speculation that the Nationalbank will ultimately have to abandon its peg to the euro, Jessica Hinds, a European economist at Capital Economics said.

Indeed, the currency could come under more upward pressure once ECB quantitative easing is implemented and perhaps amid safe haven flows as an alternative to Switzerland, the economist noted.

The economist suspects that a further rate cut and additional foreign exchange intervention are to come in Denmark.

For comments and feedback: contact editorial@rttnews.com

Copyright(c) 2015 RTTNews.com. All Rights Reserved"
"Danish crown at 2-1/2 yr high vs euro, some bet peg could come under threat",2015-01-19,"LONDON, Jan 19 (Reuters) - The Danish crown hit a 2-1/2 year high against the euro on Monday as investors seeking a safe haven switched from the Swiss franc in the wake of Switzerland's move to abandon its currency cap and impose hefty negative interest rates.

Traders said some speculators were betting that Denmark could be next to abandon its currency peg to the euro, given expectations for prolonged euro weakness if the European Central Bank opts for quantitative easing. Analysts, however, said they expected the Danish peg to remain intact.

Denmark's central bank was intervening to prevent the crown from gaining beyond 7.43 crowns per euro, traders said. There was also talk that it could cut interest rates further into negative territory to rein in the crown.

""The central bank is buying euro and selling Danish to keep it at these levels,"" said a senior trader with a Scandinavian bank. ""They can continue being here without any problem, but they can also cut the rate or let the euro rate go lower.""

The ECB is expected to launch QE, possibly announcing such a scheme as soon as at its meeting on Thursday.

The crown was at its highest against the euro since mid-2012 , when markets were betting Greece would leave the euro. The rise comes just days after the Swiss National Bank scrapped its three-year-old cap on the franc's value against the euro.

The SNB also took interest rates deeper into negative territory on Thursday, cutting the benchmark to -0.75 percent, compared with Denmark's -0.05 percent.

""With Denmark offering a higher interest rate than Switzerland and lower volatility we could see further capital flow redirected to the Danish crown,"" said Peter Rosenstreich, head of strategy at Swissquote, Geneva.

Like the franc, the crown is seen as a safe haven in times of economic stress.

Denmark is in the European Union but not the euro zone. Its central bank, the Nationalbank, aims to keep the crown within a band of 7.29252 to 7.62824 per euro. On Monday, it was trading at 7.4350, some distance from the central parity rate of 7.46038.

Between September and November 2014, the central bank bought 6.9 billion Danish crowns ($1.1 billion) in the market. Intervention is typically its first step before a rate move.

ABANDON THE CROWN PEG?

Speculation the Nationalbank could give up the peg, especially if the ECB opts for outright money-printing, has gathered momentum. Bearish sentiment towards the euro has also picked up ahead of a Greek election this weekend.

The spectre of a lengthy period of euro weakness and years of costly intervention are seen as behind the SNB's decision to ditch the franc cap.

""In the wake of the SNB's decision to drop the floor, markets are already looking for the next 'peg' to go,"" said Geoffrey Yu, a strategist with Switzerland's UBS in London.

""Realistically, the crown is the only currency which may have the ability to absorb large amounts of inflows,"" adding that he did not expect the Danish peg to go.

Both UBS and Danske Bank said there were differences between the Swiss and Danish regimes, pointing to widespread support for the peg in the Danish political system.

Traders said the market was not convinced.

""After the Swiss action all bets are off,"" said one Denmark-based trader. (Additional reporting by Partick Graham; Editing by Susan Fenton) 

Released: 2015-1-19T15:00:07.000Z"
"Denmark intervenes  in  currency  markets,  forex  reserves rise in Nov",2014-12-02,"COPENHAGEN, Dec 2 (Reuters) - Denmark's central bankintervened in the currency markets in November, buying foreign reserves to weaken the Danish crown and keep it within a peg to the euro, the central bank said on Tuesday.

Denmark's foreign exchange reserves rose slightly to 445.5 billion Danish crowns ($74 billion) in November from 443.3 in October, it said. Its net purchases of foreign exchange amounted to 3.8 billion crowns.

It was the third month in a row that the central bank intervened.

($1 = 5.9977 Danish crown) (Reporting by Ole Mikkelsen; editing by Sabina Zawadzki) 

Released: 2014-12-2T16:16:38.000Z"
"Danish cbank  intervened  in September to weaken crown,  forex  rise",2014-10-02,"COPENHAGEN, Oct 2 (Reuters) - Denmark's central bankintervened in the currency markets in September, selling 700 million Danish crowns to weaken the domestic currency, it said on Thursday.

The Danish crown, which is pegged to the euro, strengthened to a two year high that month.

The central bank said its foreign currency reserves had risen to 442.4 billion Danish crowns ($75 billion) in September from 441.6 in August.

(1 US dollar = 5.8945 Danish crown) (Reporting by Shida Chayesteh; editing by Sabina Zawadzki)

Released: 2014-10-5T14:11:24.000Z"
Danish crown rises versus euro after Denmark rate hike,2013-01-24,"LONDON, Jan 24 (Reuters) - The Danish crown rose to a session high against the euro on Thursday after Denmark's central bank raised interest rates to stem recent falls and keep it within its trading band.

The euro fell to a low of 7.4612 crowns from around 7.4619 beforehand. It had dropped earlier in the day, with traders reporting talk of a rate hike.

The central bank said the rate rise followed intervention in the foreign exchange market to steady the crown.

Denmark has a policy of keeping its currency trading 2.25 percentage points around a central rate of 7.46038 against the euro. This means the crown can in theory fluctuate between 7.29252 and 7.62824, though in practice the central bank maintains a much tighter band.

(Reporting by Jessica Mortimer)

MARKETS-FOREX/DANISH CROWN(URGENT) | ABN | D | M | DA | FN | NW | SW | RBN | RNP | DNP | PTD"
"NORDIC MORNING BRIEFING: Eyes on U.S. Earnings, CPI",2012-10-16,"
 
TODAY'S CALENDAR-All times GMT 
 
Nordic Macro 
n/a Swedish PM Reinfeldt meets 
German Chancellor Merkel 
 
Other Macro 
0830 UK PPI for Sep 
0830 UK CPI for Sep 
0830 Spain t-bill auction 
0900 Greece t-bill auction 
0900 EU CPI for Sep 
0900 Germany ZEW indicator of 
economic sentiment for Oct 
1000 EFSF auctions up to 
EUR2B 6-month bills 
1230 US CPI for Sep 
1315 US industrial production 
and capacity utilization 
for Sep 
1400 US NAHB housing market 
index for Oct 
 
Nordic Equities 
0600 Fabege AB 3Q 
0900 Castellum AB 3Q 
 
Other Equities 
n/a IBM Corp. 3Q 
n/a Coca-Cola Co. 3Q 
n/a Goldman Sachs Group Inc 3Q 
n/a Intel Corp. 3Q 
n/a Johnson & Johnson 3Q 
 
 
IN FOCUS: 

Investors have plenty to look forward to Tuesday as the agenda offers a flurry of earnings from major U.S. companies, a string of data and government debt auctions.

U.S. inflation data at 1230 GMT is one of the highlights. Later in the afternoon, U.S. industrial and housing data is also expected.

""The recent surge in gasoline prices continued in September, pointing to another big gain in overall U.S. consumer prices,"" Capital Economics said in a note.

In Europe, inflation data is expected too and troubled nations Spain and Greece are both due to hold government debt auctions in the morning.

The European earnings season kicks off in earnest this week. The U.S. earnings season started a little earlier and a number of giant corporations release third quarter figures Tuesday as earnings reports are expected from the likes of International Business Machines Corp. (IBM), Coca-Cola Co. (KO) and Goldman Sachs Group Inc. (GS).

Another highlight this week occurs Thursday when the EU summit will be in the spotlight. As European leaders meet, Spain and Greece will likely be top on the agenda. As for Greece, there is uncertainty over when the debt-laden country will receive its next tranche of aid from its troika of lenders consisting of the International Monetary Fund, the European Commission and the European Central Bank. And for Spain, investors are keen to see when the troubled nation will request financial aid.

FOREX: 
 
EUR/NOK 
Latest 0150 GMT  7.3874-972 
Previous 2150 GMT 7.3917-4003 
%Chg -0.05 
 
EUR/SEK 
Latest 0150 GMT 8.6213-342 
Previous 2150 GMT 8.6199-297 
%Chg  +0.03 
 
 
USD/NOK 
Latest 0150 GMT   5.7037-120 
Previous 2150 GMT  5.7091-144 
%Chg -0.07 
 
 
USD/SEK 
Latest 0150 GMT  6.6556-646 
Previous 2150 GMT  6.6578-638 
%Chg -0.01 
 
 
NORDIC CURRENCIES: 

Nordic currency traders will have their eyes fixed on mainly U.S. inflation and industrial production Tuesday, but also Greek and Spanish short term government debt auctions will attract plenty of attention.

Lately, U.S. job figures and retail sales have surprised positively, and a continuance of that trend would hold a hand under the Scandinavian currencies, and mainly the export-dependent Swedish krona, said SEB currency strategist Richard Falkenhall. still, Mr. Falkenhall said, the upside as well as downside risks to the Nordic currencies from macro news Tuesday are moderate, because the market has already locked in on the monetary policy meetings of Norway and Sweden's central banks later this month.

The market sees the potential of a 25 basispoints Swedish rate cut on October 31 at just over 50%, but Falkenhall holds this for unlikely. ""We think it's too aggressive. We think they will leave the rate unchanged for now,"" he said. He estimated the next rate cut won't come until the December policy meeting, although a high level of foreign currency inflows is seen to continue, causing the Swedish krona to gradually appreciate against the euro. SEB has a negative short-term outlook on Norway's krone - mainly due to planned foreign currency buying by the central bank in November - but expects it to appreciate going into the new year.


STOCK INDEXES: 
 
OMXN40 1,020.99  +9.89   +1.0% 
OMXS30 1,063.71  +5.01   +0.5% 
OBX      417.76  -0.10  -0.02% 
OMXC20   496.66  +5.25   +1.1% 
OMXH25 2,046.96 +13.67   +0.7% 
 
Brent  $115.86  +$0.06     0.0% 
 
 
NORDIC MARKETS: 

""This week's most important event will likely be the EU top meeting that takes place Thursday to Friday,"" market strategist Michael Canborn at IG said in a note.

""Market participants want clarity on whether Greece will receive money from EU/IMF and if a rescue package is in the cards for Spain,"" Mr. Canborn added.

Plenty of major U.S. companies report third quarter figures Tuesday while the Swedish earnings season kicks off Wednesday.

""Slumping commodity prices and weak leading indicators point to a tough Q3 reporting season,"" Handelsbanken Capital Markets said in a note.

""On top, expectations for next year look aggressive, with consensus expecting an overwhelming majority of companies to post higher margins,"" Handelsbanken added and said healthcare and financials are ""the best picks from a bad bunch.""

Third quarter figures from companies like investment firm Investor AB (INVE-B.SK), telecommunication services provider Teliasonera AB (TLSN.SK) and ball bearings maker SKF AB (SKF-B.SK) are expected Wednesday. Investors are likely to keep an extra close eye on SKF which is viewed as a bellwether of manufacturing.

Thursday is also a busy day of earnings in the Nordics, with third quarter earnings from troubled Finnish handset maker Nokia (NOK) on the agenda.


ENERGY: 

Crude was mixed in Asia on Tuesday with global economic concerns putting a lid on prices which were supported by tighter European Union sanctions against Iran, analysts said.

New York's main contract, light sweet crude for November delivery shed 22 cents to $91.63 a barrel while Brent North Sea crude for November delivery added six cents to $115.86.

Crude was ""holding relatively steady"" as fresh Iranian sanctions tussled with global economic worries for traders' attention, said Victor Shum, senior principal of Purvin and Gertz energy consultants in Singapore.

""We have concerns about the economy, in particular Europe exerting downward pressure, but supporting oil are the tighter sanctions on Iran from the EU,"" he told AFP.

European Union foreign ministers on Monday agreed tough sanctions against Iran, aimed at forcing a breakthrough in talks on Tehran's nuclear programme, and also the regime in war-ravaged Syria.

The new sanctions target EU dealings with Iran's banks, shipping and gas imports. Details on those targeted will be released later Tuesday but a government minister is on the new blacklist, diplomats said.

Meanwhile, traders were looking to an EU summit commencing Thursday for any breakthroughs on the fragile regional economy as debt-straddled Spain continues to hold off on requesting for a bailout while Greece negotiates for future funding.


NEWS ROUNDUP: 

SWEDEN: Hennes & Mauritz AB (HM-B.SK), the Swedish fashion retailer, Monday said total sales in local currencies rose 15% in September compared with a year earlier, a tad higher than previously communicated.

NORWAY: Norsk Hydro ASA (NHY.OS), the Norwegian aluminum producer, and consumer goods conglomerate Orkla ASA (ORK.OS) said they have agreed to join forces, building systems and tubing businesses as they react to toughening conditions and prepare for future emerging market growth creating an equal joint venture called Sapa.

SWEDEN: Netflix Inc. (NFLX), the U.S. online video company, has kicked off its Scandinavian expansion by launching its video streaming service in Sweden.

SWEDEN: Clas Ohlson AB (CLAS-B.SK), the Swedish home improvement retailer, said its sales in September increased 6% from September last year.

SWEDEN: Sweden's finance minister Anders Borg said Saturday that it is likely Greece will end up leaving the euro zone, a move that would establish a separate currency that could help the troubled southern European economy regain competitiveness.

DENMARK: Earlier this year the Danish central bankintervened in markets to weaken the krone. It is expected to make another foray soon -- this time to prop up the currency. The Nationalbanken may even go so far as to raise interest rates to protect its precious peg, market participants say.

-Write to Katarina Gustafsson at katarina.gustafsson@dowjones.com

(Flemming Hansen in Copenhagen contributed to this report.) [ 16-10-12 0306GMT ]

77791"
"NORDIC MORNING BRIEFING: Eyes on U.S. Earnings, CPI",2012-10-16,"
 
TODAY'S CALENDAR-All times GMT 
 
Nordic Macro 
n/a Swedish PM Reinfeldt meets 
German Chancellor Merkel 
 
Other Macro 
0830 UK PPI for Sep 
0830 UK CPI for Sep 
0830 Spain t-bill auction 
0900 Greece t-bill auction 
0900 EU CPI for Sep 
0900 Germany ZEW indicator of 
economic sentiment for Oct 
1000 EFSF auctions up to 
EUR2B 6-month bills 
1230 US CPI for Sep 
1315 US industrial production 
and capacity utilization 
for Sep 
1400 US NAHB housing market 
index for Oct 
 
Nordic Equities 
0600 Fabege AB 3Q 
0900 Castellum AB 3Q 
 
Other Equities 
n/a IBM Corp. 3Q 
n/a Coca-Cola Co. 3Q 
n/a Goldman Sachs Group Inc 3Q 
n/a Intel Corp. 3Q 
n/a Johnson & Johnson 3Q 
 
 
IN FOCUS: 

Investors have plenty to look forward to Tuesday as the agenda offers a flurry of earnings from major U.S. companies, a string of data and government debt auctions.

U.S. inflation data at 1230 GMT is one of the highlights. Later in the afternoon, U.S. industrial and housing data is also expected.

""The recent surge in gasoline prices continued in September, pointing to another big gain in overall U.S. consumer prices,"" Capital Economics said in a note.

In Europe, inflation data is expected too and troubled nations Spain and Greece are both due to hold government debt auctions in the morning.

The European earnings season kicks off in earnest this week. The U.S. earnings season started a little earlier and a number of giant corporations release third quarter figures Tuesday as earnings reports are expected from the likes of International Business Machines Corp. (IBM), Coca-Cola Co. (KO) and Goldman Sachs Group Inc. (GS).

Another highlight this week occurs Thursday when the EU summit will be in the spotlight. As European leaders meet, Spain and Greece will likely be top on the agenda. As for Greece, there is uncertainty over when the debt-laden country will receive its next tranche of aid from its troika of lenders consisting of the International Monetary Fund, the European Commission and the European Central Bank. And for Spain, investors are keen to see when the troubled nation will request financial aid.

FOREX: 
 
EUR/NOK 
Latest 0150 GMT  7.3874-972 
Previous 2150 GMT 7.3917-4003 
%Chg -0.05 
 
EUR/SEK 
Latest 0150 GMT 8.6213-342 
Previous 2150 GMT 8.6199-297 
%Chg  +0.03 
 
 
USD/NOK 
Latest 0150 GMT   5.7037-120 
Previous 2150 GMT  5.7091-144 
%Chg -0.07 
 
 
USD/SEK 
Latest 0150 GMT  6.6556-646 
Previous 2150 GMT  6.6578-638 
%Chg -0.01 
 
 
NORDIC CURRENCIES: 

Nordic currency traders will have their eyes fixed on mainly U.S. inflation and industrial production Tuesday, but also Greek and Spanish short term government debt auctions will attract plenty of attention.

Lately, U.S. job figures and retail sales have surprised positively, and a continuance of that trend would hold a hand under the Scandinavian currencies, and mainly the export-dependent Swedish krona, said SEB currency strategist Richard Falkenhall. still, Mr. Falkenhall said, the upside as well as downside risks to the Nordic currencies from macro news Tuesday are moderate, because the market has already locked in on the monetary policy meetings of Norway and Sweden's central banks later this month.

The market sees the potential of a 25 basispoints Swedish rate cut on October 31 at just over 50%, but Falkenhall holds this for unlikely. ""We think it's too aggressive. We think they will leave the rate unchanged for now,"" he said. He estimated the next rate cut won't come until the December policy meeting, although a high level of foreign currency inflows is seen to continue, causing the Swedish krona to gradually appreciate against the euro. SEB has a negative short-term outlook on Norway's krone - mainly due to planned foreign currency buying by the central bank in November - but expects it to appreciate going into the new year.


STOCK INDEXES: 
 
OMXN40 1,020.99  +9.89   +1.0% 
OMXS30 1,063.71  +5.01   +0.5% 
OBX      417.76  -0.10  -0.02% 
OMXC20   496.66  +5.25   +1.1% 
OMXH25 2,046.96 +13.67   +0.7% 
 
Brent  $115.86  +$0.06     0.0% 
 
 
NORDIC MARKETS: 

""This week's most important event will likely be the EU top meeting that takes place Thursday to Friday,"" market strategist Michael Canborn at IG said in a note.

""Market participants want clarity on whether Greece will receive money from EU/IMF and if a rescue package is in the cards for Spain,"" Mr. Canborn added.

Plenty of major U.S. companies report third quarter figures Tuesday while the Swedish earnings season kicks off Wednesday.

""Slumping commodity prices and weak leading indicators point to a tough Q3 reporting season,"" Handelsbanken Capital Markets said in a note.

""On top, expectations for next year look aggressive, with consensus expecting an overwhelming majority of companies to post higher margins,"" Handelsbanken added and said healthcare and financials are ""the best picks from a bad bunch.""

Third quarter figures from companies like investment firm Investor AB (INVE-B.SK), telecommunication services provider Teliasonera AB (TLSN.SK) and ball bearings maker SKF AB (SKF-B.SK) are expected Wednesday. Investors are likely to keep an extra close eye on SKF which is viewed as a bellwether of manufacturing.

Thursday is also a busy day of earnings in the Nordics, with third quarter earnings from troubled Finnish handset maker Nokia (NOK) on the agenda.


ENERGY: 

Crude was mixed in Asia on Tuesday with global economic concerns putting a lid on prices which were supported by tighter European Union sanctions against Iran, analysts said.

New York's main contract, light sweet crude for November delivery shed 22 cents to $91.63 a barrel while Brent North Sea crude for November delivery added six cents to $115.86.

Crude was ""holding relatively steady"" as fresh Iranian sanctions tussled with global economic worries for traders' attention, said Victor Shum, senior principal of Purvin and Gertz energy consultants in Singapore.

""We have concerns about the economy, in particular Europe exerting downward pressure, but supporting oil are the tighter sanctions on Iran from the EU,"" he told AFP.

European Union foreign ministers on Monday agreed tough sanctions against Iran, aimed at forcing a breakthrough in talks on Tehran's nuclear programme, and also the regime in war-ravaged Syria.

The new sanctions target EU dealings with Iran's banks, shipping and gas imports. Details on those targeted will be released later Tuesday but a government minister is on the new blacklist, diplomats said.

Meanwhile, traders were looking to an EU summit commencing Thursday for any breakthroughs on the fragile regional economy as debt-straddled Spain continues to hold off on requesting for a bailout while Greece negotiates for future funding.


NEWS ROUNDUP: 

SWEDEN: Hennes & Mauritz AB (HM-B.SK), the Swedish fashion retailer, Monday said total sales in local currencies rose 15% in September compared with a year earlier, a tad higher than previously communicated.

NORWAY: Norsk Hydro ASA (NHY.OS), the Norwegian aluminum producer, and consumer goods conglomerate Orkla ASA (ORK.OS) said they have agreed to join forces, building systems and tubing businesses as they react to toughening conditions and prepare for future emerging market growth creating an equal joint venture called Sapa.

SWEDEN: Netflix Inc. (NFLX), the U.S. online video company, has kicked off its Scandinavian expansion by launching its video streaming service in Sweden.

SWEDEN: Clas Ohlson AB (CLAS-B.SK), the Swedish home improvement retailer, said its sales in September increased 6% from September last year.

SWEDEN: Sweden's finance minister Anders Borg said Saturday that it is likely Greece will end up leaving the euro zone, a move that would establish a separate currency that could help the troubled southern European economy regain competitiveness.

DENMARK: Earlier this year the Danish central bankintervened in markets to weaken the krone. It is expected to make another foray soon -- this time to prop up the currency. The Nationalbanken may even go so far as to raise interest rates to protect its precious peg, market participants say.

-Write to Katarina Gustafsson at katarina.gustafsson@dowjones.com

(Flemming Hansen in Copenhagen contributed to this report.) [ 10-15-12 2306ET ]

77791"
"NORDIC MORNING BRIEFING: Eyes on U.S. Earnings, CPI",2012-10-16,"
 
TODAY'S CALENDAR-All times GMT 
 
Nordic Macro 
n/a Swedish PM Reinfeldt meets 
German Chancellor Merkel 
 
Other Macro 
0830 UK PPI for Sep 
0830 UK CPI for Sep 
0830 Spain t-bill auction 
0900 Greece t-bill auction 
0900 EU CPI for Sep 
0900 Germany ZEW indicator of 
economic sentiment for Oct 
1000 EFSF auctions up to 
EUR2B 6-month bills 
1230 US CPI for Sep 
1315 US industrial production 
and capacity utilization 
for Sep 
1400 US NAHB housing market 
index for Oct 
 
Nordic Equities 
0600 Fabege AB 3Q 
0900 Castellum AB 3Q 
 
Other Equities 
n/a IBM Corp. 3Q 
n/a Coca-Cola Co. 3Q 
n/a Goldman Sachs Group Inc 3Q 
n/a Intel Corp. 3Q 
n/a Johnson & Johnson 3Q 
 
 
IN FOCUS: 

Investors have plenty to look forward to Tuesday as the agenda offers a flurry of earnings from major U.S. companies, a string of data and government debt auctions.

U.S. inflation data at 1230 GMT is one of the highlights. Later in the afternoon, U.S. industrial and housing data is also expected.

""The recent surge in gasoline prices continued in September, pointing to another big gain in overall U.S. consumer prices,"" Capital Economics said in a note.

In Europe, inflation data is expected too and troubled nations Spain and Greece are both due to hold government debt auctions in the morning.

The European earnings season kicks off in earnest this week. The U.S. earnings season started a little earlier and a number of giant corporations release third quarter figures Tuesday as earnings reports are expected from the likes of International Business Machines Corp. (IBM), Coca-Cola Co. (KO) and Goldman Sachs Group Inc. (GS).

Another highlight this week occurs Thursday when the EU summit will be in the spotlight. As European leaders meet, Spain and Greece will likely be top on the agenda. As for Greece, there is uncertainty over when the debt-laden country will receive its next tranche of aid from its troika of lenders consisting of the International Monetary Fund, the European Commission and the European Central Bank. And for Spain, investors are keen to see when the troubled nation will request financial aid.

FOREX: 
 
EUR/NOK 
Latest 0150 GMT  7.3874-972 
Previous 2150 GMT 7.3917-4003 
%Chg -0.05 
 
EUR/SEK 
Latest 0150 GMT 8.6213-342 
Previous 2150 GMT 8.6199-297 
%Chg  +0.03 
 
 
USD/NOK 
Latest 0150 GMT   5.7037-120 
Previous 2150 GMT  5.7091-144 
%Chg -0.07 
 
 
USD/SEK 
Latest 0150 GMT  6.6556-646 
Previous 2150 GMT  6.6578-638 
%Chg -0.01 
 
 
NORDIC CURRENCIES: 

Nordic currency traders will have their eyes fixed on mainly U.S. inflation and industrial production Tuesday, but also Greek and Spanish short term government debt auctions will attract plenty of attention.

Lately, U.S. job figures and retail sales have surprised positively, and a continuance of that trend would hold a hand under the Scandinavian currencies, and mainly the export-dependent Swedish krona, said SEB currency strategist Richard Falkenhall. still, Mr. Falkenhall said, the upside as well as downside risks to the Nordic currencies from macro news Tuesday are moderate, because the market has already locked in on the monetary policy meetings of Norway and Sweden's central banks later this month.

The market sees the potential of a 25 basispoints Swedish rate cut on October 31 at just over 50%, but Falkenhall holds this for unlikely. ""We think it's too aggressive. We think they will leave the rate unchanged for now,"" he said. He estimated the next rate cut won't come until the December policy meeting, although a high level of foreign currency inflows is seen to continue, causing the Swedish krona to gradually appreciate against the euro. SEB has a negative short-term outlook on Norway's krone - mainly due to planned foreign currency buying by the central bank in November - but expects it to appreciate going into the new year.


STOCK INDEXES: 
 
OMXN40 1,020.99  +9.89   +1.0% 
OMXS30 1,063.71  +5.01   +0.5% 
OBX      417.76  -0.10  -0.02% 
OMXC20   496.66  +5.25   +1.1% 
OMXH25 2,046.96 +13.67   +0.7% 
 
Brent  $115.86  +$0.06     0.0% 
 
 
NORDIC MARKETS: 

""This week's most important event will likely be the EU top meeting that takes place Thursday to Friday,"" market strategist Michael Canborn at IG said in a note.

""Market participants want clarity on whether Greece will receive money from EU/IMF and if a rescue package is in the cards for Spain,"" Mr. Canborn added.

Plenty of major U.S. companies report third quarter figures Tuesday while the Swedish earnings season kicks off Wednesday.

""Slumping commodity prices and weak leading indicators point to a tough Q3 reporting season,"" Handelsbanken Capital Markets said in a note.

""On top, expectations for next year look aggressive, with consensus expecting an overwhelming majority of companies to post higher margins,"" Handelsbanken added and said healthcare and financials are ""the best picks from a bad bunch.""

Third quarter figures from companies like investment firm Investor AB (INVE-B.SK), telecommunication services provider Teliasonera AB (TLSN.SK) and ball bearings maker SKF AB (SKF-B.SK) are expected Wednesday. Investors are likely to keep an extra close eye on SKF which is viewed as a bellwether of manufacturing.

Thursday is also a busy day of earnings in the Nordics, with third quarter earnings from troubled Finnish handset maker Nokia (NOK) on the agenda.


ENERGY: 

Crude was mixed in Asia on Tuesday with global economic concerns putting a lid on prices which were supported by tighter European Union sanctions against Iran, analysts said.

New York's main contract, light sweet crude for November delivery shed 22 cents to $91.63 a barrel while Brent North Sea crude for November delivery added six cents to $115.86.

Crude was ""holding relatively steady"" as fresh Iranian sanctions tussled with global economic worries for traders' attention, said Victor Shum, senior principal of Purvin and Gertz energy consultants in Singapore.

""We have concerns about the economy, in particular Europe exerting downward pressure, but supporting oil are the tighter sanctions on Iran from the EU,"" he told AFP.

European Union foreign ministers on Monday agreed tough sanctions against Iran, aimed at forcing a breakthrough in talks on Tehran's nuclear programme, and also the regime in war-ravaged Syria.

The new sanctions target EU dealings with Iran's banks, shipping and gas imports. Details on those targeted will be released later Tuesday but a government minister is on the new blacklist, diplomats said.

Meanwhile, traders were looking to an EU summit commencing Thursday for any breakthroughs on the fragile regional economy as debt-straddled Spain continues to hold off on requesting for a bailout while Greece negotiates for future funding.


NEWS ROUNDUP: 

SWEDEN: Hennes & Mauritz AB (HM-B.SK), the Swedish fashion retailer, Monday said total sales in local currencies rose 15% in September compared with a year earlier, a tad higher than previously communicated.

NORWAY: Norsk Hydro ASA (NHY.OS), the Norwegian aluminum producer, and consumer goods conglomerate Orkla ASA (ORK.OS) said they have agreed to join forces, building systems and tubing businesses as they react to toughening conditions and prepare for future emerging market growth creating an equal joint venture called Sapa.

SWEDEN: Netflix Inc. (NFLX), the U.S. online video company, has kicked off its Scandinavian expansion by launching its video streaming service in Sweden.

SWEDEN: Clas Ohlson AB (CLAS-B.SK), the Swedish home improvement retailer, said its sales in September increased 6% from September last year.

SWEDEN: Sweden's finance minister Anders Borg said Saturday that it is likely Greece will end up leaving the euro zone, a move that would establish a separate currency that could help the troubled southern European economy regain competitiveness.

DENMARK: Earlier this year the Danish central bankintervened in markets to weaken the krone. It is expected to make another foray soon -- this time to prop up the currency. The Nationalbanken may even go so far as to raise interest rates to protect its precious peg, market participants say.

-Write to Katarina Gustafsson at katarina.gustafsson@dowjones.com

(Flemming Hansen in Copenhagen contributed to this report.) [ 16-10-12 0306GMT ]

77791"
"NORDIC MORNING BRIEFING: Eyes on U.S. Earnings, CPI",2012-10-16,"
 
TODAY'S CALENDAR-All times GMT 
 
Nordic Macro 
n/a Swedish PM Reinfeldt meets 
German Chancellor Merkel 
 
Other Macro 
0830 UK PPI for Sep 
0830 UK CPI for Sep 
0830 Spain t-bill auction 
0900 Greece t-bill auction 
0900 EU CPI for Sep 
0900 Germany ZEW indicator of 
economic sentiment for Oct 
1000 EFSF auctions up to 
EUR2B 6-month bills 
1230 US CPI for Sep 
1315 US industrial production 
and capacity utilization 
for Sep 
1400 US NAHB housing market 
index for Oct 
 
Nordic Equities 
0600 Fabege AB 3Q 
0900 Castellum AB 3Q 
 
Other Equities 
n/a IBM Corp. 3Q 
n/a Coca-Cola Co. 3Q 
n/a Goldman Sachs Group Inc 3Q 
n/a Intel Corp. 3Q 
n/a Johnson & Johnson 3Q 
 
 
IN FOCUS: 

Investors have plenty to look forward to Tuesday as the agenda offers a flurry of earnings from major U.S. companies, a string of data and government debt auctions.

U.S. inflation data at 1230 GMT is one of the highlights. Later in the afternoon, U.S. industrial and housing data is also expected.

""The recent surge in gasoline prices continued in September, pointing to another big gain in overall U.S. consumer prices,"" Capital Economics said in a note.

In Europe, inflation data is expected too and troubled nations Spain and Greece are both due to hold government debt auctions in the morning.

The European earnings season kicks off in earnest this week. The U.S. earnings season started a little earlier and a number of giant corporations release third quarter figures Tuesday as earnings reports are expected from the likes of International Business Machines Corp. (IBM), Coca-Cola Co. (KO) and Goldman Sachs Group Inc. (GS).

Another highlight this week occurs Thursday when the EU summit will be in the spotlight. As European leaders meet, Spain and Greece will likely be top on the agenda. As for Greece, there is uncertainty over when the debt-laden country will receive its next tranche of aid from its troika of lenders consisting of the International Monetary Fund, the European Commission and the European Central Bank. And for Spain, investors are keen to see when the troubled nation will request financial aid.

FOREX: 
 
EUR/NOK 
Latest 0150 GMT  7.3874-972 
Previous 2150 GMT 7.3917-4003 
%Chg -0.05 
 
EUR/SEK 
Latest 0150 GMT 8.6213-342 
Previous 2150 GMT 8.6199-297 
%Chg  +0.03 
 
 
USD/NOK 
Latest 0150 GMT   5.7037-120 
Previous 2150 GMT  5.7091-144 
%Chg -0.07 
 
 
USD/SEK 
Latest 0150 GMT  6.6556-646 
Previous 2150 GMT  6.6578-638 
%Chg -0.01 
 
 
NORDIC CURRENCIES: 

Nordic currency traders will have their eyes fixed on mainly U.S. inflation and industrial production Tuesday, but also Greek and Spanish short term government debt auctions will attract plenty of attention.

Lately, U.S. job figures and retail sales have surprised positively, and a continuance of that trend would hold a hand under the Scandinavian currencies, and mainly the export-dependent Swedish krona, said SEB currency strategist Richard Falkenhall. still, Mr. Falkenhall said, the upside as well as downside risks to the Nordic currencies from macro news Tuesday are moderate, because the market has already locked in on the monetary policy meetings of Norway and Sweden's central banks later this month.

The market sees the potential of a 25 basispoints Swedish rate cut on October 31 at just over 50%, but Falkenhall holds this for unlikely. ""We think it's too aggressive. We think they will leave the rate unchanged for now,"" he said. He estimated the next rate cut won't come until the December policy meeting, although a high level of foreign currency inflows is seen to continue, causing the Swedish krona to gradually appreciate against the euro. SEB has a negative short-term outlook on Norway's krone - mainly due to planned foreign currency buying by the central bank in November - but expects it to appreciate going into the new year.


STOCK INDEXES: 
 
OMXN40 1,020.99  +9.89   +1.0% 
OMXS30 1,063.71  +5.01   +0.5% 
OBX      417.76  -0.10  -0.02% 
OMXC20   496.66  +5.25   +1.1% 
OMXH25 2,046.96 +13.67   +0.7% 
 
Brent  $115.86  +$0.06     0.0% 
 
 
NORDIC MARKETS: 

""This week's most important event will likely be the EU top meeting that takes place Thursday to Friday,"" market strategist Michael Canborn at IG said in a note.

""Market participants want clarity on whether Greece will receive money from EU/IMF and if a rescue package is in the cards for Spain,"" Mr. Canborn added.

Plenty of major U.S. companies report third quarter figures Tuesday while the Swedish earnings season kicks off Wednesday.

""Slumping commodity prices and weak leading indicators point to a tough Q3 reporting season,"" Handelsbanken Capital Markets said in a note.

""On top, expectations for next year look aggressive, with consensus expecting an overwhelming majority of companies to post higher margins,"" Handelsbanken added and said healthcare and financials are ""the best picks from a bad bunch.""

Third quarter figures from companies like investment firm Investor AB (INVE-B.SK), telecommunication services provider Teliasonera AB (TLSN.SK) and ball bearings maker SKF AB (SKF-B.SK) are expected Wednesday. Investors are likely to keep an extra close eye on SKF which is viewed as a bellwether of manufacturing.

Thursday is also a busy day of earnings in the Nordics, with third quarter earnings from troubled Finnish handset maker Nokia (NOK) on the agenda.


ENERGY: 

Crude was mixed in Asia on Tuesday with global economic concerns putting a lid on prices which were supported by tighter European Union sanctions against Iran, analysts said.

New York's main contract, light sweet crude for November delivery shed 22 cents to $91.63 a barrel while Brent North Sea crude for November delivery added six cents to $115.86.

Crude was ""holding relatively steady"" as fresh Iranian sanctions tussled with global economic worries for traders' attention, said Victor Shum, senior principal of Purvin and Gertz energy consultants in Singapore.

""We have concerns about the economy, in particular Europe exerting downward pressure, but supporting oil are the tighter sanctions on Iran from the EU,"" he told AFP.

European Union foreign ministers on Monday agreed tough sanctions against Iran, aimed at forcing a breakthrough in talks on Tehran's nuclear programme, and also the regime in war-ravaged Syria.

The new sanctions target EU dealings with Iran's banks, shipping and gas imports. Details on those targeted will be released later Tuesday but a government minister is on the new blacklist, diplomats said.

Meanwhile, traders were looking to an EU summit commencing Thursday for any breakthroughs on the fragile regional economy as debt-straddled Spain continues to hold off on requesting for a bailout while Greece negotiates for future funding.


NEWS ROUNDUP: 

SWEDEN: Hennes & Mauritz AB (HM-B.SK), the Swedish fashion retailer, Monday said total sales in local currencies rose 15% in September compared with a year earlier, a tad higher than previously communicated.

NORWAY: Norsk Hydro ASA (NHY.OS), the Norwegian aluminum producer, and consumer goods conglomerate Orkla ASA (ORK.OS) said they have agreed to join forces, building systems and tubing businesses as they react to toughening conditions and prepare for future emerging market growth creating an equal joint venture called Sapa.

SWEDEN: Netflix Inc. (NFLX), the U.S. online video company, has kicked off its Scandinavian expansion by launching its video streaming service in Sweden.

SWEDEN: Clas Ohlson AB (CLAS-B.SK), the Swedish home improvement retailer, said its sales in September increased 6% from September last year.

SWEDEN: Sweden's finance minister Anders Borg said Saturday that it is likely Greece will end up leaving the euro zone, a move that would establish a separate currency that could help the troubled southern European economy regain competitiveness.

DENMARK: Earlier this year the Danish central bankintervened in markets to weaken the krone. It is expected to make another foray soon -- this time to prop up the currency. The Nationalbanken may even go so far as to raise interest rates to protect its precious peg, market participants say.

-Write to Katarina Gustafsson at katarina.gustafsson@dowjones.com

(Flemming Hansen in Copenhagen contributed to this report.) [ 10-15-12 2306ET ]

77791"
DJ Danish  Central Bank  Seen Stepping Up Krone Defenses,2012-10-12,"--Denmark's central bank expected to change tact and support the currency

--Krone weakness seen prompting central bank intervention

--Interest rates could be raised if krone weakness persists

By Clare Connaghan

The tide is turning in Denmark.

Earlier this year the Danish central bankintervened in markets to weaken the krone. It is expected to make another foray soon -- this time to prop up the currency.

The Nationalbanken may even go so far as to raise interest rates to protect its precious peg, market participants say.

The bank's stated aim is to keep the krone trading within 2.25% either side of DKK7.46038 against the euro. In practice, the range has been much tighter, economists say.

""We are definitely now in the intervention zone, with the krone trading at levels where we expect the Danish central bank to step in and start buying the krone to support the currency,"" said Arne Lohmann Rasmussen, chief analyst at Danske Bank in Copenhagen.

The krone has weakened in recent months as tensions in the euro-zone ease, reducing investor appetite for safe-haven currencies like the krone and Swiss franc. This after the Danish central bank cut its deposit rate to minus 0.2%.

Having slipped below DKK7.43 as recently as June, the euro this week rose to its highest level against the krone in more than four years. At 1320 GMT, it was trading at DKK7.4590.

September data published last week shows the central bank has already begun to intervene to a limited degree, after snapping up 600 million Danish kroner ($103.9 million).

But stronger action may be needed if the krone selloff picks up pace, analysts say.

""The first line of defense will be for the central bank to intervene further to support the currency,"" said Jakob Lage Hansen, an investment strategist at Skandinaviska Enskilda Banken, also in Copenhagen.

The central bank may even have to raise interest rates, he added.

""If currency weakness persists, then the Danish central bank would use interest rates as a second line of defense but we're not quite there yet,"" Mr. Hansen said.

Nationalbanken on July 5 cut its deposit rate to minus 0.2% from 0.05% and its policy lending rate to 0.2% from 0.45%. That was the same day the European Central Bank cut the interest rate on its deposit facility to zero and its main policy rate to 0.75%.

Write to Clare Connaghan at clare.connaghan@dowjones.com

(END) Dow Jones Newswires

October 12, 2012 09:54 ET (13:54 GMT)"
"UPDATE 1-Danish cbank net crown buyer, 1st time in 18 months",2012-10-02,"* Foreign exchange reserves fell to 513.5 bln DKK in Sept

* Nationalbank says bought net 0.6 bln Danish crowns

* Analysts see rate hike later this year

(Adds context, analyst comment)

COPENHAGEN, Oct 2 (Reuters) - Denmark's central bank said on Tuesday it had intervened in the foreign exchange market in September, becoming a net buyer of the Danish crown for the first time since March 2011.

The country's foreign exchange reserves, a monetary policy tool, fell by 0.9 billion crowns in the month to 513.5 billion Danish crowns ($88.9 billion), the central bank said.

It bought a net 0.6 billion Danish crowns for other currencies to steady the crown in line with its mandate. Since March 2011, it had been either a net seller of the crown or not intervening in the foreign exchange market at all.

Denmark, a European Union member but euro zone outsider, had been attracting investor interest as a safe haven from the euro sovereign debt crisis. But the upward pressure on the crown has eased with renewed EU efforts to contain the crisis.

Analysts said the central bank was seeking to prevent a further weakening of the crown as investors' appetite for risk revived somewhat during September.

""With the support purchase in September, Denmark's Nationalbank has taken its first step towards the first independent Danish interest rate increase since the end of 2008,"" Nordea analyst Jan Stoerup Nielsen wrote in a note.

He said the intervention was on a rather small scale and that the total net purchase would have to be closer to 15 billion crowns before the central bank took any action on rates.

He added, however, that a rate hike could come within the next three months.

Sydbank also said the net purchase was so modest that the central bank would likely keep interest rates unchanged.

""If the crown weakens further, Denmark's Nationalbank will undoubtedly buy again, and then a hike becomes a reality,"" Sydbank chief economist Jacob Graven said.

Such actions by the bank tend to precede changes in interest rates.

Denmark's policy of holding the crown steady against the euro means that the central bank shifts interest rates for the sole purpose of keeping the crown around its central parity of 7.46038 per euro. ($1 = 5.7773 Danish crowns)

(Reporting by Mia Shanley and Teis Jensen; Editing by Ruth Pitchford)

DENMARK-RESERVES/  (UPDATE 1) | ABN | D | E | RBN | M | DA | FN | NW | SW | RNP"
"UPDATE 1-Danish  forex  reserves slip, no  intervention  in April",2012-05-02,"(Adds details, quotes, background, crown rate)

* Reserves fall to 482.0 bln DKK in April

* C.bank says it did not intervene in forex market

COPENHAGEN, May 2 (Reuters) - Denmark's foreign exchange reserves, a monetary policy tool, fell slightly in April, and the central bank said on Wednesday it did not intervene in the forex market to steady the crown during the month.

The crown has been strong for months as investors wary of the European debt crisis have diversified out of euro assets and piled into non-euro holdings, including Danish government and mortgage bonds.

The Nationalbank, which runs a fixed exchange-rate monetary policy to keep the crown steady within a narrow band to the euro, can use the reserves to defend the peg, buying or selling crowns to bolster or weaken the currency.

The reserves fell by 1.1 billion crowns in April to 482.0 billion Danish crowns ($85.70 billion), the central bank said.

The drop stemmed from the bank's net sale of currency for 0.4 billion crowns and the government's repayment of foreign debt for 0.6 billion, it said.

The median forecast in a Reuters survey of analysts had been for a rise to 484.5 billion crowns.

The bank said it did not intervene in the foreign exchange market in April to steady the crown.

The reserves fell for a second consecutive month after a steep drop in March and remain below a peak of 498.7 billion crowns set in February.

""There are many signs that capital inflows from abroad have diminished in strength, so the Nationalbank did not find it necessary to buy foreign currency to hold the crown steady to the euro,"" Nykredit Markets senior economist Tore Stramer said in a note to clients.

Stramer said he still saw a chance that the Danish central bank would make an independent rate cut of 10 basis points in the coming months, but he noted that the crown had softened a bit and spreads to Germany narrowed recently.

""If this tendency continues in the coming weeks, the Nationalbank will, in our view, refrain from a further independent rate reduction,"" Stramer said.

The Nationalbank usually changes rates in lock-step with the European Central Bank to keep the rate spread to the euro zone steady, but the Danish bank can also alter rates independently to curb or support the crown within its band.

Changes in the forex reserves are a pointer to interest rate setting if they stem from central bank intervention in the market because such action by the bank tends to precede changes in interest rates.

European Union member but euro outsider Denmark's policy of holding the crown steady against the euro means that the central bank shifts interest rates for the sole purpose of keeping the crown around its central parity of 7.46038 per euro.

Under the ERM II system, the crown is permitted to fluctuate by plus or minus 2.25 percent around that parity, and therefore between 7.29252 and 7.62824 per euro, though in practice the central bank keeps an even tighter range.

The crown was at 7.4384 to the euro by 1425 GMT, unchanged from levels just before the bank's announcement. ($1 = 5.6246 Danish crowns)

(Reporting by John Acher; Editing by Toby Chopra)

DENMARK-RESERVES/ (UPDATE 1) | ABN | D | M | DA | FN | NW | SW"
"UPDATE 1-Danish  forex  reserves record high, no  intervention ",2012-02-02,"* Reserves rise to 492.6 bln DKK in Jan

* End-2012 reserves adjusted up by 10.2 bln DKK

* C.bank did not intervene to steady the currency

(Adds details, quotes)

COPENHAGEN, Feb 2 (Reuters) - Denmark's foreign exchange reserves climbed to a new all-time high in January after their end-2011 level was adjusted upwards, despite the central bank having refrained from intervention to steady the crown last month.

Denmark runs a fixed exchange-rate monetary policy, and the level of reserves is a pointer to policy as the central bank can use them to regulate the value of the crown. The bank said on Thursday it had not intervened in the market in January.

The foreign exchange reserves rose by 0.7 billion crowns in January to 492.6 billion crowns ($87.46 billion), the Nationalbank said in a statement.

That small increase followed an upward adjustment of the end-December value of the reserves by 10.2 billion crowns to a then-record 491.9 billion crowns, the bank said.

The revised December level exceeded a previous peak of 490.3 billion crowns set in September last year.

The bank said the rise in reserves in January reflected its net purchases of foreign currency, equivalent to 1.2 billion crowns, and net repayment by the central government of 0.4 billion crowns' worth of foreign debt.

""It looks like the massive pressure on the crown that has been there for some time is diminishing,"" Nykredit senior economist Tore Stramer said. ""The crown has been stable against the euro through January.""

European Union member Denmark's policy of holding the crown steady against the euro means the central bank shifts interest rates for the sole purpose of keeping the currency around its central parity of 7.46038 per euro.

The crown was strong throughout 2011 and has remained strong in early 2012 as foreign investors snap up Danish assets in a bid to diversify away from the crisis-hit euro zone.

""The huge foreign reserve is above all a reflection of the fact that investors have great faith in the Danish economy,"" Sydbank chief economist Jacob Graven said in a note to clients.

The central bank intervened heavily in December to curb the Danish unit's strength., selling a net 17.8 billion crowns for other currencies.

It also cut its main policy rate, the lending rate, twice in December, by a total of 0.5 percentage points, putting Danish rates 30 basis points below the main European Central Bank rate, and many analysts say the Nationalbank is likely to cut further.

STEADY CROWN

Nordea senior analyst Jan Storup Nielsen noted that the crown stayed in a very tight range of 7.433-7.436 in January without intervention by the central bank.

""Over the coming months, we believe that the Nationalbank will try to keep EUR/DKK around the same level,"" he said.

The crown firmed slightly, to 7.4330 to the euro by 1712 GMT from 7.4333 just before the bank's announcement.

If appetite for Danish crowns is sustained, the Nationalbank may be forced to intervene, which would add billions more to the already hefty reserves, said Nielsen.

""Still, we see a high likelihood that over the next three months it will be necessary to carry out another independent Danish rate cut to offset the continuing (strengthening) pressure on the crown,"" he added.

Nykredit's Stramer said the spread between Danish and German 10-year government bond yields has been close to nil after dipping earlier into negative territory, indicating that foreign investors' appetite for Danish assets has declined.

""This does not mean, however, that international investors are looking at the Danish economy more critically,"" Stramer said. ""They are just beginning to believe that the politicians will reach a more sustainable solution to the debt crisis in the euro area and that the euro will not collapse."" ($1 = 5.6324 Danish crowns)

(Reporting by John Acher and Henriette Jacobsen; Editing by Catherine Evans)

DENMARK-RESERVES/ (UPDATE 1)"
NORDIC MORNING BRIEFING: European Debt Crisis Remains In Focus,2011-12-06,"
   TODAY'S CALENDAR 

All times GMT


n/a Helsinki markets closed 
0730 Yara International ASA capital markets day in Oslo 
1000 EU preliminary GDP for 3Q 
1100 Germany manufacturing orders for October 
     IN FOCUS: 

The run-up to a key European meeting later in the week will attract attention Tuesday as Europe's debt worries remain in the spotlight. Injecting optimism in the markets, Italy last weekend proposed measures to cut its debt burden -- the second biggest in the euro area -- while French and German leaders Monday signaled their determination to tackle the debt crisis.

On Monday, German Chancellor Angela Merkel said a change to Europe's treaty is required to implement tougher fiscal rules on member nations. The comments came as German and French leaders met ahead of the European summit which will be held in Paris Dec. 8-9.

Furthermore, Italy late Sunday unveiled further budget cuts and growth measures, helping push Italian bond yields down Monday.

Little in major data is scheduled Tuesday and few planned corporate events. In the Nordics, the Helsinki markets are closed due to the Finnish Independence Day.

FOREX 
 
         Latest    Previous   %Chg   Daily   Daily   %Chg 
         0350 GMT   2150 GMT         High    Low     12/31 
EUR/NOK 7.7249-312 7.7328-434 -0.13 7.7382   7.7250  -0.71 
EUR/SEK 9.0556-630 9.0512-617 +0.03 9.0624   9.0542  +0.56 
USD/NOK 5.7761-804 5.7710-84 +0.06   5.7858   5.7680  -0.83 
USD/SEK 6.7713-64  6.7550-621 +0.23  6.7803   6.7570  +1.02 

======


NOK/SEK 1.1694-1.1702         +0.26 1.1711  1.1659   +1.27 

(as of 1516 GMT Monday)


 
     NORDIC CURRENCIES: 

The Danish krone, which is pegged to the euro via the European Union's exchange rate mechanism, has come in focus in recent weeks. The Danish central bank, the Nationalbank, has been intervening in the foreign exchange market, in order to weaken the Danish krone against the euro.

In a note, SEB pointed at recent data showing that net purchases of foreign exchange due to intervention in November by Denmark's central bank was 10.7 billion Danish kroner ($1.94 billion).

""The central bank has allowed the EUR/DKK exchange rate to slide through the lower boundary of the channel in place since 2007 around 7.44,"" SEB said.

SEB expects the central bank to lower the lending rate versus the ECB on Thursday, reducing the spread from minus 5 basis points to minus 15 basis points.

Denmark's central bank allows the krone to move plus or minus 2.25% from a EUR/DDK pegged central parity of 7.46038.

In a recent note, Nordea said it expects the Swedish krona to weaken to around 9.50 to the euro in 2012. However, the bank cautioned that the krona probably will weaken more if the euro-zone crisis deepens further.


 
    STOCK INDEXES: 
OMXN40   896.63 gain 11.24 up 1.3% 
OMXS30   988.71 gain 14.23 up 1.5% 
OBX      354.74 gain 2.71 up 0.8% 
OMXC20   384.73 gain 1.89 up 0.5% 
OMXH25 2,007.01 gain 32.66 up 1.7% 
Brent   $109.23 gain 0.58  up 0.5% 
 
    NORDIC MARKETS: 

Investor attention in the Nordics and elsewhere is on a European summit later in the week. And with few planned events on the agenda Tuesday, anticipation ahead of the meeting is likely to continue impact trading said equity strategist Jonas Olavi at Nordea.

Italy last weekend moved to cut its deficit and hope is that the European leaders will continue to take measures to battle their mounting debts when they meet in Paris Dec. 8-9.

""But the market is probably prepared that the meeting perhaps won't deliver on all points,"" Olavi said.

As French and German leaders met Monday, German Chancellor Angela Merkel said a change to Europe's treaty is required to implement tougher fiscal rules on member nations.

Late Sunday, Italian Prime Minister Mario Monti's cabinet approved a law aimed at making sure Italy eliminates its budget deficit by 2013. With the second biggest debt load in the euro area, Italy has unveiled a EUR30 billion three-year plan in tax increases, spending cuts, pension overhauls and growth-boosting measures.

The agenda Tuesday is thin. German manufacturing orders for October is due at 1100 GMT.

""We don't expect this to disturb markets that much,"" Olavi said.


    ENERGY: Crude prices were down in Asia Tuesday as the euro retreated against the dollar after Standard & Poor's placed major European countries on negative credit rating watch, analysts said. 

New York's main contract, light sweet crude for January delivery, fell 50 cents to $100.49 a barrel.

Brent North Sea crude for delivery in January shed 58 cents to $109.23.

Crude prices tracked the euro's fall after S&P warned Germany, France and four other triple A eurozone nations that they risked losing their top ratings within 90 days, analysts said.

""Crude oil prices gave up gains on Monday after the euro slipped against the dollar"" following the S&P report, said Ker Chung Yang, commodity analyst for Phillip Futures in Singapore.


    OTHER NEWS: 

NORWAY: Norwegian oil and gas firm Statoil ASA (STO) said that it will invest NOK3.1 billion ($538 million) in the Visund North field, together with its partners. The field is estimated to contain recoverable reserves 29 million barrels of oil equivalents and consist of mainly oil. Petoro, Total (TOT) and ConocoPhillips (COP) are also partners in the license.

NORWAY: Norway's sovereign-wealth fund, a big shareholder in some U.S. companies, is pushing to make it easier to replace directors at companies including Wells Fargo & Co. (WFC) over concerns about financial performance and governance. The board of Wells Fargo and five other U.S. companies ""need to establish better trust with shareholders,"" said Anne Kvam, global head of ownership policy at Norges Bank Investment Management, which manages the $550 billion Norwegian Government Pension Fund Global. ""Governance is a financial risk if there is a flawed structure.""

DENMARK: Vestas Wind Systems A/S (VWS.KO), the world's largest wind-turbine maker, said an expiration of the U.S. wind energy production tax credit in 2012 would have dramatic consequences for the U.S. wind power market.

DENMARK: The governor of Denmark's central bank said that Danish economic growth will remain sluggish until 2013, and that a recovery hinges on resolving the European sovereign debt crisis.

DENMARK: Danish government is ready to discuss EU treaty changes, the Danish Prime Minister Helle Thorning-Schmidt was quoted by Danish news agency Ritzau on Monday. ""What we can say now is that EU treaty changes are one of the subjects we must consider at the next EU top meeting, and it will also form a dimension of the coming six months, when Denmark holds the EU presidency,"" said Thorning-Schmidt.

FINLAND: The economy in Finland expanded in the third quarter, most notably due to stronger private consumption and increasing investment. Finland's gross domestic product was up 2.7% on the year in the third quarter, Statistics Finland said.

SWEDEN: Swedish Automobile NV (SWAN.AE), the owner of Swedish car maker Saab Automobile, said it is in talks with Zhejiang Youngman Lotus Automobile Co. and a bank in China about taking an equity interest in Swedish Automobile.

SWEDEN: The chief of Swedish fashion retailer Hennes & Mauritz (HM-B.SK) Karl-Johan Persson said that while China offers great opportunities, competition there is getting tougher. ""It takes a lot of commitment to succeed in China today. And the competition is quickly growing tougher as there are so many players moving there,"" Persson said.

DENMARK: Thrane & Thrane A/S (THRAN.KO), the Danish global mobile satellite communications manufacturer, said it has signed a memorandum of understanding with Inmarsat PLC (ISAT.LN) for a 78 million Danish kroner ($14.1 million) deal. The agreement is for development and delivery of key components to implement new services on the Inmarsat Broadband Global Area Network, or BGAN.

NORWAY: Salmon farmer Leroy Hydrotech ASA, a wholly-owned subsidiary of Norwegian company Leroy Seafood Group ASA (LSG.OS), said it has detected pancreas disease in salmon at one of its facilities and is considering slaughtering the fish to prevent the virus from spreading.

SWEDEN: Swedish state-owned utility Vattenfall AB (VTF.YY) announced the energy company will stop its plans for a carbon capture and storage demonstration plant in Germany due to lack of political will in the country, abandoning a EUR1.5 billion investment.

-By Katarina Gustafsson, Dow Jones Newswires +46-8-5451-3097; katarina.gustafsson@dowjones.com

(Sven Grundberg in Stockholm contributed to this report.) [ 06-12-11 0406GMT ]

77791"
NORDIC MORNING BRIEFING: European Debt Crisis Remains In Focus,2011-12-06,"
   TODAY'S CALENDAR 

All times GMT


n/a Helsinki markets closed 
0730 Yara International ASA capital markets day in Oslo 
1000 EU preliminary GDP for 3Q 
1100 Germany manufacturing orders for October 
     IN FOCUS: 

The run-up to a key European meeting later in the week will attract attention Tuesday as Europe's debt worries remain in the spotlight. Injecting optimism in the markets, Italy last weekend proposed measures to cut its debt burden -- the second biggest in the euro area -- while French and German leaders Monday signaled their determination to tackle the debt crisis.

On Monday, German Chancellor Angela Merkel said a change to Europe's treaty is required to implement tougher fiscal rules on member nations. The comments came as German and French leaders met ahead of the European summit which will be held in Paris Dec. 8-9.

Furthermore, Italy late Sunday unveiled further budget cuts and growth measures, helping push Italian bond yields down Monday.

Little in major data is scheduled Tuesday and few planned corporate events. In the Nordics, the Helsinki markets are closed due to the Finnish Independence Day.

FOREX 
 
         Latest    Previous   %Chg   Daily   Daily   %Chg 
         0350 GMT   2150 GMT         High    Low     12/31 
EUR/NOK 7.7249-312 7.7328-434 -0.13 7.7382   7.7250  -0.71 
EUR/SEK 9.0556-630 9.0512-617 +0.03 9.0624   9.0542  +0.56 
USD/NOK 5.7761-804 5.7710-84 +0.06   5.7858   5.7680  -0.83 
USD/SEK 6.7713-64  6.7550-621 +0.23  6.7803   6.7570  +1.02 

======


NOK/SEK 1.1694-1.1702         +0.26 1.1711  1.1659   +1.27 

(as of 1516 GMT Monday)


 
     NORDIC CURRENCIES: 

The Danish krone, which is pegged to the euro via the European Union's exchange rate mechanism, has come in focus in recent weeks. The Danish central bank, the Nationalbank, has been intervening in the foreign exchange market, in order to weaken the Danish krone against the euro.

In a note, SEB pointed at recent data showing that net purchases of foreign exchange due to intervention in November by Denmark's central bank was 10.7 billion Danish kroner ($1.94 billion).

""The central bank has allowed the EUR/DKK exchange rate to slide through the lower boundary of the channel in place since 2007 around 7.44,"" SEB said.

SEB expects the central bank to lower the lending rate versus the ECB on Thursday, reducing the spread from minus 5 basis points to minus 15 basis points.

Denmark's central bank allows the krone to move plus or minus 2.25% from a EUR/DDK pegged central parity of 7.46038.

In a recent note, Nordea said it expects the Swedish krona to weaken to around 9.50 to the euro in 2012. However, the bank cautioned that the krona probably will weaken more if the euro-zone crisis deepens further.


 
    STOCK INDEXES: 
OMXN40   896.63 gain 11.24 up 1.3% 
OMXS30   988.71 gain 14.23 up 1.5% 
OBX      354.74 gain 2.71 up 0.8% 
OMXC20   384.73 gain 1.89 up 0.5% 
OMXH25 2,007.01 gain 32.66 up 1.7% 
Brent   $109.23 gain 0.58  up 0.5% 
 
    NORDIC MARKETS: 

Investor attention in the Nordics and elsewhere is on a European summit later in the week. And with few planned events on the agenda Tuesday, anticipation ahead of the meeting is likely to continue impact trading said equity strategist Jonas Olavi at Nordea.

Italy last weekend moved to cut its deficit and hope is that the European leaders will continue to take measures to battle their mounting debts when they meet in Paris Dec. 8-9.

""But the market is probably prepared that the meeting perhaps won't deliver on all points,"" Olavi said.

As French and German leaders met Monday, German Chancellor Angela Merkel said a change to Europe's treaty is required to implement tougher fiscal rules on member nations.

Late Sunday, Italian Prime Minister Mario Monti's cabinet approved a law aimed at making sure Italy eliminates its budget deficit by 2013. With the second biggest debt load in the euro area, Italy has unveiled a EUR30 billion three-year plan in tax increases, spending cuts, pension overhauls and growth-boosting measures.

The agenda Tuesday is thin. German manufacturing orders for October is due at 1100 GMT.

""We don't expect this to disturb markets that much,"" Olavi said.


    ENERGY: Crude prices were down in Asia Tuesday as the euro retreated against the dollar after Standard & Poor's placed major European countries on negative credit rating watch, analysts said. 

New York's main contract, light sweet crude for January delivery, fell 50 cents to $100.49 a barrel.

Brent North Sea crude for delivery in January shed 58 cents to $109.23.

Crude prices tracked the euro's fall after S&P warned Germany, France and four other triple A eurozone nations that they risked losing their top ratings within 90 days, analysts said.

""Crude oil prices gave up gains on Monday after the euro slipped against the dollar"" following the S&P report, said Ker Chung Yang, commodity analyst for Phillip Futures in Singapore.


    OTHER NEWS: 

NORWAY: Norwegian oil and gas firm Statoil ASA (STO) said that it will invest NOK3.1 billion ($538 million) in the Visund North field, together with its partners. The field is estimated to contain recoverable reserves 29 million barrels of oil equivalents and consist of mainly oil. Petoro, Total (TOT) and ConocoPhillips (COP) are also partners in the license.

NORWAY: Norway's sovereign-wealth fund, a big shareholder in some U.S. companies, is pushing to make it easier to replace directors at companies including Wells Fargo & Co. (WFC) over concerns about financial performance and governance. The board of Wells Fargo and five other U.S. companies ""need to establish better trust with shareholders,"" said Anne Kvam, global head of ownership policy at Norges Bank Investment Management, which manages the $550 billion Norwegian Government Pension Fund Global. ""Governance is a financial risk if there is a flawed structure.""

DENMARK: Vestas Wind Systems A/S (VWS.KO), the world's largest wind-turbine maker, said an expiration of the U.S. wind energy production tax credit in 2012 would have dramatic consequences for the U.S. wind power market.

DENMARK: The governor of Denmark's central bank said that Danish economic growth will remain sluggish until 2013, and that a recovery hinges on resolving the European sovereign debt crisis.

DENMARK: Danish government is ready to discuss EU treaty changes, the Danish Prime Minister Helle Thorning-Schmidt was quoted by Danish news agency Ritzau on Monday. ""What we can say now is that EU treaty changes are one of the subjects we must consider at the next EU top meeting, and it will also form a dimension of the coming six months, when Denmark holds the EU presidency,"" said Thorning-Schmidt.

FINLAND: The economy in Finland expanded in the third quarter, most notably due to stronger private consumption and increasing investment. Finland's gross domestic product was up 2.7% on the year in the third quarter, Statistics Finland said.

SWEDEN: Swedish Automobile NV (SWAN.AE), the owner of Swedish car maker Saab Automobile, said it is in talks with Zhejiang Youngman Lotus Automobile Co. and a bank in China about taking an equity interest in Swedish Automobile.

SWEDEN: The chief of Swedish fashion retailer Hennes & Mauritz (HM-B.SK) Karl-Johan Persson said that while China offers great opportunities, competition there is getting tougher. ""It takes a lot of commitment to succeed in China today. And the competition is quickly growing tougher as there are so many players moving there,"" Persson said.

DENMARK: Thrane & Thrane A/S (THRAN.KO), the Danish global mobile satellite communications manufacturer, said it has signed a memorandum of understanding with Inmarsat PLC (ISAT.LN) for a 78 million Danish kroner ($14.1 million) deal. The agreement is for development and delivery of key components to implement new services on the Inmarsat Broadband Global Area Network, or BGAN.

NORWAY: Salmon farmer Leroy Hydrotech ASA, a wholly-owned subsidiary of Norwegian company Leroy Seafood Group ASA (LSG.OS), said it has detected pancreas disease in salmon at one of its facilities and is considering slaughtering the fish to prevent the virus from spreading.

SWEDEN: Swedish state-owned utility Vattenfall AB (VTF.YY) announced the energy company will stop its plans for a carbon capture and storage demonstration plant in Germany due to lack of political will in the country, abandoning a EUR1.5 billion investment.

-By Katarina Gustafsson, Dow Jones Newswires +46-8-5451-3097; katarina.gustafsson@dowjones.com

(Sven Grundberg in Stockholm contributed to this report.) [ 06-12-11 0406GMT ]

77791"
NORDIC MORNING BRIEFING: European Debt Crisis Remains In Focus,2011-12-06,"
   TODAY'S CALENDAR 

All times GMT


n/a Helsinki markets closed 
0730 Yara International ASA capital markets day in Oslo 
1000 EU preliminary GDP for 3Q 
1100 Germany manufacturing orders for October 
     IN FOCUS: 

The run-up to a key European meeting later in the week will attract attention Tuesday as Europe's debt worries remain in the spotlight. Injecting optimism in the markets, Italy last weekend proposed measures to cut its debt burden -- the second biggest in the euro area -- while French and German leaders Monday signaled their determination to tackle the debt crisis.

On Monday, German Chancellor Angela Merkel said a change to Europe's treaty is required to implement tougher fiscal rules on member nations. The comments came as German and French leaders met ahead of the European summit which will be held in Paris Dec. 8-9.

Furthermore, Italy late Sunday unveiled further budget cuts and growth measures, helping push Italian bond yields down Monday.

Little in major data is scheduled Tuesday and few planned corporate events. In the Nordics, the Helsinki markets are closed due to the Finnish Independence Day.

FOREX 
 
         Latest    Previous   %Chg   Daily   Daily   %Chg 
         0350 GMT   2150 GMT         High    Low     12/31 
EUR/NOK 7.7249-312 7.7328-434 -0.13 7.7382   7.7250  -0.71 
EUR/SEK 9.0556-630 9.0512-617 +0.03 9.0624   9.0542  +0.56 
USD/NOK 5.7761-804 5.7710-84 +0.06   5.7858   5.7680  -0.83 
USD/SEK 6.7713-64  6.7550-621 +0.23  6.7803   6.7570  +1.02 

======


NOK/SEK 1.1694-1.1702         +0.26 1.1711  1.1659   +1.27 

(as of 1516 GMT Monday)


 
     NORDIC CURRENCIES: 

The Danish krone, which is pegged to the euro via the European Union's exchange rate mechanism, has come in focus in recent weeks. The Danish central bank, the Nationalbank, has been intervening in the foreign exchange market, in order to weaken the Danish krone against the euro.

In a note, SEB pointed at recent data showing that net purchases of foreign exchange due to intervention in November by Denmark's central bank was 10.7 billion Danish kroner ($1.94 billion).

""The central bank has allowed the EUR/DKK exchange rate to slide through the lower boundary of the channel in place since 2007 around 7.44,"" SEB said.

SEB expects the central bank to lower the lending rate versus the ECB on Thursday, reducing the spread from minus 5 basis points to minus 15 basis points.

Denmark's central bank allows the krone to move plus or minus 2.25% from a EUR/DDK pegged central parity of 7.46038.

In a recent note, Nordea said it expects the Swedish krona to weaken to around 9.50 to the euro in 2012. However, the bank cautioned that the krona probably will weaken more if the euro-zone crisis deepens further.


 
    STOCK INDEXES: 
OMXN40   896.63 gain 11.24 up 1.3% 
OMXS30   988.71 gain 14.23 up 1.5% 
OBX      354.74 gain 2.71 up 0.8% 
OMXC20   384.73 gain 1.89 up 0.5% 
OMXH25 2,007.01 gain 32.66 up 1.7% 
Brent   $109.23 gain 0.58  up 0.5% 
 
    NORDIC MARKETS: 

Investor attention in the Nordics and elsewhere is on a European summit later in the week. And with few planned events on the agenda Tuesday, anticipation ahead of the meeting is likely to continue impact trading said equity strategist Jonas Olavi at Nordea.

Italy last weekend moved to cut its deficit and hope is that the European leaders will continue to take measures to battle their mounting debts when they meet in Paris Dec. 8-9.

""But the market is probably prepared that the meeting perhaps won't deliver on all points,"" Olavi said.

As French and German leaders met Monday, German Chancellor Angela Merkel said a change to Europe's treaty is required to implement tougher fiscal rules on member nations.

Late Sunday, Italian Prime Minister Mario Monti's cabinet approved a law aimed at making sure Italy eliminates its budget deficit by 2013. With the second biggest debt load in the euro area, Italy has unveiled a EUR30 billion three-year plan in tax increases, spending cuts, pension overhauls and growth-boosting measures.

The agenda Tuesday is thin. German manufacturing orders for October is due at 1100 GMT.

""We don't expect this to disturb markets that much,"" Olavi said.


    ENERGY: Crude prices were down in Asia Tuesday as the euro retreated against the dollar after Standard & Poor's placed major European countries on negative credit rating watch, analysts said. 

New York's main contract, light sweet crude for January delivery, fell 50 cents to $100.49 a barrel.

Brent North Sea crude for delivery in January shed 58 cents to $109.23.

Crude prices tracked the euro's fall after S&P warned Germany, France and four other triple A eurozone nations that they risked losing their top ratings within 90 days, analysts said.

""Crude oil prices gave up gains on Monday after the euro slipped against the dollar"" following the S&P report, said Ker Chung Yang, commodity analyst for Phillip Futures in Singapore.


    OTHER NEWS: 

NORWAY: Norwegian oil and gas firm Statoil ASA (STO) said that it will invest NOK3.1 billion ($538 million) in the Visund North field, together with its partners. The field is estimated to contain recoverable reserves 29 million barrels of oil equivalents and consist of mainly oil. Petoro, Total (TOT) and ConocoPhillips (COP) are also partners in the license.

NORWAY: Norway's sovereign-wealth fund, a big shareholder in some U.S. companies, is pushing to make it easier to replace directors at companies including Wells Fargo & Co. (WFC) over concerns about financial performance and governance. The board of Wells Fargo and five other U.S. companies ""need to establish better trust with shareholders,"" said Anne Kvam, global head of ownership policy at Norges Bank Investment Management, which manages the $550 billion Norwegian Government Pension Fund Global. ""Governance is a financial risk if there is a flawed structure.""

DENMARK: Vestas Wind Systems A/S (VWS.KO), the world's largest wind-turbine maker, said an expiration of the U.S. wind energy production tax credit in 2012 would have dramatic consequences for the U.S. wind power market.

DENMARK: The governor of Denmark's central bank said that Danish economic growth will remain sluggish until 2013, and that a recovery hinges on resolving the European sovereign debt crisis.

DENMARK: Danish government is ready to discuss EU treaty changes, the Danish Prime Minister Helle Thorning-Schmidt was quoted by Danish news agency Ritzau on Monday. ""What we can say now is that EU treaty changes are one of the subjects we must consider at the next EU top meeting, and it will also form a dimension of the coming six months, when Denmark holds the EU presidency,"" said Thorning-Schmidt.

FINLAND: The economy in Finland expanded in the third quarter, most notably due to stronger private consumption and increasing investment. Finland's gross domestic product was up 2.7% on the year in the third quarter, Statistics Finland said.

SWEDEN: Swedish Automobile NV (SWAN.AE), the owner of Swedish car maker Saab Automobile, said it is in talks with Zhejiang Youngman Lotus Automobile Co. and a bank in China about taking an equity interest in Swedish Automobile.

SWEDEN: The chief of Swedish fashion retailer Hennes & Mauritz (HM-B.SK) Karl-Johan Persson said that while China offers great opportunities, competition there is getting tougher. ""It takes a lot of commitment to succeed in China today. And the competition is quickly growing tougher as there are so many players moving there,"" Persson said.

DENMARK: Thrane & Thrane A/S (THRAN.KO), the Danish global mobile satellite communications manufacturer, said it has signed a memorandum of understanding with Inmarsat PLC (ISAT.LN) for a 78 million Danish kroner ($14.1 million) deal. The agreement is for development and delivery of key components to implement new services on the Inmarsat Broadband Global Area Network, or BGAN.

NORWAY: Salmon farmer Leroy Hydrotech ASA, a wholly-owned subsidiary of Norwegian company Leroy Seafood Group ASA (LSG.OS), said it has detected pancreas disease in salmon at one of its facilities and is considering slaughtering the fish to prevent the virus from spreading.

SWEDEN: Swedish state-owned utility Vattenfall AB (VTF.YY) announced the energy company will stop its plans for a carbon capture and storage demonstration plant in Germany due to lack of political will in the country, abandoning a EUR1.5 billion investment.

-By Katarina Gustafsson, Dow Jones Newswires +46-8-5451-3097; katarina.gustafsson@dowjones.com

(Sven Grundberg in Stockholm contributed to this report.) [ 12-05-11 2306ET ]

77791"
NORDIC MORNING BRIEFING: European Debt Crisis Remains In Focus,2011-12-06,"
   TODAY'S CALENDAR 

All times GMT


n/a Helsinki markets closed 
0730 Yara International ASA capital markets day in Oslo 
1000 EU preliminary GDP for 3Q 
1100 Germany manufacturing orders for October 
     IN FOCUS: 

The run-up to a key European meeting later in the week will attract attention Tuesday as Europe's debt worries remain in the spotlight. Injecting optimism in the markets, Italy last weekend proposed measures to cut its debt burden -- the second biggest in the euro area -- while French and German leaders Monday signaled their determination to tackle the debt crisis.

On Monday, German Chancellor Angela Merkel said a change to Europe's treaty is required to implement tougher fiscal rules on member nations. The comments came as German and French leaders met ahead of the European summit which will be held in Paris Dec. 8-9.

Furthermore, Italy late Sunday unveiled further budget cuts and growth measures, helping push Italian bond yields down Monday.

Little in major data is scheduled Tuesday and few planned corporate events. In the Nordics, the Helsinki markets are closed due to the Finnish Independence Day.

FOREX 
 
         Latest    Previous   %Chg   Daily   Daily   %Chg 
         0350 GMT   2150 GMT         High    Low     12/31 
EUR/NOK 7.7249-312 7.7328-434 -0.13 7.7382   7.7250  -0.71 
EUR/SEK 9.0556-630 9.0512-617 +0.03 9.0624   9.0542  +0.56 
USD/NOK 5.7761-804 5.7710-84 +0.06   5.7858   5.7680  -0.83 
USD/SEK 6.7713-64  6.7550-621 +0.23  6.7803   6.7570  +1.02 

======


NOK/SEK 1.1694-1.1702         +0.26 1.1711  1.1659   +1.27 

(as of 1516 GMT Monday)


 
     NORDIC CURRENCIES: 

The Danish krone, which is pegged to the euro via the European Union's exchange rate mechanism, has come in focus in recent weeks. The Danish central bank, the Nationalbank, has been intervening in the foreign exchange market, in order to weaken the Danish krone against the euro.

In a note, SEB pointed at recent data showing that net purchases of foreign exchange due to intervention in November by Denmark's central bank was 10.7 billion Danish kroner ($1.94 billion).

""The central bank has allowed the EUR/DKK exchange rate to slide through the lower boundary of the channel in place since 2007 around 7.44,"" SEB said.

SEB expects the central bank to lower the lending rate versus the ECB on Thursday, reducing the spread from minus 5 basis points to minus 15 basis points.

Denmark's central bank allows the krone to move plus or minus 2.25% from a EUR/DDK pegged central parity of 7.46038.

In a recent note, Nordea said it expects the Swedish krona to weaken to around 9.50 to the euro in 2012. However, the bank cautioned that the krona probably will weaken more if the euro-zone crisis deepens further.


 
    STOCK INDEXES: 
OMXN40   896.63 gain 11.24 up 1.3% 
OMXS30   988.71 gain 14.23 up 1.5% 
OBX      354.74 gain 2.71 up 0.8% 
OMXC20   384.73 gain 1.89 up 0.5% 
OMXH25 2,007.01 gain 32.66 up 1.7% 
Brent   $109.23 gain 0.58  up 0.5% 
 
    NORDIC MARKETS: 

Investor attention in the Nordics and elsewhere is on a European summit later in the week. And with few planned events on the agenda Tuesday, anticipation ahead of the meeting is likely to continue impact trading said equity strategist Jonas Olavi at Nordea.

Italy last weekend moved to cut its deficit and hope is that the European leaders will continue to take measures to battle their mounting debts when they meet in Paris Dec. 8-9.

""But the market is probably prepared that the meeting perhaps won't deliver on all points,"" Olavi said.

As French and German leaders met Monday, German Chancellor Angela Merkel said a change to Europe's treaty is required to implement tougher fiscal rules on member nations.

Late Sunday, Italian Prime Minister Mario Monti's cabinet approved a law aimed at making sure Italy eliminates its budget deficit by 2013. With the second biggest debt load in the euro area, Italy has unveiled a EUR30 billion three-year plan in tax increases, spending cuts, pension overhauls and growth-boosting measures.

The agenda Tuesday is thin. German manufacturing orders for October is due at 1100 GMT.

""We don't expect this to disturb markets that much,"" Olavi said.


    ENERGY: Crude prices were down in Asia Tuesday as the euro retreated against the dollar after Standard & Poor's placed major European countries on negative credit rating watch, analysts said. 

New York's main contract, light sweet crude for January delivery, fell 50 cents to $100.49 a barrel.

Brent North Sea crude for delivery in January shed 58 cents to $109.23.

Crude prices tracked the euro's fall after S&P warned Germany, France and four other triple A eurozone nations that they risked losing their top ratings within 90 days, analysts said.

""Crude oil prices gave up gains on Monday after the euro slipped against the dollar"" following the S&P report, said Ker Chung Yang, commodity analyst for Phillip Futures in Singapore.


    OTHER NEWS: 

NORWAY: Norwegian oil and gas firm Statoil ASA (STO) said that it will invest NOK3.1 billion ($538 million) in the Visund North field, together with its partners. The field is estimated to contain recoverable reserves 29 million barrels of oil equivalents and consist of mainly oil. Petoro, Total (TOT) and ConocoPhillips (COP) are also partners in the license.

NORWAY: Norway's sovereign-wealth fund, a big shareholder in some U.S. companies, is pushing to make it easier to replace directors at companies including Wells Fargo & Co. (WFC) over concerns about financial performance and governance. The board of Wells Fargo and five other U.S. companies ""need to establish better trust with shareholders,"" said Anne Kvam, global head of ownership policy at Norges Bank Investment Management, which manages the $550 billion Norwegian Government Pension Fund Global. ""Governance is a financial risk if there is a flawed structure.""

DENMARK: Vestas Wind Systems A/S (VWS.KO), the world's largest wind-turbine maker, said an expiration of the U.S. wind energy production tax credit in 2012 would have dramatic consequences for the U.S. wind power market.

DENMARK: The governor of Denmark's central bank said that Danish economic growth will remain sluggish until 2013, and that a recovery hinges on resolving the European sovereign debt crisis.

DENMARK: Danish government is ready to discuss EU treaty changes, the Danish Prime Minister Helle Thorning-Schmidt was quoted by Danish news agency Ritzau on Monday. ""What we can say now is that EU treaty changes are one of the subjects we must consider at the next EU top meeting, and it will also form a dimension of the coming six months, when Denmark holds the EU presidency,"" said Thorning-Schmidt.

FINLAND: The economy in Finland expanded in the third quarter, most notably due to stronger private consumption and increasing investment. Finland's gross domestic product was up 2.7% on the year in the third quarter, Statistics Finland said.

SWEDEN: Swedish Automobile NV (SWAN.AE), the owner of Swedish car maker Saab Automobile, said it is in talks with Zhejiang Youngman Lotus Automobile Co. and a bank in China about taking an equity interest in Swedish Automobile.

SWEDEN: The chief of Swedish fashion retailer Hennes & Mauritz (HM-B.SK) Karl-Johan Persson said that while China offers great opportunities, competition there is getting tougher. ""It takes a lot of commitment to succeed in China today. And the competition is quickly growing tougher as there are so many players moving there,"" Persson said.

DENMARK: Thrane & Thrane A/S (THRAN.KO), the Danish global mobile satellite communications manufacturer, said it has signed a memorandum of understanding with Inmarsat PLC (ISAT.LN) for a 78 million Danish kroner ($14.1 million) deal. The agreement is for development and delivery of key components to implement new services on the Inmarsat Broadband Global Area Network, or BGAN.

NORWAY: Salmon farmer Leroy Hydrotech ASA, a wholly-owned subsidiary of Norwegian company Leroy Seafood Group ASA (LSG.OS), said it has detected pancreas disease in salmon at one of its facilities and is considering slaughtering the fish to prevent the virus from spreading.

SWEDEN: Swedish state-owned utility Vattenfall AB (VTF.YY) announced the energy company will stop its plans for a carbon capture and storage demonstration plant in Germany due to lack of political will in the country, abandoning a EUR1.5 billion investment.

-By Katarina Gustafsson, Dow Jones Newswires +46-8-5451-3097; katarina.gustafsson@dowjones.com

(Sven Grundberg in Stockholm contributed to this report.) [ 12-05-11 2306ET ]

77791"
"UPDATE 1-Danish  FX  reserves dip, no  intervention  in Oct",2011-11-02,"COPENHAGEN, Nov 2 (Reuters) - Denmark's foreign exchange reserves fell slightly in October, and the central bank saw no reason to intervene in the forex market to steady the crown during the month, the bank said on Wednesday.

The country's foreign exchange reserves fell by the equivalent of 400 million crowns in October to 489.9 billion Danish crowns ($90.04 billion), the central bank said in a statement.

It was the first dip in the reserves since May, so the reserves -- a pointer to monetary policy -- remain near record high levels.

""The Nationalbank was not out intervening in the currency market during the month even though we saw a considerable strengthening of the crown towards the end of the month to levels where it is not unusual for the bank to sell crowns and buy foreign currency to weaken the crown,"" Nordea Markets senior analyst Troels Theill Eriksen said.

If such intervention fails to have the desired effect, the bank changes interest rates to weaken or strengthen the crown within its band to the euro.

The crown remains strong and short Danish money market interest rates are somewhat higher than corresponding rates in the euro zone, which also tends to boost the crown.

""Therefore there are prospects for the Nationalbank before long to choose to intervene to weaken the crown and follow up with an independent interest rate rise if the intervention does not lead to a durable weakening of the crown,"" Eriksen said.

European Union member but euro zone outsider Denmark's policy of holding the crown steady against the euro means that the central bank shifts interest rates for the sole purpose of keeping the crown around its central parity of 7.46038 per euro

.

The Danish bank normally changes rates in lock-step with the European Central Bank, which is not expected to change rates at its meeting on Thursday.

The Danish bank can, however, opt to make independent rate changes above all in its secondary interest rates to boost or curb the crown.

Eriksen said he expected the Nationalbank to cut its certificates of deposit (CD) rate soon to 0.9 percent from 1.0 percent and ECB to cut interest rates by 0.5 percentage point over the next six months, which the Danish bank would shadow with cuts in its lending rate which now stands at 1.55 percent.

The decrease in the October reserves reflected the central bank's net sale of foreign exchange for 0.4 billion crowns and the central government's net foreign borrowing of 0.1 billion, the Nationalbank said. ($1 = 5.441 Danish crowns)

(Reporting by Copenhagen newsroom)

DENMARK-RESERVES/  (UPDATE 1)"
UPDATE 2- Denmark 's  FX  reserves climb on c.bank  intervention ,2011-10-04,"* Forex reserves rose to 490.3 bln DKK in Sept

* Bank intervened in market to soften crown for 14.0 bln

* Next Danish rate cut could be near - economists

(Adds details, quotes)

COPENHAGEN, Oct 4 (Reuters) - Denmark's foreign-exchange reserves climbed to a new peak in September as the central bank intervened in the market to curb a bullish Danish crown by selling it for other currencies, the bank said on Tuesday.

Economists said that the Nationalbank could be on the verge of another reduction of secondary interest rates to soften the crown if its intervention continued in the second half of September after its last rate cut on Sept. 15.

Tuesday's data only gave numbers for the full month, but no indication of exactly when the bank was intervening. It almost certainly did so ahead of its rate cut.

""The big question is whether the Nationalbank has been in the market buying currency since its last rate reduction on September 15, and whether a new independent rate cut is therefore at the door,"" Nykredit Markets senior economist Tore Stramer said. ""That could well be the case.""

Forex reserves rose by 14.5 billion crowns in September to a record-high 490.3 billion crowns ($87.4 billion) at the end of the month, the Nationalbank said. That just topped a median forecast of 489.7 billion in a Reuters survey of analysts.

The bank intervened in September to soften the crown by selling 14.0 billion crowns for other currencies, it said.

The bank intervenes -- buying or selling crowns -- to keep the currency within a narrow fluctuation band versus the euro in line with its fixed exchange-rate monetary policy.

The reserves grew by the equivalent of 61.6 billion crowns in the period January to September, with the state's net foreign borrowing contributing 32.1 billion, the bank said.

""The contribution to the foreign-exchange reserve from central government borrowing is expected to decrease in November, when redemptions on foreign loans of 32.1 billion crowns are due,"" it said.

STRONG CROWN

The crown strengthened in September and has been testing 7.44 to the euro recently, moving from around 7.45 at the end of August.

It is trading in the strong part of its allowed band of 7.29252 to 7.62824 to the euro in the ERM II system. In practice the central bank keeps an even tighter band.

The crown firmed to 7.4422 to the euro by 1454 GMT, against levels around 7.4427 before the bank's announcement.

""The Danish crown has strengthened while the European debt crisis has raged,"" Nordea Markets senior analyst Troels Theill Eriksen said.

""Danish as well as foreign investors have found Danish papers and crowns attractive, and the big demand has also strengthened the crown against the euro,"" Eriksen said.

If intervention in the forex market fails to have the desired effect, the central bank changes interest rates, as it did on Sept. 15 when it cut its certificates of deposit rate and current account rate by a tenth of a percentage point.

The bullishness of the crown has led some analysts to expect the Nationalbank to cut secondary interest rates again soon, possibly this week.

The bank usually changes its interest rates in lock-step with the European Central Bank but can also make unilateral adjustments to steady the crown.

The ECB is expected to leave interest rates unchanged at its meeting on Thursday. In that case, the Danish central bank would leave its main policy rate, the lending rate, at 1.55 percent, but could still cut secondary rates.

Nordea's Eriksen said a further independent rate cut by Danish central bank chief Nils Bernstein would likely depend on what ECB President Jean Jean-Claude Trichet says on Thursday.

""New liquidity measures from Trichet at his last rate meeting can contribute to lowering market"" Eriksen said.

Nykredit's Stramer said: ""In concrete terms, we expect the Nationalbank to reduce the certificates of deposit rate and current account rate by 0.10 percentage point.""

He added that the timing of a cut would depend on whether the inflow of currency into the reserves was increasing. ($1 = 5.607 Danish Crowns)

(Reporting by Copenhagen newsroom; editing by Stephen Nisbet)

DENMARK-RESERVES/ (UPDATE 2)"
UPDATE 1- Denmark 's  FX  reserves hit new peak after  intervention ,2011-09-02,"* Forex reserves climb to record 475.7 bln DKK

* C.bank intervened for 11.2 bln DKK to soften crown

* Economists say a further rate cut could come soon

(Adds details, quotes)

COPENHAGEN, Sept 2 (Reuters) - Denmark's foreign exchange reserves rose by a hefty 18.8 billion crowns in August to a new record 475.7 billion crowns ($91.0 billion) as the central bank sold crowns to weaken the Danish currency, the bank said on Friday.

The crown has recovered to levels seen before the bank's August rate cut after weakening only temporarily, so the central bank could cut rates again before long.

The bank intervened in the forex market in August to soften the crown, selling a net 11.2 billion crowns for other currencies, the Nationalbank said in a statement.

The reserves grew by 7.1 billion crowns as a result of net government borrowing abroad, the bank said.

On Aug. 25 the central bank, the Nationalbank, cut two secondary interest rates by 10 basis points to curb the strength of the crown and said the rate reduction followed intervention in the market to soften the currency.

The bank said then that short euro rates had fallen and the widened spread to equivalent Danish rates tended to strengthen the crown so it had intervened in the foreign exchange market.

European Union member but euro zone outsider Denmark's policy of holding the crown steady against the euro means the central bank shifts rates for the sole purpose of keeping the crown around its central parity of 7.46038 per euro.

The bank can intervene in the market, buying or selling crowns for other currencies to boost or weaken it. If such operations fail to have the desired effect, it changes interest rates.

""The interest rate reduction has had the sought-after effect that the rate spread between short Danish market rates and short market rates in the euro zone has narrowed,"" Nordea Markets senior analyst Troels Theill Eriksen said in a note to clients.

""But on the other hand, the immediate weakening of the crown was temporary, and the crown is now roughly at the same level as before the rate reduction,"" Eriksen said.

The crown firmed to 7.4491 to the euro by 1452 GMT from 7.4495 just before the central bank's announcement.

""So the (strengthening) pressure on the crown is not over,"" Eriksen added, ""and it is still on the cards that there could be a further rate reduction before long.""

After the financial crisis, the central bank intentionally built up its forex reserves by taking loans and intervening, but the bank probably sees no need to build up the reserves further beyond the current record-high levels.

For that reason, the bank would probably intervene only to a limited extent going forward before it would change rates, Eriksen said.

""We believe that they will only intervene for 5-10 billion before another rate cut if necessary,"" he said.

""Looking at today's figures with intervention of 11 billion, one could think that they had a target of around 10 billion and then cut.""

The reserves have risen every month this year and last slipped in December. ($1 = 5.228 Danish Crowns)

(Reporting by Copenhagen newsroom; Editing by Ruth Pitchford)

DENMARK-RESERVES/  (UPDATE 1)"
"Danish  fx  reserves fall, no c.bank  intervention  in May",2011-06-06,"COPENHAGEN, June 6 (Reuters) - Denmark's foreign exchange reserves fell by 0.6 billion Danish crowns ($117.9 million) in May to 453.4 billion, the central bank said on Monday.

The bank did not intervene in the market during the month to steady the crown, it said in a statement.

Changes in foreign reserves can signal that the central bank has been stabilising the crown or indicate that the bank may change its key interest rates.

European Union member but euro zone outsider Denmark's policy of holding the crown steady against the euro means that the central bank shifts interest rates for the sole purpose of keeping the crown around its central parity of 7.46038 per euro <EURDKK=>.

(Editing by Patrick Graham)

DENMARK-RESERVES/ (URGENT)"
UPDATE 1-Danish April  forex  reserves climb to new peak,2011-05-03,"* April reserves rise to record-high 454.1 bln DKK

* C.bank says did not intervene in the market in April

(Adds details, quote)

COPENHAGEN, May 3 (Reuters) - Denmark's foreign exchange reserves rose by 0.2 billion crowns in April to a new record high of 454.1 billion Danish crowns ($89.92 billion), the central bank said on Tuesday.

The Nationalbank, which runs a fixed exchange-rate monetary policy to keep the crown within a narrow band to the euro, did not intervene in the market during the month to steady the crown, it said in a statement.

Changes in the foreign reserves can signal that the central bank has been stabilising the crown or indicate that the bank may change its key interest rates.

""This was about what was expected. All in all April was a quiet month for the foreign reserves,"" said Nordea Markets senior analyst Troels Theill Eriksen.

Short-term market interest rates in the euro zone have recently been higher than corresponding Danish interest rates, an exceptional situation which could be expected to weaken the crown against the euro.

""We have seen that a number of times since the central bank last raised interest rates (last month), but it has not led to a significant weakening of the crown, and so the central bank has not had to intervene,"" Eriksen said.

European Union member but euro zone outsider Denmark's policy of holding the crown steady against the euro means that the central bank shifts interest rates for the sole purpose of keeping the crown around its central parity of 7.46038 per euro <EURDKK=>.

(Reporting by Mette Fraende; Editing by Ron Askew)

DENMARK-RESERVES/ (UPDATE 1)"
"UPDATE 1-Danish  forex  reserves hit new peak, rate rise looms",2011-04-04,"* Reserves rise to record-high 453.9 bln DKK at end-March

* C.bank says intervened by selling currency for 0.4 bln DKK

* Denmark seen hiking rates this week, shadowing ECB

(Adds details, quotes, background)

COPENHAGEN, April 4 (Reuters) - Denmark's foreign-exchange reserves rose by 7.4 billion Danish crowns in March to a new all-time high of 453.9 billion, despite a small intervention to support the crown, the central bank said on Monday.

The currency reserves are watched as pointer to the Danish monetary policy, but they are wholly eclipsed in importance this week by an expected rate rise the European Central Bank which analysts said would trigger a similar move by the Nationalbank.

Denmark's reserves rose for a third consecutive month, climbing from February's record level of 446.4 billion, though analysts had expected a small drop in March.

The Nationalbank, which runs a fixed exchange-rate monetary policy to keep the crown within a narrow band to the euro, intervened in the forex market in March by selling a net 0.4 billion crowns worth of currency for crowns, it said.

""The crown weakened in the first half of March, which led the Nationalbank to make support purchases to strengthen the crown,"" Nordea Markets senior analyst Troels Theill Eriksen said in a note to clients.

The central bank had refrained from intervening in the market in January and February after only a small intervention in December.

European Union member but euro zone outsider Denmark's policy of holding the crown steady against the euro means that the central bank shifts interest rates for the sole purpose of keeping the crown around its central parity of 7.46038 per euro <EURDKK=>.

DENMARK TO FOLLOW ECB

The European Central Bank is widely expected to raise interest rates on Thursday for the first time since October 2008, and economists said the Danish central bank was certain to follow on the same day with the same-sized rate increase.

""It is given that they would follow with 25 basis points which is what we expect the ECB to do,"" Eriksen told Reuters.

Seventy-six out of 80 analysts polled by last week said they expected the ECB to raise its policy rate by 25 bps from a record low 1.0 percent as the bank focuses on curbing inflation. [ID:nSLAUEE7RO]

""On Thursday, you will see the ECB raising rates and then the central bank here raising at 4 p.m. (1400 GMT),"" Jyske Bank economist Niels Ronholt told Reuters.

If the ECB raises rates this week, the Danish central bank would follow by raising all its official rates, analysts said.

""On Thursday they would take them all up,"" Ronholt said.

It would be the first increase in the bank's main policy rate, the lending rate, since October 2008 when Denmark raised by 50 basis points to a peak of 5.50 percent to defend the crown just as the world slid into financial crisis.

The lending rate has been steady at an all-time low 1.05 percent since January 2010. A rise to 1.30 percent would put it back to levels it last saw in August-September 2009 when the bank was cutting rates.

The Danish central bank began tightening independently in October 2010, however, with two 10 bps increases in a secondary rate, its certificates of deposit rate.

If the bank changes rates on Thursday, it would lift the lending rate, CD rate and current account rate, economists said.

""We expect them to make the same hike on all the rates...this time around because the crown is fairly strong and the interest rate spreads are sound now so there is no reason for them to do anything independently,"" Eriksen said

(Editing by Toby Chopra)

DENMARK-RESERVES/ (UPDATE 1)"
"UPDATE 1-Danish  forex  reserves fall, no  intervention  -c.bank",2010-05-04,"* Foreign currency reserves retreat from record high

* C.bank says it did not intervene in forex market in April

* April forex reserves fall by 13.1 bln

* Analysts don't rule out another rate cut

(Adds details, quotes, crown rate)

COPENHAGEN, May 4 (Reuters) - Denmark's central bank refrained from intervening in the foreign exchange market to steady the crown currency in April, and the country's forex reserves fell for the first time since October.

Denmark's foreign exchange reserves fell to 404.1 billion Danish crowns ($72.3 billion) from a record level of 417.2 billion in March, the central bank said on Tuesday.

The Nationalbank said its net purchases of foreign exchange were 0.3 billion, but the government's net repayment of debt amounted to 13.4 billion, leading to the overall net drop in the reserves.

Changes in the foreign reserves can signal that the central bank has been stabilising the crown or suggest that the bank is preparing to change its key interest rates. The bank nonetheless left interest rates unchanged on Tuesday.

""The interesting thing is that they did not intervene despite the crown being at a relatively strong level,"" Handelsbanken Capital Markets chief economist Jes Asmussen said.

""The conclusion is that the central bank doesn't seem worried about the level of the crown. This diminshes expectations of another rate cut,"" Asmussen added.

""Our main forecast is that the lending rate has reached bottom at 1.05 percent, although there is still a risk that there will be another cut. The rate will only start coming up again once the euro zone money market has normalised,"" he said.

European Union member but euro zone outsider Denmark's policy of holding the crown steady against the euro means that the central bank shifts interest rates for the sole purpose of keeping the crown within a narrow band around its central parity of 7.46038 per euro <EURDKK=>.

Persistent inflows into the crown -- the reserves are up from 286.4 billion crowns in April last year and a many-year low of 161.9 billion in May 2008 -- have kept the currency strong for months and forced the bank to intervene repeatedly in the market to curb its strength.

The crown softened briefly to 7.4431 the euro <EURDKK=> from 7.4426 just before the announcement, but returned to 7.4427 by 1430 GMT.

Crown strength has compelled the central bank to cut interest rates 14 times from a peak of 5.50 percent in late 2008 to an all-time low of 1.05 percent. Its latest cut, 10 basis points, came in January.

Danske Bankforex analyst John Hydeskov said there was a chance of another 10 basis points cut in the bank's certificate of deposit rate -- a secondary rate which now lies at 0.70 percent -- within the next weeks.

(Reporting by John Acher and Anna Ringstrom)

DENMARK-RESERVES/ (UPDATE 1)|LANGEN|ABN|M|D|DA|FN|NW|SW"
Danish c.bank chief: euro would boost Danish GDP,2010-03-22,"COPENHAGEN, March 22 (Reuters) - Adopting the euro would have a permanent beneficial effect on Danish economic growth, the head of Denmark's central bank said on Monday.

Danes rejected the euro in a referendum in 2000, though Denmark's crown currency is pegged to the euro within a narrow fluctuation band and the Danish central bank's monetary policy task is to keep the crown steady inside the band.

""The Nationalbank's rough estimate is that, in the long term, euro area membership would permanently boost GDP by between 0.5 and 1 percent,"" central bank Governor Nils Bernstein told a financial conference in the Danish capital.

Bernstein said that joining the euro could be expected to lead to slightly lower interest rates, a small increase in foreign trade and lower transaction costs, which in combination would boost GDP.

""We know from other countries that after joining there has been an increase in trade,"" Bernstein told Reuters on the sidelines of the conference attended also by the heads of the central banks of France and Germany. ID:nLDE62L1GV] [ID:nLDE62L0MJ]

Denmark's centre-right government favours the euro but has said it will not call another referendum until holding such a vote has the backing of a clear majority in parliament -- political support that is lacking now.

Bernstein told the conference that while the benefits of the euro in normal times were clear, the advantages in periods of financial turmoil would be even greater.

""The lessons from the financial crisis have more than confirmed this,"" he said.

Bernstein noted that the Danish crown came under pressure in late 2008 with the onset of the financial crisis, and Denmark was forced to raise interest rates while rates in other countries were being cut.

He said there was ""anecdotal evidence"" that some foreign investors speculated against the crown.

""Generally speaking, international speculators had a certain interest in testing the strength of the support for the fixed-exchange-rate policy,"" Bernstein said. ""This caused further uncertainty about the crown.""

Pressure on the crown prompted Denmark's Nationalbank to intervene heavily in the foreign-exchange market in late September and the first weeks of October, Bernstein said.

Intervention sales of foreign exchange to support the crown reached a monthly all-time high of 64 billion Danish crowns ($11.62 billion) in October, and on some days intervention approached 15 billion crowns, he said.

""We could literally see our reserves pouring out of our coffers,"" Bernstein said. ""It felt like driving a car without brakes."" (Reporting by John Acher; Editing by Ron Askew)

DENMARK-CBANK/CROWN|LANGEN|DA|FN|NW|SW|ABN|M|D|BNX"
UPDATE 1-Danish Oct  FX  reserves fall to 376.1 bln DKK,2009-11-03,"* Forex reserves fall, against expectation of no change

* Economists say rate cuts have worked to dampen inflows

* Economists say drop in reserves eases rate cut pressure

(Adds details, quotes, background)

COPENHAGEN, Nov 3 (Reuters) - Denmark's foreign exchange reserves fell by 17.8 billion crowns to 376.1 billion Danish crowns ($73.96 billion) in October against economists' expectation of no change, central bank data showed on Tuesday.

Analysts surveyed by Reuters had estimated that the reserves remained unchanged in October at the September level of 393.8 billion crowns, according to the median of five forecasts.

Analysts said the drop in the forex reserves -- the first decrease in the monthly figure since October 2008 -- indicated that the central bank's interest rate cuts have curbed inflows into the Danish currency.

The central bank said it had sold foreign currency in the month for a net 0.1 billion crowns and the central government repaid foreign loans worth 17.7 billion.

Changes in the foreign reserves can signal that the central bank has been stabilising the crown or indicate that the bank may change its key interest rates.

""In October, Denmark's Nationalbank has not intervened in the foreign exchange market,"" the central bank said.

European Union member but euro zone outsider Denmark's policy of holding the crown steady against the euro means that the central bank shifts interest rates for the sole purpose of keeping the crown around its central parity of 7.46038 per euro <EURDKK=>.

Denmark's forex reserves climbed steeply from the late 2008 until September this year as interest rate spreads between Denmark and the euro zone initially widened in the financial and economic crisis, making crown investments attractive.

But the spread to the euro zone has narrowed, with Denmark's policy rate now just a quarter point above the euro zone's 1 percent after 10 Danish rate cuts lopped 4.25 percentage points off the Danish central bank's lending rate since November 2008.

Market interest rate spreads remain wider than the gap between official rates, but have also narrowed.

Danske Bank economist Tore Stramer said in a note to clients that the Danish central bank's independent rate cuts since June succeeded in dampening the inflows of foreign exchange and thereby curbed pressures on the crown.

""Looking ahead, we expect to see a further narrowing of the rate spread, which will to a significant degree contribute to dampening inflows of foreign exchange and pressure on the crown,"" Stramer said.

""Much seems to indicate that the little opening we had seen for yet another small rate reduction of 0.10 percent from the Nationalbank before the turn of the year is now finally about to be closed,"" he added.

Stramer said he did not expect a further Danish rate cut until the big rollover of Danish mortgage bonds in November-December.

(Editing by Ron Askew)

DENMARK-RESERVES/ (UPDATE 1)|LANGEN|ABN|M|E|RBN|D|DA|FN|NW|SW|RNP"
2nd UPDATE: Denmark Ups Key Rate To 5.5% To Defend  Currency ,2008-10-24,"
 
   (Adds detail, analyst comment on euro adoption) 
 
   By Joel Sherwood 
   Of DOW JONES NEWSWIRES 
 

Denmark's central bank Friday raised its key policy rate for the second time this month to prop up the country's struggling currency as the global financial crisis continues to wreak havoc.

Danmarks Nationalbank said it increased its key lending rate and the interest rate for certificates and deposits to 5.5% from 5% ""as a result of continued intervention to support the Danish krone.""

Economists highlight that essentially all currencies with the exception of the dollar and the yen have been struggling in recent weeks amid heightened risk aversion and global de-leveraging.

The Swedish krona and Norwegian krone, free-floating Scandinavian peers of the Danish krone, are both more than 20% weaker against the dollar in the past month.

""We've been intervening recently,"" said Danish central bank spokesman Karsten Biltoft. ""The way it goes with fixed exchange regimes is first you intervene, then you raise rates.""

Denmark has typically moved interest rates in line with the European Central Bank to defend the exchange rate for the Danish currency, which has been pegged to the euro since 1999.

But Friday's move marks the third time this month and fourth this year that the central bank has broken that pattern, amid intensified financial market upheaval.

Danmarks Nationalbank Oct. 7 increased the key rate by 40 basis points, while Oct. 8, it kept rates unchanged despite an emergency 50 basis-point cut earlier that day by the European Central Bank.

Denmark also pushed up rates May 16 by 10 basis points - its first move independent of the ECB in more than two years.

The rate increase in Denmark runs counter to a mounting trend for some other developed economies, where rates are heading downward to soften the impact of the financial crisis.

Alongside the ECB, five other major central banks, including the U.S. Federal Reserve, Bank of England and Swedish Riksbank, took part in the emergency rate cuts earlier this month.

Thursday, Sweden surprised markets with another half percentage-point rate cut to 3.75%.

Although helpful for the currency, economists say Friday's rate increase will further aggravate an already weakening Danish economy suffering from a falling property market.

The move is also likely to bolster calls for Denmark to join the euro area, analysts said.

""The increase isn't surprising because of the weaker currency, but it's bad news for the Danish economy,"" said Niels Roenholt, a Copenhagen-based economist at Jyske Bank, who added that further rate increases could come if the currency situation continues to deteriorate.

""This is an example of what can happen when a country stays outside the euro area.""

Danes narrowly voted against euro adoption in a national referendum in 2000, and public sentiment remains divided.

But Prime Minister Anders Fogh Rasmussen, a strong euro proponent, has recently stepped up efforts to sway public opinion in favor of adoption, highlighting disadvantages such as the higher interest rates in Denmark and the country's lack of influence on euro-zone crisis-fighting policies.

Rasmussen intends to call another referendum on the issue during the current parliamentary term, which runs through 2011.

The U.K., Sweden and Denmark are the only three European Union countries left from before 2004 enlargement that haven't joined the single-currency area.

Fifteen countries are currently in the euro zone, and Slovakia is set to join Jan. 1.

""I will be surprised if the crisis and rate increases don't add support for adopting the euro,"" said Jyske's Roenholt.

Bank Web site: www.nationalbanken.dk(""http://www.nationalbanken.dk"")

-By Joel Sherwood, Dow Jones Newswires, +46 85 45 13 092, joel.sherwood@dowjones.com [ 24-10-08 1045GMT ]"
UPDATE 2-Denmark hikes interest rates to defend sliding crown,2008-10-24,"(Adds analysts, background, crown rate)

COPENHAGEN, Oct 24 (Reuters) - The Danish central bank raised its key lending rate on Friday for the second time this month to support the Danish crown and indicated it was prepared to continue to raise rates to defend its currency.

Euro zone outsider Denmark's central bank said it raised its one-week certificates of deposits and lending rates to 5.50 percent from 5.00 percent. The less important discount rate was kept at 4.50 percent.

Denmark's crown has steadily weakened over the last two weeks after strengthening in the first few days following the last rate rise on Oct. 7. On Friday, after the rate rise, it was trading at 7.4590 crowns to the euro compared with Thursday's low of 7.4609 crowns. However by 0920 GMT, the crown had weakened again and was trading as low as 7.4632.

The crown is pegged to the euro in a 2.25 percent band around a central rate of 7.46038 <EURDKK=> in the ERM-2 grid, but has spent most of the last 9 years since the regime was introduced much closer to its central parity than its trading band actually allows.

Danish interest rates are now 175 basis points above the ECB equivalent, compared with 35 bps at the start of October.

""This is a textbook intervention for a fixed currency regime. We've intervened in the market first before lifting interest rates,"" Central Bank spokesman Karsten Biltoft told Reuters, without saying how much of its reserves the bank had used. ""We'll continue to go by the textbook in the future.""

Denmark's inclusion in the ERM-2 includes a commitment to unlimited intervention credit between the ECB and the Danish central bank.

Danske Bankcurrency strategist John Hydeskov said the crown had been under pressure all month, despite being traded around or below its central parity, and that Danske believed the Central Bank had succeeded in keeping the crow strong through support intervention.

""Even so, they wanted a rate rise now because they probably don't want to lose too much reserves in the long run,"" he said.

Nordea Chief Economist Anders Matzen said the Danish crown was under pressure as a result of the global credit crisis.

""We have seen both the Norwegian and Swedish crown under pressure because investors generally pull out of smaller countries, regardless of whether the have a fixed currency or not. This is the pressure that caused Nationalbanken to raise rates to defend the crown,"" he said.

NO INFLATION TARGET

Nationalbanken has no inflation or money supply target but adjusts rates and intervenes in the currency market for the sole purpose of keeping the crown stable against the euro.

""As a result of continued intervention to support the Danish crown, Denmark's Nationalbank increases the lending rate and the rate of interest for certificates and deposits from 5 percent to 5.5 percent with effect as from 24 October 2008,"" the central bank said in a statement.

""This is terrible news for the Danish economy, not least for the housing market,"" said Jyske Bank Senior Economist Niels Ronholt.

""We had hoped that...Nationalbanken could start getting money in again and cut interest rates. But there is pressure on small currencies at the moment and the central bank has to defend the fixed-rate policy that we have and must therefore raise rates,"" he said.

Usually, the national bank changes its interest rates the same day and by the same margin as the European Central Bank. However, it unilaterally raised rates on Oct. 7 and then did not lower them in step with the ECB when it cut rates by 50 basis points on Oct. 8, effectively further increasing the rate spread.

Denmark's government last week cut its 2008 growth forecasts and predicted growth next year could be lower than previously expected or even snuffed out completely due to the worsened international financial climate. (Writing by Kim Mclaughlin, Copenhagen Newsroom; editing by David Stamp and Andy Bruce)

DENMARK-RATES/ (UPDATE 2)|LANGEN|ABN|M|E|RBN|D|G|DA|FN|NW|SW|RNP|PGE"
Danish Ctrl Bk Raises Key Lending Rate To 4.35% From 4.25%,2008-05-16,"STOCKHOLM (Dow Jones)--The Danish central bank hiked its key rate Friday in a move defending the pegged Danish krone exchange rate against the euro, as it made its first unilateral action on rates since February 2006.

The central bank raised its lending rate and the interest rate for certificates of deposits to 4.35% from 4.25%.

""Since August 2007 the spread between Danmarks Nationalbank's lending rate and the ECB's marginal rate has been reduced by 15 basis points to 20 basis points, thus the spread has more or less disappeared. In short periods of time the interest-rate spread has been negative,"" the bank said in a statement.

""Due to the increased spread, there has been a weakening of the Danish krone, and in accordance with the fixed-exchange-rate policy Danmarks Nationalbank has intervened to support the krone,"" the bank added.

Denmark's currency is pegged to the euro, and the central bank has routinely kept its key rate at 25 basis points above the ECB's key rate in order to defend the fixed exchange rate.

When the ECB moves rates, Denmark usually follows suit with an equivalent move later the same day.

The last time Danmarks Nationalbank made a unilateral rate move was in February 2006, the central bank said.

Bank Web site: www.nationalbanken.dk(""http://www.nationalbanken.dk"")

-By Joel Sherwood, Dow Jones Newswires, +46 85 45 13 092, joel.sherwood@dowjones.com [ 16-05-08 0855GMT ]"
UPDATE 2-Danish c.bank raises interest rates to help crown,2008-05-16," (Adds central bank quote)

 COPENHAGEN, May 16 (Reuters) - Denmark's central bank raised its key one-week interest rate by 10 basis points on Friday, saying it acted to counter a weakening of the Danish crown. 

 The bank said it raised its one-week certificates of deposits and lending rates to 4.35 percent from 4.25 percent. The less important discount rate remained unchanged at 4.0 percent.

 ""The development in the interest rate spread has led to a weakening of the Danish crown, so in accordance with the fixed exchange rate policy the national bank intervened to support the crown,"" the Danish bank said.  

 Although Denmark, a European Union member, has not adopted the euro, it has a long-standing policy of keeping the crown stable against the common currency.

 This means that the central bank shifts key interest rates for the sole purpose of keeping the crown around its central parity of 7.46038 per euro <EURDKK=>.

 Usually the national bank changes its rates the same day and by the same margin as the European Central Bank, which has kept rates at 4 percent since last June. The last time the Danish bank acted on its own was February 2006.

 The bank said that the spread between the Danish bank's lending rate and the rate at which the ECB lends to banks at its money market tenders has been shrinking since August 2007 and lately had sometimes become negative.

 ""The rate increase has strengthened the crown, but not a lot,"" said Jes Asmussen, chief economist at Handelsbanken. ""It was on the cards, but timing is of course always a surprise.""

  The crown, which strengthened as far as 7.45 to the euro in early March, weakened to 7.4636 on Friday before bouncing back to 7.4594 after the rate hike.

 (Reporting by Gelu Sulugiuc; Editing by Ruth Pitchford)  

DENMARK-C.BANK/RATES (UPDATE 2)|LANGEN|ABN|M|E|RBN|D|DA|FN|NW|SW|RNP"
EU SUMMIT: Nordic Caution Turns Into Skepticism About EU,2005-06-17,"BRUSSELS (Dow Jones)--Europe's northern success stories always have been cautious about European unity. Now, though, they're becoming downright skeptical.

The skepticism goes far beyond frustration over the bogged-down referendum campaign for a proposed European Union constitution. They feel marginalized in an expanded bloc of 25 countries and disagree with the direction of the E.U.'s spending on agriculture and poor regions. At the same time, with the euro-zone economy sagging, Sweden, Finland and Denmark are busy lowering their own growth forecasts.

""We don't have time for grandiose visions of Europe,"" Finnish Foreign Minister Erkki Tuomioja told Dow Jones Newswires during a two-day summit of E.U. leaders here. ""A pragmatic approach is required.""

The Nordics traditionally have been at the fringe of E.U. affairs. None entered at the inception of the Union. Denmark joined in 1973, while Sweden and Finland only entered the E.U. in 1995. Norwegians have voted down membership twice and remain outside the E.U. Only Finland uses the euro; Denmark and Sweden have rejected it.

And while the three Nordic E.U. member countries have strong welfare states, they are as uncomfortable with French dirigisme as they are with British lassez faire.

The most immediate consequence will come with the much-maligned constitution. Opposition to the document, always strong, has soared in recent weeks following French and Dutch No votes.

Both Denmark and Sweden said Thursday that they will postpone planned referendums on the constitution. Sweden's Prime Minister Goran Persson said it would be impossible to go to voters if France and the Netherlands refuse to vote anew.

Danish Prime Minister Anders Fogh Rasmussen agreed, saying: ""We can't put the treaty to a vote in Denmark if there's no treaty to vote on.""

Even Tuomioja was skeptical about whether his country would go ahead with the much less sensitive parliamentary ratification, scheduled for August.

Yet the rest of the E.U.'s leaders at the summit rejected the Nordic request for a full-scale suspension. Instead, they said countries that want to proceed with a vote will be allowed to do so and that the issue will be revisited at another summit in June 2006. That could just postpone tensions: Nordic fervor for a failed constitution looks unlikely to improve in the meantime.

""When we see these leaders upstairs behind closed doors debating our future, it makes us uncomfortable,"" said Jens-Peter Bonde, a leading euro skeptic and Danish member of the European parliament. ""The whole thing should be buried."" 


 
       Budget, Enlargement Weigh On Nordic Minds 
   

Another concern is how Europe spends its money. Other E.U. leaders were demanding further cuts to the spending plans for 2007-2013 and lower individual contributions. The Scandinavians, meanwhile, want more money to be spent on research and development and less on agriculture and assistance for poor regions.

""We want a much more future-oriented budget"" devoted ""to research and development, innovation and education,"" Denmark's Rasmussen said Friday. ""We should do our utmost to make the E.U. the most competitive economy in the world.""

The Nordic opinion, particularly Sweden's, is key. They want big cuts in their contributions and they would like to see spending in 2007-2013 capped at 1% of the E.U.'s annual gross domestic product.

It's important politically to Sweden's Persson, who has seen support back home melting away, in large part because opposition voices criticize an E.U. budget. ""We don't like the old E.U. politics of providing a lot of farm subsidies, etc.,"" said Lars Lindberg, the Europe spokesman for Sweden's opposition Moderaterna party.

If the budget talks break down later Friday, Swedish intransigence could be key. Persson said Friday he prefers ""to take a year more than to get a bad decision.""

The governments of the Nordic countries, agreed Finland's Tuomioja, ""believe they can get a better deal by holding out.""

In foreign policy, too, the E.U.'s divisions could have dangerous consequences. Tuomioja worries that his giant neighbor Russia will take advantage of that disarray to ""press for advantages"" in its negotiations over issues ranging from energy shipments to visa wavers.

A more specific foreign-policy concern of the Nordic countries is E.U. enlargement, which they fear will bring in a wave of cheap labor. Swedish labor unions are already blocking the use of Polish and Baltic construction workers on Swedish building projects.

The Nordic countries also fear the impact of the low taxes levied in eastern Europe. They want the E.U. to set minimum levels of VAT and income tax, so that Scandinavia's costly but popular welfare programs won't be put in jeopardy.

The E.U.'s present enlargement commissioner, Olli Rehn of Finland, admitted Thursday that the constitutional crisis has generated ""enlargement blues,"" though he insisted ""we are not taking any sabbatical from our work."" In practical terms, that means Bulgaria and Romania, already accepted, will get in, but other potential applicants such as Croatia, Serbia and above all, Ukraine and Turkey, will have to wait.

Much depends on the economy. Like many others, Danish MEP Bonde believes that the troubled Constitution would have sailed through ""if unemployment in France was 5%, not 11%."" The Nordics don't face this problem - their economies are robust.

Yet weakness in the core of Western Europe hurts them, too. The Swedish government recently dropped its annual forecast for growth this year to 3% from 3.2%. In Finland, feeble demand from Europe coupled with a forestry strike has forced the government to pare back growth estimates to 2.5% from 3.0%, and it may have to do so again by next month.

Denmark is intervening in currency markets to support the Danish krone's peg with the collapsing euro, bloating its foreign currency reserves. The Norwegians are even more miffed, worried that their rising currency will take their exporters out of the marketplace as their central bank tightens rates to rein in growth.

The ""economic and political turmoil we now see in continental Europe is slowing us down,"" Paer Nuder, the Swedish finance minister, recently told Dow Jones Newswires.

-By William Echikson, Dow Jones Newswires; 32-2-741-1482; william.echikson@dowjones.com

(Malin Rising and Louise Nordstrom in Stockholm also contributed to this report.) [ 17-06-05 1647GMT ]"
INTERVIEW-Danish crown needs steadying occasionally-c.bank.  ,2005-01-27,"COPENHAGEN, Jan 27 (Reuters) - Euro outsider Denmark's central bank intervenes now and again in the currency market to fulfil its mission of keeping the crown stable against the euro, its governor said in a rare interview on Thursday.  

""Typically, we intervene to avoid abrupt movements in the exchange rate,"" said Bodil Nyboe Andersen, who steps down in October after more than 10 years in office.  

Along with Britain and neighbouring Sweden among the old members of the European Union, Denmark has opted not to join the single currency. But it has pegged its crown in a 2.25 percent band around a 7.46038 central rate against the euro.  

""We don't operate with a narrower band, but we keep it tight, typically slightly above the central rate,"" she said.  

Since the launch of the euro in 1999, the crown has traded between 7.4230 and 7.4670 per euro, or 0.5 percent on the stronger and 0.1 percent of the weaker side of the parity.  

Andersen said the bank buys or sells currency - often rather small amounts - to smooth out big capital flows which often stem from cross-border takeovers, local institutional investors' purchase of foreign securities or repatriation of funds and foreign investors' trading in Danish bonds and shares.  

""We tend to stabilise the market...it is easier to take it in the run-up than to step in at a later stage. It's a signal to the market that we are there if something big happens.""  

The Danish central bank mirrors the European Central Bank's interest rate policy but on rare occasions moves independently.  

""If a development goes on over a long period and involves substantial amounts we will resort to changing the interest rate, typically by five basis points,"" she said.  

The spread between the bank's leading two-week rate and the ECB's refi-rate has been 15 basis points since June 2003.  

""History shows that even a five basis points cut could change the situation and stop an inflow for instance.""  

Andersen said the crown's credibility was built up over the past 20 years and had left foreign exchange markets with a clear understanding of the Danish fixed exchange rate regime. The central rate has been unchanged since 1987, when it was fixed against the then German mark.  

Andersen noted that the crown's central rate was maintained through the general European Monetary System turmoil in the early 1990s and a more local currency crisis 1998, gaining a lot of credibility.  

""In fact we don't need to intervene very often because private banks do a lot of the stabilisation themselves, while still making a profit from it. That's fine, that's how the market should work.""  

ADVICE TO ERM-2 NEWCOMERS  

Denmark joined the Exchange Rate Mechanism 2 (ERM-2) in 1999, when the single currency was launched. In June last year Estonia, Lithuania and Slovenia joined the club on their way to full euro membership.  

Andersen said new ERM-2 members should ensure their monetary policy only has one goal - to keep the currency stable.  

""You cannot take into consideration the domestic needs of the economy. You have to use interest rates only for stabilising the currency,"" she said.  

Denmark's central bank has no inflation or money supply target but adjusts rates and intervenes in the currency market for the sole purpose of keeping the crown stable.  

Danes rejected euro membership in a 2000 referendum, but Andersen is personally in favour of joining the euro.  

""When you already follow the rules of the game you could as well sit around the table,"" she said, adding that recent studies show that having the same currency promotes trading.  

""It's interesting to look into this because there could be an effect that we so far have overlooked in the debate about the effects of being an euro outsider,"" she said.  

Euro membership is not expected to become an issue ahead of Denmark's Feb. 8 general election. Polls show a majority of Danes want to swap their crown for the euro but a new referendum on the issue is not expected for the foreseeable future."
WRAPUP 1-Policymakers calm as euro surge gathers pace.  ,2004-01-06,"BERLIN, Jan 6 (Reuters) - Euro zone policy makers said on Tuesday they were watching the speed of the euro's surge against the dollar but were not overly concerned at its current level, while German exporters remained bullish about prospects.  

The mild verbal intervention supported off-the-record comments by officials in recent days indicating the single currency's exchange rate would only become a problem if it reached $1.30.  

The currency was trading close to life highs just above $1.28 hit earlier on Tuesday around 1400 GMT.  

""It's true that brutal foreign exchange movements are bad for everyone but we have to refrain from any pessimism on this issue,"" French Budget Minister Alain Lambert told French radio, noting most French exports were within the euro zone.  

""For the moment, we're witnessing an evolution which still remains relatively reasonable,"" echoed Belgian Finance Minister Didier Reynders at a news conference in Brussels.  

""What is worrying are two things. Either too fast an evolution which we're not really witnessing today but could happen or an evolution which is in total contrast with the evolution of inflation and growth,"" Reynders added.  

The official insouciance contrasted with evidence the dollar's drop was beginning to cause strains in Europe.  

Dealers reported Denmark's central bank had intervened to keep its crown stable against the euro and Goldman Sachs cut its investment rating on European car makers, citing the currency's strength.  

""The euro has risen to a level that has severe implications for U.S. and UK earnings, and increases the competitive threat from Japan,"" Goldman Sachs analyst Keith Hayes said in a note cutting Germany's Volkswagen (VOWG.DE) to ""underperform"" and BMW (BMWG.DE) to ""in-line"".  

A rise in the euro's exchange rate makes it harder for European firms to win export orders and reduces the euro value of profits earned abroad. It also makes imports cheaper.  

A monthly index published by Germany's HWWA economic research institute showed the cost of euro zone commodity imports fell 5.0 percent year on year in euro terms in December despite a 14.6 percent rise in their dollar value.  

ECB RATES ON HOLD?  

Financial markets pushed back expectations of when the European Central Bank, which meets on Thursday, may hike interest rates from a record low of 2.0 percent.  

Euribor futures for March, a gauge of short-term euro zone interest rate expectations, rose to a three-month high at 97.920, implying three-month money market rates of 2.08 percent, and bond yields eased.  

""The move in the euro is raising expectations about steady rates,"" said HBOS economist Richard Batley.  

""Growth could be highly impacted by the strength of the euro and there is an idea that growth is highly geared towards the export sector at the moment.""  

Strong exports helped pull Germany, the region's largest economy, out of recession in the third quarter. Data last week showed a two percent rise in exports helped the country to a record trade surplus of 135 billion euros in 2003.  

German exporters maintained on Tuesday an upbeat outlook despite a warning from a leading economic institute that the euro's rise was making firms less competitive on world markets.  

Anton Boerner, the head of Germany's BGA foreign and wholesale trade association, told Reuters he was optimistic exports could grow 4.5 percent this year despite the euro.  

""That (forecast) remains valid up until now,"" Boerner said.  

Boerner said he expected the euro to average between $1.250 and $1.275 this year, clearly above 2003 levels.  

""I don't see us reaching $1.40,"" Boerner said, adding however the currency could range as high as $1.30 or just over within the next three months.  

The DIW economic think tank said if the euro reached $1.30 it would be a problem for Germany's economy and at $1.35 the European Central Bank should cut rates.  

""Monetary policy makers must take responsibility for the recovery. They can't just keep their hands in their pockets and say it will come,"" DIW chief economist Gustav Adolf Horn said.  

However, a Reuters poll of 58 economists found 51 believed the next move in ECB rates would still be up, while seven expected a cut."
Danish cbank says stands ready to defend crown. ,2002-12-04," COPENHAGEN, Dec 4 (Reuters) - Denmark's central bank, Nationalbanken, said on Wednesday it would intervene in the currency market and raise rates with determination if the Danish crown were to come under pressure. 

 It also said its monetary policy was shadowing that of the European Central Bank (ECB) but that it would adjust the difference between the ECB`s and its own leading lending rates according to the development in the currency reserves. 

 ""When capital movements reverse at some point we are naturally ready to sell currency,"" central bank governer Bodil Nyboe Andersen said in the text of a speech prepared for delivery at the Danish Banks Association`s annual meeting. 

Currency inflow corresponding to almost 50 billion crowns and a strong crown against the euro has allowed the Danish central bank to gradually reduce the yield spread to ECB to 20 basis points in recent months. 

 ""Those knowing us from earlier will have no doubts that the central bank`s defence of the crown will be utterly resolute in terms of intervention and widening of the interest rate spread."" 

 Danes rejected euro membership in a referendum in September 2000. The central bank has no inflation or money supply target but adjusts rates for the sole purpose of keeping the crown stable against the euro. 

 ""We are taking the crown`s rate against the euro and whether there has been a certain sustained flow of currency into consideration when adjusting the yield spread to ECB,"" Andersen said. 

 The crown is pegged to the euro  in a plus/minus 2.25 percent fluctuation band around a 7.46038 central parity in the ERM-2 grid. 

 At 1107 GMT, the crown stood around 7.4265 against the euro. 

 At end-November the Danish currency reserves were 195.9 billion crowns."
Denmark  to  intervene  if economy overheats - Jelved. ,2001-08-31," COPENHAGEN, Aug 31 (Reuters) - The Danish government is ready to intervene and tighten fiscal policy at the first sign of any overheating of the economy caused by further European or Danish central bank rate cuts, Economy Minister Marianne Jelved said on Friday. 

 ""If we see any sign of an overheating of the Danish economy as a result of further rate cuts by the European and Danish central banks, we will not hesitate to react with a tightening of fiscal policy, there can be no doubt about that,"" Jelved told Reuters. 

 Denmark`s central bank, Nationalbanken, on Thursday cut its key rates by 30 and 25 basis points respectively after the European Central Bank (ECB) cut its minimum bid rate earlier in the day. 

 The bank reduced its two-week certificates of deposit and lending rates to 4.65 percent from 4.95 percent, citing the ECB trimming and the current strength of the crown currency. 

 At the same time the Danish central bank reduced its less important key discount rate to 4.25 from 4.50 percent. 

 There are indications that further ECB rate cuts could be in the pipeline this autumn, which could cause problems for the Danish government's economic policy, sparking rises in consumption, wages and higher inflation. 

 ""For the government the firm crown policy is of paramount importance. We are pledged to conduct tighter fiscal policy than that adopted in the euro zone and we will do so even if the need for intervention (to stop overheating of the economy) is needed on the eve of an election,"" she said. 

 The Danish crown is pegged to the euro in a plus/minus 2.25 percent fluctuation band around central parity of 7.46038 and the bank always follows ECB adjustments in interest rates. 

 Denmark is due to hold a general election by mid-March 2002 at the latest."
Danish c.bank indicates less need for  fx - intervention . ,2001-04-19," COPENHAGEN, April 19 (Reuters) - Denmark`s central bank governor said on Thursday the Danish foreign exchange market was in ""good balance"", indicating a declining need for stabilising intervention. 

 ""The recent months have shown that the market has become better to balance demand and supply,"" Bodil Nyboe Andersen told the Association of Danish Mortgage Banks` annual meeting. 

 ""That has in some periods implied a little bigger daily price fluctuations (of the crown against the euro),"" she said. 

 Last year the central bank, Nationalbanken, was very active in stabilising the crown against the single currency in order to avoid jitters connected to the country's September 28 euro membership referendum. 

 The Danish central bank has no inflation or money supply target but adjusts key rates for the sole purpose of keeping the crown stable against the euro. 

 The crown is pegged to the euro in a plus/minus 2.25 percent fluctuation band around central parity of 7.46038. But the central bank has said it aims at keeping the crown in a much narrower band, without giving further details. 

 Since the euro was launched January 1, 1999 the crown has traded within a tight 0.5 percent range. 

 Andersen also said a economic slowdown in Europe would not be too harmful to Denmark. 

 ""The tight labour market puts a limit on how much the economy can grow without threatening the (current) economic balance,"" she said. 

 ""Many businesses are close to their capacity limits and would therefore not suffer from slightly lower growth in demand."""
Danish  central bank  raises key interest rates. ,2000-09-29," COPENHAGEN, Sept 29 (Reuters) - Denmark`s central bank raised key interest rates by 50 basis points to 5.60 percent on Friday, reiterating its determination to defend the crown's fixed exchange rate against the euro after Thursday's bigger than expected referendum rejection of euro membership. 

 Danes voted 53.1 to 46.9 percent against joining the euro in a referendum on Thursday and the bank said there had been ""certain pressure"" on the crown recently, forcing it to intervene to support the currency. 

 ""Denmark's fixed exchange rate policy will be continued after yesterday's referendum,"" the bank said in a statement. ""To avoid uncertainty about the crown's exchange rate, the central bank's lending and certificates of deposit rates are being raised by 0.50 percentage points to 5.60 percent with effect from September 29,"" it said. 

 The central bank's discount and key deposit rates remained at 4.50 percent."
"Dollar Slips Against Euro Despite Denmark's Vote, but Climbs Against Yen ",2000-09-29," A WSJ.com News Roundup 

 NEW YORK -- The dollar declined against the euro Friday, as traders seemed unwilling to test central bankers' resolve to support the euro despite Denmark's vote against joining the 11-nation monetary union. 

 The dollar also weakened against the pound, but climbed to a one-month high against the yen following weaker-than-expected consumer-spending data out of Japan. 

 Late Friday, the euro was quoted at 88.30 U.S. cents, up from 87.77 U.S. cents late Thursday in New York. 

 The dollar traded at 108.15 yen, up from 107.65 yen late Thursday. The pound bought $1.4750, up from $1.4623 late Thursday. 

 The euro's gains came in the aftermath of the Danish voters' rejection Thursday of joining the euro. The vote had been largely perceived in the currency markets as a litmus test for the euro. And while the outcome wasn't unexpected, it added to a lack of confidence in the euro, which at its all-time low of 84.38 cents hit earlier this month, had lost 28% of its value against the dollar since its launch in January 1999. The currency has fallen even further against the yen. 

 However, on Friday the euro was anchored in a tight range around 88 U.S. cents overnight, and the move down to 87.50 U.S. cents just ahead of the New York open was attributed to flows related to reports that the U.K.'s Vodafone Group PLC was about to sell its Italian unit Infostrada SpA to Enel SpA and possibly France Telecom. 

Foreign-exchange traders were hesitant to push the euro lower, fearing that the European Central Bank, with or without help from other central banks, would move to support the euro if it fell too far, too fast. 

 Traders may test the euro's downside next week, said Lara Rhame, currency economist at Brown Brothers Harriman & Co. ""The referendum's behind us now. The euro has lost any support on that front."" 

 In light of Denmark's vote, the Danish central bank raised one of its two key interest rates to reaffirm its commitment to a fixed-exchange rate policy for the krone. The central bank raised its lending rate by a half percentage point to 5.6%, but it left its other key rate, the discount rate, unchanged at 4.5%. The krone has been pegged to the German mark since 1982, and when monetary union kicked off, the country linked the krone to the euro. The currency is permitted to vary only within a 2.25% range against the euro, though Denmark's central bank as a rule intervenes when the krone moves more than 0.5% against the common currency. 

 Separately, ratings agency Fitch IBCA Inc. affirmed its AA+ long-term foreign-currency rating for Denmark, but it replaced its positive outlook with a stable outlook. 

 The biggest movement overnight was in dollar/yen, following Japanese data that showed that personal income and spending remained weak. The dollar triggered stops early in New York to hit an intraday high of 108.47, its highest level since August 22. 

 Spending by Japanese wage earners in August was 332,633 yen ($3,093) on average, down 2.9% in real terms from a year earlier, suggesting the recovery in the corporate sector has yet to filter through to households. 

 The market largely ignored U.S. data showing a modest rise of 0.4% in personal income in August, with spending up 0.6%. 

 Copyright (c) 2000 Dow Jones & Company, Inc. 

 All Rights Reserved."
"Crown firms, bond yields ease as Danes vote on euro. ",2000-09-28," COPENHAGEN, Sept 28 (Reuters) - The Danish crown firmed and debt yields eased on Thursday as market players speculated that reaction would be limited even if the Danes vote against adopting the euro in Thursday's referendum. 

 The crown firmed slightly against the euro to 7.4611 at 0830 GMT from 7.4652 at Wednesday's close as opinion polls indicated a tight vote. Danish bond yields narrowed slightly, reducing their spread over European debt. 

 Economists and dealers attributed the moves not to confidence that Danes might vote 'yes', but to growing awareness that the market impact of a 'no' was likely to be limited. 

 ""People aren't worried that much that a 'no' will cause that much currency turmoil,"" said Keld Holm, head of research at BG Bank in Copenhagen. 

 Holm predicted that the spread of Danish 10-year bonds over euro zone bonds would widen to 50 basis points if the Danes reject the euro, and narrow to about 20 if they accept it. 

 At 0830 GMT, the benchmark 10-year yield spread over German Bunds was 35 basis points, down from 38 late Wednesday. 

 Membership of the euro would tend to reduce the spread by lessening the currency risk of investing in Danish debt. The Danish crown has weakened slightly in recent weeks on fears that rejection could cause investors to pull funds out of Denmark. 

 But it has not tested the intervention limits of the 2.25 percent band in which the crown is locked against the euro. And markets appear to believe the Danish government's pledge to keep the crown inside that corridor if the Danes vote 'no'. 

 Danish stocks were little moved on Thursday with the top-20 KFX index 0.3 percent down. Dealers expect little impact on Danish equities whatever the result. 

 Exit polls will give initial indications of the outcome from about 1200 GMT and the final result will be known at around 2030 GMT. Markets are expected to tread water until the afternoon when the first polls could cause volatility. 

 Much will depend on how clear the first exit polls are, dealers said. 

 MAASTRICHT TREATY 

 If the 'yes' and 'no' camps are as close as opinion polls suggest, the outcome may still be completely open by the time Danish markets close and any reaction will not be felt until Friday. 

 Denmark's referendum on the Maastricht Treaty on European integration in 1992 was such a cliffhanger that the running vote count was indicating a 'yes' just 15 minutes before the final result showed Danes had in fact voted 'no'. 

 One dealer predicted the crown would drift lower in the course of the day and predicted it would move in a 7.4600-50 per euro range ahead of clear indications of the result. 

 ""Even if the referendum were to be defeated we view Danish bonds as attractive on a fundamental basis,"" Merrill Lynch fixed income analysts said in a market commentary this week. 

 ""Danish fiscal performance is significantly better and macroeconomic performance over the last five years has been better than the euro land average,"" it said. 

 The intervention available to support the crown was ""formidable,"" the report added. ""Speculators are likely to conclude fairly quickly that testing the central banks' resolve is a no-win proposition."" 

 The vote, so close that just 20,000 to 30,000 Danes could determine the outcome, could have a greater impact on the euro. 

 The Danish verdict on the euro could initially lead to sharp swings in the single currency. But financial markets expect the European Central Bank to intervene to prop it up if a 'no' vote sparks heavy losses. 

 The euro was broadly supported on Thursday ahead of the referendum result and was quoted at $0.8840 euros at 0830 GMT. 

 Economists polled by Reuters said the outcome could have an impact of 3.5 U.S. cents - a 2.0 cent fall if the Danes reject it, and a 1.5 cent gain if they say yes. But opinions on the impact are divided. Some see the euro shrugging off the result."
FX  options market braces for Danish poll fallout. ,2000-09-27," LONDON, Sept 27 (Reuters) - The currency options market is primed for sharp moves in the euro's exchange rate over the next few days amid concern that a looming Danish referendum could provide the trigger for central bank intervention. 

 If Denmark votes on Thursday against joining the single currency the euro is expected to suffer a further denting of sentiment, while a 'yes' vote would be supportive. 

 There is also the risk that central banks from the Group of Seven nations could intervene together to buy euros, as they did last week, and once again trigger a sharp spike up in the single currency. 

 There were even some fears that intervention could take place ahead of the referendum results, given that G7 intervention took financial markets by surprise on Friday ahead of the G7 finance ministers meeting. 

 ""The market is really pricing in a big move and is trying to buy options for Friday, to get a two-way bet in,"" said an options trader at a European bank in London. 

 Implied volatility, which reflects expectations of how much prices will gyrate, was at 18.0/19.5 percent for one-week euro/dollar options, according to Reuters data , up more than one percentage point from Thursday. 

 ""Even though vols are high, the risk/reward means that it is still better to be long the front end, because of any gapping risk in spot,"" said the London-based options dealer. 

 ""Being short options and trying to lead stop-loss orders is just not going to work because spot has the potential to move so much that you are not going to be able to stop yourself out rapidly enough."" 

 DANISH VOTE SEEN A CLOSE CALL 

 The latest opinion polls show that voting on whether Denmark joins the euro is likely to be close on Thursday. 

 While the market has mostly been pricing in a 'no' vote over the last week, this week's survey of the latest polls showed a rebalancing of the public's view. 

 ""Implied volatilities at the front end are firm and reasonably well bid following Friday's joint intervention and with the possibility of further intervention and event risk coming from tomorrow's Danish referendum,"" said Paul Mackel, currency analyst at Dresdner Kleinwort Benson in Frankfurt. 

 ""Spot has been slowly creeping up towards $0.89 because some people are expecting that there could be some intervention before the referendum."" 

 The euro/dollar spot rate was within half a cent of its day's highs above $0.8880 , less than two cents away from Friday's post-intervention peaks above $0.90 and up more than five percent from record lows set last week. 

 Dealers said if the Danes rejected the single currency, the euro/dollar spot rate would trade lower and front-end vols would initially fall. 

 They said options buying in the middle of the curve would then come in, on the risk that the euro would fall to new lows. 

 But analysts said wariness of further central bank intervention to support the euro could limit losses in the euro/dollar spot rate. 

 ""A 'no' in Denmark is more or less priced into the market because euro sentiment has been negative for a while now,"" said an options trader at a bank in Europe. 

 ""But if we saw intervention combined with a 'yes' in Denmark, it would obviously have a considerable impact - more than if we had intervention with a 'no'."""
Danish crown spirits seen lifted by G7 euro rescue. ,2000-09-25," LONDON, Sept 25 (Reuters) - The Danish crown sailed up to three-week peaks against the euro on Monday with a tailwind from last week's joint G7 intervention on the euro as dealers bet such action could help erode Danish opposition to euro entry. 

 Opinion polls released after Friday's G7 rescue operation in favour of the sinking euro suggested pro-euro Danes might be clawing back ground against their opponents although the outcome of euro referendum on September 28 remained a tough call. 

 While several major currencies tumbled against the euro after the joint intervention, the Danish crown staged an impressive rally against the single currency, firming to its highest level since the beginning of September. 

 Analysts said intervention and a joint euro-supportive statement by the Group of Seven at the weekend were powerful signs of international committment to halting the euro's slide. 

 This could help rebalance the view on the euro's fortunes among some Danes, whose negative feelings toward the currency had been exacerbated by its past weakness, they added. 

 ""The strengthening of the crown might be indirectly linked to intervention, but through the opinion polls rather than through intervention in itself,"" said Carsten Valgreen, head of macroeconomic research at BG Bank in Copenhagen. 

 ""Intervention was on the front page of every newspaper in Denmark. One of the things which drew the polls towards the 'No' in the past few weeks was the euro's weakening. But if intervention works, it will strengthten the 'Yes' side and that would help the crown."" 

 The crown appreciated as far as 7.4570 crowns per euro on Monday, moving back to the strong side of its 7.46038 central parity against the single currency. 

 REFERENDUM OUTCOME STILL A RIDDLE 

 Analysts said the Danish crown was benefitting from speculation that the chances of a 'Yes' vote might be improving, even though the result was far from clear as opinion polls in Denmark still appeared to be mixed just days before the referendum. 

 On Sunday a daily Vilstrup poll found the pro-euro camp in the lead for the first time since September 12 and Megafon's latest television survey on Monday said the 'No' side lead had shrunk by three points to 50-42 percent. 

 A Gallup poll said however the leadership of the euro opponents had widened to four points from three. 

 ""The outlook for the referendum is more balanced. And perhaps people feel that intervention will actually help the (yes) vote in Denmark,"" said Stephanie Pfeiffer senior European economist at Deutsche Bank in London. 

 Analysts said a 'Yes' vote would attract international capital into Danish assets after month of uncertainty and thus help the Danish crown. 

 But they also feared the Danish population was not fully aware of the economic consequences of voting one way or another, such as the risk that the Danish central bank could raise interest rates sharply to defend the crown in case of a rejection of euro membership. 

 ""The crown is getting some joy from the fact the polls have improved (for the 'Yes' side), even though it's a slight improvement,"" said Julie Collins Thompson, market economist at BNP Paribas in London. 

 ""But you still have a high percentage of undecided voters and in past referendums they had tended to vote 'No'."""
CORRECTED - UPDATE 1-Danish euro 'no' lead dwindles. ,2000-09-22,"     In COPENHAGEN story ""UPDATE 1-Danish euro 'no' lead 

  dwindles in new polls please read in 5th para: ""...from 

  7.4590..."" instead of ""...from 7.5690..."" (correcting Danish 

 crown's close against euro in Copenhagen). 

 A corrected repetition follows. 

 By Peter Starck 

 COPENHAGEN, Sept 22 (Reuters) - Euro opponents in Denmark were in retreat but clung to their lead over supporters in two fresh opinion polls Friday, six days before the Danes vote in a referendum on whether or not to adopt the EU single currency. 

 The latest survey by Gallup, whose daily polls have registered a successively tighter lead for the anti-euro 'no' side since September 19, saw opponents score 47 percent, down from 48 percent Thursday, while the pro-euro 'yes' camp advanced one point to 41 percent. 

 A new Vilstrup survey found 45 percent saying 'no', while 41 percent said 'yes' - a sharp shift from Thursday's poll, which saw euro rejectionists 10 points ahead by 48-38 percent. Vilstrup had seen the 'no' side's lead growing daily since Monday. 

 The statistical error margin is some three percentage points in both polls. Since the two research institutes began releasing daily polls in early September, trend shifts recorded by Gallup have been echoed by Vilstrup with a time lag of about three days. 

 The Danish crown, which is pegged to the euro in a plus/minus 2.25 percent fluctuation band, strengthened to 7.4582 in late U.S. trading from 7.4590 at the 1500 GMT Copenhagen close. 

 During the European trading day, the crown firmed for the second consecutive session, breaking back onto the stronger side of its central parity for the first time since September 12. 

 The euro hurtled up more than five percent against the dollar early Friday as central banks from Europe, the United States and Japan united in a concerted intervention to buy euros, pushing the currency temporarily above 90 U.S. cents. 

 But the euro pared much of those gains, falling below 88 cents in early U.S. afternoon trade in the absence of further central bank buying. 

 A snap Reuters poll of economists in North America and Europe forecast the euro would be at 89 cents a month from now. 

 The beleaguered currency has shed more than 25 percent of its value against the dollar over the past 20 months, falling to a record low near 84.40 cents Wednesday after being launched with fanfare at $1.17 in Jan. 1999. 

 EURO FALL HURT DANISH 'YES' 

 The euro's steep fall was mentioned by half of Danish voters in a recent poll as a key factor influencing their views in the run-up to the referendum. A widening lead for the 'no' side coincided with the latest bout of euro weakness that began in September. 

 Leading 'yes and 'no' campaigners in Denmark said Friday any euro rebound sparked by intervention would hardly swing opinions again. 

 ""I doubt ... that the exchange rate of the euro will have direct effect on the outcome of the election,"" Denmark's staunchly pro-euro Prime Minister Poul Nyrup Rasmussen told Reuters Television, referring to the September 28 plebiscite. 

 ""We have passed that period where the euro's exchange rate plays a dominant role in people's mind."" 

 Holger Nielsen, leader of the far-left Socialist People's Party and one of Denmark's most vociferous anti-euro campaigners, agreed. 

 ""Danes know very well that the euro is a very weak and unstable currency, so the intervention will have no significance for voters when they go to the ballot box next Thursday,"" he told Reuters, adding: ""The majority is going to vote 'no' to the euro."" 

 Rasmussen dismissed the notion his campaign was a lost cause. 

 ""Nothing is sure right now. It will be close,"" he told a news conference before the latest Gallup and Vilstrup polls had been published. 

 Finance Minister Mogens Lykketoft, who also thinks Denmark should join the single currency, said the European Central Bank's reasoning for the intervention - concern about the potential implications of recent moves in the euro - showed that the 'no' campaigners' attempts to frighten Danes to vote 'no' by portraying the euro as a weak currency were groundless. 

 ""The big powers think that the euro is an undervalued currency and that this hampers U.S. and Japanese exports,"" Lykketoft told Danish TV2 television news."
"INTERVIEW-Danish economy minister confident of euro ""Yes"". ",2000-09-20," COPENHAGEN, Sept 20 (Reuters) - Denmark's Economy Minister said she was confident Danes would vote to adopt the euro in next week's referendum, despite a lead for the ""No"" campaign in recent opinion polls. 

 ""I believe in a 'Yes' - that's what I am fighting for,"" Marianne Jelved told Reuters in an interview on Wednesday. 

 ""It's clear that some of the polls show an unpleasant picture, but it's a picture that I cannot recognise when I meet people at rallies or in taxis,"" she said. 

 Recent opinion polls ahead of the September 28 referendum have given the anti-euro campaign a lead of up to 11 points. But the polls suggest that up to 25 percent of Denmark's four million voters have still not decided which way to vote. 

 It is among these wavering Danes that the strongly pro-euro minister said she saw hope. 

 ""My experience is that when I get the opportunity to answer people's questions they change their minds. It's positive that information and dialogue works,"" Jelved said. 

 If Danes reject swapping their crown for the European Union's single currency it will only have a limited affect on the Danish crown and bond yield spreads over the euro zone, she said. 

 ""The financial markets have already discounted a 'No' although the crown could come under some pressure,"" she said. 

 ""But this will be nothing that we cannot handle. We have great experience in tackling pressure against the crown."" 

Denmark's central bank, Nationalbanken, was last seen intervening in the foreign exchange market to support the crown on Monday, when the currency hit a record low against the euro of 7.4690. 

 DENMARK TO KEEP RATE POLICY IF ""NO"" VOTE WINS 

 Jelved stressed that in the event of a ""No"" vote, Denmark would stick to the stable exchange rate policy that has been the cornerstone of Danish monetary policy for almost two decades. 

 If the crown comes under heavy fire from foreign investors who hold some 350 billion crowns worth of Danish bonds, Denmark would defend the currency within the crown's current peg to the euro and not widen the fluctuation band - as happened during the EMS-crisis in 1993. 

 ""A fluctuation band of plus/minus 15 percent is totally uninteresting for Denmark. Otherwise we would not have fought for a 2.25 percent fluctuation band,"" she said. 

 Denmark was allotted a 2.25 percent fluctuation band around its central parity against the euro at 7.46038 in September 1998 by its partners in the so-called ERM-2 grid. 

 Although Jelved was confident that the central bank could handle any pressure on the crown with the normal tools of intervention and higher interest rates, she said Denmark would be more vulnerable if an outright majority of Danes voted ""No"". 

 ""In the event of a new Asia crisis like we saw in the autumn of 1998, Denmark would be more vulnerable as we can no longer take shelter from the market perception that Denmark sooner or later would join the euro,"" she explained. 

 ""The fact that we say 'No' in a referendum to the euro makes us more vulnerable, she said, adding that any future referendum could take quite a long time. 

 Euro opponents in Denmark turned the tables on supporters earlier this month after the euro's latest bout of weakness set in. Analysts say the euro's collapse and the shift in voter sentiment in Denmark are feeding on each other. 

 Jelved declined to comment on the impact of the euro's slide on the Danish referendum. 

 ""Don't ask me. It's not my currency,"" the minister responsible for the Danish crown currency said."
UPDATE 1-Anti-euro Danes stay ahead in new polls. ,2000-09-20," COPENHAGEN, Sept 19 (Reuters) - Danes averse to signing up for the European Union's euro single currency stayed comfortably ahead of opponents in two opinion polls published on Tuesday. 

 On September 28, Denmark will hold a referendum on whether to join the euro, which has lost almost 28 percent in value against the dollar since its launch in January 1999. 

 A Danish 'no' vote could deal a blow to the already groggy euro, which hit yet another record-low against the dollar on Tuesday, as well as dim the outlook for fellow outsiders Britain and Sweden signing up any time soon and possibly complicate so-called enlargement talks about opening the EU's doors for up to a dozen new member states, mainly from Eastern Europe. 

 The latest daily Gallup poll gave the anti-euro 'no' side 49 percent, unchanged from Monday, while the pro-euro 'yes' camp edged one point up to 38 percent, national DR1 television's text-TV news said. The rest, 13 percent, were undecided. 

 A daily Vilstrup survey gave opponents 45 percent compared with 42 percent for supporters, the daily newspaper Politiken said on its Internet Web site. Vilstrup also found 13 percent undecided. In the previous Vilstrup survey published on Monday opponents led supporters by 44-42 percent. 

 Both polls' margin of error is three percentage points. 

 Earlier on Tuesday, analysts said Denmark's europhile political establishment had begun preparing for defeat in the euro referendum, which Prime Minister Poul Nyrup Rasmussen has described as Denmark's most important foreign policy decision since Danes voted in 1972 to join the then European Community. 

 ""The 'yes' side is growing increasingly desperate and people are already preparing to 'wash their hands' in case of defeat,"" Danske Bank, Denmark's biggest financial group, said in a daily report. 

 EU CRISIS 

 A Danish 'no' to the euro could heighten a sense of crisis in the European Union, already reeling from its battered currency, widespread tax revolts and unease over a heavy-handed policy towards Austria, analysts say. 

 Popular support for the EU could sink to new lows, triggering a fresh sell-off of the euro, which retreated to new lifetime lows against major currencies as supportive words from a host of top European officials proved no match for bearish market sentiment. 

 Europe's beleaguered single currency sank to fresh record lows against the dollar in early U.S. trade, as words of concern about the euro from French Prime Minister Lionel Jospin and his Italian counterpart Guiliano Amato, failed to lend it much support. 

 ""As soon as some guys out of Europe start speaking about the weak euro everyone just starts selling,"" said Jan Souleyman, senior yen trader at Credit Agricole Indosuez. 

 ""Talk is cheap, if they want to get their currency stronger then they are going to have to act,"" he added. 

 The euro slid a new low of 84.77 cents in U.S. trading, having slumped below 85 cents and below 91 yen to fresh records against the Japanese currency in Asian trade. 

 Euro opponents in Denmark turned the tables on supporters earlier this month after the euro's latest bout of weakness set in on September 6. Analysts say the euro's collapse and the shift in voter sentiment in Denmark are feeding on each other. 

 Analysts said only coordinated intervention between the European Central Bank, the Bank of Japan and the U.S. Federal Reserve would have a lasting effect on the euro."
"Danish bonds mixed,yld gaps out, eyes on europolls. ",2000-09-15,"     COPENHAGEN, Sept 15 (Reuters) - Danish bond market at 1500 

 GMT (changes compared with previous trading day's close): 

  State benchmarks    Price   Change   Yield (pct)   Change 


 6.00 pct Nov 09    102.05    -0.15	 5.70	+2 bps
 7.00 pct Dec 04    104.21     +/-0	 5.84	  +/-0
 6.00 pct Nov 02    100.19    +0.02	 5.89	 -1 bp



 ---------------------------------------------------------



 State benchmarks    German Bunds  Yield gap (bps)  Change



 6.00 pct Nov 09  5.25 pct Jul 10	 +43	   +1 bp
 7.00 pct Dec 04  5.00 pct May 05	 +65	   +3 bps
 6.00 pct Nov 02  5.00 pct Jun 02	 +82	   +3 bps



    *Danish bond prices close narrowly mixed on Friday after the



30-year U.S. Treasury bond extended Thursday losses, with



American yields jumping to their highest point in two months and



shorter yields falling after tame August U.S.inflation data.



    *Benchmark bond yield spreads vs Bunds widened, mostly



shorter maturities.



    *Focus still remained fixated on Danish europolls, with



dealers unsure about the Monday scene due to the falling U.S.



Treasury bond and ongoing ""No"" jitters as regards Denmark's



upcoming vote on EMU participation in the September 28



referendum.



*One dealer saw the opinion polls swinging back in favour of



a ""Yes"" in the wake of recent pro-euro remarks by Danish Central



Bank governor Bodil Nyboe Andersen and influential A.P. Moeller



shipping and oil group board chairman Maersk Mc-Kinney Moeller.



*Danes opposed to their country joining the European Union's



single currency, the euro, held a four-point lead over



supporters in daily Gallup and Vilstrup opinion polls released



on Friday while another two surveys, Megafon/TV2 and Green's saw



the ""No"" side leading the ""Yes"" camp by nine and five points



respectively.



*DKK trades in late afternoon at 7.4666 vs euro, having



tumbled to a record low of around 7.4675 crowns in the morning



session, its lowest since the euro was launched in January 1999.



*Denmark's central bank, Nationalbanken, intervened on



foreign exchanges on Friday buying crowns for euros, European



dealers told Reuters. The intervention came even though the



crown remained well inside its allotted 2.25 percent fluctuation



band around its central parity against the euro at 7.46038.



*Eyes firmly on euro opinion polls, with fresh daily surveys



by Gallup/Berlingske Tidende and Vilstrup/Politiken due again



Saturday, Sunday and Monday; new BG Bank/national statistics



office survey due Monday as well.



*Danske Bank swap rate model implies lower 50-55 percent



probability of ""Yes"" side winning euro ballot, down from



Thursday's 55-60 percent.



 Danish yield curve, state 09 vs 02  -19 bps	  +3 bps
 Danish crown vs euro		     7.4666	  7.4660



 ---------------------------------------------------------------



 Mortgage bonds   Price  Change   Yld vs State 09   Change



 6.00 pct Oct 29  92.75   -0.25     +125 bps	  +1 bp."
Danish  central bank  bought crowns for euro-dealers. ,2000-09-15," LONDON, Sept 15 (Reuters) - Denmark's central bank, Nationalbanken, intervened on the foreign exchanges on Friday, buying crowns for euros, European dealers said. 

 Nationalbanken reportedly bought crowns when its currency hit 7.4675 per euro earlier on Friday. That was the Danish crown's lowest level since the euro was launched on January 1, 1999. 

 This was at least the second time this week that the central bank has been spotted intervening in the market. 

 Its intervention comes even though the crown remains well inside its allotted 2.25 percent fluctuation band around its central parity against the euro at 7.46038. 

Intervention volumes were moderate and the impact on market sentiment was undramatic, one dealer said. 

 Analysts attribute the crown's fall to record lows against the euro to Danish euro opponents' widening lead over supporters in fresh opinion polls ahead of Denmark's September 28 referendum on whether to join the euro."
Danish  forex  market makers to widen EUR/DKK spread. ,2000-09-15," COPENHAGEN, Sept 15 (Reuters) - Market makers in the Danish forex market have decided to widen the bid and ask spread for interbank euro quotes against the Danish crown , chief dealer Tom Pietraszek at Unibank Markets said on Friday. 

 The move is to secure an efficient market amid greater volatility ahead of the country's knife-edge September 28 referendum on whether to join the euro. 

 Market makers also agreed to widen the spread even further when trading resumes on September 29, the day after the vote, he told Reuters by telephone. 

 ""We (market makers) have decided to widen the spread marginally with effect from (next) Monday,"" Pietraszek told Reuters. 

 ""We want to retain a sensible and liquid market in order to service our clients,"" he explained. 

 As of Monday, September 18, market makers in Copenhagen will quote EUR/DKK with a spread of five points (i.e. 7.4670/75) for amounts up to 20 million euros, up from three points (i.e. 7.4670/73) under the current market-maker agreement, said another currency dealer, who asked not to be named. 

 ""On the 29th we expect higher volatility than normally in the exchange rate,"" Pietraszek said. 

 ""It is therefore likely that we start up with a somewhat wider spread. (It would be) widest in the event of a 'No'."" 

 Earlier on Friday, Denmark's central bank, Nationalbanken, intervened in the foreign exchange market, buying crowns for euros, European dealers said. 

 Nationalbanken reportedly bought crowns at 7.4675 per euro, its lowest level since the single currency was launched on January 1, 1999. 

 Analysts attributed the crown's fall to record lows against the euro to Danish euro opponents' widening lead over supporters in the latest opinion polls. 

 With almost one-fifth of voters undecided, analysts say the outcome is too close to call."
UPDATE 1-Danish cenbank  intervenes  to support crown. ,2000-09-13," COPENHAGEN, Sept 13 (Reuters) - Denmark's central bank intervened in the foreign exchange market in early trade on Wednesday, selling euros to support the weakening crown , dealers said. 

 The central bank, Nationalbanken, bought crowns at around 7.4660 per euro, a foreign exchange dealer at a big Nordic commercial bank told Reuters. Intervention volumes were moderate. 

 ""It is not a heavy intervention but it is a signal,"" one dealer said. 

 A central bank spokeswoman declined to comment, citing standard Nationalbanken policy of never talking in public about its daily foreign exchange market operations. 

 The Danish currency softened in morning trade to near its life-low of 7.4667 against the euro set on June 8. The crown remained well inside its allotted plus/minus 2.25 percent fluctuation range in the ERM-2 currency grid. The crown's ERM-2 central parity is 7.46038. 

 Nationalbanken's policy is to intervene in the market to smooth excessive intra-day volatility that could be interpreted as going against Denmark's long-standing commitment to exchange rate stability. 

 At 0855 GMT, the crown stood at 7.4645 per euro. 

 Analysts and dealers attribute the crown's weakening to fresh opinion polls suggesting that Danes opposed to euro membership are pulling ahead of supporters two weeks before Denmark's September 28 referendum on whether to join the euro. 

 The implied volatility in the crown-euro cross jumped to 1.2-1.7 on Wednesday from 0.9-1.4 on Tuesday. The ratio is a measure of market expectations of future swings and a higher reading implies greater uncertainty. 

 The benchmark forward rate agreement (FRA), three-month IMM December, shot up to 6.12/16 percent from 6.07/15 late on Tuesday. 

 A daily Gallup opinion poll gave euro opponents a five-point lead over supporters for the third day running and a daily Vilstrup survey showed the anti-euro ""No"" side pulling even with the pro-euro ""Yes"" camp. ."
POLL-Crown's euro peg to hold even if Danes say no to EMU. ,2000-08-18," LONDON, Aug 18 (Reuters) - The Danish currency will stay hitched to the euro even if Danes vote ""no"" to joining European monetary union in a referendum next month, economists say. 

 According to the median forecast of 35 economists surveyed by Reuters, there is an 85 percent chance that the crown's peg to the euro will hold for at least 12 months if Danes reject the common currency in the September 28 vote. 

 ""The Danes love the link,"" said Jens Peter Neergard of Den Danske Bank in Copenhagen. For nearly two decades, the crown has been wedded to the German mark or euro even though Denmark opted out of the single currency's launch last year. 

 At the moment the referendum is too close to call with opinion polls showing the ""yes"" and ""no"" forces running neck and neck. 

 But there is strong support across the political spectrum for maintaining the euro peg in event of a ""no"" vote. 

 ""No politician has advocated Denmark giving up its policy of exchange rate stability between the Danish crown and the euro,"" said Niels Christensen at Societe Generale in Paris. 

 The pledges of Danish authorities and, more significantly, the powerful European Central Bank to defend the link even if Denmark stays out of EMU should deter speculators from trying to drive down the crown , economists said. 

 WHO WANTS TO TAKE ON ECB? 

 ""Why would you want to bet against the ECB? I don't think there's an appetite to speculate against the crown,"" said Christel Aranda-Hassel at CSFB in London. 

 ECB president Wim Duisenberg pledged in July that the ECB ""will do everything in its power"" to keep Denmark in ERM-2, which is the waiting room for would-be EMU members."" 

 At its request, Denmark has a narrow 2.25 percent deviation band around its central rate of 7.46 per euro, not the standard 15 percent band that applies to Greece, the other ERM-2 member. 

 Having made 'appropriate use' of its own foreign reserve holdings, countries can draw on a three-month financing facility at the ECB which should in principle be automatically available and unlimited, said Holger Schmieding of Merrill Lynch. 

 While the ECB is under no formal obligation to lend indefinite support, ""the ECB is unlikely to let Denmark down"", said Schmieding. ""A Danish devaluation, a widening of the bands or a forced exit of Denmark from the ERM2 would be probably seen as a defeat for the ECB and a further blow to the bank's reputation - an outcome the ECB will probably want to avoid."" 

Currency speculators made vast profits when they forced the British pound's exit from the original exchange rate mechanism in 1992. Already, the Danish crown has come under pressure because of some polls favouring a ""no"" vote and the National Bank has intervened to support the currency. 

 RAISE RATES? 

Denmark's first line of defence against a currency attack might be to raise interest rates modestly, economists said. Speculators could possibly overcome any resistance by the Danish national bank whose reserves have been falling in recent months. 

 ""But a clear sign the big ECB will let Denmark draw on an unlimited credit line...should drive the speculators away,"" Schmieding said. 

 Economists added Danish M2 money supply represents just 1.7 percent of the Euro zone total so ECB support for the crown would only have a negligible effect on Euroland money supply. 

 Still, not all economists are so certain the link would hold. ""Under a ""no"" scenario, Denmark would be the country with the largest reservations toward the euro and a formal link to the euro,"" said Teis Knuthsen of SEB Merchant Banking. 

 ""A currency crisis will occur at the point where the Danish economy warrants an easier economic policy and the euro zone is tightening. A fixed exchange rate system is not sustainable if there is no planned convergence,"" he said. 

 FOR DETAILS OF POLL, DOUBLE-CLICK ON ."
Little Relief Likely For Danish Krone Ahead Of Euro Vote ,2000-07-11," COPENHAGEN -(Dow Jones)- These are turbulent days for the Danish krone, with the outcome of the referendum over Danish euro membership in the balance and some economists predicting sharp currency depreciation against the euro. 

 ""Pressure on the Danish currency will intensify"" as the Sept. 28 referendum comes closer, predicted Steve Barrow, currency strategist with Bear Stearns in London. 

 ""The Danish central bank may be forced to accept a move up to DKK7.50 to the euro by the time of the referendum."" 

 A rejection of the euro by Danish voters could send the euro as high as DKK7.60, according to Barrow. 

 However, some investors may wonder why there's all this fuss. Tuesday, the euro was trading around DKK7.4643, still firmly within the band set under the European exchange rate mechanism. Under the ERM II agreement, the Danish currency can fluctuate by 2.25% on either side of a central parity of DKK7.46038 to the euro. 

 And since the beginning of the year, when the krone was stronger than its parity rate, it has depreciated by a modest 0.3%. Even if the krone were to weaken to DKK7.50 or DKK7.60 to the euro, it would still be inside the official band. 

 However, analysts say that for the usually rock-steady Danish currency, such a depreciation would be a big thing. 

 ""The de facto band inside which the krone fluctuates is far narrower than the official one. Since the ERM II came into force, the fluctuations on either side of the parity rate have been below 0.5%,"" said Johnny Petersen, an economist with Jyske Bank, a Danish regional bank. 

 Indeed, growing doubts over the referendum's outcome threatens to widen the trading band within the trading band. A slew of recent opinion polls have shown gains for the ""no"" camp. An influential monthly poll, released last week by Danish business daily newspaper Boersen, puts the ""no"" side ahead of the ""yes"" vote by 50% to 43%. 

 That has intensified pressure on the krone, a process reflected in money market rates. 

 ""We are seeing quite significant pressure building up in the forward rate agreements,"" Barrow of Bear Stearns noted. 


   Krone Likely To Stay Within 2.25% Band



In spite of the increased volatility and uncertainty, most economists
expect the 2.25% band to remain intact, even if the krone is trading
with wider swings within it.



""In recent weeks the likelihood of the krone remaining inside its
official band has grown considerably,"" said Jyske Bank's Petersen.



The krone found some support from European Central Bank President Wim
Duisenberg, who last week reiterated that the ECB remains committed to
defending the Danish krone, even in the case of a no vote. Under the
bilateral agreement between Denmark and the ECB, the ECB is obliged to
intervene to support the krone if the currency were to move out of its
band.



""What we might see is a sliding process, where the shock effect of a
'no' is gradually being priced in,"" Petersen said.



The nervous krone situation is already taking its toll on the Danish
central bank's war chest.



Danish foreign reserves dropped DKK9.9 billion in June to a total
DKK122.8 billion. During the first half of the year, reserves decreased
DKK42.5 billion, or 26%.



However, not all of that was spent defending the krone. Up to half the
decline is attributable to the government's repayment of foreign credits
and investors shifting out of Danish assets into international
technology stocks early in the year, economists say.



Nevertheless, some market players believe the Danish central bank may
have to resort to rate hikes, if pressure on the krone continues in the
run-up to the referendum.



""The Danish central bank can find itself in a position where it has to
press up interest rates quite aggressively,"" Barrow said.



Denmark's benchmark lending rate currently stands at 4.70%, 45 basis
points above the ECB refinancing rate.



-By Poul Funder Larsen, Dow Jones Newswires; +45 33111524;
poul.larsen@dowjones.com
-0- 11/07/00 12-56G"
Swedish crown seen at risk if Danes snub euro. ,2000-06-16," LONDON, June 16 (Reuters) - A Danish rejection of euro entry in a referendum this autumn would have a spillover effect on neighbouring Sweden to the point of hurting the Swedish crown, analysts said on Friday. 

 Waning support among Danes for euro membership has already started to dent the Danish crown's value against the single currency, forcing Denmark's central bank to intervene on the foreign exchange markets to defend its currency on June 2. 

 Such scepticism could claim a second victim - the Swedish crown - if investors start thinking that a Danish 'No' to the euro could jeopardise Sweden's expected bid to join the euro. 

 ""If Denmark gives a resounding 'No', it would make it very difficult for the Swedish government to sell the idea of joining the euro to the people and the Swedish crown could come under some speculative attack,"" said Danny Gabay, economist at JP Morgan in London. 

 ""We could therefore see some selling of Swedish crowns."" 

 The Swedish crown was trading around 8.25 against the euro on Friday, up about 14 percent since the euro's launch in January 1999. 

 ""There will be some spillover effect (from the Danish vote),"" said Steve Barrow, currency strategist at Bear Stearns. He expects the Swedish crown to be trading around 8.40 in three months time. 

 EURO FOCUS TO HEAT UP NORDIC SUMMER 

 Financial markets in Sweden and Denmark, which conduct less than 10 percent of their trade with each other, are expected to become increasingly focused on the euro debate in the run-up to the Danish vote on September 28. 

 More than the economic ties, the psychological link could play a big role in influencing sentiment in the two Nordic countries given the public has so far snubbed their leaders' eagerness to join the euro in both countries. Only last week, Swedish Prime Minister Goran Persson said a rejection of the euro in Denmark would have a great impact on Swedish public opinion. 

 A Danish 'No' is expected to weaken Swedish euro support and weaken the crown from its current level, which analysts said was pricing in the view that Sweden would join the euro zone, towards which it directs more than 40 percent of its exports. 

 ""There probably is going to be a knock-on effect because of the proximity of the two countries and the economic ties they share,"" said Juli Collins-Thompson, EMU-outs market economist at BNP Paribas Group in London. 

 ""If there is a 'No' vote in Denmark people will think that this can delay Sweden entry. If there is a selling of Swedish assets, there will be some feedthrough effect on the currency."" 

 In March this year Sweden's ruling Social Democrats voted in favour of joining the euro, but a decision will be taken at a referendum that is not expected before autumn 2002. 

 But the latest survey by the Swedish Statistics Office on Wednesday showed that opposition to the euro rose by seven percent to 42, with support falling to 32.6 percent. 

 A member of the European Union since January 1995, Sweden decided not to join the euro at its launch in January 1999. 

 Analysts said memories of damaging exchange-rate fluctuations which surrounded Sweden's decision to abandon its peg to the Ecu, a precursor to the euro, in November 1992 are still engraved in dealers' minds. 

 But as long as the authorities give clear signals of their commitment to monetary and exchange stability, the jitters in the Swedish crown should be limited, analysts said. 

 ""If the Danish referendum results in a 'No', of which there is a good chance, there is bound to be a pulic opinion effect in Sweden,"" said Darren Williams, economist at Donaldson, Lufkin and Jenrette in London. 

 ""We could see some short-term negative market reaction in Denmark and we could see the same in Sweden, but as long as economic policy (in those countries) continue to be addressed towards stability I do not expect the reaction to go too far."""
UPDATE 1-Danish  central bank  seen defending crown. ,2000-06-02," COPENHAGEN, June 2 (Reuters) - Denmark's central bank intervened in the foreign exchange market on Friday, buying crowns against the euro in an effort to support the weakening currency, forex dealers said. 

 ""They have been in this morning at 7.4640,"" one dealer told Reuters. 

 ""They seem to be serious around forty (7.4640),"" another dealer said, adding that the central bank had also been spotted acting through intermediaries in overseas markets. 

 Analysts said Denmark's central bank, whose chief monetary policy mandate is to maintain exchange rate stability rather than keeping inflation or money supply within set target ranges, seemed content to defend the crown through intervention rather than hiking interest rates. 

 ""The central bank has masses of reserves so while they would defend the currency at all costs, I would be very surprised if they did anything on rates in the near future,"" said a currency trader at a Nordic bank in London. 

 The Danish central bank left key interest rates unchanged at Friday's regular weekly money market operation, offering to sell two-week certificates of deposit (CDs) and lend 14-day funds against collateral at unchanged rates of 4.10 percent. 

 Friday's intervention followed similar central bank action earlier in the week, traders said. 

 On Monday, the crown breached central parity of 7.46038 per euro for the first time. Analysts have attributed the currency's decline to opinion polls that show growing anti-euro sentiment. 

 Denmark will hold a referendum on joining the single currency on September 28. In the past fortnight, three opinion polls have put euro opponents ahead of supporters, denting the crown and resulting in wider yield spreads between Danish government bonds and euro zone benchmark Bunds. 

 At 0828 GMT, the crown was trading at 7.4635 against the euro, off an intra-day low of 7.4641. 

 The benchmark 10-year bond yield spread over Bunds was 54 basis points, up from 51 bps at Wednesday's close. Denmark's financial markets were closed on Thursday for the Ascension Day holiday. ((Peter Starck +45 33 96 96 50, fax +45 33 93 84 57, copenhagen.newsroom@reuters.com))."
UPDATE 1-Danish  central bank  seen defending crown. ,2000-06-02," COPENHAGEN, June 2 (Reuters) - Denmark's central bank intervened in the foreign exchange market on Friday, buying crowns against the euro in an effort to support the weakening currency, forex dealers said. 

 ""They have been in this morning at 7.4640,"" one dealer told Reuters. 

 ""They seem to be serious around forty (7.4640),"" another dealer said, adding that the central bank had also been spotted acting through intermediaries in overseas markets. 

 Analysts said Denmark's central bank, whose chief monetary policy mandate is to maintain exchange rate stability rather than keeping inflation or money supply within set target ranges, seemed content to defend the crown through intervention rather than hiking interest rates. 

 ""The central bank has masses of reserves so while they would defend the currency at all costs, I would be very surprised if they did anything on rates in the near future,"" said a currency trader at a Nordic bank in London. 

 The Danish central bank left key interest rates unchanged at Friday's regular weekly money market operation, offering to sell two-week certificates of deposit (CDs) and lend 14-day funds against collateral at unchanged rates of 4.10 percent. 

 Friday's intervention followed similar central bank action earlier in the week, traders said. 

 On Monday, the crown breached central parity of 7.46038 per euro for the first time. Analysts have attributed the currency's decline to opinion polls that show growing anti-euro sentiment. 

 Denmark will hold a referendum on joining the single currency on September 28. In the past fortnight, three opinion polls have put euro opponents ahead of supporters, denting the crown and resulting in wider yield spreads between Danish government bonds and euro zone benchmark Bunds. 

 At 0828 GMT, the crown was trading at 7.4635 against the euro, off an intra-day low of 7.4641. 

 The benchmark 10-year bond yield spread over Bunds was 54 basis points, up from 51 bps at Wednesday's close. Denmark's financial markets were closed on Thursday for the Ascension Day holiday. ((Peter Starck +45 33 96 96 50, fax +45 33 93 84 57, copenhagen.newsroom@reuters.com))."
Danish Ctrl Bk Seen Holding Rates Despite Weak Krone ,2000-05-17," COPENHAGEN -(Dow Jones)- The Danish central bank is treading carefully ahead of a Sept. 28 vote on whether Denmark should join the euro, and will probably abstain from unilateral rate hikes to defend the krone, analysts say. 

 While the euro has nose-dived, the krone - which is linked to it - has been losing even more ground. 

 Monday the krone moved above its parity of DKK7.46038 compared with the euro, hitting its weakest level since the euro was launched in January 1999. 

 Since then, the Danish currency has improved slightly. At 1326 GMT Wednesday, it was trading at DKK7.4592. But it's still not far off lows, sparking market talk that the Danish central bank might be forced to use the interest rate weapon to support the krone. 

 Nevertheless, analysts say the central bank will only opt for rate hikes independently of the European Central Bank, if the krone approaches the bottom end of its trading band, and only if intervention doesn't succeed. 

 Under the terms of Denmark's currency agreement with the ECB, the krone can fluctuate up to 2.25% on each side of its parity. 

 Peter Schlaikjer Bruhn, analyst with LB Kiel Gudme Raaschou in Copenhagen noted that even in its present weakened state, the krone is still below its upper limit of DKK7.6282 against the euro. 

 Bruhn also said the central bank is particularly wary of getting embroiled in any political discussion on whether Denmark should join the euro, a subject of heated debate in the lead up to September's referendum. The upshot is that the bank is steering clear of acting in a way that may be perceived as politically partisan. 

 ""The bank may be accused of taking a political stance if they move isolated on interest rates now,"" said Bo Overvad, analyst with Svenska Handelsbanken in Copenhagen. 

 Economists also note that Danish foreign reserves remain relatively high, so the central bank has ample ammunition to defend the currency if necessary. 

 April foreign reserves came in at DKK133.8 billion, down DKK5 billion from the previous month, but still higher than the total at the start of 1999. The May total isn't expected to decline significantly. 

 An unnamed analyst suggested that the central bank may even be content to see the krone at lower levels. ""It's come close to its parity now and I think the bank is quite happy to see it staying around here in the period until the referendum in September,"" the anslyst said. 

 Many economists say that Denmark would like to enter the euro at parity if referendum voters agree to euro entry. 

 Denmark's sound economic fundamentals also minimize the likelihood of a rate hike. Economic forecasts released earlier Wednesday by the Danish Economic Council, predicted inflation will slow to an annual increase of 1.8% from 2.7% the previous year. At the same time exports are seen replacing private consumption as the main growth driver, alleviating price pressure. 

 ""At this stage there is no reason to raise interest rates,"" said Svenska Handelsbanken's Overvad. 


-By Hanne Heilesen and Xueling Lin; 45-3311-1524
-0- 17/05/00 13-58G


 1198 4212"
Danish c.bank seen selling euro to support crown. ,2000-01-21," COPENHAGEN, Jan 21 (Reuters) - Denmark's central bank intervened in the foreign exchange market on Friday - selling euros for crowns - dealers said, dubbing the intervention undramatic. 

 One forex dealer said the bank was in the market for the second day running to shore up the crown, buying crowns for some 500 million euros on Friday alone. 

 The bank bought crowns for prices ranging between 7.4455 and 7.4460 crowns per euro, dealers said. 

 Last week the bank bought crowns for approximately 700-800 million euros, traders said. 

 A central bank official declined to comment, citing the bank's stated policy of not discussing its market operations in public. 

 Dealers said pressure on the crown did not stem from any speculation against Denmark, but from regular corporate sector interest. 

 Danish investors' needs to convert crowns into foreign currencies, amid ongoing portfolio diversification into overseas securities, was also bringing pressure to bear on the currency, dealers said. 

 The crown - which through most of 1999 traded in a range of 7.4325-7.4375 per euro - stood at 7.4455, slightly lower than late Thursday. 

 Since the euro's launch in January 1999, the Danish crown has consistently traded on the stronger side of its 7.46038 ERM-2 central parity. 

 ((Copenhagen newsroom +45 33 96 96 52, fax +45 33 93 84 57, copenhagen.newsroom@reuters.com)). 

 (C) Reuters Limited 2000."
"Danish bonds dip on oil, rate fears, outlook dark. ",2000-01-21,"     COPENHAGEN, Jan 21 (Reuters) - Danish bond market at 1545 

 GMT (changes compared with previous day's close): 

  State benchmarks    Price   Change   Yield (pct)   Change 


 6.00 pct Nov 09    100.37    -0.16	 5.95	+2 bps
 7.00 pct Dec 04    106.21    -0.08	 5.51	+2 bps
 8.00 pct Nov 01    105.43    -0.10	 4.77	+5 bps



 ---------------------------------------------------------



 State benchmarks    German Bunds  Yield gap (bps)  Change



 6.00 pct Nov 09  4.50 pct Jul 09	 +35	    +2 bps
 7.00 pct Dec 04 4.125 pct Aug 04	 +44		+/-0
 8.00 pct Nov 01  3.50 pct Sep 01	 +47	    +5 bps.



    *Danish bond prices slip on Friday with Europe on renewed



fears of near-nine year high oil prices igniting inflation and



sparking rate hikes. Market generally dull and lacking



motivation, dealers say.



    *Benchmark state bonds yield spread vs Bunds widen.



    *DKK static vs euro at low level underpinned by central



bank, which seen intervening in foreign exchange market selling



euros for crowns to support crown. Forex dealers say undramatic


intervention stemmed not from speculation against Denmark.



    *Outlook pessimistic with further falls seen early next



week. Eyes on weekend G7 finance ministers meeting in Tokyo,



Danish January consumer confidence Monday 0830 GMT, U.S. Fed



chief Alan Greenspan's upcoming addresses Tuesday & Wednesday.



 Danish yield curve, state 09 vs 01   118 bps	 -3 bps
 Danish crown vs euro		     7.4450	  7.4451



 ---------------------------------------------------------



 Mortgage bonds   Price  Change   Yld vs State 09   Change



 6.00 pct Oct 29  91.45   +0.17	+117 bps	+/-0 bps.



(C) Reuters Limited 2000."
Danish c.bank seen selling euro to shore up crown. ,2000-01-12," COPENHAGEN, Jan 12 (Reuters) - Denmark's central bank intervened in the foreign exchange market on Wednesday - selling euros for crowns - dealers said, describing the intervention as undramatic. 

 One forex dealer said the bank was in the market for the third day running to shore up the crown while another market maker said small-scale intervention had been going on for about a week. 

 ""We estimate that the central bank has bought Danish crowns for approximately 700 million euros in the past week,"" Nykredit Markets economist Steen Groendahl told Reuters. 

 A central bank official declined to comment, referring to the bank's stated policy of not discussing its market operations in public. 

 Dealers said the stability-oriented central bank was buying crowns to cushion a commercially driven weakening of the currency with the intention of preventing excessive intra-day swings versus the euro - its anchor in the ERM-2 grid. 

 The pressure on the crown was not stemming from any speculation against Denmark, but from regular corporate sector commercial interests strengthened by big Danish investors' needs to convert crowns into foreign currencies amid ongoing portfolio diversification into overseas securities, dealers said. 

 One dealer said short-term investment in the Danish crown had earlier offered a small yield pick-up over the euro zone, ensuring an inflow of foreign currency which tended to largely offset commercial outflows, keeping the crown-euro rate steady. 

 This yield pick-up virtually melted away recently, leaving the central bank as the only market player buying crowns, he said, speaking on condition of anonymity. 

 At 1205 GMT, an overnight investment in the euro yielded 3.02 percent against 3.05 percent for a same-maturity crown investment. 

 The crown - which through most of 1999 traded in a range of 7.4325-7.4375 per euro - stood at 7.4450, just off an intra-day low of 7.4453. 

 Since the euro's launch in January 1999, the Danish crown has consistently traded well on the stronger side of its 7.46038 ERM-2 central parity. 

 ((Copenhagen newsroom +45 33 96 96 50, fax +45 33 93 84 57, copenhagen.newsroom@reuters.com)). 

 (C) Reuters Limited 2000."
Danish crown 7.29252-7.62824 vs euro band - c.bank. ,1998-12-31," COPENHAGEN, Dec 31 (Reuters) - Denmark's central bank said on Thursday the outer limits of the Danish crown's plus/minus 2.25 percent fluctuation band against the euro in the ERM-2 exchange rate mechanism will be 7.29252 and 7.62824. 

 Earlier, euro zone finance ministers, the European Central Bank (ECB) and Denmark and Greece agreed on an ERM-2 central parity exchange rate for the crown of 7.46038. Denmark and Greece are the starting members of ERM-2 - a grid for national currencies not taking part in the launch of the euro. 

 The Greek drachma's fluctuation band in ERM-2 is a wider plus/minus 15 percent. 

 ""The intervention exchange rates are: sell rate 7.62824 crowns per euro, buy rate 7.29252,"" the Danish central bank said. 

 The ECB is obliged to help Denmark's central bank intervene in the foreign exchange market to keep the crown inside the agreed fluctuation range. Speculation may drive the Danish unit near the upper or lower limit of its ERM-2 band. 

 The Danish central bank has said its aim is to keep the crown within an unspecified narrower band than plus/minus 2.25 percent. 

 A foreign exchange trader at a Danish bank said he expected the crown would be kept in a range of 7.44-7.49 crowns per euro on a one-month horizon. 

 ""Maybe in the longer term we will see a wider band,"" he said, referring to possible financial market volatility if forecasts of slower Danish economic growth materialised. 

 Between 1115 and 1345 GMT, commercial banks' indicative buy quotations for the crown against the euro ranged from 7.4207 to 7.4941. 

 ((Peter Starck +45 33 96 96 50, fax +45 33 93 84 57, copenhagen.newsroom@reuters.com)). 

 (C) Reuters Limited 1998."
Danish  central bank  says buys foreign  currency . ,1998-09-23," COPENHAGEN, Sept 23 (Reuters) - Denmark's central bank said on Wednesday it intervened for the second consecutive day in the foreign exchange market, buying foreign currency for Danish crowns. 

 ""We have been in the market. We bought foreign currency,"" central bank deputy director Kirsten Mordhorst said by telephone. She did not elaborate. 

 At 0920 GMT, the crown was at 3.8050 per German mark. It firmed to 3.8035 earlier in the session, the strongest level against the mark since December 3. 

 The crown appreciated sharply on Tuesday, with the DEM/DKK cross advancing to 3.8037 from 3.8128 at Monday's close. The central bank said on Tuesday afternoon it had sold crowns for foreign currencies to stabilise - in effect rein in the surge of - the Danish unit. 

 On Friday, the bank raised two key interest rates by one percentage point to 5.00 percent after four days of interventions to relieve pressure on the crown had failed. 

 Still on Monday, the bank had to intervene, selling foreign currencies to defend the crown, but on Tuesday the tide turned. 

 Financial daily Borsen on Wednesday quoted Den Danske Bank head of trading Mads Jacobsen as saying that the bank had once again demonstrated that it did not only talk about its stable crown exchange rate objective, but also meant it literally. 

 Exchange rate stability has been the cornerstone of Danish economic policy for 15 years, and Economy Minister Marianne Jelved said last week that the crown would be pegged to Europe's new euro currency within a narrow plus minus 2.25 percent fluctuation band. 

 An agreement on the band is expected to be announced after the September 25-27 meeting of European Union finance ministers and central bankers in Vienna. Analysts say such an agreement is likely to deter most speculators from going after the crown. 

 ((Peter Starck +45 33 96 96 50, fax +45 33 93 84 57, copenhagen.newsroom@reuters.com)). 

 (C) Reuters Limited 1998."
Danish Bonds Higher Early In Line With Strengthening Krone ,1998-09-23," COPENHAGEN (Dow Jones)--Danish government bond prices are surging higher in morning trade Wednesday as the krone continues to strengthen after last Friday's interest rate increase and heavy central bankintervention earlier in the week. 

 At 0917 GMT, Denmark's 10-year benchmark, the 7% of 2007, was 0.55 higher at 115.84, which pushed the yield down 7 basis points to 4.81%, The yield spread over German bunds is down at 83 basis points from 93 at the close of trade Tuesday and as much as 112 midday Tuesday. 

 ""The good strength of the Danish krone has stabilized the money market and short-term yields,"" said one dealer in Copenhagen. 

 In late morning trade, the Deutsche mark fetched DKK3.8055, down from DKK3.8067 late in European trade Tuesday. Earlier in the Wednesday session, the mark fell to DKK3.8038, its lowest level since last year. 

 Meanwhile, the Danish central said it's buying foreign currency this session to bolster its recently depleted reserves. The central bank started buying currency Tuesday, marking a turnaround from five days of heavy intervention to support the krone. 

 With the krone strengthening, concern the central bank will be forced to increase interest rates further are abating, dealers said. 

 The central bank raised its discount and deposit rates by 50 basis points Friday to 4.25% and increased its securities repurchase rate by 100 basis points to 5.00%. 

 On Wednesday, the three-month krone deposit rate was at 4.50-5.50%, down from Tuesday's 4.90-5.90%. 


   6% GOVT of '99: 101.30 up 0.55 Yld: 4.84% vs 5.38%
   7% GOVT of '07: 115.84 up 0.55 Yld: 4.81% vs 4.88%
   7% GOVT of '24: 119.50 up 0.50 Yld: 5.56% vs 5.60%
   10-Yr Dec Bond Future: 115.66 up 0.55
   10-Yr Spread To Germany: 0.83 Pt Over, Vs .93 Over



-By Lauren Madsen; 45-3311-1524; lmadsen@ap.org



(END) Dow Jones Newswires  09-23-98



0523EDT


 1183 4026"
FOCUS-Surging crown sparks Danish cenbank action. ,1998-09-22," COPENHAGEN, Sept 22 (Reuters) - Less than a week after it repeatedly intervened to support an ailing crown, Denmark's central bank was back in the market on Tuesday buying foreign currency to rein in a sharp rise in the currency. 

 The Danish crown appreciated strongly on Tuesday, hitting a 10-month high against the German mark and forcing the central bank's hand. The move marked a spectacular turnaround from last week's costly defence of the crown. 

 Having dug deep into its foreign exchange reserves to defend the crown last week, the bank on Friday raised two key interest rates by one percentage point to 5.00 percent, sparking a dramatic reversal in the crown. 

 Attracted by higher returns on crown-denominated instruments, funds began flowing actively into the market this week, said Jens Dalskov, an analyst at Den Danske Bank. 

 At 1500 GMT, the crown was at 3.8067 per mark compared with 3.8128 at Monday's close and last Friday's 3.8140 - the weakest level since May 7. 

 It hit 3.8037, the strongest since December 3, before the central bank's intervention nudged it into an afternoon band of 3.8040-3.8080. 

 ""Our policy is to stabilise the crown,"" central bank deputy director Kirsten Mordhorst said by telephone. ""We have been buying foreign currencies,"" she added. 

 Analysts noted that the Danish central bank was a regular operator in the foreign exchange market. Its stated objective is to ensure exchange rate stability, defined as a stable crown exchange rate against core European currencies, primarily the mark. This has succeeded for most of the past two years. 

 Unlike central banks in many other countries, the Danish monetary watchdog does not adjust interest rates to keep inflation in check. In Denmark, this is the responsibility of government fiscal policy. 

 Early in May, the bank raised key interest rates by half a percentage point to defend the crown after interventions in excess of 20 billion crowns ($3.1 billion) failed to end a run on the domestic currency. 

 The crown stabilised, and three weeks later, the bank shaved 25 basis points off its steering rates. 

 The crown remained static until late August, when a massive flight to quality sparked by the devaluation of the Russian rouble prompted foreign investors to dump holdings in peripheral markets, including Danish bonds. 

 On August 25-26, the central bank sold 15.7 billion crowns worth of foreign currencies to prevent the crown from weakening amid the sell-off. 

 At end-August, the bank's foreign exchange reserves stood at a 20-month low 90.9 billion crowns. It was unclear by how much the reserves were depleted during last week's support interventions. Analysts' estimates varied between 15 billion and 20 billion crowns. 

 The relatively low level of reserves made an immediate cut in key interest rates unlikely. 

 ""They would probably like to see a rather considerable inflow (of foreign currencies) before they do anything,"" Dalskov said, adding he did not expect a move this week. 

 In Denmark, high short-term interest rates have only a minor effect on the real economy because most of household and corporate sector borrowing focus on long-term mortgage loans. 

 Thus an increase in short-term market rates does not raise a public outcry or prompt the political establishment to try to influence the central bank to moderate its policy, analysts say. 

 ((Copenhagen newsroom +45 33 96 96 50, fax +45 33 93 84 57, copenhagen.newsroom@reuters.com)). 

 (C) Reuters Limited 1998."
Danish c.bank buys foreign  currency  to rein in DKK. ,1998-09-22," COPENHAGEN, Sept 22 (Reuters) - Denmark's central bank said on Tuesday it intervened in the foreign exchange market, buying foreign currency to rein in the crown after it briefly surged to its firmest levels against the mark since December 3. 

 ""We have been buying foreign currencies,"" central bank deputy director Kirsten Mordhorst told Reuters by telephone. 

 ""Our policy is to stabilise the crown,"" she said, but declined to comment on intervention levels or volumes. 

 Tuesday's trend marked a complete reversal from last week, when the bank repeatedly intervened heavily to support the crown, which weakened amid foreign investor selling of Danish bonds. 

 Late on Friday afternoon, the bank raised two key interest rates by one percentage point to 5.00 percent to defend the crown. 

 On Monday, the bank was again forced to intervene on behalf of the crown, but on Tuesday, the direction of fund flows changed, and the crown appreciated sharply. 


At 1335 GMT, the crown was at 3.8073 per mark	    , having traded in a 3.8037-3.8127 range. On September 18, the crown hit 3.8140 per mark, its weakest since May 7.



On Tuesday afternoon, Danish banks quoted three-month deposit rates at 5.25 percent compared with 4.87 percent prior to the monetary tightening.



In the bond market, yield spreads over Bunds melted, the benchmark 10-year premium falling to 90 basis points from 103 at Monday's close. In the two-year segment, the yield gap shrank to 146 basis points from 199.



Danish shares were 4.4 percent up on the KFX top-20 index, wiping out three quarters of Monday's losses. ((Peter Starck +45 33 96 96 50, fax +45 33 93 84 57, copenhagen.newsroom@reuters.com)).



(C) Reuters Limited 1998."
Danish  central bank intervenes  after rates rise. ,1998-09-21," COPENHAGEN, Sept 21 (Reuters) - Denmark's central bank said on Monday it intervened in the foreign exchange market to support the domestic crown currency. 

 On Friday, the central bank raised two key interest rates by one percentage point to 5.00 percent to defend the weakened crown after four days of interventions. 

 ""We have been in the market, selling (foreign) currency,"" central bank deputy director Kirsten Mordhorst told Reuters by telephone on Monday. 

 At 0840 GMT, the crown traded at 3.8129 per German mark compared with 3.8118 after Friday's monetary tightening. Monday morning's lows against the mark was 3.8131. 

 ""This is serious, and it is not over yet,"" one forex dealer said. Overseas investors were continuing to sell Danish bonds, triggering steady pressure on the crown. 

 The selling was not linked to particular Danish factors, but was a reflection of the uncertainty prevailing in global financial markets, prompting investors to flee peripheral markets for safe-haven paper in euroland, primarily German Bunds, dealers said. 

 Together with Scandinavian neighbour Sweden and Norway - the latter not a member of the European Union - Denmark will not join European economic and monetary union (EMU) at its scheduled January 1999 launch. 

 On Sunday, Danish Prime Minister Poul Nyrup Rasmussen reiterated that a Danish referendum on EMU membership was not on the agenda within the next three to four years. Denmark cannot join EMU unless a majority of Danes vote in favour in a referendum. 

 The yield spread between Denmark's benchmark 7.00 percent 2007 state bond and 4.00 percent 2008 Bunds widened to 94 basis points from Friday's close at 76 basis points. 

 In the two-year maturity, the yield spread shot out to 171 basis points from 116. 

 ((Peter Starck +45 33 96 96 50 fax +45 33 93 84 57, 

 copenhagen.newsroom@reuters.com)). 

 (C) Reuters Limited 1998."
ANALYSIS-Danish rates seen rising more to help DKK. ,1998-09-21," COPENHAGEN, Sept 21 (Reuters) - The Danish crown came under renewed pressure on Monday and analysts said Friday's sharp increase in key interest rates may prove counter-productive, forcing the central bank to raise rates again to keep the crown steady. 

 For Denmark, the vexing characteristic of the present crown crisis was that it had not been caused by domestic factors. 

 The crown, stable against the German mark for most of the past 15 years, weakened amid a universal investor flight to safe-haven German and U.S. bonds, a trend accentuated in Denmark's case by its status as an EMU non-starter. 

 Analysts said the monetary tightening had actually served to alarm some investors who had been unaware of any trouble. 

 ""It was definitely a bad move. Denmark implemented a major rate rise on the basis of a minor weakening of the crown,"" said Sharda Persaud, an economist with Paribas Bank in London. 

 ""There is not a specific Danish reason for the run on the crown,"" said Georg Andersen, fixed income strategist at Credit Suisse First Boston (CSFB) in London. 

 ""People want German Bunds. We are seeing some adjustments of foreign investors' holdings of Danish bonds across the board,"" he said. 

 Kai Lindberg, chief economist at Codan Bank, said flows indicated that Danish bonds had been sold for billions of crowns on Monday. 

 The slice of Danish bonds held by overseas investors could fall to around 35 percent from slightly over 40 percent before the turmoil started with the devaluation of the Russian rouble in mid-August, analysts said. 

 A stable crown exchange rate is a cornerstone of Danish economic policy, and analysts said the central bank would not hesitate to raise key interest rates more, if necessary, thus making investment in crown-denominated instruments more attractive, and borrowing in crown more expensive. 

 With most household and corporate sector borrowing in long-term mortgage loans, higher short-term market rates would not raise a public outcry or prompt the political establishment to influence the central bank to moderate its policy. 

 But some analysts said the central bank may have shot itself in the foot by Friday's aggressive one percentage point increase to 5.00 percent in two monetary steering tools, the repo and certificate of deposit rate. The tightening came at the end of the fourth consecutive day of intervention to support the crown. 

 ""It will not take the pressure off the crown,"" CSFB's Andersen said. ""They (the central bank) can stem the tide but they cannot avert the direction,"" he said. 

 ""There is a perception that we could be in for more rate hikes,"" he added. 

 ""If the pressure continues, and we suppose it will, they will have to raise rates again. The next move will be 200 basis points,"" said Lindberg at Codan Bank. 

 Persaud at Paribas said the next increase would have to be at least half a percentage point. 

 The central bank said on Monday it had again intervened in the foreign exchange market to support the crown. 

 The lack of a clear-cut result to Sunday's election in neighbouring Sweden also tended to be negative for the Danish crown, analysts said. 

 ""We are seeing investors leaving the Scandinavian countries. They have left Norway already,"" Lindberg noted. 

 At 1115 GMT, the crown traded at 3.8129 per mark compared with 3.8118 after Friday's monetary tightening. Monday morning's lows against the mark was 3.8131 before the central bank intervened. 

 The yield spread between Denmark's benchmark 7.00 percent 2007 state bond and 4.00 percent 2008 Bunds widened to 111 basis points from Friday's close at 76 basis points. 

 In the two-year maturity, the yield spread shot out to 202 basis points from 116. 

 Denmark's inverted yield curve - two-month rates near 5.50 percent against 4.95 percent for 10-year paper - was regarded as a danger signal by some investors remembering that the same had occurred in Norway, Andersen said. 

 ""We expect it (the curve) to stay inverse, even become more inverted next week or so,"" he said. 

 ((Copenhagen newsroom +45 33 96 96 50, fax +45 33 93 84 57, copenhagen.newsroom@reuters.com)). 

 (C) Reuters Limited 1998."
Nordic  Forex  -2: Danish Krone Slips Despite  Intervention ,1998-09-21," In Denmark the krone (DKK) continued to slip despite a new round of interventions by the central bank. Danmarks Nationalbank has been intervening daily to support the shaky krone since last Tuesday, and some analysts estimate it spent at least DKK5 billion doing so last week alone. 

 A director at the central bank confirmed the buying Monday, but declined to specify the magnitude of the intervention or the level at which it took place. 

 Still, by 1510 GMT the Deutsche mark had edged up to DKK3.8128, from DKK 3.8113 in late European trading Friday. 

 The intervention Monday followed on the heels of an aggressive move by the central bank Friday, when it raised its floor discount and deposit rates by 50 basis points each, to 4.25%, and boosted its repo rate by a full point to 5.00%. 

 The move triggered a massive sell-off of Danish bonds Monday with the negative sentiment spilling over to the krone. 

 In Norway a slightly higher oil price failed to boost the krone (NOK) which fell back late in the session. At 1520 GMT the Deutsche mark fetched NOK4.4460, up from NOK4.4350 late Friday. 


At 1530 GMT Monday, the following prices were quoted (compared with
late Friday in Europe):
                     Deutsche mark      ECU Index
Swedish SEK         4.7150 vs 4.6315   125.03 vs 122.27
Danish DKK          3.8128 vs 3.8113    --        --
Norwegian NOK       4.4460 vs 4.4350   109.13 vs 108.27
Finnish FIM         3.0450 vs 3.0447     --        --
TCW Index
Swedish SEK         126.46 vs 124.14



The weighted ECU index tracks a basket of currencies that doesn't
include the dollar or the yen. A higher index means a strengthening of
the currencies in the basket.



The Danish krone isn't quoted on a weighted ECU index. Only the
Swedish krona is quoted on a total, competitive, trade-weighted index.



-By Anette Jonsson; +46 8 5451 3093



(END) Dow Jones Newswires 21-09-98



1545GMT


 1058"
Nordic  Forex  -2: Table Of Exchange Rates ,1998-09-21," In neighboring Denmark, meanwhile, the krone is defying central bankintervention and extending its recent slide against its German counterpart, following a sell-off in the bond market in the wake of Friday's central bank interest rate rise. 

 Danmark's Nationalbank raised its floor discount and deposit rates by 50 basis points each to 4.25% and boosted its key money market rate, the securities repurchase (repo) rate, by a full point to 5.00% Friday after four consecutive days of costly market intervention had failed to shore up the shaky Danish krone. 

 Dealers said the Danish central bank's aggressive move on Friday shows it takes its stable krone mandate seriously, but at the same time reveals that it's vulnerable to pressure. Thus, dealers predict volatility will continue to be the order of the day for the Danish unit. 

 In contrast, the Norwegian currency is looking like a relative picture of health compared to the other Scandinavian currencies for a change, posting only marginal losses against the mark. 

 Dealers said its decline was being capped by higher oil prices. 

 Indeed, a barrel of North Sea brent crude is trading at $14.12, its highest level since early June on account of lower-than-expected U.S. oil stocks, and concerns that hurricane George will affect U.S. Gulf refineries. 


At 0728 GMT Monday, the following prices were quoted (compared with
late Friday in Europe):
                     Deutsche mark      ECU Index
Swedish SEK         4.7335 vs 4.6315   125.45 vs 122.27
Danish DKK          3.8125 vs 3.8113    --        --
Norwegian NOK       4.4415 vs 4.4350   108.95 vs 108.27
Finnish FIM         3.0460 vs 3.0447     --        --
TCW Index
Swedish SEK         126.90 vs 124.14



The weighted ECU index tracks a basket of currencies that doesn't
include the dollar or the yen. A higher index means a strengthening of
the currencies in the basket.



The Danish krone isn't quoted on a weighted ECU index. Only the
Swedish krona is quoted on a total, competitive, trade-weighted index.



-By Fredrik Tangeraas; +47 23100582



(END) Dow Jones Newswires 21-09-98



1238GMT


 1058"
Danish Ctrl Bank -2: Refuses To Say How Much  Intervention ,1998-09-21," COPENHAGEN (Dow Jones)--Danmarks Nationalbank, the central bank of Denmark, confirmed that it intervened in the foreign exchange market early Monday to support the Danish krone (DKK). 

 ""Yes, we have been in the market Monday,"" Kirsten Mordhorst, a Danish central bank director, told Dow Jones at 0840 GMT. 

 She declined to specify the magnitude of the intervention or the level at which it took place. 

 ""The central bank never comments on this,"" she said. 

 Danmarks Nationalbank has been intervening daily to support the shaky krone ever since last Tuesday. Some analysts estimate that at least DKK5 billion was spent by the central bank last week. 

 (MORE) Dow Jones Newswires 21-09-98 

 0848GMT"
"FX  CROSS-Mark/yen recovers, Denmark raises rates. ",1998-09-18," Buba's Tietmeyer says does not see world recession. Denmark raises interest rates after four consecutive days of intervention. 


* Mark/yen	     at 78.32/37 from 77.63 low, 78.26/29 late Europe Thursday.


 * Japan PM Obuchi says confident can achieve financial stability steps in current parliament, due to end on Oct 7. Obuchi to meet Clinton in New York Tues. 


* Danish central bank raises discount rate to 4.25 pct from 3.75 pct, raises repo and CD rates to 5.0 pct from 4.0 pct, after intervening for 4th consecutive day to support crown. Mark/Danish	     at 3.8127/30 from 3.8140 4-mth high



* Swedish crown reverses some gains ahead of Sunday elections. Ruling minority SDP expected to form government.



* Mark/Swedish	     at 4.6305/35 from 4.6420/50 Thurs.



* Buba's Tietmeyer says does not see world economy threatened by recession, says financial markets exaggerated somewhat in recent weeks, says central banks must decide policy based on own domestic factors.



* Mark/Swiss	     at 82.12/15 from 82.01 low. SNB chief economist Rich says early Fri SNB still pursuing relaxed monetary policy, markets too optimistic about euro's prospects.



* Russia PM Primakov says main aim to stabilise rouble, guarantee its purchasing power, says Russian govt aims to restore confidence in ability to repay debts.



* German M3 up annualised 4.7 pct in Aug vs forecast +5.0 pct, pvs +5.0 pct. Buba's target range is 3.0 to 6.0 pct.



* ECB says will set first main refinancing operation on Jan 4, main tool to control provision of euros to banking system.



((Carolyn Cohn, London newsroom +44 171 542 6320, uk.forex.news@reuters.com)).



(C) Reuters Limited 1998."
"FX  CROSS - Mark/yen recovers,  Denmark intervenes . ",1998-09-18," Danish central bank intervenes for fourth consecutive day. 

 * Japan PM leader Obuchi says confident can achieve financial stability steps in current parliament, due to end on Oct 7, says believes Clinton will ""show understanding"" on bank legislation agreement. Obuchi to meet Clinton in New York Tues. 


* Mark/yen	     at 78.00/03 from 77.63 low, 78.26/29 late Europe Thursday.
* Danish central bank confirms it intervenes for fourth consecutive day to support crown. Mark/Danish	     at 3.8129/32 from 3.8133 high, 3.8137 4-mth high Thurs.



* Swedish crown firms on reversal of short crown positions ahead of Sunday elections, traders say. Ruling minority SDP expected to form government. SDP leader Persson says late Thurs wants referendum on EMU.



* Mark/Swedish	     at 4.6080/10 from 4.6390 Fri high, 4.6420/50 crowns late Thurs.



* ECB says will set first main refinancing operation on Jan 4, main tool to control provision of euros to banking system.



* German M3 up annualised 4.7 pct in Aug vs forecast +5.0 pct, pvs +5.0 pct. Buba's target range is 3.0 to 6.0 pct.



* Mark/Swiss	     rises to 82.19/22 from 82.01 low. SNB chief economist Rich says SNB still pursuing relaxed monetary policy, says markets too optimistic about euro's prospects.



* Russia's High Speed Railway (VSM) has missed payments of interest and principal on a govt-backed bond maturing Friday, dealers say.



* Buba President Tietmeyer, SNB Chairman Meyer, Swiss FinMin Villiger speak at EMU conference in Switzerland. Tietmeyer speaks at 1440 GMT.



((Carolyn Cohn, London newsroom +44 171 542 6320, uk.forex.news@reuters.com)).



(C) Reuters Limited 1998."
Danish Ctrl Bk -2: Refuses To Say How Much  Intervention ,1998-09-18," COPENHAGEN (Dow Jones)--Danmarks Nationalbank, the central bank of Denmark, confirmed that it intervened in the foreign exchange market Friday midday to support the Danish krone (DKK). 

 ""Yes, We have been in the market,"" Kirsten Mordhorst a Danish central bank director, told Dow Jones Newswires. 

 She declined to specify the magnitude of the intervention or the level at which it took place. The central bank doesn't comment on these issues as a matter of policy. 

 The Danish central bank bases its monetary policy solely on maintaining a stable exchange rate versus the Deutsche mark. It frequently, even in non-turbulent times, purchases and sells krone in the market to iron out fluctuations in the exchange rate. 

 (MORE) Dow Jones Newswires 18-09-98 

 1028GMT"
Danish  central bank  says  intervenes  to help crown. ,1998-09-17," COPENHAGEN, Sept 17 (Reuters) - Denmark's central bank said it intervened on Thursday in the foreign exchange market for the third consecutive day to support the Danish crown currency. 

 ""We were in the market this morning,"" central bank deputy director Kirsten Mordhorst said by telephone. She declined comment on intervention volumes or levels. 

 At 0845 GMT, the crown was at 3.8124 per mark after hitting 3.8127. 

 On Wednesday, the lowest bid level against the German unit was also 3.8127, while the crown sank to 3.8130 on Tuesday when the central bank stepped in to support it, forex dealers said. 

 The central bank routinely acts in the foreign exchange market to keep the crown steady near its central parity rate against the mark in the ERM Exchange Rate Mechanism. 

 On August 25-26, the bank spent 15.7 billion crowns ($2.45 billion) of its foreign exchange reserves to defend the domestic currency. Those interventions took place around 3.8110 crowns per mark, dealers said. 

 ((Peter Starck +45 33 96 96 50 fax +45 33 93 84 57, copenhagen.newsroom@reuters.com)). 

 (C) Reuters Limited 1998."
"FX  CROSS-Mark drops vs Sfr, yen, Denmark intervenes . ",1998-09-17," Danish central bank intervenes for second time today. 

 * Russia central bank says to print money to buy banks' T-bills at face value, to buy local banks' GKOs so they can replenish reserves. 


* Mark/Swiss	     at 82.13/16 from 82.09 low, 82.43/47 late Weds.



* Buba says wll set next two repo tenders at unchanged 3.30 pct. Bank of France, Riksbank also leave rates unchanged.



* Mark/yen	     at 78.70/75 from 79.77 highs, 79.70/74 late Weds. Traders say interbank, technical trade, dollar-selling by U.S. investment bank supporting yen.



* Japan LDP, opposition working-level talks on banking system end with no agreement. Japanese media say senior level talks have begun.



* ECB's Duisenberg says ECB's interest rate policy would be no more restrictive than necessary, says ECB won't seek credibility by keeping rates higher than needed.



* W. German Ifo Aug business climate 97.2 from forecast 98.2, pvs 98.5.



* Danish central bank intervenes to support crown for second time today, for third consecutive day. Analysts say crown vulnerable to the global market turmoil hitting other Scandinavian currencies.



* Mark/Danish	     at four-month high of 3.8129/32 from 3.8123/26 Weds.
* Mark/Finnish	     at three-week high of 3.0450/60 from 3.0415/45 late Weds.
* Mark/Swedish	     weak after large sales of Ericsson shares earlier, traders say. Mark at 4.6400/30 crowns from 4.6080/10 late Weds.



* Swedish PM Persson says does not think govt growth forecasts will be revised in Oct budget. Market nervous ahead of Swedish election Sunday.



* Mark/Norway at 4.4415/45 crowns from 4.4300/50 late Weds.



((Carolyn Cohn, London newsroom +44 171 542 6320, uk.forex.news@reuters.com)).



(C) Reuters Limited 1998."
Danish  central bank intervenes  again to help crown. ,1998-09-17," COPENHAGEN, Sept 17 (Reuters) - Denmark's central bank continued to intervene in the foreign exchange market on Thursday in an effort to relieve pressure on the crown. 

 ""We have been in the market again,"" central bank deputy director Kirsten Mordhorst said. 

 Earlier, she said the bank had intervened in the morning as well, and confirmed that intervention was now going on for the third straight day. 

 In line with standard central bank policy, Mordhorst declined comment on intervention volumes or levels. 

 At 1335 GMT, the crown was at 3.8127 per mark. Forex dealers said the bank had bought crowns for mark at 3.8132 - the Danish unit's weakest level in four months. 

 The crown has softened gradually from 3.8080 on September 1. Central bank intervention to the amount of 15.7 billion crowns ($2.45 billion) on August 25-26 helped the currency strengthen from 3.8110 on August 26. 

 The latest bout of weakness set in on Tuesday after the release of a central bank quarterly report saying Denmark's 1998 current account could fall into deficit after eight years in surplus. 

 On Wednesday, the lowest bid level against the German unit was 3.8127, while the crown sank to 3.8130 on Tuesday when the central bank stepped in to support it, forex dealers said. 

 Dealers said Wednesday's intervention had been in the region of five billion crowns. 

 The central bank routinely acts in the foreign exchange market to keep the crown steady near its central parity rate against the mark in the EU Exchange Rate Mechanism. 

 ((Peter Starck +45 33 96 96 50, fax +45 33 93 84 57, copenhagen.newsroom@reuters.com)). 

 (C) Reuters Limited 1998."
Nordic  Forex : Danish Krone Down As Rate Rise Prospects Fade ,1998-09-17," OSLO (Dow Jones)--The Danish krone (DKK) continued to lose ground against the Deutsche mark in late dealings Thursday, with fair selling interest overcoming intervention from Danmarks Nationalbank, the central bank of Denmark. 

 At 1437 GMT the mark was DKK3.8135, up from DKK3.8122 late Wednesday, and its strongest since it hit DKK3.8152 May 8 ahead of Denmark's referendum on the European Union's Amsterdam Treaty. 

 Dealers attributed some of the decline to fading expectations of a central bank interest rate rise to boost the currency. Most believe the central bank is more likely to continue on its present course of krone buying. 

 ""A rate rise now would have led to heavier Danish bond sales and caused a further weakening of the krone,"" said the chief dealer with large Swedish bank. ""It wouldn't have done any good in the near term,"" he added. 

 The Danish currency has been pressured recently by the weakening of the Norwegian and Swedish currencies and a flight from smaller European bond markets towards the safe haven of German bunds. 

 Market watchers greeted the surprise announcement Thursday that the krone will be linked to the euro by a narrow trading band of 2.25%, with enthusiasm, saying it should help restore long-term stability to the currency. 

 The deal is expected to be concluded at the EcoFin meeting of E.U. central bankers and finance ministers in Vienna later this month. 

 (MORE) Dow Jones Newswires 17-09-98 

 1517GMT 

 1058"
Danish Ctrl Bk -2: Refuses To Say How Much  Intervention ,1998-09-17," COPENHAGEN (Dow Jones)--Danmarks Nationalbank, the central bank of Denmark, confirmed that it has intervened in the foreign exchange market Thursday to support the Danish krone (DKK). 

 ""Yes, we have been buying kroner this morning,"" Kirsten Mordhorst a Danish central bank director, told Dow Jones. 

 She declined to specify the magnitude of the intervention or the level at which it took place. The central bank never comments on this, she said. 

 At 0821 GMT the Deutsche mark fetched DKK3.8126, up only slightly from DKK3.8122 late Wednesday in Europe. 

 (END) Dow Jones Newswires 17-09-98 

 0827GMT"
"Danish shares dip on dlr, weak crown, outlook flat. ",1998-09-15," COPENHAGEN, Sept 15 (Reuters) - Danish share prices trickled down on Tuesday, hit by the weaker dollar and pressure on the local crown currency, with dealers seeing trends ahead set by foreign markets with the immediate outlook flat. 

 ""We were hit by the dollar's fall like the rest of Europe as well as by the Danish crown's decline. We are following foreign trends with the outlook none too encouraging,"" one dealer said. 

 The KFX top-20 index lost 2.81 points or 1.32 percent to 210.24 in KFX turnover of 705 million crowns. The KFX September future fell 2.35 points to 211.15 with 2.303 contracts traded. 

 Dollar-sensitive paper like bio-tech form Novo Nordisk and Tele Danmark fell, shedding 14 and 23 crowns respectively to 950 and 685. 

 Also affected were shipping and oil group Moeller , whose D/S Svendborg dropped 1,000 crowns to 59,000 and D/S 1912 2,000 to 41,000. 

 Rescue service Falck continued its onward march, closing eight crowns higher at 458, one of only four KFX shares to end the day up. 

Denmark's central bank intervened to support the crown, which recovered to 3.8117 per mark from a four-month low of 3.8130. 

 The Carnegie small-cap index finished 0.34 lower at 232.93. 

 ((Chris Follett +45 33 96 96 52 fax +45 33 93 84 57, copenhagen.newsroom@reuters.com)). 

 (C) Reuters Limited 1998."
"Danish shares slip on dollar, crown, outlook flat. ",1998-09-15," COPENHAGEN, Sept 15 (Reuters) - Danish share prices trickled down on Tuesday, hit by the weaker dollar and pressure on the local crown currency, with dealers seeing trends ahead set by foreign markets with the immediate outlook flat. 

 ""We were hit by the dollar's fall like the rest of Europe as well as by the Danish crown's decline. We are following foreign trends with the outlook none too encouraging,"" one dealer said. 

 The KFX top-20 index lost 2.81 points or 1.32 percent to 210.24 in KFX turnover of 705 million crowns. The KFX September future fell 2.35 points to 211.15 with 2,303 contracts traded. 

 Dollar-sensitive paper like bio-tech form Novo Nordisk and Tele Danmark fell, shedding 14 and 23 crowns respectively to 950 and 685. 

 Also affected were shipping and oil group Moeller, whose D/S Svendborg dropped 1,000 crowns to 59,000 and D/S 1912 2,000 to 41,000. 

 Rescue service Falck continued its onward march, closing eight crowns higher at 458, one of only four KFX shares to end the day up. 

Denmark's central bank intervened to support the crown, which recovered to 3.8117 per mark from a four-month low of 3.8130. 

 The Carnegie small-cap index finished 0.34 lower at 232.93. 

 ((Chris Follett +45 33 96 96 52 fax +45 33 93 84 57, copenhagen.newsroom@reuters.com)). 

 (C) Reuters Limited 1998."
Danish  central bank intervenes  to support crown. ,1998-09-15," COPENHAGEN, Sept 15 (Reuters) - Denmark's central bank said on Tuesday it intervened in the foreign exchange market to support the crown as the currency fell to its weakest levels against the German mark since early May. 

 At 0824 GMT, the crown was at 3.8126/29 per mark, slightly off an earlier 3.8130/33. It last traded above 3.8125 on May 7. 

 ""We have been supporting the crown this morning,"" central bank deputy director Kirsten Mordhorst told Reuters by telephone. She did not elaborate. 

Foreign exchange dealers said the bank had intervened at 3.8130 crowns per mark. 

 On August 25-26, the central bank intervened with a total 15.7 billion crowns to keep the crown steady against the mark. In that two-day period, the crown weakened to 3.8110 per mark. 

 Dealers said the crown fell amid some foreign investor selling, but volumes were not large. 

 ""There is some panic. The market is very nervous,"" one said. 

 Dealers attributed the weakness of the Danish unit to the recent softening of the crown currencies in neighbouring Sweden and Norway. 

 Earlier on Tuesday, Denmark's central bank said in a quarterly report it was possible that the full-year 1998 current account would end up in deficit. A figure in the red would be Denmark's first since 1989. 

 ((Peter Starck +45 33 96 96 50, fax +45 33 93 84 57, 

 copenhagen.newsroom@reuters.com)). 

 (C) Reuters Limited 1998."
Nordic  Forex  -2: Traders Expect Danish Interest Rate Hike ,1998-09-15," Meanwhile, traders said they believe the Danish government will have no choice but to increase interest rates there due to the instability of the Danish krone. 

 Earlier Tuesday, Denmark's central bank intervened in an attempt to bolster the currency, with the market speculating on the size of the intervention at DKK300 million to DKK500 million. 

 ""The krone has only weakened marginally, but it has still weakened, and I would be surprised if we don't see interest rates there raised in the next five to six weeks,"" one Stockholm-based currency trader said. 

 At 1551 GMT, the Deutsche mark changed hands at DKK3.8117, down from DKK3.8133 early Tuesday before the intervention, and marginally up on DKK3.8115 late Monday. 

 In Norway, trading in the krone was ""very calm"" Tuesday with little activity, though the krone softened against the mark. 

 Traders said many foreign exchange players are on the sidelines, awaiting the results of the Swedish general election on Sept. 20, and the 1999 Norwegian budget in October. 


At 1551 GMT Tuesday, the following prices were quoted (compared with
late Monday in Europe):
                     Deutsche mark      ECU Index
Swedish SEK         4.5940 vs 4.6225    121.71 vs 122.73
Danish DKK          3.8117 vs 3.8115     --        --
Norwegian NOK       4.4580 vs 4.4430    109.35 vs 109.26
Finnish FIM         3.0443 vs 3.0430     --        --
TCW Index
Swedish SEK         123.21 vs 124.39



The weighted ECU index tracks a basket of currencies that doesn't
include the dollar or the yen. A higher index means a strengthening of
the currencies in the basket.



The Danish krone isn't quoted on a weighted ECU index. Only the
Swedish krona is quoted on a total, competitive, trade-weighted index.



-By Polly Stewart; 46-8-545 13090



(END) Dow Jones Newswires 15-09-98



1631GMT


 1058"
Danish Ctrl Bk -2: Refuses To Say How Much  Intervention ,1998-09-15," COPENHAGEN (Dow Jones)--Danmarks Nationalbank, the central bank of Denmark, confirmed it had intervened in the foreign exchange market Tuesday to support the Danish krone (DKK). 

 ""Yes. We have been in the market Tuesday,"" Kirsten Mordhorst, a central bank director, told Dow Jones. 

 She declined to specify the magnitude of the intervention or the level at which it took place. 

 ""The central bank never comments on this,"" she said. 

 However, Danish foreign exchange dealers said they didn't believe the intervention was large scale, and certainly not comparable with the huge intervention the central bank effected at the end of August. 

 (MORE) Dow Jones Newswires 15-09-98 

 0833GMT"
WSJE: Slide Continues For  Currencies  In Scandinavia ,1998-08-27," From Thursday's Wall Street Journal Europe 


   By Almar Latour


 (Dow Jones)--Scandinavian currencies continued sliding against the U.S. dollar and mark, amid investor worries about the looming collapse of Russia's financial markets and a domino effect of the Asian crisis on emerging markets world-wide. 

 The currency crisis also sank its teeth into Scandinavia's political landscape, unleashing more political bickering over fiscal policy in Norway and forcing the issue of European economic and monetary union into Sweden's national election debate. 

 The Norwegian krone, marked by heavy losses against the mark in recent days, again depreciated the most among Scandinavian currencies, trading at 4.4410 kroner to the mark in late trading, compared with 4.3810 kroner on Tuesday and 4.0900 kroner in early January. The dollar rose to 8.3179 kroner from 8.2655 kroner on Tuesday. 

 The Swedish krona also dropped in value against the mark, although marginally. It traded at 4.6035 kronor against the mark compared with 4.6000 kronor on Tuesday and 4.2688 kronor in late April. The krona, however, had been sliding sharply against the mark all week. The dollar rose to 8.3179 kronor compared with 8.2655 kronor on Tuesday. 

 The Danish krone came under pressure as well and lost in trading against the dollar, as Denmark's central bank intervened to protect the currency's unofficial peg to the mark. The Danish krone traded at 6.8840 kroner against the U.S. dollar compared with 6.8590 kroner on Tuesday. The Danish krone remained firm against the mark, at its unofficial peg of about 3.8081 - but only after the Bank of Denmark intervened to support the Danish krone against the mark. 

 The depreciation of the Norwegian, Swedish and Danish currencies against the mark and dollar in recent days shows that currencies of countries outside the euro zone are more sensitive to external economic crises and investors' caprices than currencies that are members of EMU. 

 By contrast, the currency of EMU members are more solid. For example, Nordic neighbor Finland's currency - the markkaa - has proved to be the sole survivor recently in the local currency carnage. 

 ""When there is turbulence, it's hard to stand alone,"" said Jonas Frycklund, EMU expert for the Federation of Swedish Industries. ""That goes for both Sweden and Norway. Other countries simply enjoy more protection."" 

 (MORE) Dow Jones Newswires 27-08-98 

 0336GMT 

 1127"
FX  CROSS-Mark/Drachma surges on Russia fears. ,1998-08-26," LONDON, Aug 26 (Reuters) - The mark rose sharply against the drachma on Wednesday despite three interventions from the Bank of Greece as Russia fears took their toll. 

 Having fallen to a three-month low of 174.55, the drachma fought back after the third round of central bank support. 

 ""Greece is considered the last emerging market in Europe and gets hit when ...things are tough,"" said Michael Lewis, currency economist at Deutsche Morgan Grenfell in London. 

 At 1500 GMT the drachma stood at 173.20/40 compared with 170.60/70 late Tuesday. 

 Elsewhere, the Norwegian and Swedish crowns extended recent losses against the mark due to Russia and a gloomy outlook for weaker commodity prices, analysts said. 

 But the mark slipped against the yen and dollar after German Finance Minister Theo Waigel said the G7 group of industrialised nations, International Monetary Fund and European Union cannot solve Russia's problems. 

 The mark fell to 80.00/02 yen, down from 80.56/59. 

 Analysts linked the peripheral currencies' tumble to a generalised move into core markets in light of Russia's difficulties. 

 ""The problems in Russia and emerging market contagion effects are creating their own Scandinavian contagion,"" said David Brown, chief European economist at Bear Stearns in London. 

 The mark rose 1.9 percent against the Norwegian crown to 4.4595/6.25 against late Tuesday's 4.3770/90. 

Denmark's central bank said it intervened to prop up the crown against the German mark. The Danish crown was at session lows of 3.8080/83 against the mark, compared to Tuesday's late 3.8105/10. 

 ""Our stated policy is to keep the crown steady,"" deputy director Kirsten Mordhorst, told Reuters. 

 Sweden followed Norway's lead at first, sinking to 4.6440/55 per mark against 4.5930/60 late on Tuesday. But the Swedish crown staged an afternoon rally to 4.6090/20 on rumours of Riksbank intervention. 

 But analysts said the pain may continue. 

 ""I have no sense that these markets are out of woods yet,"" Bear Stearns' Brown said. ""There will be no risk reversal on mark/Scandinavian crosses until we see recovery in Russia, which is far off."" 

 He said the market is unlikely to differentiate between the Nordic currencies, despite Norway's higher dependence on oil. 

 But Kjell Tangen, general manager of Christiania Bank in London said he saw little reason for Norway's fall, much less Sweden's follow on. 

 ""There is no reason from it apart from that they are small currencies outside the EMU area,"" he said. ((James Saft, London newsroom + 44 171 542 2734)). 

 (C) Reuters Limited 1998."
FX  CROSS-Mark/drachma gains despite  interventions . ,1998-08-26,"
* Second intervention by Bank of Greece of Wednesday sees selling of $500 million, 750 million marks and 200 million ecu for drachma. * Drachma falls to levels against the mark not seen since May. Mark/Drachma	     session high of 174.00/15 and against late Tuesday's 170.60/70.



   * Mark drops off highs against some after German Finance


  Minister Waigel says G7, IM and EU cannot solve Russia problems. 

    * Norwegian and Swedish crowns off lows but remain vulnerable. 

 *Mark earlier rallied vs Norway crown to highest since July 1995 as fallout from Russia and commodity weakness hit Nordics. 


* Mark/Norwegian crown	     at 4.4275/05, off high of 4.4450, and against 4.3770/90 in late Europe on Tuesday.



* Spillover effect into Swedish crown drives mark to highest level against Swedish crown since March 1996.



* Mark/Swedish crown	     at 4.6220/50, off high of 4.6440, and against late Tuesday's 4.5930/60. * Mark falls below 80 yen	    , trading at 79.81/9.83, down from 80.56/59.



MARK REPORT



LONDON, Aug 26 (Reuters) - The mark wrested new gains against the Norwegian and Swedish crowns on Wednesday on fears of weak commodity prices and Russia's crisis, analysts said. Fallout from the Russian debt restructuring detailed on Tuesday speeded an ongoing generalised flight to quality favouring the mark. ""The problems in Russia and emerging market contagion effects are creating their own Scandinavian contagion,"" said David Brown, chief European economist at Bear Stearns in London.



By 0945 GMT the mark was at 4.4260/90 Norway crowns, just off its 4.4285 peak, the highest since December 1995.



   The mark was up against the Norwegian crown from late



 Tuesday's 4.3770.


Denmark's central bank said it was intervening to prop up the



 crown against the German mark. The Danish crown was virtually



 unchanged at 3.8106 against the mark.



   Sweden followed Norway's lead, sinking to 4.6280/10 per mark



 against 4.5930 late on Tuesday.



   And analysts said the pain may continue.



""I have no sense that these markets are out of woods yet,"" Brown said. ""There will be no risk reversal on mark/Scandinavian crosses until we see recovery in Russia, which is far off.""



Despite the run for core currencies the Finnish markka has held up better, partly due to Finland's commitment to joining European economic and monetary union, analysts said.



   The Finnish markka was slightly lower against the mark at



 3.0400/30, against late Tuesday's 3.0379/0408.



   Bear Stearns' Brown said the market is unlikely to



differentiate between the Nordic currencies, despite Norway's higher dependence on oil prices.



But Kjell Tangen, general manager of Christiania Bank London said he saw little reason for Norway's fall, much less Sweden's follow on. ""There is no reason from it apart from that they are small currencies outside the EMU area,"" he said. ""I would reckon this is just a temporary situation."" The Greek drachma was also pulled into Russia's vortex, falling against the mark and prompting intervention from the Bank of Greece. The drachma was at 171.65/85 against the mark, down from 170.60/70 in late Tuesday trade but above an earlier three-month low at 171.95. Greece's decision on Tuesday to pull the privatisation of Ionian Bank has also dented sentiment towards the drachma. ((James Saft, London newsroom + 44 171 542.



* Mark/Swedish crown	     at 4.6280/10, off high of 4.6440, and against late Tuesday's 4.5930/60.
* Drachma dragged into Russia rout and Bank of Greece intervenes, dragging Drachma off of levels against the mark not seen since May. Mark/Drachma	     at 171.72/82, below 172.15 earlier, and against late Tuesday's 170.60/70.
* Mark falls below 80 yen	    , trading at 79.97/80.00, down from 80.56/59.



MARK REPORT



LONDON, Aug 26 (Reuters) - The mark wrested new gains against the Norwegian and Swedish crowns on Wednesday on fears of weak commodity prices and Russia's crisis, analysts said.



Fallout from the Russian debt restructuring detailed on Tuesday speeded an ongoing generalised flight to quality favouring the mark.



""The problems in Russia and emerging market contagion effects are creating their own Scandinavian contagion,"" said David Brown, chief European economist at Bear Stearns in London.



By 0945 GMT the mark was at 4.4260/90 Norway crowns, just off its 4.4285 peak, the highest since December 1995.



The mark was up against the Norwegian crown from late Tuesday's 4.3770.


Denmark's central bank said it was intervening to prop up the crown against the German mark. The Danish crown was virtually unchanged at 3.8106 against the mark.



Sweden followed Norway's lead, sinking to 4.6280/10 per mark against 4.5930 late on Tuesday.



And analysts said the pain may continue.



""I have no sense that these markets are out of woods yet,"" Brown said. ""There will be no risk reversal on mark/Scandinavian crosses until we see recovery in Russia, which is far off.""



Despite the run for core currencies the Finnish markka has held up better, partly due to Finland's commitment to joining European economic and monetary union, analysts said.



The Finnish markka was slightly lower against the mark at 3.0400/30, against late Tuesday's 3.0379/0408.



Bear Stearns' Brown said the market is unlikely to differentiate between the Nordic currencies, despite Norway's higher dependence on oil prices.



But Kjell Tangen, general manager of Christiania Bank London said he saw little reason for Norway's fall, much less Sweden's follow on.



""There is no reason from it apart from that they are small currencies outside the EMU area,"" he said. ""I would reckon this is just a temporary situation.""



The Greek drachma was also pulled into Russia's vortex, falling against the mark and prompting intervention from the Bank of Greece.



The drachma was at 171.65/85 against the mark, down from 170.60/70 in late Tuesday trade but above an earlier three-month low at 171.95.



Greece's decision on Tuesday to pull the privatisation of Ionian Bank has also dented sentiment towards the drachma.



((James Saft, London newsroom + 44 171 542 6284)).



(C) Reuters Limited 1998."
DKK-euro band deal likely Sept-Oct-Danish minister. ,1998-08-26," COPENHAGEN, Aug 26 (Reuters) - Danish Economy Minister Marianne Jelved said on Wednesday an agreement on the ERM-2 fluctuation band for the crown against the new euro currency was likely to be reached in September or October. 

 The prospects were good for a tight crown-euro band, Jelved told Reuters. Denmark and the European Central Bank are scheduled to start formal talks on the issue later this year. 

 ERM-2 will be a new exchange rate mechanism for national currencies of European Union countries not joining economic and monetary union (EMU) from the start in January 1999. 

 ""There are good possibilities for Denmark to reach agreement on a narrow fluctuation band to the euro, and that this will happen in September,"" Jelved said. 

 ""But it is also possible that the agreement will be reached only in October,"" she said. 

 Denmark would soon submit an official application to the European Union regarding an ERM-2 agreement, she said, but did not elaborate. 

 Denmark's decision on an exchange rate agreement would be made by the government, Jelved said. 

 Analysts expect a fluctuation band of +/-2.25 percent from the crown's central parity against the euro in ERM-2. 

 The central parity will be fixed at the end of this year when the 11 EU countries joining EMU merge their national currencies into the euro. 

 Both the ECB and Denmark's central bank are expected to be obliged to intervene in the foreign exchange market on behalf of the crown to keep it inside the agreed fluctuation range. 

 The cornerstone of Danish economic policy for the past 15 years has been to keep the crown exchange rate tightly linked to the German mark near its 3.8144 central parity in ERM. 

 Denmark will not join EMU in 1999 due to an opt-out from the single currency agreed as a condition for Danish approval of the EU's Maastricht Treaty in a 1993 referendum. 

 ((Copenhagen newsroom +45 33 96 96 50, fax +45 33 93 84 57, copenhagen.newsroom@reuters.com)). 

 (C) Reuters Limited 1998."
FX  CROSS-Mark/drachma gains despite  interventions . ,1998-08-26,"
* Second intervention by Bank of Greece of Wednesday sees selling of $500 million, 750 million marks and 200 million ecu for drachma. * Drachma falls to levels against the mark not seen since May. Mark/Drachma	     session high of 174.00/15 and against late Tuesday's 170.60/70.



   * Mark drops off highs against some after German Finance


  Minister Waigel says G7, IM and EU cannot solve Russia problems. 

    * Norwegian and Swedish crowns off lows but remain vulnerable. 

 *Mark earlier rallied vs Norway crown to highest since July 1995 as fallout from Russia and commodity weakness hit Nordics. 


* Mark/Norwegian crown	     at 4.4275/05, off high of 4.4450, and against 4.3770/90 in late Europe on Tuesday.



* Spillover effect into Swedish crown drives mark to highest level against Swedish crown since March 1996.



* Mark/Swedish crown	     at 4.6220/50, off high of 4.6440, and against late Tuesday's 4.5930/60. * Mark falls below 80 yen	    , trading at 79.81/9.83, down from 80.56/59.



MARK REPORT



LONDON, Aug 26 (Reuters) - The mark wrested new gains against the Norwegian and Swedish crowns on Wednesday on fears of weak commodity prices and Russia's crisis, analysts said. Fallout from the Russian debt restructuring detailed on Tuesday speeded an ongoing generalised flight to quality favouring the mark. ""The problems in Russia and emerging market contagion effects are creating their own Scandinavian contagion,"" said David Brown, chief European economist at Bear Stearns in London.



By 0945 GMT the mark was at 4.4260/90 Norway crowns, just off its 4.4285 peak, the highest since December 1995.



   The mark was up against the Norwegian crown from late



 Tuesday's 4.3770.


Denmark's central bank said it was intervening to prop up the



 crown against the German mark. The Danish crown was virtually



 unchanged at 3.8106 against the mark.



   Sweden followed Norway's lead, sinking to 4.6280/10 per mark



 against 4.5930 late on Tuesday.



   And analysts said the pain may continue.



""I have no sense that these markets are out of woods yet,"" Brown said. ""There will be no risk reversal on mark/Scandinavian crosses until we see recovery in Russia, which is far off.""



Despite the run for core currencies the Finnish markka has held up better, partly due to Finland's commitment to joining European economic and monetary union, analysts said.



   The Finnish markka was slightly lower against the mark at



 3.0400/30, against late Tuesday's 3.0379/0408.



   Bear Stearns' Brown said the market is unlikely to



differentiate between the Nordic currencies, despite Norway's higher dependence on oil prices.



But Kjell Tangen, general manager of Christiania Bank London said he saw little reason for Norway's fall, much less Sweden's follow on. ""There is no reason from it apart from that they are small currencies outside the EMU area,"" he said. ""I would reckon this is just a temporary situation."" The Greek drachma was also pulled into Russia's vortex, falling against the mark and prompting intervention from the Bank of Greece. The drachma was at 171.65/85 against the mark, down from 170.60/70 in late Tuesday trade but above an earlier three-month low at 171.95. Greece's decision on Tuesday to pull the privatisation of Ionian Bank has also dented sentiment towards the drachma. ((James Saft, London newsroom + 44 171 542.



(C) Reuters Limited 1998."
"FX  CROSS - Mark muscles higher,  Denmark intervenes . ",1998-08-26," Danish central bank intervenes to support Danish crown. Danish bond market makers say agree 30-minute price quote halt. 

 * Norway and Sweden crowns vulnerable to selling by foreign investors selling Nordic currencies and bonds and moving back into core European markets, analysts say. 


* Mark/Norwegian crown	     at 4.4240/50, off peak at 4.4285, highest since Dec 1995 and vs 4.3770/90 in late Europe on Tuesday.



* Norway crown's inverse ECU index broke through 109 points, the weakest since the index was set up in 1990.



* Mark/Swedish crown	     at 4.6355/85 vs 4.6400 2-1/2 year high and 4.59309/60 on Tuesday.Mark/Danish crown	     at 3.8104/07, little changed from 3.8105/10 late Tuesday.



* Market eyeing Russia developments after Russian debt restructuring plan. Short-term Russian T-bills swapped into rouble-denominated bonds, maturity 3-5 years. Today's spot rouble trade declared ""nil and void"" by Russian MICEX.



((Astrid Zweynert London newsroom + 44 171 542 7792 fax +44 171 542 5293, uk.forex.news@reuters.com)).



(C) Reuters Limited 1998."
Danish  central bank intervenes  to support crown. ,1998-08-26," COPENHAGEN, Aug 26 (Reuters) - Denmark's central bank said on Wednesday it was intervening in the foreign exchange market selling foreign currency for the crown to keep the crown steady against the German mark. 

 ""Our stated policy is to keep the crown steady by buying and selling foreign currencies. Right now we are selling foreign currency,"" deputy director Kirsten Mordhorst told Reuters. 

 At 0815 GMT, the crown stood at 3.8104 per mark. It closed on Tuesday at 3.8103. 

Foreign exchange dealers said the central bank had sold around 1.3 billion German marks on Tuesday to support the crown. Mordhorst declined to comment on the volume. 

 Investors have been selling Danish debt in recent days amid a flight to safe-haven German Bunds and U.S. Treasuries triggered by uncertainties linked to Russia and Asia. This trend continued on Wednesday, dealers said. 

 The benchmark 10-year bond yield spread has widened sharply this week, trading around 80 basis points at 0815 GMT compared with 41 bps at last Friday's close. 

 In the two-year maturity, the yield gap over German paper shot out to 128 bps from 67 at Friday's close. 

 Analysts say the widening has nothing to do with Danish domestic factors. Currency jitters in neighbouring Sweden and Norway have affected the Danish crown. 

 ((Copenhagen newsroom +45 33 96 96 50, fax +45 33 93 84 57, copenhagen.newsroom@reuters.com)). 

 (C) Reuters Limited 1998."
FX  CROSS - Mark up on Nordic contagion. ,1998-08-26," LONDON, Aug 26 (Reuters) - The mark wrested new gains against the Norwegian and Swedish crowns on Wednesday on fears of weak commodity prices and Russia's crisis, analysts said. 

 Fallout from the Russian debt restructuring detailed on Tuesday speeded an ongoing generalised flight to quality favouring the mark. 

 ""The problems in Russia and emerging market contagion effects are creating their own Scandinavian contagion,"" said David Brown, chief European economist at Bear Stearns in London. 

 By 0945 GMT the mark was at 4.4260/90 Norway crowns, just off its 4.4285 peak, the highest since December 1995. 

 The mark was up against the Norwegian crown from late Tuesday's 4.3770. 

Denmark's central bank said it was intervening to prop up the crown against the German mark. The Danish crown was virtually unchanged at 3.8106 against the mark. 

 Sweden followed Norway's lead, sinking to 4.6280/10 per mark against 4.5930 late on Tuesday. 

 And analysts said the pain may continue. 

 ""I have no sense that these markets are out of woods yet,"" Brown said. ""There will be no risk reversal on mark/Scandinavian crosses until we see recovery in Russia, which is far off."" 

 Despite the run for core currencies the Finnish markka has held up better, partly due to Finland's commitment to joining European economic and monetary union, analysts said. 

 The Finnish markka was slightly lower against the mark at 3.0400/30, against late Tuesday's 3.0379/0408. 

 Bear Stearns' Brown said the market is unlikely to differentiate between the Nordic currencies, despite Norway's higher dependence on oil prices. 

 But Kjell Tangen, general manager of Christiania Bank London said he saw little reason for Norway's fall, much less Sweden's follow on. 

 ""There is no reason from it apart from that they are small currencies outside the EMU area,"" he said. ""I would reckon this is just a temporary situation."" 

 The Greek drachma was also pulled into Russia's vortex, falling against the mark and prompting intervention from the Bank of Greece. 

 The drachma was at 171.65/85 against the mark, down from 170.60/70 in late Tuesday trade but above an earlier three-month low at 171.95. 

 Greece's decision on Tuesday to pull the privatisation of Ionian Bank has also dented sentiment towards the drachma. 

 ((James Saft, London newsroom + 44 171 542 6284)). 

 (C) Reuters Limited 1998."
Danish  central bank  says not in $/yen  intervention . ,1998-06-17," COPENHAGEN, June 17 (Reuters) - Denmark's central bank said on Wednesday it was not taking part in foreign exchange market intervention to support the yen. 

 ""We are not involved,"" an official said, declining further comment. 

 The U.S. Treasury Department said earlier the Federal Reserve Bank of New York was intervening on its behalf. A source close to the U.S. administration confirmed that it was selling dollars for yen. 

 ((Copenhagen newsroom +45 33 96 96 50, fax +45 33 93 84 57, copenhagen.newsroom@reuters.com)). 

 (C) Reuters Limited 1998."
Denmark has target for crown-euro fluctuation band. ,1998-05-29," COPENHAGEN, May 29 (Reuters) - Denmark has set its own target for the width of the fluctuation band for the crown currency in Europe's future exchange rate mechanism, ERM-2, Prime Minister Poul Nyrup Rasmussen said on Friday. 

 His government is aiming for a narrower band than +/-15 percent from central parity exchange rates, he told a news conference, but declined to be more specific. 

 ""We have ideas what we would like to have. We know that the financial markets have ideas, too, and we will meet some day,"" he said. 

 Denmark would be in shape to join European economic and monetary union, but its opt-out from the single currency - negotiated in 1992 and approved by the Danes in a 1993 referendum - means that the crown will be pegged to the new euro inside ERM-2 from January 1, 1999. 

 Rasmussen said fluctuation limits of +/-15 percent were for ""everybody."" 

 ""I would prefer a more slim variation channel...and I hope there will be an understanding saying that we could have perhaps a smaller degree of variation,"" he said. 

 ""I cannot give any concrete figure right now,"" he said, noting that the band would be negotiated between his country and the eleven EMU starters - all EU members except the UK, Sweden, Greece and Denmark. 

 ""Economy Minister Marianne Jelved will be engaged in obtaining the best possible agreement,"" Rasmussen said. 

 No decisions have been made, but Denmark is aiming for a deal that would include intervention on behalf of the crown by the coming European Central Bank, should the crown come under pressure. 

 ""We think that we could pursue a good agreement of mutual support, because I hope that the others will realise that we have a strong and sound economy,"" Rasmussen said, adding Denmark was expecting good co-operation on monetary issues with the euro-11. 

 He reiterated that a referendum on scrapping the single currency opt-out would not be held any time soon. 

 ""Let us see the baby grow in the coming years, see how it is functioning. Let us take good time to evaluate things. Nobody should be stressed,"" he said. 

 ""In or out of EMU, the Danes and the country will anyhow need to pursue a strong and responsible economic policy. That is the basic issue,"" the premier said. 

 ((Peter Starck +45 33 96 96 50 fax +45 33 93 84 57, copenhagen.newsroom@reuters.com)). 

 (C) Reuters Limited 1998."
"Nordic  Forex : Danish Krone Steady, But Still Shaky Early ",1998-05-07," COPENHAGEN (Dow Jones)--The Danish krone (DKK) is steady, but shaky Thursday morning after a strong foreign sell-off Wednesday forced Denmark's central bank to intervene to prop up the currency. 

 At 0855 GMT, the Deutsche mark fetched DKK3.8140, higher than DKK3.8157 late Wednesday. So far, volume is thin, with attention instead focused on the short-end of the money market. Dealers expect the krone to trade from DKK3.8140 to DKK3.8150 Thursday. 

 In recent weeks, the krone has slowly weakened amid growing concern over the Danish referendum May 28 to ratify the Amsterdam Treaty, which prepares for European Union expansion. Investors fear that a rejection of the treaty by the E.U.-skeptic Danes could jeopardize the country's future relationship in the E.U. 

 In recent days, the central bank has been forced to spend DKK3 to DKK4 billion a session to support the currency, some dealers say. According to the latest round of foreign currency reserve figures, the central bank spent DKK16 billion in support of the krone in April. 

 The bank's decision Tuesday to raise its discount and securities repurchase interest rates, by 0.5% to 4.0% and 4.25% respectively, has done little to stem selling of the currency, dealers added. This is sparking speculation the bank will be forced to raise rates again soon. 

 'There has been an uncertainty due to the Amsterdam Treaty referendum in May,' said one dealer in Copenhagen. 'If we see a further weakening, the central bank could take action with interest rates again. But it's not in the picture at the moment.' 

 The krone slipped as far as DKK3.8160 per mark in late trade Wednesday, weakening from DKK3.8155 before the rate increase and well above its level of DKK3.8133 before the start of Denmark's 11-day nationwide strike. 

 (MORE) Dow Jones Newswires 07-05-98 

 0917GMT 

 1058"
Danish  central bank  buys crowns for marks - dealers. ,1998-05-06," COPENHAGEN, May 6 (Reuters) - Denmark's central bank intervened in the foreign exchange market on Wednesday afternoon, buying crowns at 3.8154 per mark, forex dealers said. 

 ""The central bank has bought crowns for marks at 3.8154,"" one dealer said. 

 The central bank declined comment, having said earlier in the day that it had not been in the market on Wednesday. 

 At 1400, the crown traded at 3.8151 per mark compared with 3.8137 at Tuesday's close. 

 On Tuesday, the central bank raised key interest rates by 50 basis points to defend the crown. It said it had been buying crowns since February, and that the foreign currency outflow, which increased in April had continued in early May. 

 Dealers earlier said the crown was weakening with foreign investors selling amid concern over Denmark's May 28 referendum on the European Union's Amsterdam Treaty. 

 ((Peter Starck +45 33 96 96 50, fax +45 33 93 84 57, copenhagen.newsroom@reuters.com)). 

 (C) Reuters Limited 1998."
EMS Focus: Denmark Krone Steady Despite Election Rumors ,1997-10-01," COPENHAGEN (AP-Dow Jones)--The Danish krone is expected to remain steady as a rock in the days ahead, in part due to an absence of concern among investors about the possibility of a snap general election being called for next month, analysts said. 

 Also, the persistent steadiness of the Danish currency is a testament to the successful intervention of Denmark's central bank, which uses monetary policy solely to ensure a steady exchange rate versus the Deutsche mark. 

 Analysts argue that the only event which could really rock the krone is an unexpected rejection of the European Union's Amsterdam Treaty when a referendum is held on it next spring. 

 'There is such huge credibility in the market today towards the central bank's exchange rate policy,' said Jakob Vejlo, chief economist with Unibank Markets in Copenhagen. 'But if we say `No' to the Amsterdam Treaty, we will probably run into some volatility with the currency.' 

 At 1115 GMT Wednesday, the Deutsche mark fetched 3.8072 kroner, compared with 3.8079 at the close of European trading Tuesday. Denmark's ERM central parity rate is 3.81443 kroner to the mark. 

 In April or May, Denmark will hold a referendum on the Amsterdam Treaty, which is designed to prepare the 15-nation bloc for expansion. From a legal point of view, rejection of the treaty, which was agreed in June, could nullify the document and even raise questions about Denmark's future participation in the union. 

 (MORE) AP-DOW JONES NEWS 01-10-97 

 1353GMT 

 1089"
Danish C.Bank says not taking part in  intervention . ,1995-08-15," COPENHAGEN, Aug 15 (Reuter) - Denmark's Central Bank says it was not participating in any concerted intervention on currency markets to support the dollar, a bank spokeswoman said. 

 (c) Reuters Limited 1995"
Denmark  not taking part in dollar  intervention . ,1995-05-31," COPENHAGEN, May 31 (Reuter) - Denmark's Central Bank said it was not taking part in concerted intervention on currency markets to support the dollar. 

 A central bank spokesperson declined further comment on the intervention. 

 -Copenhagen newsroom, 45-33-966950 

 (c) Reuters Limited 1995"
Danish  central bank  has no comment on  intervention . ,1995-05-31," COPENHAGEN, May 31 (Reuter) - Denmark's central bank declined comment on whether it took part in concerted intervention on currency markets to support the dollar. 

 Danish currency dealers either saw no central bank intervention or were unsure. 

 -Copenhagen newsroom, 45-33-969650 

 (c) Reuters Limited 1995"
* Denmark 's  Central Bank  Says Not  Intervening  In  Forex  Mkts ,1995-05-31," (MORE) AP-DOW JONES NEWS 31-05-95 

 1305GMT"
Danish  Central Bank  joins concerted  intervention . ,1995-03-03," COPENHAGEN, March 3 (Reuter) - Denmark's central bank bought dollars for marks on the foreign exchange market today, spokeswoman Kirsten Mordhorst told Reuters. 

 She declined to give any further details but said it was part of a concerted intervention involving other European central banks. 

 (c) Reuters Limited 1995"
