title,date,text
Iceland  central bank  bought 1.72 bln ISK in  FX  market March 31,2020-04-03,"COPENHAGEN, April 3 (Reuters) - Iceland's central bankintervened in the currency market on March 31 by buying the equivalent to 1.72 billion Icelandic krona ($11.94 million) and selling foreign currency, according to central bank data.

The central bank last intervened in the currency market in mid-March where it bought a total of 8 billion krona in one week. (Reporting by Nikolaj Skydsgaard; Editing by Alison Williams) 

Released: 2020-4-3T11:16:17.000Z"
"UPDATE 1- Iceland 's c.bank keeps rate steady, says may  intervene  in  forex  market",2018-12-12,"(Adds details)

COPENHAGEN, Dec 12 (Reuters) - Iceland's central bank on Wednesday kept its deposit rate unchanged at 4.50 percent and said it will intervene in the foreign exchange market if the planned release of offshore crown assets weakens the currency.

Plans were announced last week to release the last of offshore crown assets that were locked in by capital controls in the aftermath of the financial crisis.

The Finance Ministry proposed to expand authorisations for withdrawals from accounts that are subject to restrictions that were put in place when the capital controls began to be lifted in 2016.

""The resolution of such a legacy problem should not be allowed to lower the exchange rate of the crown; therefore, the Central Bank will intervene in the foreign exchange market,"" the central bank said.

""In this context, the Bank will also take into consideration that there are signs that the recent currency depreciation has pushed the real exchange rate below its equilibrium value.""

The crown has weakened over the last seven months so that a U.S. dollar now costs 123 crowns from below 100 crowns in April.

The central bank raised the rate a month ago from 4.25 percent, its first rate move in more than a year.

""If inflation expectations continue to rise and remain persistently at a level above the target, it will call for a tighter monetary stance,"" the central bank said on Wednesday. (Reporting by Teis Jensen Editing by Jacob Gronholt-Pedersen and Peter Graff) 

Released: 2018-12-12T11:02:38.000Z"
*Iceland  Central Bank  Keeps Key Rate at 4.5%,2018-12-12,"12 Dec 2018 03:56 ET *Iceland Central Bank: GDP Growth Measured 5% For First Nine Months of Yr, Slightly Higher Than Assumed in Nov Forecast

12 Dec 2018 03:58 ET *Iceland Central Bank: ISK Depreciation, Concerns Over Upcoming Wage Settlements Have Shown in Expectations of Further Rise in Inflation

12 Dec 2018 03:58 ET *Iceland Central Bank: Monetary Stance as Measured by Central Bank's Real Rate Has Therefore Eased Again

12 Dec 2018 03:59 ET *Iceland Central Bank: Signs That Positive Output Gap Will Continue to Narrow in Near Term

12 Dec 2018 03:59 ET *Iceland Central Bank: Rise in Inflation Expectations Limited to Short-Term Expectations, Depreciation of ISK Has Slowed

12 Dec 2018 04:02 ET *Iceland Central Bank Says Will Intervene in Forex Market, In Line With Previous Statements

12 Dec 2018 04:03 ET *Iceland Central Bank Will Also Consider There Are Signs Recent Currency Depreciation Has Pushed Real Exchange Rate Below Equilibrium Value

12 Dec 2018 04:03 ET *Iceland Central Bank: Near-Term Monetary Stance Depends on Narrower Output Gap, Wage-Setting Decisions, Devts in Inflation and Inflation Expectations

12 Dec 2018 04:04 ET *Iceland Central Bank Says Has The Will and The Tools to Keep Inflation at Target Over Long Term

12 Dec 2018 04:42 ET  Iceland's Central Bank Leaves Key Rate Unchanged at 4.50%

By Nina Adam

The Icelandic central bank left the key rate unchanged at 4.50% on Wednesday, but signaled that it is prepared to act if inflation expectation continue to nudge higher.

""The near-term monetary stance will depend on the interaction between a narrower output gap, wage-setting decisions, and developments in inflation and inflation expectations,"" said the Sedlabanki, after raising the key rate by 0.25 percentage points in early November.

The Monetary Policy Committee has ""the will and the necessary tools to keep inflation at target over the long term,"" the central bank said.

Inflation in the north Atlantic island is running well above the Sedlabanki's 2.5% target, measuring 3.3% in November, underpinned by solid economic growth and a steep rise in import prices.

In addition, a significant depreciation of the national currency in the course of this year and expectations of strong wage settlements in upcoming negations have pushed up inflation expectations.

""If inflation expectations continue to rise and remain persistently at a level above the target, it will call for a tighter monetary stance,"" said the Sedlabanki.

Dominic Chopping contributed to this article.

Write to Nina Adam at nina.adam@wsj.com<mailto:nina.adam@wsj.com>

(MORE TO FOLLOW) Dow Jones Newswires

December 12, 2018 04:42 ET (09:42 GMT)"
*S&PGR Affirms Republic of Iceland Ratings; Outlook Stable,2018-06-08,"8 Jun 2018 16:08 ET  Press Release: S&PGR Affirms Republic of Iceland Ratings; Outlook Stable


 
 
The following is a press release from S&P Global Ratings: 
 
OVERVIEW 
     -- We expect the currently overheated Icelandic economy to gradually cool 
down over the next few years. The current account balance will weaken as 
tourism sector growth moderates amid the Icelandic krona's rapid appreciation. 
     -- At the same time, we forecast continued strong fiscal performance with 
net general government debt stabilizing at 30% of GDP over the next four years. 
     -- We are affirming our 'A/A-1' ratings on Iceland. 
     -- The outlook is stable. 
 
RATING ACTION 
On June 8, 2018, S&P Global Ratings affirmed its long- and short-term foreign 
and local currency sovereign credit ratings on the Republic of Iceland at 
'A/A-1'. The outlook is stable. 
 
OUTLOOK 
The stable outlook balances the risks stemming from the domestic economy 
overheating against the potential for more rapid improvements in the 
government and external balance sheets over the next few years. 
 
We could raise the ratings on Iceland if its external and fiscal performance 
were to significantly exceed our current expectations, improving its public 
and external balance sheet well beyond what we currently anticipate. 
 
We could lower the ratings on Iceland if economic overheating were place at 
risk its long-term growth prospects, balance of payments performance, or 
financial stability. 
 
RATIONALE 
The ratings on Iceland reflect the country's strong institutional framework 
and general policymaking effectiveness, comparatively low net general 
government debt at 30% of GDP, and high per capita income levels. The ratings 
are constrained by Iceland's vulnerability to external developments as well as 
typically high volatility throughout the economic cycle. The ratings are also 
constrained by risks stemming from the domestic economy overheating. 
 
Institutional and Economic Profile: The overheating of the domestic economy 
poses risks, but so far we project a soft landing 
     -- GDP growth will moderate to 2%-3% in 2018-2021, cooling off from a 
brisk expansion. 
     -- Signs of overheating are showing in the domestic economy and could 
pose risks. 
     -- Still, with GDP per capita of over US$70,000, Iceland's income levels 
are among the highest globally, while the economy also benefits from high 
education standards and favorable demographics. 
 
The economy of Iceland expanded by 3.6% in real terms in 2017, which is a 
notable slowdown compared to 7.5% real GDP growth in 2016. We project growth 
will further moderate to 2.8% in 2018. This will be partly driven by a 
slowdown in the pace of tourism sector expansion but also by the completion of 
some investment projects, for instance in the metals sector. This should help 
cool the recent economic overheating, which has been particularly evident in 
recent exchange rate, labor, and housing market trends. 
 
That said, we continue to see multiple risks. 
 
Several rounds of wage negotiations are coming up in 2018 and early 2019. 
Iceland has a history of wage increases notably exceeding productivity growth 
and inflation. Given the recent strong economic performance, we believe 
certain labor market groups could demand substantial wage hikes, which may 
have country-wide implications if other groups follow on. In our view, this 
poses risks to the competitiveness of the domestic economy. 
 
Competitiveness risks are also stemming from the strengthening of the 
Icelandic krona exchange rate, which has appreciated by over 20% in real 
effective terms (CPI-based) over the last three years. The tourism sector 
underpinned much of Iceland's recent economic expansion, posting double-digit 
growth rates in 2012-2016. It has also contributed significantly to the 
strengthening of Iceland's balance of payments position, ultimately 
facilitating the resolution of the old overhang and the removal of capital 
controls in March 2017. However, the rapid expansion has also been a key 
factor behind the aforementioned strengthening of the exchange rate. Together 
with wage hikes, this presents competitiveness challenges for the domestic 
economy. This is particularly the case for sectors with predominantly 
krona-denominated costs, such as IT, and in the long-run could undermine 
Iceland's diversification prospects. Positively, these risks are somewhat 
mitigated by the country's flexible labor markets: labor importation has 
picked up substantially in recent years, which at least partially alleviates 
the impact of rising domestic costs. 
 
During the first few months of 2018, there have been signs of tourist inflows 
moderating. This likely stems from Iceland becoming an increasingly expensive 
destination as well as indicating capacity constraints. In our view, the 
moderation of inflows could actually prove positive for the broader economy as 
it reduces the overheating risks. We assume that tourist inflows will 
demonstrate a flat dynamic or only a slow growth over the next three years. As 
a result, we expect the exchange rate to weaken by 13% through 2021. 
 
However, if tourism inflows were to abruptly decrease rather than flatten out, 
this could expose multiple vulnerabilities. Specifically, we believe that the 
housing market could weaken with knock-on effects on household and banks' 
balance sheets. 
 
More broadly, we note that Iceland's economy remains small in absolute terms 
with GDP of US$24 billion in 2017. It is structurally volatile and ultimately 
dependent on the economic performance of main trading partners and 
developments in terms of trade, which have been particularly favorable over 
the last few years. Even so, at US$71,000 in 2017, Iceland's GDP per capita is 
among the highest globally, which we view as a key strength. This is because 
high income levels indirectly indicate potentially higher resilience to 
withstand economic shocks, as well as a broader base that could theoretically 
be taxed. 
 
We believe the country also benefits from high levels of education, favorable 
demographics, and the presence of natural resources, such as very competitive 
hydro and thermo energy production. These bode well for longer-term prospects. 
 
Importantly, we view Iceland's institutional arrangements as another rating 
strength. There are broadly functioning checks and balances between various 
state bodies and consensus on key issues, such as the need to maintain a 
comparatively prudent fiscal position. Iceland's coalition government 
following the October 2017 snap elections comprises three parties spanning the 
left and right of the political spectrum. The coalition commands a narrow 
majority in parliament and, as such, we believe it could be more challenging 
to agree on some specific policy items. However, we do not expect a major 
shift in policy direction compared to recent years. 
 
Flexibility and Performance Profile: Current account is set to weaken but 
fiscal and external buffers remain 
     -- We forecast the current account to swing into deficit by 2020. 
     -- Spending pressures remain but we project only modest fiscal deficits 
from 2019. 
     -- Monetary policy flexibility has improved following the earlier lifting 
of capital controls but remains structurally constrained by the economy's size 
and significant dependence on foreign developments. 
 
We project Iceland's current account balance to stand at 1.3% in 2018 and 
swing to a slight deficit by 2020. This is mainly driven by our projection of 
tourism receipts leveling off and strong consumption pulling in imports. 
Strong growth in the tourism sector has underpinned a substantial improvement 
in Iceland's external position in recent years. We estimate that the economy 
is currently in a small net external asset position. While recent years' 
external performance has built up buffers against the reemergence of external 
financing pressures, a sudden stop of tourism revenues could pose a 
significant threat to Iceland's balance of payments. We expect the Central 
Bank of Iceland 's (CBI) interventions and hence foreign exchange reserve 
growth to be rather limited, but we anticipate a pick-up in foreign investment 
by the Icelandic pension funds. They have had limited opportunities previously 
having spent years operating within the confines of capital controls. Overall, 
we forecast our preferred measure of net external indebtedness relative to 
current account receipts rising to around 53% by 2021. 
 
On the back of the economic recovery, Iceland's fiscal performance has also 
improved, reaching a 1.5% general government surplus in 2017. We project 
modest deficits from 2019 onward. This is based on the government's fiscal 
agenda, which includes infrastructure and health care investments, increased 
spending on social services, and some loosening of tax policy with only 
limited revenue-raising measures. We believe further spending pressures could 
emerge, including for political reasons, given the only narrow majority 
commanded by the current administration. Combined with our more conservative 
growth projections, this underpins our fiscal deficit forecasts from 2019 
while the government currently projects the general government sector to post 
recurrent surpluses in the medium term, as outlined in a recent fiscal policy 
statement. Given our deficit projections, we forecast net general government 
debt to stabilize at close to 30% of GDP. 
 
There is potential, however, for the pace of debt reduction to be faster than 
we presently anticipate. This could happen, for example, if the authorities go 
ahead with the sale of commercial banks and use the proceeds to pay down debt 
(which we have not factored into our base-case scenario). It could also happen 
if the fiscal policy is tightened more in an attempt to cool off the economic 
boom, but that so far seems difficult given the composition of the governing 
coalition. 
 
We still see some risks from contingent fiscal liabilities--particularly from 
the high stock of government guarantees to public-sector entities, such as the 

8 Jun 2018 16:08 ET 
Press Release: S&PGR Affirms Republic of Iceland -2-


Housing Financing Fund or energy company Landsvirkjun --which we currently 
assess as moderate. 
 
In our view, Iceland's monetary flexibility has improved following the March 
2017 lifting of capital controls and given the adherence to a broadly flexible 
exchange rate arrangement since then. We also believe that the accumulation of 
substantial extra net foreign exchange reserves has underpinned the CBI's 
improved ability to act as a lender of last resort for the domestic banking 
system both in foreign and local currencies. Nevertheless, policy 
effectiveness remains limited by the structural features of the Icelandic 
economy, including its small size and the inflation level's pronounced 
dependence on the value of the exchange rate and foreign prices. 
 
We also note that Iceland's real effective exchange rate (REER) tends to be 
particularly volatile over the economic cycle, and subject to large valuation 
swings that have historically exacerbated the cyclicality already inherent in 
Iceland's economy. According to CBI data, the consumer price index-based REER 
has appreciated steeply in recent years (by 30% since end-2014) and now hovers 
at the level of the pre-2008 peak. The REER calculated on the basis of unit 
labor cost has appreciated by an even larger 40% over the same period. 
Inflation has only recently, in first-quarter 2018, reached the central bank's 
2.5% target after three years of hovering slightly below 2.0%. We expect 
inflation to slightly accelerate to 3.0% in 2018-2019 before moderating again 
to 2.5% thereafter. 
 
The Icelandic banks remain well-capitalized and liquid. Domestic credit has 
picked up lately, and we expect it to grow roughly in line with nominal GDP 
over the next three years. This is a notable turnaround as domestic credit 
growth has been negative until 2015. Importantly, substantial house price 
hikes, particularly in the capital area, have therefore not been fueled by the 
financial system funding to the domestic economy. In fact, private sector 
leverage has been on a steady declining trend as a percentage of GDP since 
2008 and has only recently shown signs of picking up. 
 
In our view, there are risks stemming from the increasing role pension funds 
are playing in providing domestic credit. Over the last few years, they have 
been increasing their share of the market at the expense of commercial banks. 
The market share in total lending to households has risen to 18%, from 10%, 
over the last two years. We see risks stemming from this development as the 
pension funds' supervision and their capacity to monitor credit risks is 
untested. We understand that there is a built-in adjustment mechanism in that 
the poor performance of a pension fund could ultimately lead to a lower 
pension payout. However, this could then affect the financial position of 
households and may also have fiscal implications. 
 
For more information on the banking system, see ""Banking Industry Country Risk 
Assessment: Iceland,"" published Feb. 21, 2018. 
 
KEY STATISTICS 
 
RATINGS SCORE SNAPSHOT 
 
RELATED CRITERIA 
 
     -- Criteria - Governments - Sovereigns: Sovereign Rating Methodology, 
Dec. 18, 2017 
     -- General Criteria: Methodology For Linking Long-Term And Short-Term 
Ratings, April 7, 2017 
     -- General Criteria: Use Of CreditWatch And Outlooks, Sept. 14, 2009 
     -- General Criteria: Methodology: Criteria For Determining Transfer And 
Convertibility Assessments, May 18, 2009 
 
RELATED RESEARCH 
     -- Sovereign Ratings History, June 5, 2018 
     -- Sovereign Ratings List, June 5, 2018 
     -- Global Sovereign Rating Trends: First-Quarter 2018, April 11, 2018 
     -- Sovereign Risk Indicators, April 10, 2018. An interactive version is 
also available at "" http://www.spratings.com/sri "" 
     -- Sovereign Debt 2018: Global Borrowing To Remain Steady At US$7.4 
Trillion, Feb. 22, 2018 
     -- Default, Transition, and Recovery: 2017 Annual Sovereign Default Study 
And Rating Transitions, May 8, 2018 
     -- Credit Trends: 2016 Sovereign Ratings Update: Outlook And CreditWatch 
Resolutions, April 18, 2017 
     -- Banking Industry Country Risk Assessment: Iceland, Feb. 21, 2018 
 
In accordance with our relevant policies and procedures, the Rating Committee 
was composed of analysts that are qualified to vote in the committee, with 
sufficient experience to convey the appropriate level of knowledge and 
understanding of the methodology applicable (see 'Related Criteria And 
Research'). At the onset of the committee, the chair confirmed that the 
information provided to the Rating Committee by the primary analyst had been 
distributed in a timely manner and was sufficient for Committee members to 
make an informed decision. 
 
After the primary analyst gave opening remarks and explained the 
recommendation, the Committee discussed key rating factors and critical issues 
in accordance with the relevant criteria. Qualitative and quantitative risk 
factors were considered and discussed, looking at track-record and forecasts. 
 
The committee's assessment of the key rating factors is reflected in the 
Ratings Score Snapshot above. 
 
The chair ensured every voting member was given the opportunity to articulate 
his/her opinion. The chair or designee reviewed the draft report to ensure 
consistency with the Committee decision. The views and the decision of the 
rating committee are summarized in the above rationale and outlook. The 
weighting of all rating factors is described in the methodology used in this 
rating action (see 'Related Criteria And Research'). 
 
RATINGS LIST 
Ratings Affirmed 
 
Iceland 
 Sovereign Credit Rating 
  Foreign and Local Currency            A/Stable/A-1 
 Transfer & Convertibility Assessment   A 
 Senior Unsecured 
  Foreign and Local Currency            A 
  Foreign Currency                      A-1 
 Short-Term Debt 
  Local Currency                        A-1 
 
Certain terms used in this report, particularly certain adjectives used to 
express our view on rating relevant factors, have specific meanings ascribed 
to them in our criteria, and should therefore be read in conjunction with such 
criteria. Please see Ratings Criteria at www.standardandpoors.com for further 
information. Complete ratings information is available to subscribers of 
RatingsDirect at www.capitaliq.com. All ratings affected by this rating action 
can be found on S&P Global Ratings' public website at 
www.standardandpoors.com. Use the Ratings search box located in the left 
column.  Alternatively, call one of the following S&P Global Ratings numbers: 
Client Support Europe (44) 20-7176-7176; London Press Office (44) 
20-7176-3605; Paris (33) 1-4420-6708; Frankfurt (49) 69-33-999-225; Stockholm 
(46) 8-440-5914; or Moscow 7 (495) 783-4009. 
 
Primary Credit Analyst: Ludwig Heinz, Frankfurt (49) 69-33-999-246; 
                        ludwig.heinz@spglobal.com 
Secondary Contact: Maxim Rybnikov, London (44) 20-7176 7125; 
                   maxim.rybnikov@spglobal.com 
Additional Contact: SovereignEurope; 
                    SovereignEurope@spglobal.com 
 
 
The article with statistical information is available in full 
at www.standardandpoors.com. Registration is free. To access the full article, 
select ""Ratings Actions"" in the left navigation under Ratings Resources, 
then choose the Press Releases tab. 
 
 
 
No content (including ratings, credit-related analyses and data, valuations, 
model, software, or other application or output therefrom) or any part thereof 
(Content) may be modified, reverse engineered, reproduced, or distributed in 
any form by any means, or stored in a database or retrieval system, without 
the prior written permission of Standard & Poor's Financial Services LLC  or 
its affiliates (collectively, S&P). The Content shall not be used for any 
unlawful or unauthorized purposes. S&P and any third-party providers, as well 
as their directors, officers, shareholders, employees, or agents (collectively 
S&P Parties) do not guarantee the accuracy, completeness, timeliness, or 
availability of the Content. S&P Parties are not responsible for any errors 
or omissions (negligent or otherwise), regardless of the cause, for the 
results obtained from the use of the Content, or for the security or 
maintenance of any data input by the user. The Content is provided on an ""as 
is"" basis. S&P PARTIES DISCLAIM ANY AND ALL EXPRESS OR IMPLIED WARRANTIES, 
INCLUDING, BUT NOT LIMITED TO, ANY WARRANTIES OF MERCHANTABILITY OR FITNESS 
FOR A PARTICULAR PURPOSE OR USE, FREEDOM FROM BUGS, SOFTWARE ERRORS OR 
DEFECTS, THAT THE CONTENT'S FUNCTIONING WILL BE UNINTERRUPTED, OR THAT THE 
CONTENT WILL OPERATE WITH ANY SOFTWARE OR HARDWARE CONFIGURATION. In no event 
shall S&P Parties be liable to any party for any direct, indirect, incidental, 
exemplary, compensatory, punitive, special or consequential damages, costs, 
expenses, legal fees, or losses (including, without limitation, lost income or 
lost profits and opportunity costs or losses caused by negligence) in 
connection with any use of the Content even if advised of the possibility of 
such damages. 
 
Credit-related and other analyses, including ratings, and statements in the 
Content are statements of opinion as of the date they are expressed and not 
statements of fact. S&P's opinions, analyses, and rating acknowledgment 
decisions (described below) are not recommendations to purchase, hold, or sell 
any securities or to make any investment decisions, and do not address the 
suitability of any security. S&P assumes no obligation to update the Content 
following publication in any form or format.  The Content should not be relied 
on and is not a substitute for the skill, judgment, and experience of the 
user, its management, employees, advisors, and/or clients when making 
investment and other business decisions. S&P does not act as a fiduciary or 
an investment advisor except where registered as such. While S&P has obtained 
information from sources it believes to be reliable, S&P does not perform an 

8 Jun 2018 16:09 ET 
Press Release: S&PGR Affirms Republic of Iceland -3-


audit and undertakes no duty of due diligence or independent verification of 
any information it receives. 
 
To the extent that regulatory authorities allow a rating agency to acknowledge 
in one jurisdiction a rating issued in another jurisdiction for certain 
regulatory purposes, S&P reserves the right to assign, withdraw, or suspend 
such acknowledgement at any time and in its sole discretion. S&P Parties 
disclaim any duty whatsoever arising out of the assignment, withdrawal, or 
suspension of an acknowledgment as well as any liability for any damage 
alleged to have been suffered on account thereof. 
 
S&P keeps certain activities of its business units separate from each other in 
order to preserve the independence and objectivity of their respective 
activities. As a result, certain business units of S&P may have information 
that is not available to other S&P business units. S&P has established 
policies and procedures to maintain the confidentiality of certain nonpublic 
information received in connection with each analytical process. 
 
S&P may receive compensation for its ratings and certain analyses, normally 
from issuers or underwriters of securities or from obligors. S&P reserves the 
right to disseminate its opinions and analyses. S&P's public ratings and 
analyses are made available on its Web sites, www.standardandpoors.com (free 
of charge), and www.capitaliq.com (subscription), 
and may be distributed through other means, including via S&P 
publications and third-party redistributors. Additional information about our 
ratings fees is available at www.standardandpoors.com/usratingsfees(""http://www.standardandpoors.com/usratingsfees""). 
 
Any Passwords/user IDs issued by S&P to users are single user-dedicated and 
may ONLY be used by the individual to whom they have been assigned. 
No sharing of passwords/user IDs and no simultaneous access via the same 
password/user ID is permitted. To reprint, translate, or use the data or 
information other than as provided herein, contact Client Services, 
55 Water Street, New York, NY 10041; (1) 212-438-7280 or by e-mail to: 
research_request@spglobal.com. 
 
Copyright (c) 2018 by Standard & Poor's Financial Services LLC . 
All rights reserved. 
 
 

(END) Dow Jones Newswires

June 08, 2018 16:09 ET (20:09 GMT)"
RPT-INTERVIEW-Iceland wants to avoid more  currency  falls-cbank head,2013-02-12,"(Repeats story filed late on Monday, with no changes)

* Iceland cbank head ""to lean"" against depreciation

* Interest rate rise unlikely in coming months

* Currency weakness is key concern of bank

By Alistair Scrutton

REYKJAVIK, Feb 11 (Reuters) - Iceland's central bank will intervene to ensure as little depreciation as possible in its weakening currency due to inflation concerns but will draw no line in the sand over the crown's value, its governor Mar Gudmundsson said on Monday.

Gudmundsson told Reuters the introduction of currency market interventions, announced last week by the bank, would likely mean there would be no rise in interest rates in the coming months, helping prop up weaker-than-expected economic growth.

The central bank said last week it would intervene to help the crown and control inflation after shaving back growth forecasts for an economy recovering from a 2008 bank crisis. The crown was at its lowest in trade-weighted terms since an economic recovery began.

""We will resist it, we will lean against depreciation"", Gudmundsson said. ""Preferably we want to have as little depreciation as possible.""

Hit by a banking crisis in 2008-9, Iceland has bounced back better than many European economies after a huge fall in the crown, the imposition of capital controls and avoiding expensive bank rescues. But the bank said the currency was now the main source of uncertainty in the economy.

""The exchange rate is very much key,"" the governor added. ""It is below what you need for a kind of sustainable equilibrium in the economy.""

The bank has said recent weakness was due to a lower trade surplus and a build up of foreign currency for foreign loan payments in a county where many loans are not in crowns.

""The depreciation we would be willing to accept is limited but that will depend on conditions. If the terms of trade continue to weaken then we will have to allow the currency to weaken with it,"" Gudmundsson said.

""But the prediction is that (terms of trade) will stabilise and actually improve somewhat in the second quarter. If that doesn't happen we will have to revise how we look at the exchange rate.""

Given these prospects, Gudmundsson said, the bank was trying to avoid the exchange rate depreciating too much.

""It is a smoothing exercise that has more of an imperative because of the fact we have inflation well above target and growth prospects have weakened somewhat,"" he added.

The bank expects inflation to average 3.8 percent this year, slightly more than expected in a November forecast, and ranging between 3 percent and 4 percent through mid-2014 in line with the last forecast.

The central bank forecasts 2012 gross domestic product growth of 2.2 percent rather than 2.5 percent expected in November and for 2.1 percent this year rather than 3 percent.

Given slowing growth, the governor said it was unlikely interest rates would rise.

""It is very unlikely that we will increase rates in coming months, even to the end of this year ... but you don't know what can hit us and monetary policy is always reassessed,"" the governor said.

""We would try to avoid if possible having to tighten monetary policy on top of a weakening economy and that is why we are temporarily using intervention as an extra tool,"" he added.

Economists say there is no imminent currency crisis and the bank is trying to counteract seasonal weakness, with tourism revenues traditionally low in the winter.

Previously the bank held regular scheduled currency purchases, which were meant to be exchange rate neutral. It has also been holding auctions of crowns and foreign currency to help reduce foreign investor holdings of Icelandic crowns, left after capital controls were introduced following the crisis.

(Editing by Andrew Heavens)

ICELAND-CURRENCY (INTERVIEW) (REPEAT) | DA | FN | NW | SW | ABN | D | M"
Iceland  to support crown via market  intervention ,2013-02-06,"STOCKHOLM, Feb 6 (Reuters) - Iceland's central bank said on Wednesday it planned to support the crown currency via foreign exchange market interventions after it temporarily suspended its regular foreign exchange purchases from market makers.

Since September 2010, the bank had purchased foreign currency on a weekly basis. It in total bought 20 billion crowns ($157.47 million) of currency and sold foreign currency worth 3 billion crowns. But it in January suspended the purchases as the crown had fallen.

""In view of these conditions, the Central Bank has decided to suspend its programme of regular foreign currency purchases for the time being and support the crown through foreign exchange intervention,"" it said a statement after a monetary policy meeting where it kept its key rate steady at 6.0 percent.

It also said there was considerable uncertainty about the exchange rate.

($1 = 127.0050 Iceland kronas)

(Reporting by Patrick Lannin)

ICELAND-CROWN/ (URGENT) | ABN | D | M | DA | FN | NW | SW"
Iceland c. bank head demands leaning to avoid bubbles,2010-12-02,"FRANKFURT, Dec 2 (Reuters) - Central banks should work actively to fend off asset bubbles to avoid boom and bust cycles, even if overall inflation is within targets, Iceland central bank Governor Mar Gudmundsson said on Thursday.

He also said he was not sure whether bailing out holders of commercial banks' bonds in insolvency would be the right decision for every country, but was necessary for Iceland.

""Inflation targeting is not enough,"" Gudmundsson said at an event organised by the Goethe University Frankfurt.

""We should lean as well as clean ... We need inflation targeting plus,"" he said, and added the ""plus"" represents additional tools, such as limiting capital inflows, active foreign exchange intervention and having large budget surpluses.

Reflecting on Iceland banking collapse in October 2008, he said the central bank should have restricted capital from coming into the country.

""We should have leaned against the capital inflows that were taking place,"" he said. Iceland's three commercial banks failed in October 2008 and were placed in special resolution regimes, throwing the tiny country into its worst recession since World War II.

The government did not bail out bondholders.

""I haven't made up my mind whether it is the right decision for everybody,"" he said. ""But Iceland didn't have any other option,"" referring to the size of banks dwarfing the size of the country's economy, which made a bailout impossible.

Gudmundsson also said governments should not be afraid to carry large budget surpluses when times are good to prepare for the downturn.

""We should not be afraid of big government surpluses during booms,"" he said. (Reporting by Sakari Suoninen; Editing by Andrew Hay)

ICELAND/CENTRALBANK|LANGEN|ABN|M|D|E|RBN|RNP"
*DJ Iceland Ctrl Bk: ISK Has Remained Broadly Stable Since Nov,2009-12-10,"10 Dec 2009 06:16 EDT *DJ  Iceland Ctrl Bk: No ISK Intervention Needed Since Early Nov

10 Dec 2009 06:17 EDT *DJ  Iceland Ctrl Bk: Short-term Capital Flow Uncertainties Remain

10 Dec 2009 06:19 EDT *DJ  Iceland Ctrl Bk: Limited Risk Of Second-Round Inflation Effects

10 Dec 2009 06:20 EDT *DJ  Iceland Ctrl Bk: Sees Scope For Further Monetary Easing

10 Dec 2009 06:20 EDT *DJ  Iceland Ctrl Bk: Further Easing Depends On ISK Stability, Inflation

10 Dec 2009 06:44 EDT DJ  Iceland Central Bank Sees Scope For Further Monetary Easing


 
   By Anna Molin 
   Of DOW JONES NEWSWIRES 
 

Iceland's central bank Thursday said it may continue to chop its key lending rate if inflation carries on falling and the relative stability of the Icelandic krona is maintained.

""If the krona remains stable or appreciates, and if inflation continues to fall as forecast, there should be scope for continued gradual monetary easing,"" Sedlabanki said in a statement.

The bank earlier Thursday cut its key policy rate by one percentage point for the second consecutive month, as it seeks to bolster its economy amid currency weakness and the gradual lifting of capital controls.

The central bank said the Icelandic krona has remained broadly stable since its last policy meeting, and it hasn't needed to intervene to support the currency since early November.

Inflation has also dropped in line with forecasts, falling to 8.6% year-on-year in November, it said.

Agency Web site: www.sedlabanki.is(""http://www.sedlabanki.is"")

-By Anna Molin, Dow Jones Newswires; +46 8 545 130 91; anna.molin@dowjones.com

(END) Dow Jones Newswires

December 10, 2009 06:44 ET (11:44 GMT)"
Iceland cbank sees scope for further easing of policy,2009-12-10," STOCKHOLM, Dec 10 (Reuters) - Iceland's central bank said on Thursday there would be scope for gradual monetary easing if the crown remains stable or appreciates as it has done since its last meeting in November.

 However, the central bank said it remained ready to adjust its stance as required to stabilise the currency and keep inflation under control.

 Sedlabanki said in a statement it had not intervened in currency markets since early November.

Iceland's central bank said earlier on Thursday it cut its key interest rates by one percentage point to 10 percent.

 In addition to the one-point reduction in the central bank's seven-day collateral lending rate, the Sedlabanki also lowered its overnight lending rate by 1.5 percentage points to 11.5 percent and cut its deposit rate by half a point to 8.5 percent.  

ICELAND-POLICY/ (URGENT)|LANGEN|ABN|M|D|DA|FN|NW|SW|E|RBN|RNP"
"Central Bank  of Iceland - Speech by Governor Mar Gudmundsson at a breakfast meeting of the Iceland Chamber of Commerce, 6 November 2009",2009-11-18,"Release date - 15112009

In general, monetary policy is conducted under conditions of uncertainty.

The future is always uncertain, of course, but so are the present and the recent past - at least, when one is assessing the state of the economy. This is axiomatic to anyone who has had to wait for national accounts figures in order to estimate current GDP growth and has then seen statistics revised repeatedly over a period of several years. Another source of uncertainty is the effect of monetary policy instruments on other interest rates, exchange rates, asset prices, demand, and inflation. Naturally, we know a great deal about the relationships in the economy, but we don’t know what the correct model of it is, and we probably never will, as economic structures change over time. Furthermore, expectations play a key role in the entire process, and while they may remain reasonably stable for a time, other periods of time will come, and expectations will become unhinged. The relationship between interest rates and exchange rates under conditions of free cross-border movement of capital is different to the relationship that exists under capital account restrictions. In general, the monetary policy transmission mechanism depends on the maturity of the financial markets. These uncertainties and complexities, of course, are the reason for monetary policy committees and heavily staffed central banks.

If monetary policy is complex under normal circumstances, the complexity is multiplied in a financial crisis, especially a crisis as deep as the one that Iceland has been going through. Some of the markets that are important for monetary policy transmission stopped functioning to a substantial degree. Financial institutions became impaired, and they responded differently to the Central Bank’s monetary policy instruments than they did before the crisis. The relationship with the rest of the world changed. The link between exchange rates and interest rates weakened. And expectations became seriously unstuck. Matters were further complicated because we had to change the rules of the game in response to the crisis; for example, by imposing capital controls.

It is important to remember this when evaluating monetary policy in Iceland under the current circumstances. At present, the monetary policy framework is defined by the economic programme agreed between the Icelandic Government and the International Monetary Fund (IMF). The other key elements of the programme are the medium-term fiscal sustainability plan and the financial market restructuring plan.

According to the programme, the most important task of monetary policy is to promote exchange rate stability. One reason for this is the currency crisis that accompanied the financial crisis, pushing the exchange rate far below levels previously thought possible, let alone desirable. This currency collapse fuelled inflation, of course, and amplified the debt crisis faced by households and businesses. Two factors played leading roles in that development. The first is the relatively large share of foreign-denominated loans - an average of 20% for households and 70% for businesses. The latter factor is an unusually strong exchange rate pass-through effect, which stems from the magnitude of the exchange rate drop and the lack of confidence that the krona would recover in the near future. As a result, the principal of indexed loans - which constitute about 70% of household debt and 10% of business debt - was written up. As is often the case in severe financial crises that are at the same time country crises, there was a genuine risk of a multi-faceted spiral of currency collapse, inflation, debt crisis, and economic contraction. It was critical to stave off such a vicious cycle, and therefore of vital importance to stabilise the exchange rate.

But this was problematic because of the large amount of capital that had accumulated in Iceland through carry trading during the economic upswing. Current estimates indicate that some 500 b.kr. remain in the Icelandic economy. There was the risk that this money would try to escape through a collapsed foreign exchange market, with unimaginable consequences for the exchange rate. Thus it was quite possible that astronomical interest rates would have been required if exchange rate stability were to be achieved through interest rate policy alone. In view of this, it was decided to impose broad-based capital account restrictions and thereby create the scope for less restrictive monetary policy than would otherwise have been feasible.

As is usually the case, there were probably other options available at the time. But because I prefer to focus on the current situation and the road ahead, I would prefer not to spend time rehashing the past and ruminating about hypothetical options. Such speculation cannot change the past. Generally speaking, however, it seems to me that other options would have entailed significantly higher interest rates - initially, at least - and more risk to the exchange rate. But that doesn’t change the fact that, although the capital controls provided a certain temporary shelter, they also entail significant cost and inconvenience, which probably vary directly with the length of time the controls are in place. That cost will ultimately cut into GDP growth for the short term and reduce the level of GDP in the longer term. Understandably, then, we do not wish to maintain the capital controls a minute longer than necessary.

Strictly speaking, monetary policy is not based on an inflation target at present - at least, not for the short term - as the interim goal of arresting the fall of the krona and then stabilising it has taken priority. Ultimately, of course, this policy is consistent with the attainment of the inflation target. It would have been tempting to take somewhat greater short-term risk with the exchange rate and direct monetary policy more toward domestic economic conditions and the inflation outlook, but the enormous damage that even a short-lived additional depreciation would have done to private sector balance sheets precluded such an approach.

Under conventional circumstances, inflation-targeting monetary policy can be described, albeit in an oversimplified way, as entailing a policy interest rate that takes into account three factors:

1) the desired policy rate when inflation is at target and GDP is at potential; 2) the output gap; and 3) the deviation of inflation from target. In the case of Iceland, the exchange rate must be added to this list, and with a heavy weight. But the weight of the other items is not zero, and the importance of the exchange rate should diminish as the financial crisis relinquishes its grip and we reduce the weight of foreign debt in private sector balance sheets, thereby reducing the impact of the exchange rate on domestic liabilities. One of the Monetary Policy Committee’s many tasks at present is to assess how these various weights should evolve as circumstances change.

Indicators presented at the most recent Monetary Policy Committee meeting suggest that foreign-denominated debt may weigh less heavily in corporate sector debt than was previously believed, and that it is currently diminishing in importance for both households and businesses. Before the banks collapsed, an average of 70% of corporate sector debt was denominated in foreign currency. But the distribution is quite skewed. Holding companies had a large share, and large and medium-sized firms were more likely to have foreign debt than were small firms. Over half of businesses had domestic-currency debt only. In addition to this, the weight of households’ and businesses’ foreign-denominated debt will probably decline in the near future, both due to debt restructuring and because the vast majority of new bank loans are in domestic currency. The banks have limited capacity to lend in foreign currency, both because of a shortage of foreign exchange and because they are operating under temporary exemptions from Central Bank rules on maximum foreign exchange imbalances. Of course, this is good news, in a sense, because the sooner the weight of foreign debt diminishes, the sooner monetary policy will be released from the straitjacket of restraint far greater than is desirable in light of current domestic economic conditions. Other factors that could help in this context are new foreign exchange inflows and lower risk premia on domestic krona-denominated assets, which would obviate the need to maintain exorbitant interest rates in order to keep ISK assets in the country or attract new capital.

I have expanded at some length on current monetary policy objectives because I consider it important that these objectives be understood. But what are the instruments of monetary policy? It can be said that, apart from reserve requirements and other similar tools, which are seldom changed, the Bank’s interest rate decisions, foreign exchange market intervention, and capital controls are its chief monetary policy instruments. These instruments must be properly aligned, and consequently, interest rate decisions take account of capital controls. The controls provided some shelter for interest rate decisions for a while; however, as soon as they are relaxed, interest rates must be high enough to give investors an incentive to hold ISK assets. Just how high they must be is determined in part by the risk premium on the Republic of Iceland, which fortunately has declined significantly in the recent term. For example, the Republic’s CDS spread has fallen from around 1000 basis points at the beginning of the year to about 350 points.

But what about foreign exchange market intervention? It is a tricky instrument and, if misapplied, yields nothing at best and generates enormous losses at worst. Refusing to use it at all, however, would be unnecessarily extreme. One of the lessons of the financial crisis is that the proper deployment of foreign exchange reserves can be of key importance in preserving monetary and financial stability under difficult circumstances. This is supported by innumerable examples from countries from Brazil to Korea. There is no benefit in amassing foreign exchange reserves during an economic upswing if one is chary of using them in times of need. The public sector can take a broader view than the private sector because it is able to take a longer-term position with or against its own currency, thereby smoothing out cycles, and profit on the whole arrangement. Australia and other countries have at times used this strategy successfully, in spite of an inflation target. But there is no sense in protecting an unrealistic exchange rate through thick and thin, nor does it make sense to draw a line in the sand vis-a-vis the market. Under those circumstances, it is better to adopt the military strategy of Genghis Khan, who often began by retreating, luring his opponents from their fortresses and then annihilating them out on the steppes.

At present, foreign exchange market intervention in Iceland aims at mitigating exchange rate volatility and preventing a spiral of currency depreciation and expectations of further depreciation. Since the banks collapsed, the Central Bank’s foreign exchange market intervention has all been in one direction: It has sold foreign currency. In the past few months, however, intervention has been reduced significantly in comparison with, for example, January and February, and then May and June. Nonetheless, 2009 figures year-to-date are quite high, at over 80 million euros.

Is too much risk being taken? As long as intervention remains modest, I think not. There is no doubt that the equilibrium exchange rate of the krona has fallen sharply after the past years’ accumulation of debt and the ensuing collapse of the banking system. I think there is little doubt that the current exchange rate is below this new, lower equilibrium rate, as is often the case in a financial crisis. However, there is great uncertainty about how far below equilibrium it is. There is also considerable uncertainty about how much the equilibrium exchange rate will rise in coming years and how much the exchange rate will correct itself. The Central Bank’s newly published forecast assumes that the exchange rate of the krona against the euro will remain close to current levels until well into 2010, whereupon it will gradually rise to about 170 in 2011 and 2012. We hope, of course, that this forecast is unduly pessimistic, and experience tells us that the currency can appreciate swiftly once it gains upward momentum. But it would be imprudent to base plans and policy actions on such a hope. On the contrary: I believe we should prepare ourselves for a protracted episode of weakness. And, like so many other things, there are both pros and cons associated with such a development.

That doesn’t change the fact that we would all have to make a concerted effort to botch things in order to prevent the exchange rate from being considerably higher in a few years’ time than it is today. But then we will have to remember to buy back the foreign exchange that we have used to support the krona in 2008 and 2009. If we do that, then we might profit on the whole arrangement.

I expect this spurs questions about whether we need all of the loans that we have negotiated as a part of the IMF programme. In my opinion, this is an eminently justifiable question. First of all, we need the loans in order to ensure that we have sufficient foreign exchange at all times to enable us to pay amortisation and interest on the foreign debt of the Treasury and Treasury-guaranteed entities. As far as the Treasury is concerned, there will be little activity until late in 2011, when a loan of one billion euros, taken in 2006 to reinforce the foreign exchange reserves, will mature. But we can also use the loans to buy the bonds from this series and others offered in the secondary market at low prices, thereby easing the debt service burden and profiting on the whole arrangement. Furthermore, we will need reserves in order to engage in moderate foreign exchange market intervention, with the aim of supporting the krona and reducing volatility. And last - but certainly not least - we need reserves in order to create confidence in the krona and fend off those who would attack it. But such an arsenal, which is only to be used in an emergency, is extremely expensive because it is impossible to invest the reserves at rates comparable to those on the loans themselves without taking an unacceptable amount of risk. Thus it is important to avoid borrowing more than necessary and to emerge as soon as possible from our current state of imbalance.

Before I turn to the economic outlook and the Monetary Policy Committee’s most recent interest rate decision, I consider it necessary to say a few words about the nature of the adjustment the Icelandic economy is currently undergoing. First of all, it should be borne in mind that the year 2009 would have been extremely difficult in any case, no matter whether the banks had collapsed or not. This is because of the huge macroeconomic imbalances that developed in the Icelandic economy in 2005-2007 and had to subside in one way or another. Second, the collapse of the banking system called unavoidably for an additional adjustment in the structure of the economy. We can summarise this as follows: The enormous current account deficit had to go, and the financial system and various other bubble-related operations had become far too large and had to be downsized. This involves considerable unemployment, partly because of layoffs in the sectors that have contracted and the lag time before new commercial activities can be established. Tradable sectors must be reinforced. The key to hastening that process is re-establishing an effective financial system. Although the currency may have played a role in creating the problem, the depreciation is also part of the adjustment, and it is accompanied by transitory inflation. However, when the adjustment is over, we should not be faced with persistent inflation, and it is the chief role of monetary policy to try to ensure that inflation does not become entrenched.

The Central Bank published a new macroeconomic forecast yesterday, as well as announcing the Monetary Policy Committee’s interest rate decision. The highlights are as follows:

GDP will contract by about 81/2% in 2009 and by almost 21/2% in 2010.

The contraction for 2009 is rather smaller than previously forecast.

Private consumption has declined less sharply so far in 2009, probably because disposable income rose more in 2008 than previously forecast, and because of pension fund payouts amounting to some 11/2%of GDP in 2009.

In addition, unemployment has risen less than previously projected.

Recovery will begin in early 2010, in the sense that quarter-on-quarter GDP will begin to grow.

At that point, however, Icelanders will still consider the situation unfavourable, and it will keep deteriorating for a while, as unemployment and the output slack will continue growing well into the year, as will the contraction in private consumption.

As the second half of the year progresses, these factors, too, will begin to improve.

As always, these projections are uncertain, and the economic recovery could prove stronger or weaker. For example, one of the alternative scenarios in the new Monetary Bulletin assumes a considerable delay in the construction of the Helguvik aluminium smelter and related power facilities, with the bulk of the development taking place in 2012. Economic recovery is delayed, and the contraction in GDP will be 4% in 2010, instead of just under 21/2%.

Inflation has been higher than forecast in the recent term, as a result of a weaker krona and a slightly smaller output slack than previously projected.

Inflation will subside quickly in 2010, however, and underlying inflation will be at or near target in the latter half of the year.

As regards the current economic situation, the outlook I have described here, and indicators that private sector balance sheets are somewhat less exposed to exchange rate risk than previously thought, the Monetary Policy Committee decided to make changes in Central Bank interest rates that entail an unchanged or slightly more relaxed monetary policy stance. The main change, however, involves adapting the Central Bank interest corridor to the effective level of monetary restraint, which is currently determined primarily by interest on the Bank’s current accounts and certificates of deposit. If the krona remains stable or appreciates, and if inflation falls as forecast, then the preconditions for further monetary easing should soon be in place.

Available forecasts assume that the Icelandic economy will recover in the next few years. We also hope we will be quick to escape the fetters of the capital controls and the predicament faced by monetary policy as a result of the debt crisis and the large proportion of foreign-denominated debt. It will then be time to determine a new monetary policy framework. Joining the European Monetary Union could be an option in due time, but it is not a certainty, and in any event, it will take some time to materialise. The most obvious choice is therefore to adopt some sort of inflation target and floating exchange rate. That is a topic for another speech, but for the moment, suffice it to say that the experience of the past several years, both in Iceland and elsewhere, indicates that such an inflation-targeting regime would have to be somewhat different than the pre-crisis regime. It must be much better supported by fiscal policy, macroprudential financial market regulation, and effective financial supervision. It would have to be an ‘inflation target-plus’ framework, which would specifically include accumulating foreign exchange reserves during upswings in the exchange rate cycle and using them in times of need.

Thank you.

[Editorial queries for this story should be sent to newswire@enpublishing.co.uk]"
Iceland c.bank eyes easing of capital controls,2009-06-04,"STOCKHOLM, June 4 (Reuters) - Iceland's central bank governor said on Thursday the bank was likely to begin a gradual easing of capital controls in the crisis-hit island nation late this year.

""It's now necessary to take into account a gradual release of capital controls which is likely to begin late this year,"" central bank governor Svein Harald Oygard said in a webcast briefing.

The Sedlabanki earlier on Thursday cut its key policy rate by 1 percentage point to 12 percent, defying warnings from the International Monetary Fund which has led a multi-billion dollar aid package for the crisis-hit economy.

Oygard said the Icelandic crown has weakened since early May and that the central bank had intervened to support the currency.

ICELAND-RATES/CONTROLS (URGENT)|LANGEN|ABN|M|D|DA|FN|NW|SW|E|RBN|RNP"
"Emerging Markets-Stocks bounce, IMF in focus",2008-10-14,"* Emerging equities bounce 5 percent, Russia up 7 pct

* Benchmark Turkey dollar bond rises more than 8 points

* Several countries exploring possibility of help from IMF

* Credit default swaps ease as risk aversion subsides

By Carolyn Cohn

LONDON, Oct 14 (Reuters) - Emerging markets bounced 5 percent on Tuesday, adding to gains of over 7 percent made in the previous session, as markets welcomed global plans for bank bail-outs, but some economies were exploring the idea of IMF support. The United States is due to unveil a plan at 1230 GMT to inject $250 billion into its banks, following similar, concerted measures in Europe in the past few days.

Emerging stocks shot up, tracking global moves, while Turkey's benchmark sovereign dollar bond <TRGLB30=RR> rose more than 8 points.

""The credit and money markets are finally responding favourably to government intervention,"" said Akber Khan, director of CEEMA and LatAm equity focus at Deutsche Bank.

""This rally in equities looks like it has further to go at least in the short term -- the violent rally we've just seen only erases 4-5 days worth of losses.""

Benchmark emerging equities <.MSCIEF> were trading up 5.2 percent at 1010 GMT, at 8-day highs. Russia's largest exchange MICEX <.MCX> was up over 11 percent prompting a one-hour trading suspension, while its dollar-denominated RTS index <.IRTS> rose nearly 7 percent.

However, emerging markets are starting to look to the possibility of International Monetary Fund support as some economies continue to look vulnerable.

Ukraine plans to request an IMF funding programme, a senior IMF official said on Monday. [ID:nN13412076]

Iceland is also said to have requested financing from the IMF, although the IMF said it had not received an official request for help. [ID:nN13479740] Icelandic officials are discussing a loan to help the island's collapsing financial sector with Russia's Finance Ministry on Tuesday in talks that are expected to last until Thursday.

The IMF also said on Monday it stood ready to provide technical and financial report for Hungary, and Serbia said it would ask the IMF for a new deal.

""The focus is likely to shift to determining which countries are not in a position to be able to support their banking systems,"" said analysts at JPMorgan in a client note.

""The next phase for emerging markets could see the IMF becoming a far more active lender -- with US$200 billion in capital and a further US$50 billion in credit lines, the IMF stands in a strong position from which to provide precautionary funding to a range of countries.""

Credit default swaps (CDS), used to insure against restructuring or default of debt, eased on Tuesday as investors took a slightly more sanguine approach to risk.

Ukraine's five-year CDS narrowed to 1,300-1,750, one broker said, after trading above 1,500 on Monday, helped by Ukraine's central bank moves on Monday to shore up banking stability. [nLD311544]. Kazakhstan's CDS narrowed by 250 bps to 750-850, according to Commerzbank.

Ukraine's central bank offered to sell dollars on Tuesday on the interbank market at 5.0 hryvnias <UAH=>. The hryvnia was trading at 5.07, up 1.58 percent on the day.

The forint was up slightly against the euro <EURHUF=>, having recovered over 8 percent from two-year lows set on Friday.

But failing liquidity continued to hit emerging markets. There has been no real trade in the Icelandic crown <EURISK=> since Oct 8 and the Serbian dinar hit three-month lows against the euro <EURRSD=> despite heavy central bank intervention on Monday to support the currency.

Iceland's stock market <.OMXI15> fell 76 percent on Tuesday in its first trading since Oct 8, excluding six financial stocks.

(Additional reporting by Sebastian Tong; Editing by Victoria Main)

MARKETS-EMERGING|LANGEN|C|D|E|M|O|U|MTL|GRO|SOF|OIL|RBN|RNP|DNP|PTD|PMF"
"UPDATE 1-Emerging Markets-Rout continues,  Iceland  untraded",2008-10-10,"(adds wider debt spreads, Romania intervention, Russia)

* Emerging stocks sink to new three-year low

* Russia, Romania, Ukraine, Indonesia suspend markets

* No international trade in Icelandic crown

* Romania intervenes in forex market

* Emerging sovereign debt spreads widest since 2003

By Peter Apps

LONDON, Oct 10 (Reuters) - Emerging stock markets continued their downward spiral on Friday to a new three-year low having lost over half their value since May, as mounting global market turmoil raised fears of a worldwide recession.

Russia, Romania, Ukraine and Indonesia suspended their markets in an attempt to stem the flow, but other markets fell across the board as panicked investors dumped anything seen as risky.

Policymakers across emerging markets tried to reassure with limited success. Romania's central bank said it had intervened directly in the currency market to ""verify the functioning of the market in the current context of volatility and uncertainty"". [nLA291956]

The cost of insuring the sovereign debt of Ukraine, Kazakhstan and other Eastern European countries soared, pricing in a mounting risk of default, while there was no international trade of the Icelandic crown <EURISK=D3> after its banking sector, currency and economy crashed.

""It's a pretty simple story, really,"" said John Lomax, head of emerging markets equity strategy at HSBC.

""This is a combination of risk aversion and immense concern about global growth. It has all gone beyond what seemed predictable. It's very hard to know what to think.""

Investors are hoping finance chiefs from the Group of Seven industrialised countries meeting in Washington will find a way to stem the crisis, but so far measures from the United States, Britain and other countries have failed to calm credit and money markets or restore confidence.

Benchmark emerging equities <.MSCIEF> lost 4.0 percent to a three-year low, now down 52 percent on the year, having been briefly in positive territory as recently as May.

Emerging sovereign debt spreads <11EMJ> widened 46 basis points to 592 bps over U.S. Treasuries, their widest levels since May 2003.Spreads were only at 290 basis points over U.S. Treasuries in early August, before war between Russia and Georgia destroyed risk appetite.

Most exposed to the credit crunch, Iceland has seen its highly leveraged banks pushed to destruction, leading to nationalisation and a growing row with Britain over the return of deposits in its banks from British savers, including a string of local government bodies.

DIPLOMATIC ROW

Iceland says it has approached Russia for a loan to cover its banking liabilities, with analysts also speculating over a possible bailout from the International Monetary Fund.

Investors are increasingly looking to which country might be next, nervous over other highly indebted banking sectors or countries with wide current account deficits.

Prices for five-year debt insurance for Ukrainian debt in the credit default swaps market are pricing roughly an 80 percent risk of default over the next five years, as the country suffers political instability with a looming snap election, rocky relations with Russia and growing macroeconomic problems [nLA77425].

CDS prices for Kazakhstan, Latvia, Lithuania, Bulgaria and Romania also widened sharply.

China's central bank said on Friday it will make forceful efforts to boost domestic demand, saying the country's financial system was safe and stable [ID:nBJC000211]. Analysts fear exports to the west will be hit hard.

Russia said it would begin using its reserves to support its stock market from next week, while in a sign of more worries over the banking sector, ratings agency Standard & Poor's cut the outlook for 13 Russian financial institutions. [nLA278797]

India's Finance Minister told television channels there was no need to worry about Indian bank deposits and investors should not panic, saying liquidity in the banking sector would improve once Parliament gave the nod to providing more. [nDEL002022].

Polish deputy finance minister Katarzyna Zajdel-Kurowska said the fundamentals of Poland's economy were strong, blaming the overnight decline of the Polish zloty on a slump in Hungary caused by worries over that country's financial system. [nWAR007429].

The Hungarian forint <EURHUF=> hit a two-year low, while the zloty <EURPLN=> hit an eight-month low.The rand was at its lowest against the dollar <ZAR=> since late 2002.

Central European stock markets were also savaged, with Hungarian equities <.BUX> losing 11 percent and stocks in the Czech Republic <.PX> fell more than 14 percent. (Additional reporting by Carolyn Cohn)

MARKETS-EMERGING (UPDATE 1)|LANGEN|C|D|E|M|O|U|MTL|GRO|SOF|OIL|RBN|RNP|DNP|PTD|PMF"
Iceland  c.bank to  intervene  to boost crown-Kaupthing,2008-10-07,"STOCKHOLM, Oct 7 (Reuters) - Iceland's central bank will intervene in currency markets aiming to bring the island's crown to 131 per euro, Icelandic bank Kaupthing said in research note on Tuesday.

""The Central Bank of Iceland has just announced that they will intervene in the currency to bring the ISK to 131 euros or 175 on the trade weighted index,"" Kaupthing said in a research note.

""This probably reflects a large increase in the foreign currency reserves - a new 4 billion euro loan from Russia has just been announced - and perhaps a pending intervention from the IMF.""

ICELAND-CROWN/ (URGENT)|LANGEN|G|RBN|C|D|E|M|O|U|MTL|GRO|SOF|OIL|ABN|J|Z|UKI|RNP|DNP"
UPDATE 1-Iceland crown surges on news of Russian loan,2008-10-07,"(Recasts with detail, background)

REYKJAVIK, Oct 7 (Reuters) - Iceland's crown currency surged after news on Tuesday that Russia would give the country 4 billion euros in loans to help it through a financial crisis that threatened to overwhelm the national economy.

The Icelandic crown had dropped 35 percent earlier <EURISK=D3> on the news the state was taking over the country's second-biggest bank. But it staged a huge recovery to 220 per euro after Iceland's central bank said in a statement that Russia had agreed to lend the money.

Using emergency powers adopted on Monday, Iceland dismissed the board of directors of Landsbanki and put the bank in receivership, a minister told state radio on Tuesday.

Commerce and banking minister Bjorgvin Sigurdsson said the bank would be open and run as normal while the changes were taking place. Iceland's Financial Supervisory Authority had put its own people in place of the bank's board.

Threatened with national bankruptcy, Iceland adopted sweeping powers over banks late on Monday as its financial system tottered and its currency plunged 30 percent.

The ruling alliance and opposition parties united on a bill that gave the state the ability to dictate banking operations, including provisions that allow it to push through mergers or even force a bank to declare bankruptcy.

Parliament passed the bill and its provisions took effect immediately.

Investment firm Exista kicked off on Tuesday what is expected to be a string of Icelandic asset sales, saying it will sell its near 20 percent stake in Finnish insurer Sampo to reduce liabilities.

But Straumur-Burdaras , another large Icelandic financial firm, said it saw no sign that it needed state intervention.

Kaupthing, the island's biggest bank, said Iceland's central bank had lent it 500 million euros. It said it had not been approached by the state's financial regulator.

SMALL NATION, BIG PROBLEMS

Iceland has found itself perched on a faultline in the global financial turmoil.

""We were faced with the real possibility that the national economy would be sucked into the global banking swell and end in national bankruptcy,"" Prime Minister Geir Haarde told the nation late on Monday.

Iceland is an island in the middle of the North Atlantic, home to just 300,000 people.

But its financial significance has swelled in recent years as its banks expanded overseas, investors took large positions in its high-yielding currency and foreign firms poured money into local projects. (Reporting by Omar Valdimarsson via Stockholm Newsroom, writing by Anna Ringstrom and Adam Cox; Editing by Mark Trevelyan, Ruth Pitchford)

ICELAND-MARKETS/ (UPDATE 1, PIX TV)|LANGEN|G|RBN|C|D|E|M|O|U|MTL|GRO|SOF|OIL|ABN|J|Z|NAT|UKI|RNP|DNP"
UPDATE 9-Iceland adopts sweeping bank powers to stem crisis,2008-10-06," (Adds parliament passes bill)

 REYKJAVIK, Oct 6 (Reuters) - Threatened with national bankruptcy, Iceland agreed to adopt sweeping powers over banks on Monday as its financial system tottered, its currency plunged 30 percent and a leading agency cut its credit ratings.

 The ruling alliance and opposition parties united on a bill that gave the state the ability to intervene at will in the country's battered banks. Parliament passed the bill and its provisions took effect immediately.

 ""We were faced with the real possibility that the national economy would be sucked into the global banking swell and end in national bankruptcy,"" said Prime Minister Geir Haarde.

 In an address to the nation, he said Iceland's top financial regulator would have wide-ranging authority to dictate a bank's operations and could even force it to merge with another firm or declare bankruptcy.

 Standard and Poor's agency downgraded Iceland's credit rating by two notches to ""BBB"" from ""A-"", saying the authorities' actions would help to limit the risks to the budget but would also cut  banks' access to international markets, causing the economy to contract much more sharply than foreseen.

 ""This economic contraction, combined with the depreciation of the krona, will hurt the asset quality of the banks, depress the fiscal revenues of the state and markedly alter what had been low government debt levels,"" it said.

 Iceland is an island in the middle of the North Atlantic, home to just 300,000 people. But it has found itself on the fault line of the global financial crisis.

 The country's financial stature had swelled in recent years as its banks expanded overseas, investors took large positions in its high-yielding currency and foreign firms poured money into local projects.

 But by Monday, the prime minister raised the spectre of a complete financial collapse had the bill not been agreed.

 ""The legislation is necessary to avoid that fate,"" Haarde said.

 The bill will also allow the government to take over housing loans held by the banks and put them in a government housing fund, an effort to help thousands of islanders who faced the loss of their homes amid an ever-widening credit crunch.

 BORROWING SPREE

 The government held marathon talks through the weekend, with Haarde holding out hope such drastic measures would not be needed.

 ""As recently as last night, it looked like the banks could continue operations for a while,"" Haarde said. ""This morning and today, things have totally changed for the worse.""

 The government ordered a halt in trading in all of the island's banks before the stock exchange opened on Monday.

 But as the crown collapsed, the situation for Icelandic banks became dire. During the boom years that came to an abrupt halt late last year, Iceland's banks took on massive foreign debts as they expanded overseas.

 The crown's fall means those debts have now become much more expensive to finance.

 The crown, a volatile currency at the best of the times, began a descent on Monday that made its previous slides pale in comparison.

 By late Monday, it had shed some 30 percent on the day to a record low of close to 230 per euro. In the wake of the currency fall, inflation in the country, which is heavily dependent on imports, is set to rocket.

 Haarde said it was hoped the banking system would not collapse but that was not yet certain. ""It is possible that some banks may not be able to function without our intervention,"" he said.

 Haarde and an official at Iceland's central bank said the bill did not contain any provisions for a loan to Iceland's biggest bank, Kaupthing .

 This had followed confusion as an early version of the bill, posted briefly on the Internet, was said to contain language that spoke of a central bank loan to Kaupthing. A later version of the bill did not contain the language.

 Kaupthing had said on Sunday it was healthy. But markets were wary as authorities and bankers for months had said the financial sector was sound, and yet only last week Iceland's then-number three bank, Glitnir , had to be rescued.

 Part of Iceland's plan has been to persuade pension funds to repatriate cash. Local news media reported over the weekend that the Icelandic Pension Funds Association had agreed to the idea, with pension funds being asked to transfer 200 billion Icelandic crowns ($1.8 billion) to the state.

 The pension fund association issued a statement on Monday confirming it had encouraged its members to bring back capital. It said total assets of the funds amounted to 1.8 trillion Icelandic crowns, with about 500 billion in foreign securities.

 The association has asked members to sell up to 50 percent of their foreign securities.  (Reporting by Omar Valdimarsson via Stockholm Newsroom, writing by Anna Ringstrom and Adam Cox; Editing by Jonathan Oatis and Mark Trevelyan)   

ICELAND-MARKETS/ (UPDATE 9, PIX TV)|LANGEN|AFA|CSA|LBY|RWSA|RWS|REULB|GNS|RNA|G|RBN|C|D|E|M|O|U|MTL|GRO|SOF|OIL|ABN|J|Z|NAT|UKI|ABX|BNX|FUN"
"Emerging Markets-Stocks at 4-week high,  Gazprom bond due   ",2008-04-02,"LONDON, April 2 (Reuters) - Emerging equities jumped nearly 2 percent to four-week highs on Wednesday as investors took a more upbeat view on risk, while an expected bond for  Gazprom signalled a reopening of the emerging sovereign bond market.   

Markets calmed after  Lehman Brothers raised $4 billion of capital on Tuesday, quelling some speculation that it might be in trouble [nL02733264].   

The rand hit three-week highs, buoyed also by data showing a slowing in domestic credit growth demand, and the Turkish lira rallied nearly 1 percent from the U.S. close.   

""All the equity and credit markets are very closely correlated at the moment and there was a strong rally yesterday,"" said Kasper Bartholdy, head of sovereign strategy at  Credit Suisse.

""We are still going to see the markets trading on-and-off over the next couple of months.""   

Benchmark emerging equities <.MSCIEF> hit their best level since early March, while emerging sovereign debt spreads tightened by 4 basis points to 292 bps over U.S. Treasuries <11EMJ>, after narrowing 12 bps into Tuesday's U.S. close.   

Russia's  Gazprom may price a benchmark two-tranche dollar bond totalling up to $1.5 billion later on Wednesday, a banking source said, and analysts said steadying debt spreads may encourage more borrowers to the market.   

Initial yield guidance is for the five-year tranche to be priced at 400 basis points over mid-swaps and the 10-year tranche at 400-425 bps over mid-swaps, banking sources said.   

The bond will be lead managed by Citi and  Morgan Stanley.

Investors are also on the look-out for a $500 million debut Eurobond from Georgia, lead managed by  JPMorgan and  UBS.

ICELAND UNFREEZING?   

The Icelandic crown rose more than 2 percent against the euro <EURISK=> and the dollar <ISK=> after Iceland's prime minister Geir Haarde told the Financial Times Iceland may consider direct intervention in money and equity markets to protect the country's currency and financial system.   

""The government will have to provide in one form or another and then they can break the vicious circle the markets have been in,"" said Beat Siegenthaler, senior strategist at TD Securities.   

The Icelandic crown has fallen 25 percent this year as investors and ratings agencies fret over the state of Iceland's banking system.   

The Czech crown rose slightly against the euro <EURCZK=> but hung below four-week highs set this week.   

The finance ministry is fine-tuning an agreement with the central bank on capping the crown, which has risen sharply on strong exports and economic growth. The text may be published in days, finance minister Miroslav Kalousek said late on Tuesday.   

The Polish zloty rose to a six-year high against the euro <EURPLN=>, buoyed by strengthening risk appetite and by the Polish lower house of parliament's backing on Tuesday of the European Union's reform treaty.   

The Kenyan shilling <KES=> rose 1.5 percent and was trading close to 2008 highs, buoyed by dollar inflows from aid organisations and an ongoing share offer of a 25 percent stake in mobile phone firm Safaricom .   

Kenya's finance minister Amos Kimunya told Reuters economic growth could fall as low as 4.0-4.5 percent this year, though he still hoped for 6 percent, after ethnic clashes following a disputed presidential vote late in 2007 hurt the economy.   

(Additional reporting by Sebastian Tong)   

MARKETS-EMERGING|LANGEN|ABN|M|D|RBN|RNP|DNP|PTD|PMF"
Iceland  Threatens Direct Market  Intervention  - Newspaper   ,2008-04-02,"STOCKHOLM (Dow Jones)--Icelandic authorities are prepared to carry out direct intervention in the currency and stock markets to defend its financial system from what they say are international hedge funds attacks, the Financial Times reports Wednesday.   

""The central bank and the government have several means at their disposal to influence this situation and we have not used all of them yet,"" says Iceland Prime Minister Geir H. Haarde in an interview.   

""We would like to see these people off our backs,"" says Haarde, adding ""a bear trap need to be a surprise.""   

Iceland's currency has sharply depreciated and credit costs for Iceland's government and banks have skyrocketed in recent months in the current, more risk-averse trading climate.   

Iceland's Financial Supervisory Authority has launched an investigation into whether particular parties have systematically distributed negative and false information about Iceland's financial system.   

Iceland's central bank last week raised its key interest rate 1.25 percentage points to a record-high 15% in an unscheduled rate announcement.   

Newspaper Web site:   www.ft.com  (""http://www.ft.com"")

-Stockholm Bureau, Dow Jones Newswires; +46 8 545 130 90 [ 02-04-08 0829GMT ]"
"UPDATE 1- Iceland  crown recovers,c.bank says no  intervention ",2008-03-19,"LONDON, March 19 (Reuters) - The Icelandic crown bounced sharply in late trading in the local market on Wednesday, correcting most of the day's 6 percent losses against the euro and the dollar, but the central bank said it had not intervened.

Trading was volatile in the thin crown market, which has been affected by global risk aversion and worries about the local financial sector.

The latest upward moves were sharp but traders said they did not see central bank intervention.

""It's not intervention,"" said one Iceland-based trader, ""it's just very volatile"".

An official at the Icelandic central bank said the central bank had not been in the market.

The crown had dropped to record lows against the euro of 127.96 <EURISK=> and five-year lows against the dollar of 81.62 <ISK=> earlier on Wednesday, but recovered to 122.05 and 78.00, down 1 percent on the day, by 1603 GMT as the local market closed.

Losses in the crown, which has fallen as much as 25 percent so far this month against the euro, had intensified on Wednesday after Icelandic financial services firm Exista offered to buy a recently listed telecoms holding company. Exista is a major shareholder in Icelandic bank Kaupthing.

""It's a bit of an unusual transaction at a bad time from one of the main investors of the biggest bank, which is already under fire,"" said Raffaella Tenconi, strategist at Dresdner Kleinwort.

Peter Attard Montalto, emerging markets economist at Lehman Brothers, also said there were 25 billion crowns of glacier bond redemptions falling due on Wednesday.

""These are normally rolled or covered with new issuance and so people keep their money in the country, however there are no announced issuances or rolls. In this risk environment, people will likely withdraw their money, causing further currency weakness,"" he said.

One trader said the late trading recovery may have been due to buying by local banks.

There has been speculation that the central bank could intervene in the local swaps market or possibly issue short-term Icelandic crown debt to soak up crowns in the market.

""Maybe it's (crown recovery) because people think the Icelandic crown is overshooting, or there might be some speculation that the central bank will do something or announce something over Easter,"" said another Iceland-based analyst.

(Additional reporting by Adam Cox, Peter Apps, Sebastian Tong and Toni Vorobyova)

ICELAND-MARKETS (UPDATE 1)|LANGEN|ABN|M|D|DA|FN|NW|SW"
UPDATE 1-Deutsche rates Icelandic bank debt short-term sell  ,2006-04-07,"(Adds detail)  

STOCKHOLM, April 7 (Reuters) - Deutsche Bank said on Friday it was restarting coverage of Icelandic banks Kaupthing , Landsbanki and Glitnir with a short-term sell recommendation on their senior debt.  

Deutsche said the banks' debt could have long-term support if the Icelandic economy deteriorates, because the government would intervene, but currency weakness, equity exposure and hesitancy among foreign investors ""could eventually have serious implications for the banks"".  

""In our view, the Icelandic banks are exposed to substantial risk, and in our view the macroeconomic outlook is sufficiently gloomy for us to take a negative view on the next 6-9 months,"" said Deutsche.  

It was the latest warning that the Icelandic economy and its highly-geared banks, which have funded the aggressive expansion abroad of Icelandic companies, could face a crisis.  

The Icelandic crown <ISK=><EURISK=> has dropped 12 percent against the euro this year and 15 percent against the dollar on warnings from ratings agencies and banks that the boom is over.  

The central bank raised its key policy rate recently for the 13th time in under two years, tightening it by 75 basis points to 11.5 percent to rein in inflation pumped up by booming domestic demand, investment in smelters and the weak crown.  

Deutsche said further depreciation could put more pressure on the economy while the banks could face difficulty meeting funding needs in 2007 with the cost of financing rising.  

With Iceland holding a negative foreign debt position, the banks could be affected if further depreciation had ""an impact on the ability of Icelandic corporates/households/financial companies to honour foreign currency debt obligations"".  

And if foreign lenders withdrew credit lines, ""banks could be forced to either demand early repayment from customers or to convert loans into the domestic currency (with a substantially higher interest rate)"".  

""Either scenario could result in higher loan losses,"" it said.  

But Deutsche said that in a worst-case scenario Iceland's government would intervene, with help from other Scandinavian governments, to guarantee senior debt and deposits.  

dw FINANCIAL-ICELAND (UPDATE 1)|LANGEN|ABN|D|E|RBN|M|DA|FN|NW|SW|RNP"
UPDATE 1- Iceland  c.bank  intervenes  to help falling crown. ,2001-03-26," REYKJAVIK, March 26 (Reuters) - Iceland's central bank intervened on the local foreign exchange market on Monday for the second straight session to support the falling Icelandic crown, but with limited success, dealers said. 

 They said the central bank bought 1.6 billion Icelandic crowns for some $18 million, the same amount as on Friday, to protect the currency's daily trading band, set according to a inverted trade-weighted index. 

 The intervention, the sixth since the start of the year, initially boosted the crown to 122.3 points on the index from 123.15, but the crown then slipped back to 123.00 at close. 

 The higher the number of the index, the weaker the crown. The central bank's daily trading band has its lower end at 125.36 points of the index and the upper end at 104.66 points. 

 ""The central bank was trying to protect the trading band, but there is a lot of pessimism in the air and there was heavy crown selling right after the intervention,"" said Halldor Hildimundarson, forex dealer at Islandsbanki-FBA said. 

 The failure of the intervention to substantially boost the crown sparked market speculation that the central bank would scrap the trading band altogether at its policy meeting of the board on Tuesday and free-float the unit. 

 ""If they scrap the band, they will have to step in again with a really massive intervention to stop the crown from falling through the floor,"" one dealer said. 

 The crown has been on a downward path since May last year on fears about its long-term stability caused by the country's high dependence on fish exports as well as by outflows for foreign loan repayments and swap closures. 

 Dealers said that one of the measures the central bank could take to support the crown would be to cut interest rates, because it would help the economy as a whole at a time of a global slowdown. 

 After several rises last year, the central bank's key repo rate now stands at 11.4 percent. The bank said earlier in March it would consider a cut if there was more evidence of an economic slowdown. 

 The central bank was not available for comment."
Iceland  c.bank  intervenes  to support falling crown. ,2001-03-26," REYKJAVIK, March 26 (Reuters) - Iceland's central bank intervened on the local foreign exchange market on Monday, buying 1.6 billion Icelandic crowns for some $18 million to support the falling local currency, an Iceland dealer told Reuters. 

 The intervention, following a similar one on Friday, initially boosted the crown to 122.3 points on the inverted trade weighted index which the central bank uses to set the unit's trading band, from 123.15 points. 

 The higher the number of the index, the weaker the crown. The central bank's daily trading band has its lower end at 125.36 points of the index and the upper end at 104.66 points. 

 But the unit slid back to close at 123.00 points as central bank buying proved not enough to break the bearish mood on the local currency. 

 ""The central bank was trying to protect the trading band, but there is a lot of pessimism in the air and there was heavy crown selling right after the intervention,"" said Halldor Hildimundarson, forex dealer at Islandsbanki-FBA said."
Iceland  central bank  buys crowns for dollars. ,2001-03-23," REYKJAVIK, March 23 (Reuters) - Iceland's central bank intervened in the foreign exchange market on Friday, buying the local crown currency against the dollar, commercial bank sources told Reuters. 

 The central bank supported the recently ailing national currency with purchases worth a total of 1.6 billion crowns ($18.05 million). 

 Nobody at the central bank was immediately available for comment. 

 Iceland's trade-weighted currency index firmed to 121.65 after the intervention from 122.45, a dealer at a big Icelandic bank said."
Iceland crown seen stabilising after drop-dealers. ,2001-03-12," REYKJAVIK, March 12 (Reuters) - Central bank intervention and increased demand for fish fuelled by the mad cow disease scare in Europe will help the Icelandic crown stabilise in the next few weeks after months of decline, dealers said. 

 The crown has been on a downward path since early May last year on fears about its longer-term stability caused by the country's high dependence on fish exports and outflows for foreign loan repayments and swap closures. 

 The Iceland central bank intervened on four occasions in January and February in support of the falling currency. 

 At 1030 GMT on Monday the crown was at 121.8 points on the inverted trade-weighted currency index , which the central bank uses to set the currency's trading band. The band's lower limit, or weakest point is 125.36 and the upper limit at 104.66. The crown was trading around 108 at the beginning of May 2000. 

 ""So far the central bank's measures have been successful and now we are even starting to experience a seasonal cash inflow, such as from fisheries,"" said Bjarni Kristjansson, foreign exchange dealer at National Bank of Iceland (Landsbanki). 

 Asked if rising fish exports were also a result of the European mad-cow disease scare, Kristjansson said: ""This is definitely a factor."" 

 Consumers across Europe have been increasing their consumption of fish in the wake of the mad cow crisis which has seen beef sales slump. Fish accounts for around 70 percent of Iceland's exports. 

 Traders said the currency could still lose some ground in the near term but should not breach its trading band. 

 ""For now there is no reason to believe that the crown is in any danger. I would not be surprised if it continued to weaken a little bit but in the long run I don't believe that it will exceed the currency band limits,"" said Sigurgeir Jonsson, head of derivatives trading at investment bank Kaupthing. 

 RATE CUT SEEN 

 Traders said the central bank may boost market confidence in the crown by cutting interest rates. 

 ""I would not be surprised if they were to lower the rates in the next few weeks,"" Jonsson said. 

 ""By doing that they would send a certain signal into the market... they were determined to prevent an economic downswing. Were they to send this message we would have every reason to be optimistic,"" he said. 

 After several rises last year the central bank repo rate now stands at 11.4 percent. The central bank said last month that it was not yet time to loosen monetary policy, but that it would consider a cut if there was more evidence of an economic slowdown."
Iceland  cenbank  intervenes  anew as crown falls more. ,2001-01-25," REYKJAVIK, Jan 25 (Reuters) - Iceland's central bank said on Thursday it intervened in the local foreign exchange market for the second day in a row, buying one billion Icelandic crowns ($11.51 million) to halt the crown's recent slide. 

 Iceland's inverted trade-weighted currency index rose further - meaning the crown weakened more - hitting a peak of 122.6 by 1330 GMT compared with a high of 122.58 on Wednesday. 

 At 1448 GMT, the index stood at 122.40. 

 The bank said in a statement on Wednesday it had sold about two billion crowns worth of dollars to prop up the local currency, which has fallen close to the 125.36 lower limit of a fluctuation band with a central rate of 115.01. 

 ""Our foreign exchange reserves are large so we can stretch them for a fairly long time. All in all we are very prepared for further interventions,"" Birgir Isleifur Gunnarsson, one of the central bank's three governors, told Reuters on Thursday. 

 He said no decisions had been made about further intervention. 

 Analysts say fisheries-dependent Iceland's crown has fallen out of favour due to scant investor confidence in its longer-term stability. The crown has also been dented by currency outflows stemming from foreign loan repayments and currency swap closures. 

 Sigurgeir Jonsson, head of derivatives at Icelandic investment bank Kaupthing, said the central bank's actions were logical and in line with established policy. 

 ""I believe that if the crown continues to weaken and the index starts getting dangerously close to the currency band limit, we will witness much stronger intervention than we have seen thus far,"" Jonsson said. ""The central bank has been very determined to protect the limits."". 

 ""Although the crown may weaken to some extent in the next few months I do believe that if the economy does not suddenly start to worsen the bank's measures will turn out to be satisfactory,"" Jonsson said. 

 ""But if the economy does begin to drop, these interventions will not be enough,"" he said. 

 Gunnarsson said the central bank was keeping a close eye on the crown. 

 ""I simply cannot say what will happen next as no decisions have been made... But I can say that we are not planning any actions whatsoever at this point,"" he said."
UPDATE 1-Iceland cenbank supports crown with dollar sales. ,2001-01-24," (adds central bank and economist comments, background, updates rates) 

 REYKJAVIK, Jan 24 (Reuters) - Iceland's central bank intervened on the local currency market on Wednesday, selling dollars to support the crown which has been weakening recently towards its currency band limit. 

 The bank said in a brief statement it had sold about two billion crowns ($23.17 million) worth of dollars. 

 ""We believed there was a good reason to demonstrate to the market that we are adamant in protecting the crown by making sure it will not exceed its currency band limits,"" Eirikur Gudnason, one of the bank's three governors, told Reuters. 

 ""Yesterday the crown weakened considerably more than usual and therefore we decided to send this message to the market."" 

 The crown hit a record low 122.58 on Wednesday on its inverse trade-weighted index , which is closely monitored by Icelandic banks and investors, after closing below 122.2 for the first time on Tuesday. 

 The intervention took the index back to 121.34, but it fell back to 122.10-15 in late trading, with the dollar at 86.25/35 crowns, off an 86.47 high and 85.32 low, after closing at 84.91 on Tuesday. 

 CLOSE TO THE LIMIT 

 The crown is now perilously close to its lower limit of 125.36 on the currency band, whose central rate is 115.01. 

 Gudnason said the central bank was keeping a close eye on the crown but had not yet decided on its next moves. 

 ""I simply cannot answer what will happen next as nobody knows what is going to happen. The bank itself has made no decision whatsoever on what we will do next nor when we will do it,"" he said. 

 Islandsbanki-FBA economist Ingolfur Bender said the crown had been weakening slowly but steadily for some time for various reasons, especially the repayment of foreign loans and closure of currency swaps. 

 ""However, the most significant reason is that investors in general have little faith in the crown being able to maintain steadiness. Therefore, while the outflow in the currency market is considerable, the inflow is very low,"" he said. 

 Wednesday's further weakening in the crown showed the bank's intervention had not sufficed to stop the decline, he said. 

 The crown is now close to its currency band limits which the bank is obliged to defend, so a further weakening would provoke renewed intervention, he said. 

 Other options would be for the bank to change the currency band limits, move the central rate, or let the currency float, he said. 

 The crown has been weakening since the end of April, but in the last few days the rate of decline has increased. 

 In July the central bank was forced to intervene heavily and even suspend currency market trading after the crown fell through 112 on the index. 

 The bank widened the currency band limits to plus or minus nine percent in February last year from plus or minus six percent to give the crown, which was strengthening at the time, more scope to appreciate to counter inflation."
Iceland cenbank sells dollars to support crown. ,2001-01-24," In REYKJAVIK story MARKETS-ICELAND/Iceland cenbank sells 

 dollars to support crown, please read in fifth paragraph 

 ...""For a while now the crown has been dropping slowly but 

 steadily for various reasons,"" said Islandsbanki-FBA economist 

 Ingolfur Bender... (correcting name from Asmundur Tryggvason). 

 A corrected repetition follows. 

 REYKJAVIK, Jan 24 (Reuters) - Iceland's central bank said it had intervened on the local currency market on Wednesday, selling dollars to support the crown which has been weakening recently. 

 The bank said in a brief statement it had sold about two billion crowns ($23.17 million) worth of dollars. Officials were not immediately available for comment. 

 The crown hit a record low 122.58 on Wednesday on its inverse trade-weighted index, which is closely monitored by Icelandic banks and investors, after closing below 122.2 for the first time on Tuesday. 

 The intervention took the index back to 121.34, but it fell back to 122.10-15 in late trading, with the dollar at 86.40/50 crowns, off an 86.47 high and 85.32 low, after closing at 84.91 on Tuesday. 

 ""For a while now the crown has been dropping slowly but steadily for various reasons,"" said Islandsbanki-FBA economist Ingolfur Bender (corrects). ""The most significant reasons are the payment of foreign loans and closures of currency swaps."" 

 The crown has been weakening since the end of April, but in the last few days the rate of decline has increased. 

 In July the central bank was forced to intervene heavily and even suspend currency market trading after the crown fell through 112 on the index."
UPDATE 2- Iceland  c.bank  intervenes  to steady crown. ,2000-07-14," REYKJAVIK, July 14 (Reuters) - Iceland's central bank intervened heavily on Friday to support the crown as the beleagured currency, hit by inflation worries, sank to its lowest level since late 1996. 

 The intervention, for the third day running, succeeded in lifting the crown from its lows, but the crown remained under pressure, prompting many in the market to forecast the central bank would resort to a stiff rise in interest rates. 

 Others said the government could be forced to act, for instance by cutting public spending. 

 But the central bank could take heart from signs that some players were moving back into the market to buy crowns. 

Central Bank Governor Birgir Isleifur Gunnarsson told Iceland state radio that the central bank had bought $38 million of crowns during the morning. 

 That followed intervention totalling some $50 million on Wednesday and Thursday, according to dealers. 

 Gunnarsson declined to comment on whether the central bank would hike rates to support the crown. 

 ""No decision has been made about raising interest rates,"" he said. 

 The central bank is due to release the terms of its weekly repo operation at 1600 GMT, which would be one opportunity for it to announce a rate increase. 

 At 1410 the crown was trading at 79.73 bid per dollar, down from 79.12 at Thursday's close but off an earlier low of 80.62. 

 On its inverse trade-weighted index , followed closely by Icelandic banks and investors, it was about 114.90, down from Thursday's closing 114.19, after earlier going below 116 for the first time in nearly four years. 

 CROWN BUYERS RETURN 

 Landsbanki Islands hf (National Bank of Iceland) dealer Matthias Eynarsson said the market had been a one-way street in the last few days as the crown slid. 

 ""Now market participants are returning who are willing to take a position in crowns, and that is creating the possibility for buyers and sellers to come together again in the market,"" he said. 

 The slide in the crown has been prompted by worries about inflation in the booming economy. The immediate crisis was prompted by a decline in the crown triggering stop-loss orders by corporates hedging foreign-currency borrowings. 

 Dealers said small investors were continuing to close short currency positions on Friday, forcing the crown lower. 

 Bunadarbanki Islands hf (Agricultural Bank of Iceland) said in its daily newsletter that intervention to support the crown over the past two days had totalled some four billion crowns ($50.15 million). 

 ""These are considerable amounts in the light of the effect on the market, although the crown might have weakened even more in the last couple of days had the central bank not intervened,"" it said. 

 ""An interest hike of up to 100 points can be expected in the near future."" 

 The central bank last raised its repo rate in June, to 10.6 percent from 10.1 percent, taking the cumulative rise in the rate to 3.4 percentage points in about two years. 

 (Additional reporting by Jonathan Lynn in Stockholm) 

 ((Stockholm newsroom, +46-8-700 1004, fax +46-8-211601, stockholm.newsroom@reuters.com))."
"Iceland crown weakens further, rate rise seen. ",2000-07-14," REYKJAVIK, July 14 (Reuters) - Iceland's crown weakened in early trading on Friday following two days of heavy buying by the central bank and a suspension of trading on Thursday, dealers said. 

 The continuing weakness, despite intervention totalling some $37 million on Thursday, prompted many in the market to expect the central bank to take further measures such as a steep rise in interest rates. 

 At 1000 GMT the crown was trading at 79.56 bid per dollar, down from 79.12 at Thursday's close. 

 On its inverse trade-weighted index it fell to about 114.85 from Thursday's closing 114.19. 

 The slide in the crown has been prompted by worries about inflation in the booming economy. The immediate crisis was prompted by a decline in the crown triggering stop-loss orders by corporates hedging foreign-currency borrowings. 

 Bunadarbanki Islands hf (Agricultural Bank of Iceland) said in its daily newsletter that intervention to support the crown over the past two days had totalled some four billion Iceland crowns ($50.5 million). 

 ""These are considerable amounts in the light of the effect on the market, although the crown might have weakened even more in the last couple of days had the central bank not intervened,"" it said. 

 ""An interest hike of up to 100 points can be expected in the near future."" 

 The central bank last raised its repo rate in June, to 10.6 percent from 10.1 percent, taking the cumulative rise in the rate to 3.4 percentage points in about two years. ((Jonathan Lynn, Stockholm newsroom, +46-8-700 1004, fax +46-8-211601, stockholm.newsroom@reuters.com))."
