title,date,text
Kenya  shilling nudges higher on  intervention  talk,2008-09-12,"NAIROBI, Sept 12 (Reuters) - Kenya's shilling firmed slightly against the dollar on Friday, thanks to talk in the market that the Central Bank of Kenya was considering intervening to stem further falls, dealers said.

The central bank declined to comment.

At 1058 GMT, commercial banks posted the unit at 70.40/50 against the dollar compared with Thursday's close of 70.80/90.

Dealers said the unit was likely to stay stable at around 70.50/60 in the next few days.

""There was some material news which hit the market after it closed on Thursday. There was an attempt by the Central Bank to verbally intervene,"" said Chris Muiga, a senior dealer at Kenya Commercial Bank.

Traders said the regulator offered to sell dollars to stop the unit's slide. It had not, however, intervened in the end.

The shilling has been losing ground for the last week on heavy demand for greenbacks from importers.

""There is a feeling in the market that the Central Bank may not be happy with a weak shilling, so I think it will be anchored around 70.50/60,"" said Muiga.

James Ndegwa, an Imperial Bank trader, also said the unit was likely to stay stable.


 <KES=> <KES1=>............Shilling spot rates
 <KESF=>...............Shilling forward rates         
 <EURKES=> <KESX=>.Cross rates        
 <KE/CONT1=>............All Kenya Contributors
 <CBKINDEX>........Central Bank of Kenya Index
 <KE/DEBT>......Kenyan Bonds contributor pages       
 <CBK03>    <CBK06> <KE3MTB=>.Treasury bill yields
 <KEIBR=>,<CBK02>..Daily interbank lending rate
 <0#KETSY=>...Kenya Bond pricing                           
 SPEED GUIDES:                                    
 <REUTERS> <KES/1> <KE/DEBT> <MONEY>
          


(Reporting by Duncan Miriri; Editing by Ron Askew)

KENYA-CURRENCY/|LANGEN|ABN|M|D|RBN|AFN|RNP|DNP|PTD|PMF"
"Kenya shilling firms vs dlr, some banks cautious   ",2007-05-22,"NAIROBI, May 22 (Reuters) - The Kenyan shilling <KES=> crept firmer against the dollar on Tuesday and some dealers said players were trading cautiously due to market concerns that the central bank could intervene to check further strengthening.   

At 1050 GMT, leading commercial banks traded the unit at 66.75/85 per dollar compared with 66.85/95 at the close of Friday's trade. It rose to 66.70/80 in earlier trade but demand by the telecommunications sector checked those gains.   

""People are looking at CBK ( Central Bank of Kenya) to give any communication whether they will intervene or not,"" said Duncan Kimani, a dealer at  Bank of Africa.

""People want to be on the safe side. No one wants to hold extreme positions.""   

However, another trader said the central bank was unlikely to interfere with the market, although the local unit has strengthened to a four-year high.   

""I think CBK still believes the move is due to fundamentals,"" Peter Njuguna, a dealer at  Commercial Bank of Africa, said.   

Exporters have asked the central bank to check the rate as it was hurting their earnings.   

The central bank has said it would only intervene if it detected speculation. Traders said the next psychological barrier was the 66.50 level.   


         
 <KES=> <KES1=>............Shilling spot rates
 <KESF=>...............Shilling forward rates
 <EURKES=> <KESX=>.Cross rates
 <KE/CONT1=>............All Kenya Contributors
 <CBKINDEX> ........Central Bank of Kenya Index
 <KE/DEBT>......Kenyan Bonds contributor pages
 <CBK03> <CBK06> <KE3MTB=>.Treasury bill yields
 <KEIBR=>,<CBK02>..Daily interbank lending rate
 <0#KETSY=>...Kenya Bond pricing
   

SPEED GUIDES:   

<REUTERS> <KES/1> <KE/DEBT> <MONEY>   

KENYA-CURRENCY/|LANGEN|ABN|M|D|RBN|AFN|RNP|DNP|PTD|PMF"
"Intervention  props Uganda, Tanzania shillings  ",2006-05-31,"NAIROBI, May 31 (Reuters) - The Kenya shilling <KES=> held steady against the dollar, while the Tanzanian <TZS=> and Ugandan <UGX=> currencies had to be propped up by intervention in the week to Wednesday, dealers said.  

KENYA

The Kenya shilling held steady against the dollar in the week to Wednesday. At 1125 GMT the shilling traded at 72.05/25 to the dollar, compared with last Wednesday's close of 72.00/10.  

The shilling initially strengthened to touch 71.60/80 to the dollar as banks sold off the U.S. currency, then it weakened to touch 72.50/60 to the dollar, undermined by importers demand.  

""It has been quite volatile. We experienced a bit of turbulence,"" said Peter Njuguna, of Commercial Bank of Africa.  

The shilling has since regained ground, lifted by dollar inflows and as banks took profits, dealers said.  

""Initially people took long positions, anticipating end month demand, but as we came into this week there was not much demand and we've seen interbank players sell into the market,"" said a dealer at Barclays Bank.  

Dealers said they expect the shilling to trade in the 71.75-72.60 range against the dollar in coming days, with a bias for it to hover around 72.00.  

UGANDA  

The Ugandan shilling weakened against the dollar, undermined by increased dollar demand from banks and corporate clients, but central bank intervention prevented further losses.  

At 1100 GMT commercial banks quoted the shilling at 1,848/1,853 to the dollar, compared with 1,835/1,840 at last Wednesday's close.  

""We have seen the shilling slide lower against the dollar due to increased corporate demand mainly from the telecommunication sector and the interbank market,"" Catherine Kijjaggulwi, a dealer at Barclays Bank, said.  

Dealers said the central bank intervened on Monday and Wednesday, putting brakes on the shilling's weakening.  

""The central bank has intervened on the sale side mainly to smoothen out depreciation of the shilling,"" said David Bagambe, chief dealer at DFCU Bank.  

Dealers forecast the shilling will continue to depreciate in the absence of central bank intervention to close the week at 1,855 levels.  

""Anticipated end-month inflows are too weak to meet the surge in dollar demand in the market. Unless the central bank intervenes with substantial amounts to prop the shilling, the market will continue to see it slide,"" Bagambe said.  

TANZANIA  

The Tanzania shilling <TZS=> firmed marginally against the dollar in the week to Wednesday, amid increased demand from the telecoms and energy sectors, buoyed by central bank intervention.  

At 0935 GMT the local unit traded at 1,247/1,257 to the dollar, compared with last Wednesday's close of 1,250/1,258, dealers said.  

During the week, the shilling weakened to levels of 1,255/1,265, but central Bank of Tanzania (BOT) came to the market to sell the dollar at 1,250 shillings.  

""There was high demand for the dollar, especially from the telecoms and the oil sector. The demand could not match the supply,"" said Rose Mollel, a senior dealer at CRDB Bank.  

Dealers said that BOT intervened three times during the week.  

""This has been the result of central bank coming to the market and selling dollars at very low prices from where the market was,"" said Samwuel Marco, a dealer at Stanbic Bank.  

Dealers said they expect the shilling to continue gaining against the dollar, boosted by BOT's continued presence in the market, and by corporate clients selling dollars to meet their shilling-denominated end-month payments.  

MARKETS-EAST AFRICA-CURRENCY|LANGEN|ABN|M|D|AFN|RBN|AFA|CSA|LBY|RWSA|RWS|REULB|GNS|RNP|DNP|PTD|PMF|SXNA"
"East African  currencies  mixed vs dlr, Tanzanian up  ",2006-04-12,"NAIROBI, April 12 (Reuters) - East African currencies traded mixed against the U.S. dollar in the week to Wednesday, traders said.  

The Kenyan and Ugandan units were marginally weaker while the Tanzanian shilling strengthened on the back of central bank intervention.  

KENYA

The Kenya shilling <KES=> was slightly weaker versus the dollar but traders expect it to stay in a range in coming days.  

At 1000 GMT, leading commercial banks posted the currency at 71.05/71.25 compared with 71.00/71.20 at close of trading last Wednesday.  

The unit weakened to a low of 71.80/90 in early Tuesday's trade but clawed back its losses on some agricultural export supplies.  

""Demand and supply are kind of matching up,"" said Moses Kiboi, a senior dealer at Citibank, predicting a 71.00 - 71.80 range. ""Unless we get any new factors, there is no reason for it to change out of its comfort zone.""  

A Barclays Bank dealer said the local unit had weakened from dwindling inflows from tourism and horticulture industries.  

""The shilling has been weakening gradually because of importer demand and also we are seeing reduced flows from the tourism and horticulture sectors,"" the Barclays dealer said.  

UGANDA  

The Ugandan shilling <UGX=> eased against the greenback despite light corporate demand matching minimal U.S. dollar inflows, dealers said.  

Leading commercial banks quoted the local unit at 1,822/1,828 per dollar compared to last week's close of 1,825/1,830.  

""We have seen some inflows from traditional sources like the non-governmental organisations and the tourism sector which have been matched by the light corporate demand,"" said Moses Elungat, head of trading at Barclays Bank.  

The shilling is expected to come under pressure as corporate players step up demand.  

""The shilling could remain under pressure as long as the current level of demand is sustained,"" another dealer said.  

""However, if the inflows outstrip dollar demand, then the shilling will ease off to levels of 1,825/1,830 after the Easter holidays this weekend.""  

TANZANIA  

The Tanzania shilling <TZS=> appreciated slightly against the dollar on the back of dollar sales by the central bank amid weakening demand for greenbacks by oil importers, dealers said.  

Banks posted the unit at 1,222/1,227 shillings to a greenback compared with 1,225/1,230 at last Wednesday's close.  

""We saw Bank of Tanzania in the market selling dollars. This calmed the market a bit,"" said Alex Ngusaru, treasurer at Citibank. ""They may sell more since they have enough foreign reserves. I don't see why they should not come in.""  

Another dealer said the market received less dollar demand by oil importers as rains in the country have helped raise the water levels in hydroelectric dams.  

Tanzanian electricity authorities were earlier this year forced to cut supply by up to 12 hours per day due to a severe drought that had hit the region.  

Many people in the country were compelled to purchase fuel-run generators to provide power.  

Dealers anticipate more central bank intervention should the shilling come under pressure, but they also expect banks to unwind long dollar positions.  

""We are seeing some tightness in shilling liquidity and due to that, we might see banks offloading positions they hold which means an appreciation of the shilling in the short term,"" said Aziz Chacha, head of market making at Barclays Bank Tanzania.  

(Reporting by Sylvia Juuko in Kampala, Jack Kimball and Helen Nyambura-Mwaura in Nairobi)  

MARKETS-EAST AFRICA-CURRENCY|LANGEN|ABN|M|D|RBN|AFA|CSA|LBY|RWSA|RWS|REULB|GNS|AFN|RNP|DNP|PTD|PMF|SXNA"
Kenya anti-graft body says probed c.bank governor  ,2006-03-07,"NAIROBI, March 7 (Reuters) - The Kenya anti-corruption agency said on Tuesday it had investigated central bank governor Andrew Mullei over corruption allegations and forwarded its recommendations to the attorney general for action.  

""We did receive some complaints, allegations, which we did investigate some time back,"" Nicholas Simani, the spokesman of the Kenya Anti-Corruption Commission (KACC) told Reuters.  

""We came up with specific recommendations which we forwarded to the attorney general for appropriate action,"" he added but refused to divulge details of the recommendations.  

Kenya's tabloids have repeatedly carried stories accusing Mullei of nepotism and corruption at the central bank.  

The Standard, one of Kenya's leading newspapers, reported on Tuesday that the Ministry of Finance had asked KACC to investigate Mullei over allegations of corruption.  

There was no immediate comment from the Ministry of Finance or the governor's office.  

The Standard said KACC had received the letter from the Ministry of Finance on Feb. 27 and had not acted on it. But Simani said KACC had completed its own investigations on the governor on Feb 23.  

The anti-graft body has no powers to prosecute which are vested in the office of the attorney general.  

The allegations of corruption in the central bank are the latest to rock President Mwai Kibaki's government whose image has suffered badly after three senior ministers resigned over graft.  

The finance, energy and education ministers resigned last month after their names were linked to two graft scandals in which millions of state funds were corruptly paid out.  

Mullei, who has strongly rejected recent pressure by manufacturers and exporters to intervene in the currency market to weaken the strong Kenya shilling, has previously faced allegations of wrongdoing over a banknotes printing tender.  

He denied any wrongdoing over the tender which was later awarded to Britain's De La Rue Currency.  

Mullei was appointed by Kibaki in March 2003. As the governor, he enjoys security of tenure. Under Kenyan laws, the governor can be sacked if convicted of dishonesty or fraud or upon the recommendations of a tribunal appointed by the president to investigate him.  

KENYA-CORRUPTION-GOVERNOR|LANGEN|ABN|M|E|RBN|D|AFN|AFA|CSA|LBY|RWSA|RWS|REULB|GNS|G|RNP|DNP|PGE|SXNA"
Strong Kenya  currency  to slash tea farmers earnings  ,2006-02-06,"NAIROBI, Feb 6 (Reuters) - Kenyan tea farmers could lose 10 percent of their earnings if the local shilling <KES=> keeps its strong tone against the dollar, a key agency grouping small-scale tea producers said on Monday.  

The Kenyan shilling has been trading at a 2-1/2 year high against the dollar in the last few days and the Central Bank of Kenya (CBK) Governor Andrew Mullei has said he would not intervene to influence the value of the currency.  

""Ours is an appeal to the government to do something about it because what will happen at the end of the year is that farmers will loose 10 percent of their income,"" David Kimani, the finance director at the Kenya Tea Development Agency (KTDA) told reporters.  

""We are talking about a balance that ensures we exporters survive and importers too, survive.""  

At 1400 GMT, the shilling traded at 71.00/20 shillings to a dollar.  

Kenya is one of the world's biggest exporters of black tea earning the east African country about 43 billion Kenya shillings ($604.8 million) annually.  

""The current exchange rates are literally killing the industry. I don't know how much longer we can operate at the shilling's current rate,"" Lerionka Tiampati, KTDA's managing director said.  

The agency, which accounts for over 60 percent of Kenya's annual tea production, said a severe drought in the country had affected production with some regions picking green leaf only three days in a week instead of six days.  

Industry players expect that poor rains in the last three years will slash the country's production by about 30 percent.  

Tea was once known as Kenya's green gold, but oversupply, spiralling production costs, stagnant prices, competition from emerging markets growing lower quality but cheaper tea and the trend towards coffee have hit the industry hard.  

KENYA-TEA-CURRENCY|LANGEN|ABN|C|SOF|GRO|MTL|PCM"
UPDATE 1- Kenya  cenbank won't  intervene  over shilling  ,2006-02-03,"(adds details)  

NAIVASHA, Kenya, Feb 3 (Reuters) - Kenya's Central Bank will not intervene in local currency markets despite the current strength of the shilling against the U.S. dollar, governor Andrew Mullei said on Friday.  

""The CBK shall not take measures that influence the exchange position of exchange rate,"" he told reporters in the town of Naivasha, north of Nairobi, after opening a seminar.  

Mullei said there was no justification for intervention.  

""The bank can only intervene if we see that the exchange rate is being influenced by speculative attacks which is not currently the case,"" he said.  

""Currently the exchange rate is influenced by growth in the supply and limited demand for (foreign) currency in Kenya.""  

Exporters say the strong shilling, trading around a 2-1/2 year high at 71.30/58 against the dollar, is seriously harming them. But Mullei sought to reassure them relief would come eventually.  

""In due course we shall see that the shilling exchange rate conforms to what might be of use to exporters,"" he said, adding that intervention to inject demand for foreign exchange would lead to inflationary pressure.  

""The CBK acts say that the Bank ensures that inflation is kept under control and thus we can't take action that perpetuates inflation,"" he added.  

ECONOMY-KENYA-CBANK (UPDATE 1)|LANGEN|ABN|M|D|AFN|AFA|CSA|LBY|RWSA|RWS|REULB|GNS"
UPDATE 2- Kenya  cenbank won't  intervene  over shilling  ,2006-02-03,"(adds market comment)  

NAIVASHA, Kenya, Feb 3 (Reuters) - Kenya's Central Bank governor Andrew Mullei said on Friday the institution would not intervene in local currency markets despite the current strength of the Kenyan shilling against the U.S. dollar.  

""The CBK shall not take measures that influence the exchange position of exchange rate,"" he told reporters in the town of Naivasha, north of Nairobi, after opening a seminar.  

Mullei said there was no justification for intervention.  

""The bank can only intervene if we see that the exchange rate is being influenced by speculative attacks which is not currently the case,"" he said.  

""Currently the exchange rate is influenced by growth in the supply and limited demand for (foreign) currency in Kenya.""  

The local unit rose to 70.95/71.15 shillings to a dollar, a new 2-1/2 year high, after Mullei's comments were reported by Reuters. The rate later corrected to 71.15/35 shillings per greenback.  

""There was heavy selling by the interbank ... but it reversed after heavy corporate demand due to the attractive rates,"" Benson Kaburu, a dealer at Standard Chartered Bank said.  

""We expect it to be range-bound between 71 and 72 in the coming week.""  

Exporters say the strong shilling is seriously harming them. But Mullei sought to reassure them relief would come eventually.  

""In due course we shall see that the shilling exchange rate conforms to what might be of use to exporters,"" he said, adding that intervention to inject demand for foreign exchange would lead to inflationary pressure.  

""The CBK acts say that the Bank ensures that inflation is kept under control and thus we can't take action that perpetuates inflation,"" he added.  

ECONOMY-KENYA-CBANK (UPDATE 2)|LANGEN|ABN|M|D|AFN|AFA|CSA|LBY|RWSA|RWS|REULB|GNS|DNP"
ANALYSIS-No let up in Kenya shilling rally despite concerns  ,2005-09-19,"NAIROBI, Sept 19 (Reuters) - The Kenya shilling is expected to continue its advance against the dollar in the short term and could touch the key 73/dollar level this week, but may struggle to break higher, currency analysts said on Monday.  

The shilling has gained nearly 6.8 percent so far this year, triggering complaints from local manufacturers and other exporters who say it has made their products uncompetitive.  

The shilling on Monday rose to a fresh five-and-a-half month high of 73.25/45.  

After pushing through a series of resistance levels in quick succession in the last few weeks, analysts say the 73.00 level is at hand.  

""All the flows that we have been seeing coming in from the export sector and the limited demand that we have been seeing from, especially the energy sector, have served to drive the shilling higher and higher,"" said Kihara Maina, the treasurer at Barclay Bank.  

""We are looking at touching the year high because the market is seeing it is within sight,"" he said, referring to the 73.10 level that was the highest the shilling has been in the past 12 months.  

But dealers said they expect the 73 level to provide strong resistance for the shilling.  

""We may see some importers taking advantage of these low levels to take up forwards and cover their requirements through to the end of the year,"" said Timothy Kabiru, treasurer at the Cooperative Bank of Kenya.  

CURRENT ACCOUNT  

Kenya's current account deficit widened by $838 million in the 12 months to May 2005, in part due to high global oil prices and increased imports of machinery and transport equipment, suggesting the local currency should have come under pressure.  

However, heavy inflows particularly from tea, horticulture and coffee exporters, combined with receipts from a booming tourism sector, have lent strong support for the shilling.  

Even more significant are relatively high domestic interest rates. The average yield on benchmark 91-day treasury bill stood at 8.5 percent at the last auction on Thursday compared with 2.9 percent posted the same time last year.  

""Obviously people are keen to get the shilling yield at rates of about eight and a half percent as opposed to the dollar at about three and a half percent,"" Barclay's Maina said.  

The high rates also have discouraged importers, especially oil companies, from hedging themselves in the forward market.  

While the shilling's rally has led many importers to stay on the sidelines, a recent comment by Central Bank governor Andrew Mullei that the gains reflected the country's improved economic performance was providing further support.  

""Comments like the one that the central bank has issued that this is a reflection of the economy and things like that, that has given an impetus to the shilling,"" said Jeremiah Kendagor, the head of foreign exchange at Kenya Commercial Bank.  

INTERVENTION

Mullei, who has rejected calls to intervene in the market to weaken the shilling, said 10 days ago that the exchange rate reflected the brisk growth in the domestic economy and investor optimism which was attracting strong foreign inflows.  

The Kenyan economy expanded by 4.3 percent in 2004 compared with 2.8 percent in 2003. A survey by a leading local research firm on business confidence released last week showed that most chief executives were bullish on the economy's prospects.  

""What you see now with the shilling is a by-product of a very rapidly growing economy. Because if the economy was declining in performance, we would be seeing the exchange rate depreciating,"" Mullei told reporters at a function where he released the central bank's monetary policy on Sept. 9.  

The governor said he expected to see the shilling weaken as demand for imports to support the growing econonomy increases.  

""I see the reversal of the exchange rate of the shilling torwards either stability or depreciation.""  

(Additional reporting by George Obulutsa)  

KENYA-SHILLING (ANALYSIS)|LANGEN|ABN|M|D|AFN"
Traders predict a weaker path for Kenyan shilling.   ,2005-04-01," NAIROBI, April 1 (Reuters) - The Kenya shilling  is expected to fall to a range of 76.00-77.50 to the dollar in the short-term after verbal intervention by the central bank and on an anticipated rise in importer demand, analysts said on Friday.    

 The shilling has risen steadily in recent months, gaining 10 percent since mid-December when it started its latest rally.    

 It rose to a 21-month high of 72.90/73.10 on March 21, and the central bank, worried about Kenya's competitiveness, warned that it would intervene to stem any speculation on the shilling.    

 Dealers said the shilling's gains were overdone and the central bank's comments were the trigger that was needed to reverse the shilling's path.    

 The unit closed on Thursday at 74.60/80 to the dollar.    

 ""I think the move down to 73.00 was overdone. It was only a matter of time before it reversed. These levels were not sustainable at the end of the day,"" said Robert Otieno, the treasurer at Stanbic Bank.    

 Experts say the local unit has been well-supported by dollar receipts from the farm and tourism sectors, strong inflows from non-governmental organisations and investors seeking to purchase high-yield shilling-denominated government bonds.    

 On the other hand, dollar demand has been severely subdued, with most importers, especially the key oil companies, already hedged and staying on the sidelines as the shilling appreciated.    

 But dealers and analysts said the shilling's previous pattern suggests that the unit is headed lower and importers are just about to return to the market.    

 NET IMPORT ECONOMY    

 ""The shilling is going to see some weakness because cyclically we are about due for that kind of weakening and even structurally, with a net import economy, you would generally tend to have a weaker currency,"" said Kihara Maina, the treasurer at Barclays Bank of Kenya. ""I see a consolidation around the 76, the 77 level.""    

 OIL PRICES    

 Analysts said higher oil prices are also expected to exert pressure on the local unit. Oil surged back above $55 a barrel on Thursday and analysts said prices could rise further.    

 ""The $50 a barrel is still a lot for an oil-importing country like Kenya and that suggests that it is unlikely that the shilling would be able to hold on to its strengths indefinitely,"" Razia Khan, Standard Chartered Bank's chief Africa economist.    

 ""Despite the near-term strength in the shilling we think 77.50 in a few weeks time is still a possibility and then gradually weakening beyond that,"" she told Reuters from London.    

 Although higher interest rates - at 8.67 percent - were a key factor supporting the shilling, an aggressive interest rate hike in the U.S. could pressure the Kenyan unit, analysts said.    

 ""Kenyan interest rates would have to be somewhat higher with the Fed continuing to hike rates so that yields attraction will remain in place,"" Khan said.    

 The market had its eyes fixed on the outcome of a two-week visit by a mission from the International Monetary Fund (IMF) currently in the country to review its programme.    

 ""I think obviously people are waiting to see what happens when the current negotiations between the...IMF, who are around, and the government to see whether they are releasing aid to Kenya,"" Otieno said."
Kenyan shilling falls after c.bank comments.  ,2005-03-29,"
    NAIROBI, March 29 (Reuters) - The Kenyan shilling
weakened against the dollar in early trade on Tuesday as the
market reacted to comments by the central bank that it would
intervene to stop any speculation in the market, dealers said.
    At 0745 GMT, leading commercial banks were quoting the
shilling at 74.60/80 to the dollar, compared to Thursday's close
of 73.25/45.
    Central Bank Governor Andrew Mullei said late on Thursday
that the bank would take ""corrective action"" if the firming
shilling faced speculative pressures and added that he expected
the unit to weaken in due course as demand for foreign exchange
increases.
    The news came after the local currency market had closed and
players only reacted to it on Tuesday because the markets
remained closed on Friday and Monday for Easter holidays.
  


    ""It's largely on the back of central bank's comment that
they were prepared to take corrective action on the shilling,
and basically that happened after that market closed,"" said
Anthony Kirui, the head of market making at Barclays Bank.
 
    ""What we're seeing today is people wishing to cover their
short positions.""
    The shilling has been on an upward trend in recent weeks and
rallied to a 21-month high of 72.90/73.10 to the dollar last
week, prompted by a huge dollar sell-off by banks.
    The central bank said the shilling had been boosted by
  

increased demand for shilling-denominated government bonds,  

coupled with subdued demand for dollars at a time when dollar  

inflows have been heavy.  

But some analysts said the shilling's recent gains were  

overdone and feared that they could undermine the  

competitiveness of Kenya's export sector.  

""It is the market reaction to the central bank sentiment  

that they will intervene in the market. The market took a cue  

from that and decided to intervene themselves,"" said Jeremiah  

Kendagor, a senior dealer at Kenya Commercial Bank.  

""We've seen interbank players come into the market to buy  

dollars. We've also seen importers come into the market as well  

and buy dollars to meet their obligations,"" Kirui said, adding  

that he expected the shilling to remain volatile for the rest of  

the day.   


 
 
                  ............Shilling spot rates
           ...............Shilling forward rates
                     .Cross rates
               ............All Kenya Contributors
              ........Central Bank of Kenya Index
             ......Kenyan Bonds contributor pages
                             .Treasury bill yields
            ,       ..Daily interbank lending rate
              ...Kenya Bond pricing
    SPEED GUIDES:
                                       ."
Kenya shilling down slightly as dollar demand rises.  ,2004-11-19,"NAIROBI, Nov 19 (Reuters) - The Kenyan shilling weakened marginally against the dollar on Friday, as month-end demand started to kick in, traders said.  

At 0845 GMT, leading commercial banks in Nairobi posted the rate as 81.30/50 against the dollar, down slightly from the opening of 81.30/45.  

""Month-end demand will really kick in from next week. We have been seeing some increase from corporates. That tells me that a lot of them are getting ready to meet their (month-end) obligations,"" said Bryan Muigai, a trader at Standard Chartered Bank.  

Kenya's currency market has been subdued in the last few months, with dealers predicting the shilling would remain in a tight range of 80.90/81.50 in the short term, barring any new market-moving news.  

Kenya's central bank Governor Andrew Mullei, who intervened in the market earlier this year to combat sharp drops in the shilling, said on Tuesday he was comfortable with the current exchange rate.  

He told Reuters that supply and demand were evenly matched and that fundamentals indicated the rate was where it should be.   


 
 
         ............Shilling spot rates
 ...............Shilling forward rates
         .Cross rates
 ............All Kenya Contributors
 ........Central Bank of Kenya Index
 ......Kenyan Bonds contributor pages
                   .Treasury bill yields
 , ..Daily interbank lending rate
 ...Kenya Bond pricing
  

SPEED GUIDES:   

RELATED NEWS AND OTHER TOPICS:   


 
 All Kenyan news.............
 Kenyan money and debt news...............
 All Money news....."
Kenya's shilling weakens on dollar demand.   ,2004-11-18,"NAIROBI, Nov 18 (Reuters) - The Kenyan shilling weakened marginally against the dollar in early trading on Thursday as dollar importers began to test the market to meet end-of-the-month demand, dealers said.   

At 0745 GMT, leading commercial banks in Nairobi posted the rate as 81.20/40 against the dollar, compared with the morning's opening of 81.15/35.   

""We have started to see some key interest from large-and medium-scale importers to buy dollars, which has fed into the market and put some pressure on the shilling, as usually happens when we head into the end of the month,"" said Anthony Kirui, a senior dealer at Barclays Bank.   

Moses Kiboi, senior trader at Citibank, said ""The dollar will appreciate as we move into month-end demand. The exporters have their bills to pay at the end of the month.""   

Kenya's currency market has been subdued in the last few months, with dealers predicting the shilling will remain in a tight range of 80.90/81.50 in the short term, barring any new market-moving news.   

Kenya's central bank Governor Andrew Mullei, who intervened in the market earlier this year to combat sharp drops in the shilling, on Tuesday said he was comfortable with the current exchange rate.   

He told Reuters that supply and demand were evenly matched and that fundamentals indicated the rate was where it should be.   


         ............Shilling spot rates
   

...............Shilling forward rates    


         .Cross rates
 
 ............All Kenya Contributors
 ........Central Bank of Kenya Index
 ......Kenyan Bonds contributor pages
                   .Treasury bill yields
 , ..Daily interbank lending rate
 ...Kenya Bond pricing
   

SPEED GUIDES:    

RELATED NEWS AND OTHER TOPICS:    


 
 All Kenyan news.............
 Kenyan money and debt news...............
 All Money news....."
Kenyan shilling flat vs dlr after c.bank acts.   ,2004-09-03," NAIROBI, Sept 3 (Reuters) - The Kenyan shilling  was little changed against the U.S. dollar on Friday after the central bank again sold the greenback to prop up the local currency, traders said.    

 At 0855 GMT, leading commercial banks posted the shilling at 80.07/80.27 against the U.S. currency, barely changed from Thursday's 80.10/80.30 close.    

 Dealers said the shilling was under pressure from oil importers and distributors seeking U.S. currency to pay for purchases of refined products, with world petroleum prices near historic highs.    

 Dollar demand fuelled by high oil import bills helped push the shilling to historic lows of 83.25/45 last month.    

 Other pressure this week came from a dearth of foreign currency receipts from the tea sector, with output and exports depressed by unfavourable weather, said Kennedy Butiko of Bank of Africa Kenya.    

 On August 26 the central bank disclosed it had intervened the prop up the shilling, blaming its rapid slide on speculation by some market players and saying a rate weaker than 79 shillings could not be explained by fundamentals.    

 The bank sold dolllars into the market again on Friday. A bank official declined to disclosed the amounts involved.    

 Dealers said the overall outlook for the shilling was still unsettled, amid jitters over the intentions of international lenders and donors who help fund the government's budget and development proghrammes.    

 ""The underlying sentiment on the shilling's future direction is uncertainty over donor policy,"" said Moses Kiboi of Citibank.    

 The shilling took a knock in July when the European Union disclosed it had postponed a decision on an aid package Kenya needs to finance its budget.    

 The move, a fresh sign of donor impatience with the government's faltering anti-corruption campaign, fuelled fears that donors were considering suspending aid the east African country desperately needs to escape from poverty.    

 The EU and other top international donors warned Kenya earlier this year that it risked losing vital funding, saying corruption still appeared to be at the heart of government despite President Mwai Kibaki's promises to stamp it out.    


         ............Shilling spot rates
   


         .Cross rates
 
 ............All Kenya Contributors
 ........Central Bank of Kenya Index
 ......Kenyan Bonds contributor pages
                   .Treasury bill yields
 , ..Daily interbank lending rate
 ...Kenya Bond pricing
   


 
 All Kenyan news.............
 Kenyan money and debt news...............
 All Money news....."
Kenya  c.bank says  intervenes  to sell dollars.   ,2004-09-03,"NAIROBI, Sept 3 (Reuters) - Kenya's central bank sold dollars on the foreign exchange market on Friday, an official at the bank said, confirming the second such intervention by the regulator in support of the shilling in eight days.   

""We have been in the market to sell dollars. We cannot confirm the amounts,"" the official, who declined to be identified, told Reuters. The last known intervention by the bank came on August 26 when the bank disclosed it had acted to prop up the shilling."
UPDATE 2-Kenya ready to end shilling speculation-c.bank.   ,2004-08-27,"NAIROBI, Aug 27 (Reuters) - Kenya's central bank, which intervened this week to stem a slide in the shilling, remains ready to ensure an end to speculation in the currency and some risk takers ""stand to lose"", the bank's governor said on Friday.   

Andrew Mullei told a news conference that a fall in the currency below 79 to the U.S. dollar - the shilling actually hit a historic low of 83.25/45 on Wednesday - could not be explained by fundamentals.   

""The central bank stands ready to make sure the speculative activity is brought to an end. Some risk takers stand to lose,"" Mullei said, speaking after the market closed.   

""We are moving very cautiously because it is not the intention of the central bank to control the level of the    


 
 exchange rate....The purpose of us going to the market is to
 protect the interests of importers.""
   The bank intervened on Thursday to prop up the currency,
   

which has fallen steadily from around 79.60 three months ago. It was unchanged in early dealings at 81.00/20 on Friday, later firming to 80.86/81.06.   

The slide has been blamed on several factors including hints by donors that they might pull aid out of Kenya over graft allegations and high global oil prices.   

""The exchange rate beyond 79 cannot be explained by fundamentals,"" Mullei said. ""If it were an excess of demand compared to supply (of dollars) we would not have proceeded to the market to intervene.""   

""It is not our intention to cause losses for any players in the market. But if we warn some players are overplaying, but you don't see a reaction then you have to become mechanical (intervene).""   

DONOR WARNINGS   

The shilling began coming under heavy pressure in July when the European Union (EU) said it had postponed a decision on an aid package Kenya needs to finance its budget.   

The EU deferred consideration of 125 million euros in budget support until September or October, although it said longer-term development aid would continue.   

The move was a fresh sign of donor impatience with the government's faltering anti-corruption campaign and fuelled fears that donors were considering suspending aid the east African country desperately needs to escape from poverty.   

The EU and other top international donors warned Kenya earlier in July that it risked losing vital funding, saying corruption still appeared to be at the heart of government despite President Mwai Kibaki's promises to stamp it out.   

Kenya's 2004/05 (July/June) budget depends heavily on aid. Presenting the budget last month, Finance Minister David Mwiraria said 50.7 billion shillings ($633 million), or 11.5 percent of total spending, would be donor-funded.   

But Mullei said even if donors withheld promised funds, the government had enough in reserve to maintain a stable shilling.   

""Even if our development partners delay until the end of the year, the effect of that delay would not affect the reserves needed to keep the exchange rate stable,"" he said.   

He said key indicators over the last two years, particularly inflation, all showed Kenya's economy was on the right track.   

""To keep inflation below three percent, for a developing country running a budget deficit, is really a success. Kenya's performance on that score is exemplary,"" he said.   

""This is steady progress for the Kenyan economy. The thing is working, and working in the way that it should be working."""
Kenya  shilling steady vs dlr after c.bank  intervention .  ,2004-08-27,"
    NAIROBI, Aug 27 (Reuters) - The Kenya shilling        was
unchanged against the U.S. dollar on Friday, a day after the
Central Bank of Kenya (CBK) intervened in the market and sold
the greenback to prop up the rapidly weakening local unit.
 
    At 0800 GMT leading commercial banks were posting Kenya's
currency at 81.00/20, unchanged from Thursday's closing price.
    On Thursday CBK Governor Andrew Mullei said the central bank

and importers were concerned by a rapid depreciation in the  

price of the shilling, which he blamed on ""the intensity of  

speculative activities by some local market players"".  

Meanwhile, dealers said the bank entered the market and sold  

dollars, halting a slide that had seen the shilling touch  

historic lows of 83.25/45 versus the dollar on Wednesday.  

By the close of trading on Thursday the local unit had  

climbed back to 81.00/20 versus the dollar. Dealers said there  

had been little movement in early trading on Friday.  

The CBK was due to hold a news conference at 1330 GMT.  

""The market has been pretty steady since the central bank's  

intervention,"" said CBK trader Allen Mbindyo. ""There is still  

underlying demand and there are orders building up below 81.""   


 
    Traders said they saw support for the local currency at
about 81.40 - 81.50 shillings per dollar.
    ""I don't think the CBK would like the rate to go any higher
than that,"" one trader at a major bank told Reuters.
    The recent slide by the shilling, which had fallen from
  

around 79.60 three months ago, has been blamed on several  

factors including hints by donors that they might pull aid out  

of Kenya over graft allegations and high global oil prices.   


 
 
                  ............Shilling spot rates
           ...............Shilling forward rates
                     .Cross rates
               ............All Kenya Contributors
              ........Central Bank of Kenya Index
             ......Kenyan Bonds contributor pages
                             .Treasury bill yields
            ,       ..Daily interbank lending rate
              ...Kenya Bond pricing
    SPEED GUIDES:
 
    RELATED NEWS AND OTHER TOPICS:
    All Kenyan news.............
    Kenyan money and debt news...............
    All Money news....."
"Emerging  FX -Turbulence subsides in forint, zloty.  ",2004-08-26,"LONDON, Aug 26 (Reuters) - The Hungarian forint and Polish zloty traded calmer on Thursday after both were whipped around in the previous session on domestic political and economic developments.  

The Kenyan shilling firmed after the central bank was seen entering the market to prop it up after sharp losses against the dollar.  

Hungary's ruling Socialist party selected the charismatic millionaire Ferenc Gyurcsany to be the country's new Prime Minister after he defeated party stalwart Peter Kiss at the party's special congress on Wednesday. After an initial move lower the forint steadied at around 249 per euro . Analysts said the market would probably give Gyurcsany the benefit of the doubt until his policy intentions became clearer.  

""Gyurcsany is an unknown and the fact he's an ex-businessman who benefited from early 90s privatisations doesn't necessarily make him a market friendly figure,"" said Koon Chow, emerging markets strategist at CSFB.  

""I'm still mindful of the Socialist party's low popularity and fearful of further desperate measures they might take to shore that up,"" he added.  

By 0935 GMT, the forint was flat from late Wednesday levels at 249.20 to the euro.  

Investors have been encouraged by early signs of continuity on budget policy, with a close aide of Gyurcsany's saying that Finance Minister Tibor Draskovics, seen as a key guardian of the fiscal consolidation process in Hungary, would keep his post.  

Chow said the forint's high carry - benchmark interest rates are at 11 percent - was also likely to keep the currency well supported in any dips.  

The Polish zloty jumped to two week highs around 4.3830 against the euro on Wednesday after the central bank surprised the market with a bigger-than-expected 50 basis point rate hike, taking key rates to 6.5 percent. The currency handed back its gains later on.  

""The zloty had gone up after the rate hike but then someone had an order to buy a large amount of euro/polish and that squeezed a few people out the other way,"" said one London bank trader.  

The market retained its weaker bias on Thursday and Chow at CSFB said that could reflect part of a broader trend across the region.  

""Technical analysts have been warning for the past three weeks that the strength of central European currencies against the euro is fading and we could be going through a period of weakness. That fits in with the already large positioning in the market.""   


The zloty traded at 4.4469 per euro  from 4.4349 and at 3.6846 to the
dollar        from 3.6720.
  

KENYA INTERVENES TO DEFEND SHILLING  

The Kenyan shilling rose sharply off record lows around 83.25/45 against the dollar hit on Wednesday after dealers reported the central bank intervening in the market to defend the currency.  

The central bank said in a statement it was taking steps to stabilise the dollar/shilling rate, adding that the shilling's rapid weakening had been caused by speculative pressure applied by domestic players.  

Dealers have blamed shilling weakness on a variety of factors, including growing corruption allegations in government which have led to fears donors may desert the country and high global oil prices.  

The shilling bounced to 81 per dollar .  

Softer-than-expected South African July producer prices (PPI) offered further vindication for the central bank's shock 50 basis point rate cut earlier this month.  

July PPI came in at an annual rate of 0.7 percent, below a Reuters poll consensus forecast of 1.3 percent.  

The rand was little moved on the data, holding steady around 6.67 to the dollar ."
Kenya  shilling rises on c.bank  intervention .  ,2004-08-26,"NAIROBI, Aug 26 (Reuters) - The Kenya shilling rose sharply against the U.S. dollar on Thursday after the central bank sold the greenback to reverse a rapid depreciation by the local currency, traders said.  

The shilling dropped below the key psychological level of 81 versus the dollar on Friday, and reached a fresh historic low of 83.25/45 shillings per dollar in early trading on Wednesday.  

On Thursday the Central Bank of Kenya (CBK) entered the market and sold dollars, sending the local unit racing up to 80.90/81.10 by 0745 GMT, after Wednesday's close of 82.40/60.  

""The market has been a beehive of activity this morning,"" said Citibank dealer Moses Kiboi. ""We've seen people selling off long dollar positions and the shilling has appreciated rapidly."" CBK Governor Andrew Mullei said the central bank, as well as importers of goods and services, were concerned by the recent rapid fall in the price of the local currency.  

""To calm the local foreign exchange market, the Central Bank has taken steps to stabilise the Kenya shilling exchange rate and ensure that it reflects the true market value of the shilling,"" he said in a statement issued on Thursday morning.  

""The major cause of the recent rapid weakening of the shilling against the U.S. dollar has been the intensity of speculative activities by some local market players,"" he added.  

Traders in Nairobi said the central bank sold dollars on Thursday and sent the shilling climbing against the greenback.  

""Clients had been complaining that there was no liquidity and traders had been pushing up the rate saying (dollar) inflows could not match demand,"" one trader at a major bank said.  

The recent slide by the shilling, which has fallen from around 79.60 three months ago, has been blamed on several factors including hints by donors that they might pull aid out of Kenya over graft allegations and high global oil prices."
UPDATE 1- Kenya  c.bank  intervenes  to prop shilling-traders.   ,2004-08-26," NAIROBI, Aug 26 (Reuters) - Kenya's central bank intervened in the foreign exchange market on Thursday, selling dollars to prop the recently weak shilling, traders said.    

Central bank governor Andrew Mullei issued a brief statement saying the bank had acted to stabilise the shilling following a rapid decline against the U.S. dollar.    

 However, the brief statement did not specify what steps the bank had taken.    

 ""The central bank was in the market selling dollars this morning. Clients had been complaining that there was no liquidity and traders had been pushing up the rate saying (dollar) inflows could not match demand,"" a trader at a major bank said.    

 The central bank's statement said it, as well as importers of goods and services, was concerned by the shilling's rapid weakening in recent days.    

 ""To calm the local foreign exchange market, the Central Bank has taken steps to stabilise the Kenya shilling exchange rate and ensure that it reflects the true market value of the shilling,"" Mullei's statement said.    

 ""The major cause of the recent rapid weakening of the shilling against the U.S. dollar has been the intensity of speculative activities by some local market players,"" he added.    

 The shilling traded on Thursday at 80.90/81.10 against the U.S. currency, dealers said, up from a fresh historic low of 83.25/45 shillings hit in early trade on Wednesday. The currency recovered later on Wednesday to about 82.80/83.00.    

 The recent slide by the shilling, which has fallen from around 79.60 three months ago, has been blamed on several factors including hints by donors that they might pull aid out of Kenya over graft allegations and high global oil prices."
Kenyan shilling eases slightly on dollar demand.   ,2004-08-19,"
    NAIROBI, Aug 19 (Reuters) - The Kenyan shilling
weakened marginally against the dollar on Thursday as importers
from the agriculture, energy and manufacturing sectors bought
the U.S. currency to meet end of month bills, trader said.
    At 0950 GMT, leading commercial banks posted the shilling at
80.95/81.05 against the greenback compared with Wednesday's
close of 80.80/81.00.
    However, the threat of central bank intervention after the
shilling hit historic lows was expected to keep the local unit
at around the 80.80/81.00 level, dealer said.
    ""There's some importer demand from maize, energy, even some
manufacturing companies,"" said Kennedy Butiko of Bank of Africa
Kenya.
    ""We're not seeing (the shilling) go beyond 81.00 on fears of
CBK (Central Bank of Kenya) intervention. Dealers are cautious
about pushing it beyond that level,"" he added.
    CBK Governor Andre Mullei late on Tuesday blamed the
shilling's recent fall to historic lows on speculation by
commercial banks.
   


 He added that the bank would act to ensure the
shilling was stable and purely determined by demand and supply.
 
    A Barclays Bank dealer said importers had suspended their
orders but were forced to buy dollars as the end of month looms.
    ""Importers believed at 81.00 the shilling (weakness) was
overdone and were looking for a reversal,"" he said.
    Butiko added: ""They were forced to make a decision to buy,
especially the oil sector.""
    Currency dealers have blamed a number of factors on the
   

shilling's fall from donor threats to halt aid to Kenya because   

of rising cases of corruption and high global oil prices to   

pending importer demand estimated at $50 million for four   

million 90-kg bags of maize.    


 
 
                  ............Shilling spot rates
           ...............Shilling forward rates
                     .Cross rates
               ............All Kenya Contributors
              ........Central Bank of Kenya Index
             ......Kenyan Bonds contributor pages
                             .Treasury bill yields
            ,       ..Daily interbank lending rate
              ...Kenya Bond pricing
    SPEED GUIDES:
 
    RELATED NEWS AND OTHER TOPICS:
    All Kenyan news.............
    Kenyan money and debt news...............
    All Money news....."
"Ugandan, Tanzanian shillings rise, Kenyan perks up.  ",2004-08-18,"
    NAIROBI, Aug 18 (Reuters) - The Uganda        and Tanzania
  shillings rose in the week to Wednesday against the
dollar while the Kenya shilling  began reversing a slide
to historic lows as the country's central bank warned it might
step in to stabilise the currency.
     Kenya's central bank governor Andrew Mullei late on Tuesday
blamed the local unit's recent fall on speculation by commercial
banks. He added the central bank would act to ensure the
shilling rate is stable and purely determined by supply and
demand.
 
    The shilling raced to 80.60/80 to the dollar at Wednesday's
open from 80.95/81.15 at Tuesday's close.
    But the local unit gave up some of those gains on the back
of some light corporate dollar demand. At 1000 GMT it was quoted
at 80.75/95 to the dollar, dealers said.
    ""Nobody wants to take chances after the CBK (the Central
Bank of Kenya) threatened to intervene,"" said Moses Kiboi, a
senior dealer at Citibank.
  

Currency dealers of late have blamed the shilling's fall on
a number of factors including pending importer demand estimated
at $50 million for 4 million 90-kg bags of maize.
    Political concerns, donor threats to pull aid from Kenya due
to rising cases of corruption and high global oil prices have
kept downward pressure on the shilling as well.
    Meanwhile, the Tanzania shilling kept strengthening against
  

the dollar, buoyed by sustained dollar sales by the Bank of  

Tanzania (BoT) and agricultural exports which dealers expect to  

continue in coming weeks.  

The shilling's exchange rate stood at 1,080/1,084 shillings  

per dollar compared to 1,084/1,087 shillings at Wednesday's  

close of trading.  

""We have seen the shilling appreciating on a daily basis.  

There are a lot of supplies from the agricultural sector and at  

the same time, the central bank is selling,"" Christopher Mutasa,  

treasury manager at the African Banking Corporation said.   


 
    ""It's really going to appreciate if central bank continue
selling and with more exporters in the market.""
    Dealers said there was little corporate demand. Some
surmised the central bank might be selling dollars to reach a
target of shilling requirements by the end of the quarter.
    ""We don't feel they will be out of the market soon,"" said
  

Marco Samwel, a dealer at Stanbic Bank. ""If they were close to  

their target, they would not have allowed the shilling to  

strengthen to this point.""   


 
    In Uganda, the shilling gained strength against the dollar
over the week due to low corporate demand for the greenback.
    At 1000 GMT leading commercial banks were quoting the local
unit at 1,698/1,700 shillings per U.S. dollar, compared to
1,725/1,745 shillings a week ago.
    ""The shilling has continued to rally ... basically on the
  

back of absence of corporate dollar demand and significant  

inflows of dollars from non-governmental organisations and  

projects,"" said Moses Elungat, head of trading at Barclays.   


 
    Traders said intervention earlier in the week by the central
Bank of Uganda (BoU) had also boosted the shilling.
    ""The central bank sterilised the market on Monday by
intervening on the sale side. This triggered off the rally,""
said Sophie Achak, a trader at Stanbic bank.
    BoU's ""sterilisation"" funds are dollars, largely for
development projects, that it receives from international donors
and needs to convert into the local currency.
    Without improved demand for the U.S. currency from corporate
  

clients, traders said they expected the shilling to stabilise at  

levels of around 1,690/1,700 in the days ahead.  

(Additional reporting by Daniel Wallis in Kampala and Helen  

Nyambura in Dar Es Salaam)."
Kenya shilling recovers slightly on c.bank caution.  ,2004-08-18,"NAIROBI, Aug 18 (Reuters) - The Kenya shilling bounced back marginally in early trade on Wednesday after the central bank warned it could intervene in the market to stabilise the local currency.  

The central bank's governor Andrew Mullei late on Tuesday blamed the local unit's recent fall to historic lows on speculation by commercial banks. He added that the bank would act to ensure the shilling is stable and purely determined by demand and supply.  

The shilling had raced to 80.60/80 to the dollar at Wednesday's open from 80.95/81.15 at Tuesday's close.  

But the local unit gave up some of those gains on the back of some light corporate dollar demand. At 0820 GMT it was quoted at 80.75/95 to the dollar, dealers said.  

""Nobody wants to take chances after the CBK (the Central Bank of Kenya) threatened to intervene,"" said Moses Kiboi, a senior dealer at Citibank.  

The shilling also received respite after some importers withdrew their orders for dollars when the shilling showed signs of firming, dealers said.  

The shilling has lost 3.8 percent of its value since the beginning of June when it was posted at a mean of 78.87 to the dollar compared to 81.13 on Tuesday.  

It has continued to set historic lows in recent weeks which the central bank said was not backed by fundamentals.  

Ramprasad Hasudi, the treasury manager at Commercial Bank of Africa, said he expected the shilling to strengthen further against the dollar but at a gradual pace because importer demand remained strong while export inflows were sluggish.  

""It will take a while because still the demand for dollars is there,"" he said. ""We should not forget grain import is there.""  

Currency dealers of late have blamed a number of factors on the shilling's fall, including a pending importer demand estimated at $50 million for 4 million 90-kg bags of maize.  

Political concerns, donor threats to pull aid from Kenya due to rising cases of corruption and high global oil prices have kept downward pressure on the shilling as well.  

A dealer at Imperial Bank said he expected the shilling to trade within a range of 80.60 and 81.10 in the short-term as long as importer demand continues to outweigh supply."
"C.bank steadies Tanzania unit, Uganda,  Kenya  rise.   ",2004-05-05,"NAIROBI, May 5 (Reuters) - Central bank intervention kept the Tanzanian shilling largely unchanged against the U.S. dollar in the week to Wednesday, while traders said the Ugandan and Kenyan currencies had strengthened.   

Leading banks in Tanzania's commercial capital Dar es Salaam posted the shilling at 1,115/1,118 per U.S. dollar, compared to 1,116/1,119 a week ago.   

""Last week corporates were looking to offload dollars to pay taxes, but the volume was not too big,"" said Shumbusho Rwezaura, a dealer at Stanbic Bank. ""On the other hand, there was demand from all sectors. Whatever inflow came in was snapped up.""   

Dealers said the central bank sold dollars on Friday at 1,115 shillings each to arrest a decline in the local currency, which had been posted at 1,119 per dollar at the close of trading on Thursday.   

""It appears central bank was not happy with the volatility caused by customers looking for dollars to make overseas payments,"" one dealer said, predicting that the shilling would stabilise between 1,113 and 1,120.   

The outlook was mixed, with Rwezaura saying he expected the shilling to break the psychological support level of 1,120 if the Bank of Tanzania did not make further dollars sales.   

""There is still demand in the office. Businessmen are a bit sceptical of the shilling breaking 1,120, so they are holding back demand. I see no reason why it should not break this level unless the central bank intervenes,"" he said.   

Uganda's shilling was stronger against the greenback over the week, trading at 1,890/1,900 shillings per dollar, compared to 1,906/12 shillings last Wednesday.   

Traders said the local unit had appreciated because the central Bank of Uganda (BOU) was selling dollars amid low corporate demand.   

""I don't think it is a massive intervention,"" said Lucas Ochieng, a trader at Barclays Bank. ""The central bank gets project funds from donors which they have to disburse.""   

Outlook was also mixed for the Ugandan unit, with dealers failing to agree on which direction the shilling was headed.   

""I think we will see the shilling appreciate because of a lack of demand for dollars and inflows (of dollars) from NGOs,"" said Joram Ssozi at Standard Chartered bank. ""We have also seen some traders selling off their short positions.""   

Another senior dealer in the capital Kampala said he expected to see the shilling retracing its steps as corporates, particularly from the construction and manufacturing sectors, come looking to buy dollars.   

The Kenya shilling also made gains against the dollar. At 1030 GMT banks it was trading at 78.25/45 shillings per dollar, up from 78.35/55 shillings last week.   

""Basically the shilling has been very stable this week,"" said Peter Mwaura, a senior dealer at Credit Agricole Indosuez bank. ""There's not been much in the way of inflows (of dollars), and what there has been was matched by demand.""   

Dealers said that in the absence of any market-moving news they saw the local currency rangebound in the week ahead.   

""I think the shilling will basically stay locked between 78.10 and 78.60,"" said Moses Kiboi at Kenya's Citibank.   

""We have tested the 78.50 support level for the shilling this week,"" said Kihara Maina, a dealer at Barclays Bank.   

""There may be one further test, but I think it might hold. On the other hand, I see resistance likely at 77.85.""   

(Additional reporting by Helen Nyambura in Dar es Salaam)."
UPDATE 1-INTERVIEW-Kenya cbank sees stable shg despite IMF delay.  ,2003-10-30,"NAIROBI, Oct 30 (Reuters) - Kenya's central bank governor said on Thursday he expects the shilling to remain stable and competitive despite a decision by the International Monetary Fund to delay a meeting on lending.  

The shilling has fallen sharply, weakening to a one-month low after the IMF postponed by 16 days a meeting on whether to resume lending to the east African country.  

By Thursday, the shilling had fallen a total of 230 cents from 76.40/60 per dollar on Tuesday when Reuters broke news that the IMF had delayed the crucial meeting.  

In the first official reaction since the shilling's plunge, central bank governor Andrew Mullei told Reuters he was confident the IMF would re-open the credit lines, adding that the market had read too much into the postponement.  

""We expect the shilling to remain stable and competitive despite the postponement of IMF Board discussion on Kenya's request for IMF support,"" Mullei said in an interview.  

""It should be understood that postponement would not in any way imply rejection of the request.""  

The governor did not give a forecast of what range he expects the shilling to trade. Last month he said the shilling was properly priced when it was posted at between 78.50/70 to the dollar.  

Kenyan and IMF officials said an Executive Board meeting in Washington scheduled for November 5 had been delayed until November 21. The Fund said it needed more time for more debt analysis on Kenya.  

Kenya is banking on winning a resumption of lending from the IMF after the lender froze its programme with Kenya in late 2000 over rampant government corruption.  

ANTI-GRAFT CRUSADE  

Kenyan President Mwai Kibaki has vowed to rebuild the country's battered economy and has made the fight against graft a key crusade of his administration in a bid to woo donors.  

Earlier this month Kibaki suspended half the country's top judges and set up special tribunals to investigate them, in a bold step to curb the vice. On Monday he said the day of reckoning for corrupt public officials was nigh.  

Mullei said the bank would continue with a policy of not intervening in the market to shore up the local currency.  

""Unlike the practice previously, CBK (Central Bank of Kenya) has not intervened in the market to influence the exchange rate in any way,"" he said. ""With this policy, the shilling has held well against the major currencies, particularly the dollar.""  

The governor admitted that the economy had not recovered ""as fast as initially anticipated"" due in part to the delay in donor support. But he added he expected a more rapid pick up in 2004 if donors resume lending.  

""Economic growth should start accelerating in the medium term,"" he said.  

Kenya's businesses have complained that wrangles in the ruling NARC coalition have dented business confidence and weighed down economic growth.  

The governor said the economy registered estimated growth of 1.4 percent in January-July 2003 compared with 0.7 percent for the same period of 2002.  

Mullei said the central bank would continue to pursue a low interest rate regime and strive to meet its target of an inflation of less than eight percent despite growing demand by government employees for salary increase."
INTERVIEW-Kenya Cenbank sees stable shilling despite IMF delay.  ,2003-10-30,"NAIROBI, Oct 30 (Reuters) - Kenya's central bank governor said on Thursday he expects the shilling to remain stable and competitive despite a decision by the International Monetary Fund to delay a meeting on lending.  

The shilling has fallen sharply, weakening to a one-month low after the IMF postponed a meeting on whether to resume lending to the east African country.  

At 0730 GMT the shilling was quoted at 78.40/60 to the dollar versus 76.40/76.60 before the news broke that the IMF had postponed the meeting.  

In the first official reaction since the shilling's plunge, central bank governor Andrew Mullei told Reuters he was confident the IMF would re-open the credit lines adding that the market had read too much into the postponement.  

""We expect the shilling to remain stable and competitive despite the postponement of IMF Board discussion on Kenya's request for IMF support,"" Mullei said in an interview.  

""It should be understood that postponement would not in any way imply rejection of the request.""  

The governor did not give a forecast of what range he expects the shilling to trade. Last month he said the shilling was properly priced when it was posted at between 78.50/70 to the dollar.  

Kenyan and IMF officials said an Executive Board meeting in Washington scheduled for November 5 had been delayed until November 21. The Fund said it needed more time for more debt analysis on Kenya.  

Mullei said the bank would continue with a policy of not intervening in the market to shore up the local currency.  

""Unlike the practice previously, CBK (Central Bank of Kenya) has not intervened in the market to influence the exchange rate in any way,"" he said. ""With this policy, the shilling has held well against the major currencies, particularly the dollar.""  

The governor admitted that the economy had not recovered ""as fast as initially anticipated"" due in part to the delay in donor support. But he added he expected a more rapid pick up in 2004 if donors resume lending.  

""Economic growth should start accelerating in the medium term,"" he said.  

Kenya's businesses have complained that wrangles in the ruling coalition NARC have dented business confidence and weighed down economic growth.  

The governor said the economy registered estimated growth of 1.4 percent in January-July 2003 compared to 0.7 percent for the same period of 2002.  

Mullei said the central bank would continue to pursue a low interest rate regime and strive to meet its target of an inflation of less than eight percent despite growing demand by government employees for salary increase."
Kenya shilling falls vs dlr after testing 65 level. ,2003-05-13,"
    NAIROBI, May 13 (Reuters) - The Kenya shilling        shed
its gains against the dollar on Tuesday after failing to breach
a key resistance level and importers began to snap up the U.S.
currency, dealers said.
    At 0930 GMT, leading commercial banks posted the unit at
67.30/60 shillings to the dollar from its close of 66.65/75
shillings on Monday. The unit earlier tested the key technical
and psychological resistance level of 65, rising to a high of
65.35/45 against as banks sold dollars amidst subdued demand.
    ""It traded too much and people reached their trading
(volume) limits,"" Kihara Maina, head of trading at Barclays Bank
said. ""Many banks have had to pull out.""
 
    Dealers said that they had not seen any Central Bank of
Kenya intervention.
    The unit had appreciated rapidly against the dollar in early
morning trade, drawing in importers.



    ""65 was the target and we expected clients to come in at
that level,"" Kennedy Butiko, a senior dealer at Credit Agricole
Indosuez Bank said.
    ""A lot of corporates across the board are buying and some
banks panicked.""
    Dealers said the local unit could weaken some more on



Wednesday.



""The shilling will be in a consolidation phase between



67-69,"" Kihara said.



 
    But Butiko said that the unit may reverse once clients
perceive the rates to be unfavourable.
 
                  ...........Shilling spot rates
           ...............Shilling forward rates
                     ..Cross rates
               ............All Kenya Contributors
              ........Central Bank of Kenya Index
 
                   ...............Kenyan Bonds contributor pages
                   ..........Treasury bill yields
                         .............Kenyan economic indicators
    SPEED GUIDES:
 
    RELATED NEWS AND OTHER TOPICS:
    All Kenyan news...........
    Kenyan money and debt news.............
    All Money news.............
    Emerging Markets news...
    Emerging Markets glance...........
    African news.............
    East African Diary..."
UPDATE 1-Kenya cbank blames foreign banks for shilling fall. ,2002-11-27," (Adds governor watching shilling, tells banks intervention possible, shilling falls further) 

 NAIROBI, Nov 27 (Reuters) - Kenya's central bank said on Wednesday the shilling's fall below a key psychological level was driven by speculation by foreign banks over election worries but he would not intervene at present to stop its fall. 

 Speaking to Reuters in an interview, Nahashon Nyagah added that although there was no need for intervention at the moment he was ""watching"" the shilling and might take action at an appropriate time in the future if banks failed to heed him. 

 ""Players in the foreign exchange market are playing into the hands of foreign banks,"" Nyagah said. 

 ""I have identified the problem is foreign banks from South Africa, Middle East, London and New York. It is not because of fundamental reasons. It is speculative."" 

 Nyagah blamed foreign banks for undermining the rate of the shilling based on the perception that Kenya's political future was uncertain due to elections slated for December 27. 

 Dealers reacted to his remarks by pushing the shilling shilling below a nine-year low of 80.10/20 to the dollar hit on Tuesday when the currency sank under the key psychological mark of 80 for the first time in almost a decade. 

 Dealers said Tuesday's fall was driven by unusually high dollar demand and a dearth of export earnings. At the close on Wednesday it stood at 80.05/25 after briefly touching 80.50/55. 

 In recent months the local unit has stood at about 79.50/55. 

 Kenya holds crucial general elections on December 27 when veteran President Daniel arap Moi is due to step down after 24 years in power, and his ruling party is facing is toughest battle yet against a united opposition. 

 ""Electioneering is the excuse,"" he said. ""What uncertainties are there? There is none. Kenya has held elections every five years since independence, and if it is the transition, President Moi has already said he will retire, so there is no uncertainty."" 

 Nyagah said he would not use the around $1 billion or 3.4 months cover in foreign exchange reserves to influence the rate. 

 ""I will not intervene,"" Nyagah said, repeating the phrase throughout the interview. 

 He said to intervene given present market sentiment would only fuel the unit's slide, and instead urged banks to exercise restraint and not rush to trade at present rates. 

 But the governor offered to sell dollars to individual banks that run into dollar shortfalls. 

 ""There is no need for intervention at the moment, but I am watching,"" he said. ""I will offer to sell to them (Kenyan banks) dollars at an agreed exchange rate to cover any liquidity shortfall that they have."" 

 He said he could meet up to $50 million a day if need be to cover any gaps in their books. 

 He also said that there might come a time when he would contemplate intervention. ""At an appropriate time, if the banks do not hear my appeal, I will come in,"" Nyagah said. 

 DEALERS PREDICT FURTHER FALL 

 Some dealers said the decision not to intervene immediately to stem the shilling's drop would fuel further speculative buying by foreign banks. 

 ""Not intervening gives the speculators the okay to raid the market,"" said one dealer who declined to be named. 

 ""I'm just surprised that he won't intervene. I think we shall see the shilling weaken to 81 by Thursday."" 

 Dealers said they had expected the governor to sell dollars into the market to stem the currency's plunge as promised earlier. 

 In late October, the CBK governor told Reuters that the bank would intervene to keep the currency exchange rate below the psychological level of 80 shillings. 

 ""Too little too late on verbal intervention, we have already breached the psychological level of 80,"" said James Mutuku a senior dealer at Kenya Commercial Bank. 

 ""Verbal intervention is hot air, and players now know the central bank will never intervene actively. The shilling is likely to go into a tailspin."" 

 Some dealers said it was a positive statement for free markets. 

 ""It's a positive statement as it lets the market to determine its own level,"" Fred Michuki, head of trading at Standard Chartered said. 

 ""I think it will turn at the appropriate time, but for now dollar demand will rise because you cannot wish away the political jitters that investors have."""
INTERVIEW-Kenya cbank blames foreign banks for shilling fall. ,2002-11-27," NAIROBI, Nov 27 (Reuters) - Kenya's central bank governor said on Wednesday the shilling's fall below a key psychological level was driven by speculation by foreign banks over election uncertainties and added he would not intervene to stop its fall. 

 The Kenya shilling dipped to a nine-year low on Tuesday, undermined by unusually high dollar demand amid a dearth of export earnings. 

 ""Players in the foreign exchange market are playing into the hands of foreign banks,"" Nahashon Nyagah told Reuters in an interview. 

 ""I have identified the problem is foreign banks from South Africa, Middle East, London and New York. It is not because of fundamental reasons. It is speculative."" 

 At 1230 GMT leading commercial banks posted the shilling at 80.10/20 shillings to the dollar, unchanged from Tuesday's closing levels when it breached the key psychological mark of 80 for the first time in almost a decade. It closed at 79.75/85 on Monday. 

 The currency last hit the 80.10 bid level on July 9 1993. 

 The local unit stood at 79.50/60 to the dollar on Wednesday last week. 

 Nyagah blamed foreign banks for undermining the shilling based on the idea that Kenya's political future was uncertain due to elections slated for December 27. 

 Kenya holds crucial general elections on December 27 when veteran President Daniel arap Moi is due to step down after 24 years in power, and his ruling party is facing is toughest battle yet against a united opposition. 

 ""Electioneering is the excuse,"" he said. ""What uncertainties are there? There is none. Kenya has held elections every five years since independence, and if it is the transition, President Moi has already said he will retire, so there is no uncertainty."" 

 The governor said he would not, for the moment, intervene to stem the local unit's slide but offered to sell dollars to individual banks that run into dollar shortfalls. 

 ""There is no need for intervention at the moment, but I am watching,"" he said. ""I will offer to sell to them (Kenyan banks) dollars at an agreed exchange rate to cover any liquidity shortfall that they have."" 

 He said he could meet up to $50 million a day if need be to cover any gaps in their books. 

 In late October, the CBK governor told Reuters that the bank would intervene to keep the currency exchange rate below the psychological level of 80 shillings. 

Kenya's central bank does not usually reveal when it intervenes in the market but the governor has said the bank has not needed to do so in recent times. 

 Nyagah said he would not use the nearly $1 billion or three months cover in foreign exchange reserves to influence the rate."
INTERVIEW-Kenya cenbank sees stable shilling ahead of poll. ,2002-10-25," DAR ES SALAAM, Oct 25 (Reuters) - Kenya's central bank chief said on Friday the shilling would end the year below a key psychological level despite pressure from impending elections. 

 Nahashon Nyagah told Reuters in Tanzania's capital Dar Es Salaam that the country's currency would range-trade from 78 to 79 shillings per dollar, just under the key psychological level of 80 shillings despite steady weakening since August. 

 ""I don't think it will hit the 80 (shillings) mark against the dollar,"" Nyagah said. 

 Kenya is expected to hold general elections in December when veteran President Daniel arap Moi is due to step down after 24 years at the helm and the local unit has weakened as the market reacts to the uncertainty of change. 

 But Nyagah said there were no economic fundamentals to indicate the shilling should weaken further and said the central bank would intervene to halt any swings in the exchange rate that are not supported by fundamentals. 

 ""In the past one and a half years we have not had to intervene in a single day, we do not want to,"" Nyagah said. 

Kenya's central bank does not usually reveal when it intervenes in the market but has repeatedly warned banks it could use its relatively strong $1.1 billion of foreign exchange reserves to influence the rate. 

 Nyagah also moved to reassure investors that the central bank is independent of the government and would not suffer any attempts to fiddle with monetary policy for electoral reasons. 

 He said legislation barred the central bank from printing money to fund the forthcoming elections, as happened in the run-up to the 1992 elections when Moi's government printed money to finance the ruling party's campaign, creating a deep post-election economic slump. 

 ""It is not a request I have received from the government, it will not happen and it will never happen as long as I am governor,"" Nyagah said. 

 He said lack of international donor support was partly to blame for Kenya's sputtering economy, which grew at a modest 1.2 percent in 2001 compared with 5.6 percent in Tanzania. But he added he expected lending to Kenya to resume early next year when a new parliament is constituted. 

 Officials hope the new parliament will conclude the passage of anti-corruption bills demanded by the International Monetary Fund, whose blessing is a key criteria for many donors. 

 The Corruption Control Bill 2002, which sets up an independent anti-corruption body and the Public Officers' Ethics Bill which demands that all senior public servants including the president declare their wealth, have been pending in parliament despite passing several crucial stages of debate. 

 ""The bills are ready to go to parliament, and that is all we have left and once parliament is back I see that we'll be able to get back on the IMF programme so I see the economy getting much better,"" Nyagah said. 

Currency analysts were not in total agreement with Nyagah. 

 Some say the shilling will breach 80 shillings by the end of the year. But most agree it will not weaken much further. 

 Leading commercial banks posted the shilling at a mean rate of 79.55/65 to the dollar at 0800 GMT from 79.25/50 at Thursday's close. 

 Dealers said the market was edgy and attributed the shilling's falls to interbank speculation as banks move to stock up on dollars ahead of the weekend. 

 ""The shilling is expected to remain under pressure as dealers square positions ahead of the weekend,"" Citibank said in a Friday market report."
Tanzania shilling little changed vs dollar. ,2002-10-09," NAIROBI, Oct 9 (Reuters) - The Tanzania shilling was little changed against the dollar on Wednesday compared with a week ago but found support from export earnings, dealers said. The Kenyan shilling eased a touch versus the greenback over the past seven days amid lower tea exports. 

 At 0830 GMT leading commercial banks posted the local unit at 976/977 shillings to the dollar slightly firmer from last Wednesday's close of 977/978. 

 They said Tanzanian shilling gains were expected to continue on export earnings, while the Kenyan shilling struggled back from a three-month low on Monday. 

 ""The (Tanzanian) shilling has appreciated slightly because it is the peak of the cashew nut and coffee crop season,"" said Alex Ngusaru at Tanzania's Citibank, adding that there had not been much corporate demand for dollars. 

 Dealers said the Tanzanian shilling has also been pressured this week by the Bank of Tanzania, which bought dollars in the market on Monday and Tuesday for the second week running to restrain the shilling's rise. 

 ""They intervened to release pressure on the shilling to appreciate,"" said Ngusaru. 

 Dealers said they expected the Tanzanian shilling to remain buoyant while central bank intervention continues. 

 The Kenya shilling was down 10 Kenyan cents overall in the week at 79.10/20 shillings to the greenback from last Wednesday's close of 79.00/10 shillings, but had fought back from low of 79.40/50 on Monday. 

 Dealers said dwindling tea export receipts and a need for dollars by the Kenya Tea Development Agency (KTDA) to make foreign payments hit the shilling. 

 Tea is Kenya's leading foreign exchange earner. 

 ""The (Kenyan) shilling edged lower to...79.40/50 shillings as tea inflows continue to dwindle, owing to poor weather conditions in August and September,"" a dealer at Barclays Bank of Kenya said. 

 Dealers said they expected the Kenya shilling to strengthen in the coming week as corporates shy away from dollar buying at present rates and as KTDA's dollar receipts improve. 

 ""The shilling is bound to strengthen as inflows come in and as people sitting on dollars sell them to take advantage of the high rates,"" said the dealer at Barclays bank. 

 ""Corporates will then come in to buy dollars at better prices."" 

 Traders predicted Kenya's shilling would remain rangebound between 79.10/25 in the coming week. 

 Banks in Uganda were closed on Wednesday as the country is celebrating its independence from British colonial rule."
UPDATE 1- Kenya  shilling gains on  intervention  talk. ,2002-06-14," NAIROBI, June 14 (Reuters) - The Kenya shilling bounced from near 18-month lows on Friday, gaining up to 70 cents against the dollar as traders reacted to a report that the central bank said it had the resources to support the local unit. 

 The shilling hit a peak of 78.60/70 to the dollar in early trade compared to 79.30/40 at Thursday's close. At 1220 GMT the shilling eased slightly to 78.80/90 to the dollar. 

 The local unit had depreciated sharply as importers bought dollars as a precaution ahead of the budget. 

 The central bank governor Nahashon Nyaga was quoted by the East African Standard daily as saying he had adequate resources to intervene in the market and correct the shilling's depreciation. 

 There was no immediate comment from Nyagah. 

 Anthony Wachira of Kenya Commercial Bank's treasury department said the shilling had gained on the report. 

 ""To a large extent the shilling's gain was prompted by the central bank's threat of intervention,"" said Wachira. 

 ""There is a likelihood it will strengthen even further because the clear signal from central bank is that the shilling should be stronger at levels of about 78.30/40."" 

 Kenya's foreign exchange reserves have risen steadily to $1.077 billion by March 2002 or 3.4 months of import cover. 

 But other dealers attributed the gains to a correction after the budget announcement on Thursday by Finance Minister Chris Obure for 2002/03 came in at the market's expectations. 

 Traders said a rise in Kenya's budget deficit to four percent of gross domestic product (GDP) in 2001/02 (July-June) from a 1.8 percent deficit the previous year was slightly better than market expectations. 

 ""People overspeculated on the budget - since it was going up on hot air it had to go down on hot air,"" said Maina Kihara at Barclays Bank. 

 The shilling touched 79.45/50 early in Thursday's session, its lowest level for 18 months, as fears over the size of the gap in government finances weighed. The local unit last hit 79.50 to the dollar on December 7, 2000. 

 ""I think the market was driving up the dollar against the shilling on the premise that there would be a huge budget deficit that would therefore impact on how the shilling should behave,"" Kihara said. 

 ""But yesterday there was really nothing new. Everyone knew there was going to be a budget deficit."" 

 The widened budget deficit reflected increasing spending ahead of elections due this year and a funding gap left by the suspension of donor lending in 2000 over corruption concerns. 

 Traders said the size of the deficit was roughly in line with expectations. 

 ""The only thing I can put it down to is that this is a speculator's market,"" said Fred Michuki at Standard Chartered Bank, adding that all the activity in Friday's busy market was down to interbank players. 

 ""There has been a lot of talk pre-budget, as in the last few years, and the shilling tends to weaken before a budget and strengthen after it. There are no fundamentals."""
Energy sector keeps Kenya shilling under pressure. ,2000-09-27," NAIROBI, Sept 27 (Reuters) - Kenya's shilling shed 15 cents to 78.75/95 against the dollar in early Wednesday trade, pressured by energy sector demand, but traders were wary of central bank intervention above the 79.0 level. 

 The unit opened at the same level on Tuesday, but ended higher at 78.60/80 after inflows from the tea sector. 

 Traders said those inflows and some from aid organisations and the horticulture sector were still coming in and in sufficient amounts to steady the shilling. 

 ""There is a quite a bit of activity from the oil and energy (electricity) sectors,"" said Noah Meely at ABN Amro. 

 Dealers say traditional month-end demand for dollars has been heightened by the rising demand of the oil sector due to higher crude oil prices and greater oil use in power generation because of a drought. 

 But they said caution reigned in the market that the Central Bank of Kenya could intervene if the shilling breached the 79.0 to the dollar level. 

 ""Resistance is there because of fear of central bank intervention,"" said another dealer who declined to be named. 

 The shilling has been vulnerable this year due to falling tea output and lower coffee prices, two of Kenya's main foreign exchange earners. 

 But hard currency demand from the corporate sector has also been curtailed by the impact of Kenya's worst drought in four decades which has slowed economic growth."
Kenya  shilling decline braked by  intervention  fear. ,2000-06-30," NAIROBI, June 30 (Reuters) - Kenya's shilling held steady against the dollar in quiet trade on Friday and traders said players were cautious, fearing central bank intervention. 

 The shilling fell through 78.0 against the greenback on Thursday, a key support level. 

 At 0945 GMT it was posted at 77.90/78.10 unchanged from Thursday's close. 

 ""People think a fall towards 78.50 is not sustainable because the central bank might intervene,"" said one dealer. 

 ""It is a question of once bitten twice shy,"" he added, recalling last month when the Central Bank of Kenya sold dollars after the shilling touched the 78 level. 

 A surge in demand for dollars as corporates rushed to meet end of month commitments lowered the shilling on Thursday. 

 But other dealers said the local currency was supported by sentiment that key donors could restart funding to Kenya soon. 

 They said the market was likely to remain dull during the rest of the session with most people just squaring positions ahead of the weekend. 

 The central bank posted the shilling at a mean commercial rate of 77.95 to the dollar."
Kenya shilling seen on defensive ahead of budget. ,1999-05-31," NAIROBI, May 31 (Reuters) - The Kenyan shilling will remain on the defensive ahead of the 1999/2000 state budget on June 10, undermined by higher importer demand and shortfalls in agriculture exports, currency analysts said on Monday. 

 They said they saw the shilling in the 69 to 71 range against the dollar, with any breach of 72 expected to trigger central bank intervention in the market. 

 The shilling opened lower again on Monday with commercial banks quoting it at 70.80/71.05 against the dollar. 

 ""The shilling remains vulnerable to reduced dollar sales by exporters, believed to be withholding funds from the market in the hope of benefiting from further shilling softness,"" said Razia Khan, of the Standard Chartered Bank in London. 

 ""The recent experience of rapid weakening will likely see sustained importer demand for forward cover, reinforcing the shilling's downward bias,"" added Khan, a treasury economist. 

 Kenya's financial markets and foreign donors hope the government will present a budget that includes concrete measures to cut government spending, rebuild the crumbling infrastructure and improve its supervision of commercial banks. 

 A good budget would likely boost the shilling even though the export sector remains weak. 

 Dealers said the shilling has been hurt by developments in the tea and coffee sectors - Kenya's main commodity exports. 

 They said low world coffee prices and a dispute on marketing rules among smallholder coffee societies were likely to offset the advantages of increased production. 

 Smallholders produce about half Kenya's total coffee crop. 

 The outlook for tea, the top hard-currency earner, was also gloomy. Despite a forecast recovery from below-average rains earlier this year, Kenya could face the loss of an important export market. 

 Retaliatory measures in response to tariffs imposed on Pakistani rice by Kenya have led to lobbying by the Pakistani Chamber of Commerce to impose similar tariffs on Kenyan tea. 

 The Pakistani decision has not been finalised and could contravene World Trade Organisation (WTO) rules. But the last two months have witnessed a fall in Pakistani purchases at Kenyan tea auctions, depressing competition and keeping prices low. 

 Markets are also awaiting the resumption of International Monetary Fund (IMF) lending to Kenya, on which hopes have long been placed to boost investor confidence and domestic growth. 

 The IMF board of directors met Kenyan Treasury officials this month in Washington but failed to set a date for the resumption of talks on the stalled three-year $205 million loan under its Enhanced Structural Adjustment facility (ESAF). 

 ""The shilling will continue its downward trajectory in the absence of positive news from that front,"" said a senior dealer at a bank in Nairobi. ""That news should be available in July."" 

 Hints by the Central Bank of Kenya (CBK) that intervention would be forthcoming if the shilling reached an unacceptable level, thought to be around 70 versus the dollar, have helped to shore up support for the currency in the past, analysts said. 

 The central bank says it will only smooth out fluctuations in the exchange rate not caused by economic fundamentals, rather than attempt to set a direction for the currency. 

 The central bank has blamed shilling losses mainly on a rapid decline in interest rates. The yield on the benchmark 91-day treasury bills now stands at below 10 percent from a peak of 27 percent in April last year. 

 CBK Chief Dealer Charles Musau told reporters this month that low interest rates meant offshore dollars were now chasing markets offering better yields - and that put constant pressure on the shilling. 

 ((Nairobi newsroom ++254-2 330261, fax 254-2 338860, nairobi.newsroom@reuters.com)). 

 (C) Reuters Limited 1999."
Kenya shilling stable against dollar. ,1999-05-04," NAIROBI, May 4 (Reuters) - The Kenya shilling was steady against the dollar in thin trade on Tuesday as the local unit found support at the 67 level. 

 At 0930 GMT five leading banks posted the shilling at 67.65/75 against the dollar, slightly firmer from Monday's close of 67.80/95. 

 The shilling found support at 67 after the easing of a surge last week in demand for dollars, dealers said. Profit-taking had also lent support to the shilling, they said. 

 ""We have seen exporters locking foward deals (at the same rate),"" one dealer said. 

 The Kenya shilling fell to an average of 67.44 to the dollar in the week to Tuesday from 65.77 in the same period the previous week, the Central Bank of Kenya (CBK) said. 

 The bank said it would not intervene in the market to prop up the shilling. 

 But it could enter the market to purchase foreign exchange for three reasons - to cater for government and its maturing obligations, to increase bank reserves and to smooth over wide fluctuations in the shilling arising from non-economic fundamentals, it said. 

 ""We still maintain our policy of leaving the shilling exchange rate to be determined by market forces of supply and demand,"" CBK's chief economist Maurice Kanga said in a statement. 

 Last week, dollar purchases to meet foreigners' portfolio investment leaving the market after sharp declines in treasury bills yield sent the shilling 2.5 percent lower against the dollar. 

 The central bank hinted it would come into the market if the shilling looked like falling to the 70 level, comments that dealers said had helped shore up the local unit. 

 The central bank posted a shilling mean indicative rate of 67.55 to the dollar from 67.61 at Monday's open. 

 Against the pound and euro, the bank quoted a shilling mean commercial rate of 108.96 and 71.56 respectively from 108.86 and 71.56 on Monday. ((Nairobi newsroom, +254 2 330261/2 fax +254 2 338860, nairobi.newsroom@reuters.com)). 

 (C) Reuters Limited 1999."
FOCUS -  Kenya  cen.bank  intervenes  after shilling fall. ,1998-12-14," NAIROBI, Dec 14 (Reuters) - The Central Bank of Kenya (CBK) intervened in the foreign exchange market on Monday, selling dollars after a speculative attack forced a sharp fall in the shilling. 

 ""The central bank intervened in the market, selling some dollars. But the action came late and did not have the desired effect,"" said a senior dealer at a leading international bank. 

 There was no immediate word from CBK on the intervention. Dealers did not say at what rate the central bank sold dollars but added that Kenyan currency strengthened by up to a shilling against the dollar afterwards. 

 The shilling fell to its lowest level of the day at 64.00/65.50 against the dollar at 3:00 p.m. (1200 GMT), shortly before the intervention, before settling at 63.50/64.50. 

 At 0900 GMT, four leading banks had posted the shilling at 62.80/63.35 against the dollar while two other banks were quoting 62.70/63.10 from 62.40/62.90 on Friday. 

 ""There was a speculative attack by some South African banks, they hit the market on Friday and this morning and returned later to take their profits,"" one treasurer told Reuters. 

 Another dealer said that the market remained nervous and there was a possibility of further central bank intervention early on Tuesday to stem any further shilling declines. 

 ""There are just a few South Africans playing around the market and influencing the frenetic movement of the last few hours,"" the dealer said. 

 Dealers said the huge spreads - between a shilling and 1.50 shillings - reflected the nervous state of the market. They added that it was too early to say what direction the shilling would take due to uncertainty on further CBK intervention plans. 

 Earlier, dealers said a decline in treasury bill yields had forced a complimentary decline in the shilling rate. 

 ""The steady decline in interest rates on treasury bills is putting pressure on the local unit,"" Chris Rengo, chief dealer at Standard Chartered Bank, told Reuters. 

 The average yield on Kenya's benchmark 91-day treasury bill fell to 12.959 percent last Thursday from 14.349 percent the previous week. The 12-week moving average of the 91-day T-bill yield fell to 18.330 percent, from 19.113 percent last week. 

 Dealers said unrelenting corporate demand supported by some interest for dollars from offshore banks had convinced exporters to hold on to their dollars, hoping to offload when the greenback is at its peak. 

 They said sentiment was for a weaker shilling. 

 Another dealer said he had noted demand for dollars from the oil sector with players looking to buy crude oil at the current very low prices. 

 The central bank posted a shilling opening mean indicative rate of 62.3461 to the dollar from 61.6683 on Friday. 

 ((Nairobi newsroom, +254 2 330261/2 fax +254 2 338860, nairobi.newsroom@reuters.com)). 

 (C) Reuters Limited 1998."
Kenya shilling steady in thin trade. ,1998-03-20," NAIROBI, March 20 (Reuters) - The Kenya shilling hovered at just under 60 to the dollar on Friday in a balanced market with thin trade, dealers said. 

 One dealer said there was evidence the central bank snapped up anything offered stronger than 60 to the dollar on Thursday in an attempt to curb any rise in the currency's value. 

 ""The Central Bank is coming in at anything below 60 and that is the only thing stopping us having a very strong shilling by now,"" said the dealer, adding the currency could go as high as 58. 

 The dealer said he understood the Bank had bought $15 million on Thursday and it was checking the market again on Friday but had yet to intervene. 

 ""They are trying to prevent it going below (stronger than) 60, because that would hurt exporters and agriculture and tourism which have already been very hard hit,"" said the dealer. Other dealers said they saw no hard evidence of bank intervention. 

 Factors connected to rising taxes and perceptions of Kenya's economy have made 60 shillings to the dollar a difficult threshold for the shilling to cross. 

 Dealer said they were trading in the 59.95/60.20 range but spreads could widen slightly, with buyers prepared to accept variations in an effort to close business quickly in advance of the weekend. 

 The Central Bank of Kenya put the mean indicative shilling rate against the dollar on Thursday at 60.1222, which traders said was the week's only busy day. 

 ""The shilling gained marginal ground on the dollar yesterday (Thursday) as exporter proceeds poured into the market. Traders have involuntarily been building up long dollar positions over the week due to whimsical demand from importers,"" Citibank said in a report on Friday. 

 Money market lending rates stood at around 23-24 percent on Friday, up from 21 percent on Thursday after having drifted upwards all week, dealers said. 

 ((Matthew Bigg, Nairobi newsroom, +254 2 330261/2 fax +254 2 338860, nairobi.newsroom@reuters.com)). 

 (C) Reuters Limited 1998."
FOCUS- Kenya  cenbank  intervenes  as shilling surges. ,1998-01-13," NAIROBI, Jan 13 (Reuters) - Kenya's central bank stepped into the market on Tuesday buying dollars to stem a rapid appreciation of the shilling which dealers said was an apparent vote of confidence in new finance minister Simeon Nyachae. 

 ""The (central) bank was seen in the market to support the shilling,"" one currency dealer at an international bank said. The Central Bank made no comment. 

 Dealers said Monday's pledge by Nyachae to continue economic reforms launched by his predecessor Musalia Mudavadi had calmed market nerves and ended market uncertainty. 

 ""I have no intention of altering the (reform) programme my colleague had started. The reforms were based on endorsement of the cabinet and government of which both of us are members,"" Nyachae said at a formal hand-over ceremony. 

 ""Nyachae's statement was shilling positive and gave the market assurance,"" one senior dealer said. 

 The shilling picked up steam late Tuesday afternoon after breaking the 62.00 resistance level in early trade, commercial bank dealers said. 

 By 4.10 p.m. local time (1310 GMT) it was quoted at around 60.00/61.00 to the dollar, from an opening mid-rate of 62.2944, dealers said. 

 At one point, the bid rate fell as low as 59.50 before the market pulled back slightly, dealers said. 

 ""Today we had a fair amount of dollars from offshore investors -- about $5-$10 million,"" another dealer said. 

 ""The shilling appreciated partly because the central bank was probably slow to participate in the market and nobody wanted to hold the market alone,"" he added. 

 But although the shilling looks set to carve out more gains in the absence of significant demand for dollars, dealers said they were taking no risks and would maintain wide spreads. 

 Spreads between bid and offer rates widened to over a shilling on Tuesday from around 20 cents on Monday. 

 Kenya's financial markets remain untouched by turmoil in Asian markets -- and have been on a recovery path since the general elections two weeks ago. 

 The Nairobi Stock Exchange 20-share index has gained ground every day so far this year. It closed at 3307.07 on Tuesday and is now 6.2 percent up on the year. 

 ((Nairobi newsroom,  +254 2 330261/2  fax +254 2 338860, nairobi.newsroom@reuters.com)) 

 (c) Reuters Limited 1998"
Kenya c.bank buys dlrs to stem shilling's rise. ,1998-01-13," NAIROBI, Jan 13 (Reuters) - The Central Bank of Kenya intervened in the foreign exchange market on Tuesday, buying dollars to stem the shilling's rise, commercial bank dealers said 

 ""The (central) bank was seen in the market to support the shilling,"" one leading currency dealer at an international bank said. The Central Bank made no comment. 

 The Kenyan shilling rallied strongly on Tuesday in an apparent vote of confidence for new Finance Minister Simeon Nyachae. 

 By 3.40 p.m. local time (1240 GMT) it was quoted at around 60.00/61.00 to the dollar, from an opening mid-rate of 62.2944, dealers said. At one point, the bid rate fell as low as 59.50 before the market pulled back slightly, dealers said. 

 Dealers said Monday's pledge by Nyachae to continue economic reforms launched by his predecessor Musalia Mudavadi had calmed market nerves and ended market uncertainty. 

 ""Nyachae's statement was shilling positive and gave the market assurance,"" one senior dealer said. 

 The shilling picked up steam after breaking the 62.00 resistance level in early trade, commercial bank dealers said. 

 ((Wambui Chege, Nairobi newsroom,  +254 2 330261/2  fax +254 2 338860, nairobi.newsroom@reuters.com)) 

 (c) Reuters Limited 1998"
Kenya  Central Bank  Says It Has No Desired Exchange Rate ,1997-08-13," NAIROBI (AP-Dow Jones)--The Central Bank of Kenya Wednesday said it would not intervene in the foreign exchange markets to maintain the shilling at a pre-determined rate. 

 'The Central Bank will only intervene in the market to smoothen out wild fluctuations in the shilling exchange rate,' the Central Bank said in a statement. 'Accordingly, after the liberalization of the foreign exchange market, the Central Bank has at no time had a predetermined or desired exchange rate.' 

 (MORE) AP-DOW JONES NEWS 13-08-97 

 1430GMT"
Exotic  Currency / Kenya  -3:  Intervention  Seen As Fruitless ,1997-08-08," That might plug the hole in the government's funding plans that has been created by the departure of foreign investors, but would not in itself help the shilling. 

 Nor can the Central Bank of Kenya do much to support the currency in the short term, analysts believe. The Central Bank Friday said foreign exchange reserves at the Central Bank and local commercial banks stand at $1.4 billion. 

 Analysts estimate the Central Bank's own reserves stand at less that $1 billion. 

 BZW's Douch argues that if the Central Bank were to sell dollars in an effort to support the shilling, it would simply be helping foreign investors to limit their losses as they exit the country. 

 Fleming's Garner believes the shilling would be fairly valued if the dollar traded at 67.5 shillings, although he expects the currency to trade below that in the short term. Douch also expects further falls, although he declined to speculate on when the currency's decline will stop. 

 Neither analyst sees much prospect of a rebound in the shilling until the government's relationship with the IMF improves. Fears that the shilling was becoming over-valued preceded the IMF's decision to suspend the loan. The country's trade deficit reached 8% of gross domestic product in 1996. 

 But the suspension of the loan was the trigger for the shilling's collapse, and analysts believe the currency's salvation also depends on the IMF. 

 'I can't see the shilling recovering without some form of package in place internationally,' said Douch. 

 The Fund is likely to insist on steps to combat corruption that President Daniel arap Moi may be unwilling to take. 

 (MORE) AP-DOW JONES NEWS 08-08-97 

 1544GMT 

 1106 1838"
Kenya  Forex  Market Braces For Further Shilling Fall ,1997-08-07," NAIROBI (AP-Dow Jones)--The Kenyan foreign exchange market was Thursday braced for further shilling declines, following the currency's 4.6% drop against the dollar Wednesday. 

 The dollar opened Thursday at 66.50/68.50 shillings, up from Wednesday's closing at 65.90/68.00, the Central Bank of Kenya said. 

 'It's still early in the day. We're watching carefully... It depends on what orders come,' Charles Musawo, a Central Bank foreign exchange dealer said. 

 He said the trend will be clearer at noon local time (0900 GMT). 

 The shilling's 4.6% fall on Wednesday brought its decline since Thursday to 13.6%. 

 There were bids as low as 69 shillings per dollar on Wednesday morning. The shilling's lowest level stands at 69.22 in October 1993. 

 The shilling's recovery from earlier lows followed comments from the Central Bank of Kenya, which said it would continue to intervene in support of the shilling, and called for calm. 

 'The Central Bank wishes to re-affirm that it will continue to intervene in the foreign exchange market as and when justified,' Central Bank Governor Micah Cheserem said. 

 (MORE) AP-DOW JONES NEWS 07-08-97 

 0830GMT"
Kenya  Forex  Market Braces For Further Shilling Fall ,1997-08-07," NAIROBI (Dow Jones)--The Kenyan foreign exchange market was Thursday braced for further shilling declines, following the currency's 4.6% drop against the dollar Wednesday. 

 The dollar opened Thursday at 66.50/68.50 shillings, up from Wednesday's closing at 65.90/68.00, the Central Bank of Kenya said. 

 'It's still early in the day. We're watching carefully... It depends on what orders come,' Charles Musawo, a Central Bank foreign exchange dealer said. 

 He said the trend will be clearer at noon local time (0900 GMT). 

 The shilling's 4.6% fall on Wednesday brought its decline since Thursday to 13.6%. 

 There were bids as low as 69 shillings per dollar on Wednesday morning. The shilling's lowest level stands at 69.22 in October 1993. 

 The shilling's recovery from earlier lows followed comments from the Central Bank of Kenya, which said it would continue to intervene in support of the shilling, and called for calm. 

 'The Central Bank wishes to re-affirm that it will continue to intervene in the foreign exchange market as and when justified,' Central Bank Governor Micah Cheserem said. 

 (END) DOW JONES COMMODITIES SERVICE 07-08-97 

 0900GMT"
Kenya  Forex  Market Braces For Further Shilling Fall ,1997-08-07," NAIROBI (Dow Jones)--The Kenyan foreign exchange market was Thursday braced for further shilling declines, following the currency's 4.6% drop against the dollar Wednesday. 

 The dollar opened Thursday at 66.50/68.50 shillings, up from Wednesday's closing at 65.90/68.00, the Central Bank of Kenya said. 

 ""It's still early in the day. We're watching carefully... It depends on what orders come,"" Charles Musawo, a Central Bank foreign exchange dealer said. 

 He said the trend will be clearer at noon local time (0900 GMT). 

 The shilling's 4.6% fall on Wednesday brought its decline since Thursday to 13.6%. 

 There were bids as low as 69 shillings per dollar on Wednesday morning. The shilling's lowest level stands at 69.22 in October 1993. 

 The shilling's recovery from earlier lows followed comments from the Central Bank of Kenya, which said it would continue to intervene in support of the shilling, and called for calm. 


""The Central Bank wishes to re-affirm that it will continue to
intervene in the foreign exchange market as and when justified,"" Central
Bank Governor Micah Cheserem said.
 - -   -(AP-DJ-08-07-97 0830GMT)



(END) DOW JONES EMERGING MARKETS REPORT  07-08-97



0831GMT


 1802"
"Kenya Shilling Recovers, But Still Closes Down 4.6% ",1997-08-06," NAIROBI (AP-Dow Jones)--The Kenyan shilling recovered from a sharp drop against the dollar earlier Wednesday. 

 At 1300 GMT, the shilling closed at 65.90/68.00 to the dollar, up from 69.00 to the dollar earlier in the day, the Central Bank of Kenya said. 

 The shilling's 4.6% fall for the day brought its decline since Thursday to 13.6%. 

 The shilling's sharp decline followed the International Monetary Fund's decision Thursday to suspend a $220 million loan to the country. The IMF said it had taken the step because Kenya hadn't taken sufficient steps to meet its concerns about corruption and management of the energy sector. 

 The shilling's recovery from earlier lows followed comments from the Central Bank of Kenya, which said it would continue to intervene in support of the shilling, and called for calm. 

 'The Central Bank wishes to re-affirm that it will continue to intervene in the foreign exchange market as and when justified,' Central Bank Governor Micah Cheserem said. 

 Charles Musawo, a Central Bank foreign exchange dealer, said the Central Bank had intervened in the market Wednesday, but provided no further details. 

 (END) AP-DOW JONES NEWS 06-08-97 

 1432GMT"
Kenya  Central Bank /Shilling -2: Down 7.8% Wednesday ,1997-08-06," Cheserem said the shilling opened at 64.00 to the dollar, and rapidly declined to a selling rate of as high at 69.00 at 11.00 a.m. local time (0800 GMT), a decline of 7.8%. 

 The Kenyan shilling fell by over 4% against the dollar Tuesday. 

 The shillings sharp decline was prompted by the International Monetary Fund's decision Thursday to suspend a $220 million loan to the country. The IMF said it had taken the step because Kenya hadn't taken sufficient steps to meet its concerns about corruption and management of the energy sector. 

 The Central Bank of Kenya Wednesday intervened in the market with its foreign exchange reserves, Charles Musawo, a Central Bank foreign exchange dealer said. He provided no further details. 

 'We are already in the market,' he said. 'Major foreign investors came to pull out bonds. Strains are bigger than the market can stand.' 

 The scale of the shilling's decline appears to have taken the Central Bank by surprise. 

 'While it is expected that the shilling would adjust downwards, following the lapse of the IMF loan, the speed of the depreciation is causing concern,' he said. 

 (MORE) AP-DOW JONES NEWS 06-08-97 

 1007GMT"
"Kenya  Central Bank  Urges Calm, Will Support Shilling ",1997-08-06," NAIROBI (AP-Dow Jones)--The Central Bank of Kenya Wednesday said it would continue to intervene in support of the shilling, and called for calm following the shilling's sharp fall against the dollar since Thursday. 

 'The Central Bank wishes to re-affirm that it will continue to intervene in the foreign exchange market as and when justified,' Central Bank Governor Micah Cheserem said. 

 He appealed to participants in the foreign exchange market to trade in an 'orderly manner so that losses arising from panic trading and speculative transactions are minimized.' 

 Banks have reported that several importers were rushing to pay their foreign bills to minimize exchange losses. Exporters, on the other hand, are reported to be holding back selling their foreign exchange earnings in anticipation of further shilling depreciation. 

 Cheserem said in a statement that commercial banks reported that some foreign investors in the Treasury bill and equities markets are buying foreign exchange in order to repatriate their investments. 

 'The combination of the above forces has caused the current turbulence in the foreign exchange market,' he said. 

 (MORE) AP-DOW JONES NEWS 06-08-97 

 0951GMT"
Kenya  Central Bank /Shilling -2: Down 7.8% Wednesday ,1997-08-06," Cheserem said the shilling opened at 64.00 to the dollar, and rapidly declined to a selling rate of as high at 69.00 at 11.00 a.m. local time (0800 GMT), a decline of 7.8%. 

 The Kenyan shilling fell by over 4% against the dollar Tuesday. 

 The shillings sharp decline was prompted by the International Monetary Fund's decision last Thursday to suspend a $220 million loan to the country. The IMF said it had taken the step because Kenya hadn't taken sufficient steps to meet its concerns about corruption and management of the energy sector. 

 The Central Bank of Kenya Wednesday intervened in the market with its foreign exchange reserves, Charles Musawo, a Central Bank foreign exchange dealer said. He provided no further details. 

 'We are already in the market,' he said. 'Major foreign investors came to pull out bonds. Strains are bigger than the market can stand.' 

 The scale of the shilling's decline appears to have taken the Central Bank by surprise. 

 'While it is expected that the shilling would adjust downwards, following the lapse of the IMF loan, the speed of the depreciation is causing concern,' he said. 

 (MORE) DOW JONES COMMODITIES SERVICE 06-08-97 

 1024GMT"
"Kenya  Central Bank  Urges Calm, Will Support Shilling ",1997-08-06," NAIROBI (Dow Jones)--The Central Bank of Kenya Wednesday said it would continue to intervene in support of the shilling, and called for calm following the shilling's sharp fall against the dollar. 

 'The Central Bank wishes to re-affirm that it will continue to intervene in the foreign exchange market as and when justified,' Central Bank Governor Micah Cheserem said. 

 He appealed to participants in the foreign exchange market to trade in an 'orderly manner so that losses arising from panic trading and speculative transactions are minimized.' 

 Banks have reported that several importers were rushing to pay their foreign bills to minimize exchange losses. Exporters, on the other hand, are reported to be holding back selling their foreign exchange earnings in anticipation of further shilling depreciation. 

 Cheserem said in a statement that commercial banks reported that some foreign investors in the Treasury bill and equities markets are buying foreign exchange in order to repatriate their investments. 

 'The combination of the above forces has caused the current turbulence in the foreign exchange market,' he said. 

 (MORE) DOW JONES COMMODITIES SERVICE 06-08-97 

 1023GMT"
"Kenya central bank  calls for calm,  intervenes . ",1997-08-06," NAIROBI, Aug 6 (Reuter) - Kenya's central bank called for an end to panic on Nairobi's foreign exchange market on Wednesday and intervened to stem the shilling's slide by selling dollars. 

Central Bank of Kenya Governor Micah Cheserem urged the foreign exchange market to trade ""in an orderly manner so that losses arising from the panic and speculative transactions would be minimised"". 

 Commercial bank dealers said following his statement the Central Bank intervened, selling at least $10 million. 

 ""The shilling exchange rate to the U.S. dollar opened at a mean rate of 64 and rapidly depreciated to a selling rate as low as 69...the speed of depreciation is worrying,"" Cheserem said. 

 He said commercial banks reported that several importers were rushing to pay their foreign bills in order to minimise exchange losses while exporters were holding back dollars in anticipation of further shilling losses. 

 In a statement, Cheserem also said foreign investors in government treasury bills and stocks were in the market after the IMF halted a key loan package to Kenya on Thursday, buying foreign exchange to repatriate their investments. 

 (c) Reuters Limited 1997"
"Kenya Shilling Recovers, But Still Closes Down 4.6% ",1997-08-06," NAIROBI (Dow Jones)--The Kenyan shilling recovered from a sharp drop against the dollar earlier Wednesday. 

 At 1300 GMT, the shilling closed at 65.90/68.00 to the dollar, up from 69.00 to the dollar earlier in the day, the Central Bank of Kenya said. 

 The shilling's 4.6% fall for the day brought its decline since Thursday to 13.6%. 

 The shilling's sharp decline followed the International Monetary Fund's decision Thursday to suspend a $220 million loan to the country. The IMF said it had taken the step because Kenya hadn't taken sufficient steps to meet its concerns about corruption and management of the energy sector. 

 The shilling's recovery from earlier lows followed comments from the Central Bank of Kenya, which said it would continue to intervene in support of the shilling, and called for calm. 

 ""The Central Bank wishes to re-affirm that it will continue to intervene in the foreign exchange market as and when justified,"" Central Bank Governor Micah Cheserem said. 

 Charles Musawo, a Central Bank foreign exchange dealer, said the Central Bank had intervened in the market Wednesday, but provided no further details. 

 (END) DOW JONES EMERGING MARKETS REPORT  06-08-97 

 1432GMT 

 1802"
Kenya  Central Bank /Shilling -2: Down 7.8% Wednesday ,1997-08-06," Cheserem said the shilling opened at 64.00 to the dollar, and rapidly declined to a selling rate of as high at 69.00 at 11.00 a.m. local time (0800 GMT), a decline of 7.8%. 

 The Kenyan shilling fell by over 4% against the dollar Tuesday. 

 The shillings sharp decline was prompted by the International Monetary Fund's decision Thursday to suspend a $220 million loan to the country. The IMF said it had taken the step because Kenya hadn't taken sufficient steps to meet its concerns about corruption and management of the energy sector. 

 The Central Bank of Kenya Wednesday intervened in the market with its foreign exchange reserves, Charles Musawo, a Central Bank foreign exchange dealer said. He provided no further details. 

 ""We are already in the market,"" he said. ""Major foreign investors came to pull out bonds. Strains are bigger than the market can stand."" 

 The scale of the shilling's decline appears to have taken the Central Bank by surprise. 

 ""While it is expected that the shilling would adjust downwards, following the lapse of the IMF loan, the speed of the depreciation is causing concern,"" he said. 

 (MORE) DOW JONES EMERGING MARKETS REPORT  06-08-97 

 1007GMT 

 1802"
"Kenya  Central Bank  Urges Calm, Will Support Shilling ",1997-08-06," NAIROBI (Dow Jones)--The Central Bank of Kenya Wednesday said it would continue to intervene in support of the shilling, and called for calm following the shilling's sharp fall against the dollar since Thursday. 

 ""The Central Bank wishes to re-affirm that it will continue to intervene in the foreign exchange market as and when justified,"" Central Bank Governor Micah Cheserem said. 

 He appealed to participants in the foreign exchange market to trade in an ""orderly manner so that losses arising from panic trading and speculative transactions are minimized."" 

 Banks have reported that several importers were rushing to pay their foreign bills to minimize exchange losses. Exporters, on the other hand, are reported to be holding back selling their foreign exchange earnings in anticipation of further shilling depreciation. 

 Cheserem said in a statement that commercial banks reported that some foreign investors in the Treasury bill and equities markets are buying foreign exchange in order to repatriate their investments. 

 ""The combination of the above forces has caused the current turbulence in the foreign exchange market,"" he said. 

 (MORE) DOW JONES EMERGING MARKETS REPORT  06-08-97 

 0951GMT 

 1802"
Kenya  shilling holds vs dlr after  intervention . ,1997-08-05," NAIROBI, Aug 5 (Reuter) - The Kenyan shilling held steady against the dollar on Tuesday after the central bank sold dollars to commercial banks to enable nervous offshore investors to get out of the market on Monday, foreign exchange dealers said. 

 Commercial bank dealers said the central bank sold up to $21 million to meet orders from foreign investors who wanted to disinvest from government treasury bills. 

 ""The market is stable now. Small flows -- but nothing significant,"" a senior dealer from a leading bank told Reuters. 

 Dealers said the shilling was trading around the 62.50/63.50 levels, unchanged from the closing rates on Monday. 

 The decision by the International Monetary Fund (IMF) to cancel a key aid package to Kenya in a row over corruption last week rocked the foreign exchange market and sent the shilling plummeting to levels as low as 64.50. 

 It rebounded to 61.50 on Friday but the shilling suffered further losses on Monday, sliding to 63.50, a 3.35 percent drop on heavy dollar demand from nervous foreign investors. 

 The shilling weakened by a total of 6.72 percent from Thursday's close until Monday's close. 

 ""There is still pressure on the shilling because as you can see the rates are not going down. If there was no pressure, rates would have gone down,"" a dealer said. 

 Some dealers said the bank's intervention helped calm the market by showing it was prepared and able to meet foreign demand for dollars when the need arose. 

 ""It was good the central bank came in. Otherwise the shilling would have collapsed,"" a dealer told Reuters. 

 Some dealers said the market had settled to a nervous calm. 

 ""The market is calm but it can be scattered anytime. The best position right now is to be long on dollars,"" one said. 

 Meanwhile inflows from coffee exporters trickled in on Tuesday but they were not seen as sufficient for the market. 

 ""We have an offer of $231,000 from coffee but that's not enough to help out the market,"" another dealer told Reuters. 

 Last week Kenyan Finance Minister Musalia Mudavadi said that the government would let market forces determine shilling direction but it still hoped to maintain price stability. 

 In his first comment on the IMF ruling, President Daniel arap Moi said on Sunday that ""the stoppage of financial aid to Kenya by the IMF was purely political and has no economic rationality"". 

 The Kenyan cabinet on Monday appeared to rule out a quick return to negotiations with the International Monetary Fund, saying that Kenyans must depend on themselves to develop their country. But the cabinet also asked for investors' calm. 

 President Daniel arap Moi, aged 73 and in power since 1978, faces elections this year pitting the KANU party against an opposition that has found fragile cohesion in a campaign for constitutional reform. No election date has been set. 

 -Nairobi Newsroom ++254-2 330-261. 

 (c) Reuters Limited 1997"
Kenya  Shilling Down -2: No  Central Bank Intervention ,1997-08-01," Charles Musawo, a central bank foreign exchange dealer, said the financial market reacted strongly to IMF's decision. The shilling stabilized at its current level after some export companies bought shilling, he said. 

 'We predict it will remain like that until Monday. Friday is slow day for trading anyway,' he said. 

 Musawo said the central bank enters the market depending on policy objections and government requirements and when it sees the need to stabilize the exchange rate. 

 'Today, we saw none. This was just a matter for speculators cashing in,' Musawo said. 

 The major participants on Kenya's foreign exchange market are oil importers, exporters of coffee, tea and flowers and service companies such as those involved in tourism. 

 (END) AP-DOW JONES NEWS 01-08-97 

 1138GMT"
Kenya's Moi warns opposition against choas. ,1997-07-11," NAIROBI, July 11 (Reuter) - Kenyan President Daniel arap Moi said on Friday he would take decisive action against any opposition attempt to bring choas to the country. 

 Moi's remarks were in response to a warning by opposition MPs that Kenya could slide into violence unless constitutional reforms were enacted before elections due this year. 

 Moi, aged 73 and in power for the last 19 years, swiftly challenged the opposition to take the debate on reforms to parliament where his ruling party holds a majority. 

 Moi spoke in the western town of Kisii few hours after the latest stand by the opposition. 

 ""Those pressing for reforms must allow parliament to convene and address the matter. Two thirds parliamentary majority will have to approve the direction the amendment would have to take,"" Moi said in remarks relayed by his official press unit. 

 ""The government will take decisive action to arrest any planned chaos,"" he added. 

 Moi on Thursday lambasted Western nations for urging dialogue with the opposition to end the east African nation's recent bout of unrest. 

 James Orengo, deputy leader of the opposition, warned Moi of a rebellion similar to that which ended Mobutu Sese Seko's rule in Zaire unless the president gave in to the clamour for reforms. 

 ""Those who make peaceful change impossible make violent change inevitable. The consequences for rigidity on the part of the government will open up new options. And those who do not want to go the way the people go may become irrelevant,"" he said. 

 At a news conference in Nairobi, eleven opposition MPs also urged Kenya's business community to join in the campaign for reforms which this week escalated into the country's worst political unrest since pluralist politics returned in 1991. 

 The business community urged Moi to fix an early date for elections to decide Kenya's destiny and calm local financial markets. 

 Orengo gave no details on opposition plans to carry out their threats but said recent disturbances demonstrated the depth of popular resentment to Moi's government. 

 ""We are saying no reforms, no elections. We are committed to an extent that we will ensure there are no elections. Kenyans have the capacity to make this country ungovernable. We are in the beginning of a revolution,"" Orongo said. 

 Nine people died in the unrest on Monday when the opposition called for rallies to press Moi into reforms before the elections. Further violence erupted on Wednesday when university students clashed with police and paramilitary forces. 

 The opposition, backed by churches, students and human rights groups, wants Moi to allow free access to the media, overhaul of the state appointed Electoral Commission and a repeal of a colonial act which regulates political assemblies. 

 But Moi, a reluctant convert to pluralism, only accepted multi-party elections in 1992 after heavy pressure from lifeblood western donors. 

 Vowing to resist the opposition's demands, Moi has employed strong arm tactics to assert his authority against protesters, resulting in this week's deaths. 

 This week's unrest prompted a total of 20 western countries led by the United States to press Moi to open a dialogue with opposition-backed groups. 

 The rising political temperature has hit markets hard with the shilling currency taking a beating and the Nairobi bourse plunging to a year low on Monday. But the governor of the Central Bank, Micah Cheserem, said the market was overreacting. 

 Cheserem said his bank offloaded up to $29 million to calm a jittery foreign exchange market. He said the intervention had helped recoup huge Kenyan shilling losses. 

Kenya's usually divided opposition is looking forward to a boost when fiery Moslem preacher and activist, Sheikh Khalid Balala, returns on Saturday to Kenya after two years of forced exile in Germany. 

 (c) Reuters Limited 1997"
Kenya business leaders see polls as cure to chaos. ,1997-07-11," NAIROBI, June 11 (Reuter) - Business leaders urged the government of President Daniel arap Moi on Friday to fix an early date for elections to decide Kenya's destiny and calm local markets. 

 Presidential and parliamentary elections in which Moi, 73 and ruler since 1978, will seek a final five-year term, are due later in the year. No date has been set. 

 ""Violent unrest is a major concern for business. Business is scared of looting, breaking into stores. Investors like peace. The biggest loss is a perception by investors that this is not a secure place to invest,"" said Kenya business magnate Chris Kirubi. 

 ""An early election would help, we would resolve the issues and Kenya would be out of the current situation,"" said Manu Chandaria, chairman of the Kenya Association of Manufacturers. 

 Opposition parties, human rights and church groups in the coalition National Convention Executive Committee (NCEC) have demanded a minimum package of constitutional reforms before elections. 

 Nine people were killed in Kenya on Monday during the most violent clashes between police and protesters since a campaign in July 1990 that helped persuade Moi to allow multi-party politics. The protests continued until Wednesday. 

 The Central Bank of Kenya (CBK) intervened in the foreign exchange market on Friday to stem the shilling's fall on continued jitters after the unrest, Governor Micah Cheserem said. 

 Cheserem said the shilling rate versus the dollar had eased to as low as 61.50 for bids from around 55 at the beginning of the week. The central bank offered $19 million to the market and there were few takers, he said. 

 Chandaria said violent confrontations were sending the wrong signal to foreign investors and undermined four years of economic reforms. 

 He noted that gross domestic product (GDP) growth had grown from near zero percent in 1991 to 4.6 percent in 1996 and a forecast of 4.0 percent this year. Inflation is at around 11 percent, down from 101 percent at the height of poor economic management in 1991 and 1992. 

 Poor weather has already cast a shadow over production of tea and coffee, Kenya's leading export commodities, and has increased pressure on domestic markets. 

 ""These are negative signs, negative signs at a time that we are relatively happy. The investment climate is about right and there have been positive economic changes in the last couple of years,"" added Chandaria. 

 Chandaria said political unrest was grounding businesses because there were few local buyers for manufactured products and financial institutions were more reluctant to give credit. 

 Kirubi, whose interests range from real estate to cosmetics manufacturing and express mail delivery, told Reuters that violence gave the impression Kenya was unstable and not fit for investment. He added the government was determined to see normalcy return. 

 Most businesses had already discounted political upheaval in their budgets this year after violence preceding the 1992 elections, he said. 

 Vimal Shah, managing director at palm oil dealers Bidco Oil Refineries Ltd, said the volatile situation would fizzle out because ""nothing is fundamentally wrong with the economy and it is likely that both parties are going to talk."" 

 ""Macroeconomic policies are in place. (Political) sense will prevail in the end. This volatility is a short-term thing. Things will stabilise (in the coming days),"" Shah added. 

 ($1=58 Kenyan shillings) 

 -- Nairobi Newsroom ++254-2 330-261 

 (c) Reuters Limited 1997"
Kenya  Cen Bank  intervenes  to stem shilling fall. ,1997-07-11," NAIROBI, July 11 (Reuter) - The Central Bank of Kenya (CBK) intervened in the foreign exchange market on Friday to stem the shilling fall on continued jitters after political unrest early in the week, Governor Micah Cheserem said. 

 Cheserem said the shilling rate versus the dollar had eased to as low as 61.50 for bids from around 55 at the beginning of the week. 

 The central bank offered $19 million to the market and there were few takers, he told Reuters. 

 The CBK posted opening rates for the day at 57.61 against the dollar compared to 56.38 on Thursday. Against the pound, the shilling was posted at a commercial mean of 97.27 from 95.10. 

 Nine people were killed in Kenya on Monday during the most violent clashes between police and protesters since a violent campaign in July 1990 that helped persuade Moi to allow multi-party politics. 

 The violent protests have upset investors and made many wary of this emerging market. Turnover on the Nairobi stock exchange has slumped to a year's low. 

 Commercial bank dealers posted rates in the 59-61 range and maintained spreads as wide as three shillings. Signals from the central bank that it had more dollars than market demand was expected to calm market nerves and see shilling gains. 

 The shilling was poised to recoup some losses, they said. 

 ""There has been overeaction in the market,"" Cheserem said, adding that quoted rates for the shilling were ridiculous. 

 The shilling last touched the 60 range and threatened further losses versus the dollar in October 1993. 

 Bank dealers said Thursday's move from 56.30 to a close as low as 59.30 against the dollar had sent waves of panic in the market, which they thought was an overreaction. 

 ""Central bank has been in the market this morning and we do not have any takers,"" a treasurer from a top bank said. 

 Cheserem, 47, who is one of Kenya's leading economic reform leaders, said one bank asked for $5 million but took only $1 million when the bank said it would meet the demand. 

 Another official at the central bank said state utility Kenya Power & Lighting Corp asked for $6.5 million but then backed down after the bank also said it would meet the demand. 

 Cheserem said the market would calm as both sides of Kenya's political divide settled their differences. ""The biggest word in town is dialogue. Dialogue in block letters."" 

 Earlier in the week, commercial dealers said the market had become so nervous that they feared the shilling would not be able to recoup its losses without central bank intervention. 

 (c) Reuters Limited 1997"
Kenya  shilling down on dollar after  intervention . ,1997-05-08," NAIROBI, May 8 (Reuter) - The Kenyan shilling lost marginally against the dollar after a second day of central bank intervention, commercial dealers said on Thursday. 

 The interventions this week followed a month of central bank absence from the foreign exchange market, dealers said. 

 The central bank posted a commercial mean rate of 53.90 against the dollar compared to 53.89 on Wednesday, while against the pound, it was posted at a mean rate of 87.41 from 88.15. 

 ""There are a lot inflows coming into the market and they (central bank) are the only ones buying,"" a dealer from a leading commercial bank told Reuters. ""Actually, they are the ones holding rates at this level."" 

 Dealers said the shilling was holding steady trading at 53.80/54 but added that the underlying tone for the shilling was still bullish -- at least for the short term. 

 The money market continued tight on Thursday with overnight rates quoted at 20 percent unchanged. 

 --Wambui Chege, Nairobi Newsroom ++254-2 330-261. 

 (c) Reuters Limited 1997"
"Kenya shilling weakens against dollar, pound. ",1995-05-15," NAIROBI, May 15 (Reuter) - The Kenyan shilling weakened against the dollar and sterling at the close on Monday, commercial bank traders said. 

 The shilling closed at a commercial bank mean rate of 53.50 against the dollar, down 1.20 from its opening at 52.30 on Monday. 

 The shilling also weakened against the pound at the close, trading at a commercial bank mean rate of 83.50 from 80.47 at open on Monday. 

 Finance Minister Musalia Mudavadi said on Sunday the government would not intervene to shore up the local currency, which began a dramatic fall on April 27 from the level of about 44, which it had held for six months. 

 ""We have left the shilling to market forces and these must determine its movement. There will be no intervention to influence its performance,"" the Kenya Television Network (KTN) quoted Mudavadi as saying. 

 ""But a (shilling) fall is normal movement and it should not cause unnecessary panic,"" he added. 

 The fall in the shilling has been attributed to a surge in demand for dollars from oil companies and other commercial importers. 

 Economists say tourist receipts are down in the current low season and fears that Western donors will take measures against Kenya over the pace of economic and political reforms at a conference in July have also caused market jitters. 

 The Central Bank, which has taken on a marginal role in the foreign exchange market since February 28, intervened last Monday and Thursday by selling dollars. Overall, it did not prevent the shilling from falling further by week's end. 

 Some economic analysts have predicted the shilling will stabilise at 50 to the dollar, but others argue that 55 would be a more natural level. Exporters have long argued that the shilling was overvalued at 44 and was hurting their business. 

 (c) Reuters Limited 1995"
"Kenya shilling strengthens against dollar, pound. ",1995-05-15," NAIROBI, May 15 (Reuter) - The Kenyan shilling firmed against the dollar and sterling despite comments from Finance Minister Musalia Mudavadi that the government would not shore up the currency, which had been falling steadily since April 27. 

 ""We have left the shilling to market forces and these must determine its movement. There will be no intervention to influence its performance,"" the Kenya Television Network (KTN) quoted Mudavadi as saying late on Sunday. 

 At Monday's opening session of trading, the shilling was quoted at a commercial bank mean rate of 52.30 against the U.S. currency, up 20 cents from Friday's closing rate of 52.50. 

 The shilling also strengthened against the pound, trading at 80.47 from 81.67 at close on Friday. 

 It had been falling since April 27, when it was quoted at around 44 per dollar, a level it had held for some six months. 

 ""A (shilling) fall is normal movement and it should not cause unnecessary panic,"" Mudavadi said. 

 The fall in the shilling has been atributed to a surge in demand for dollars from oil companies and commercial importers. 

 Economists say tourist receipts are also down in the current low season. 

 The Central Bank (CBK), which has taken on a marginal role in the foreign exchange market since February 28, intervened last Monday and Thursday, selling dollars, but it did not prevent the shilling from falling further by week's end. 

 Some economic analysts have predicted the shilling would stabilise at 50 to the dollar, but others argue that 55 would be a more natural level. Exporters have long argued that the shilling was overvalued at 44 and was hurting business. 

 -- Nairobi Newsroom + 254 2 330-261. 

 (c) Reuters Limited 1995"
Nairobi bourse chief warns against strong shilling. ,1995-04-12," NAIROBI, April 12 (Reuter) - The head of the Nairobi bourse said on Wednesday a strong international shilling was hurting business and contributing to losses incurred by leading blue chips on his market. 

 Jimnah Mbaru said most of the blue chip companies ""attribute their reduced profits and generally poor results to a strong shilling"". 

 ""A foreign exchange policy influenced primarily by market forces of supply and demand....has resulted in a strong Kenya shilling which has had a major impact on the economy as a whole."" 

 To combat the overvalued shilling Mbaru advocated new government action. 

 ""We would like to call upon the government to adopt a Managed Exchange Rate Policy (MERP) whereby $1 is stabilised around 55.00 Kenya shillings,"" he said in a speech to Nairobi's Rotary club. 

 ""If properly implemented this policy could enable Kenya's economy to grow by at least 5 percent per annum."" 

 Monetary Stabilisation Bonds (MSB's) could be used to mop up any excess money supply from the economy, he said in an effort to quell policymakers' worries that the MERP could lead to renewed inflation. 

 And it would ""curb massive dumping and help to strengthen the local manufacturing sector and in particular the textile sector"", he said. 

 Companies such as Brooke Bond Kenya, Sasini Tea & Coffee, Limuru Tea, Bamburi Portland Cement and Kakuzi showed a marked drop in profits in their last reports, Mbaru said. 

 Limuru Tea saw profits fall 66 percent from 68.2 million shillings to 22.9 million shillings. 

 Kenya needed a managed exchange rate policy because companies attributed falling profits to the strength of the shilling against the dollar. 

 He quoted C. A. Ouda a director of Brooke Bond Kenya as explaining the company's 55 percent drop in profits in terms of ""the appreciation of the Kenya shilling against the dollar"". 

 To sustain the policy the Central Bank of Kenya could intervene in the foreign exchange market as necessary to ensure the shilling stabilises at the correct rate, Mbaru said. 

 In 1993 the Kenyan government freed interest rates, removed import and export restrictions and abolished price controls on key commodities. 

 (c) Reuters Limited 1995"
UPDATE 2-Kenya seeks to defer fuel payments to ease  FX  pressure,2023-02-27,"*

Currency trader sceptical the plan can work

*

Minister seeking delay to take effect from April/May

(Adds details, context)

By Duncan Miriri

NAIROBI, Feb 27 (Reuters) - Kenya is asking up to a year to pay for imported oil rather than as soon as it is delivered to relieve pressure on the foreign exchange rate, Energy Minister Davis Chirchir said on Monday.

The East African nation's useable foreign exchange reserves shrank to less than enough to cover four months of imports of all kinds, which is a statutory requirement.

Oil prices account for a significant part as international benchmark Brent is above $80 a barrel, even though it has dropped from a peak of $139 in March last year.

""When products arrive in Mombasa (port) today, we pay about $500 million within three days. That causes significant pressure,"" the minister told reporters.

The government will provide a letter to importers and their suppliers abroad, confirming that payments will be made when they are due, Chirchir said, adding that Kenya is seeking to pay in between six months and up to a year.

A trading source familiar with the matter told Reuters on condition of anonymity it has already asked fuel suppliers for 180 days credit, saying it needs to keep dollars to meet sovereign debt repayment obligations.

A currency trader at a Nairobi commercial bank, who also asked not to be named because he was not authorised to speak to the press, said the energy minister's plan was unlikely to work and would transfer the risk to the banks involved.

""We are just kicking that can down the road and it could grow into a monster that is harder to slay,"" the trader said.

The shilling has lost a fifth of its value against the dollar in the last three years. Traders partly blame the weakness on the central bank's aggressive market policing, which has subdued the interbank hard currency market.

Foreign exchange reserves stand at $6.86 billion, enough for 3.84 months of import cover.

Patrick Njoroge, the governor of the central bank, has rejected criticism of its policy, saying the regulator only intervenes when there is extreme volatility.

Kenya runs an open tender system whereby individual oil retailers bid to import products for the rest of the industry every two months. The longer payment period could take effect in the coming months, Chirchir said.

""There are guys working around the clock to make sure that the products for April/May are supplied under that framework,"" he said.

It is unclear whether other countries have managed to negotiate the terms Kenya is seeking, although traders said Ghana is negotiating gold for oil deals. (Reporting by Duncan Miriri in Nairobi and Julia Payne in London; Editing by Barbara Lewis) 

Released: 2023-2-27T13:25:22.000Z"
"WEEKAHEAD-AFRICA- FX - Kenya's shilling to weaken, Ghana cedi to firm",2022-12-08,"NAIROBI, Dec 8 (Reuters) - Kenya's shilling and Zambia's kwacha are expected to weaken against the dollar in the next week to Thursday while the Nigerian naira, Tanzania's and Uganda's shillings as well as Ghana cedi will strengthen, traders said.

KENYA

Kenya's shilling is forecast to weaken as importers seek dollars to complete orders ahead of the holiday period when market activity cools.

Commercial banks quoted the shilling at 122.70/90 per dollar, compared to 122.45/65 at last Thursday's close.

In the medium term the central bank is expected to offer more support to the market when the International Monetary Fund's board approve the release of $433 million of funding which was approved in principle in November.

The shilling has lost 7.9% of its value against the greenback since the start of the year, touching fresh lows of 122.80/123.00 on Thursday morning, according to Refinitiv data.

""We haven't seen central bank intervene for a few weeks,"" said a trader at one commercial bank.

""We expect demand to slow down a bit towards the end of the year. Importers are covering themselves for the Christmas period.""

Kenya's central bank says it only intervenes to smooth out any volatility in the shilling's trade and it has no preferred rate for it.

UGANDA

Uganda shilling is expected to firm, underpinned by increased dollar inflows from remittances and the central bank's latest lending rate decision.

Commercial banks quoted the shilling at 3,685/3,695, compared to last Thursday's close of 3,735/3,745.

The market was receiving plentiful inflows from Ugandans working outside the country who had returned for December holidays, said one independent foreign exchange trader in the capital Kampala.

""We have a lot of flows from that source (Diaspora workers),"" he said, and added the central bank's decision to leave its tight policy stance unchanged this week even after inflation eased would help add extra support to the local unit.

Bank of Uganda on Wednesday left its benchmark rate unchanged at 10% despite a slight decline in inflation in November.

GHANA

Ghana's cedi is expected to appreciate this week on the back of decreased demand for dollars as companies begin to close for year-end holidays.

Refinitiv Eikon data showed the cedi trading at 12.5 to the dollar on Thursday, from 13.8 at last Thursday's close.

""We expect the narrative to continue into next week as some corporates prepare to close shop for the Christmas festivities,"" said Christopher Nettey, head of trading at Stanbic Bank.

But he noted speculative activity around a debt exchange programme announced last week could offset the currency's newly-found stability.

TANZANIA

Tanzania’s shilling is expected to gain slightly as dollar inflows into sectors such as construction boost the local currency.

Commercial banks quoted the shilling at 2,328/2,338 on Thursday, the same level as last Thursday's close.

“Given stronger economic growth recorded in the second quarter, we expect the Shilling to appreciate marginally against the dollar by the end of the year,” a dealer in one of the foreign exchange trading firms, said.

ZAMBIA

The kwacha is likely to continue gradually depreciating against the dollar as demand for hard currency outweighs supply.

On Thursday, commercial banks quoted the currency of Africa's second-largest copper producer at 17.4700 per dollar from 17.2700 at the close of business a week ago.

""The kwacha is anticipated to experience losses in the near-term,"" Access Bank said in a note on Thursday.

NIGERIA

Nigeria's naira is expected to recover on the parallel market after easing within the week as diaspora remittances lift the currency ahead of the Christmas session and as businesses close for the year, traders said.

The naira was quoted at 750 to the dollar on the parallel market on Thursday, compared to 745 at last Thursday's close. It traded within a range of 445 to 447 on the official market.

""We expect the naira to recover somewhat in the coming week or so, helped by diaspora remittances and businesses winding down for the Christmas holidays,"" foreign exchange trading firm AZA Finance said in a note. (Reporting by Hereward Holland, Chris Mfula, Elias Biryabarema, Christian Akorlie, Nuzulack Dausen and Chijioke Ohuocha; Compiled by George Obulutsa; Editing by James Macharia Chege) 

Released: 2022-12-8T13:06:37.000Z"
Kenyan bank Stanbic disowns research note on diverging shilling rates,2020-12-03,"NAIROBI, Dec 3 (Reuters) - Stanbic Bank Kenya, a unit of South Africa's Standard Bank, has distanced itself from a research note issued by its parent that said a parallel exchange rate was emerging in Kenya, where the coranavirus crisis has hit dollar earnings.

The central bank's official exchange rate has stayed around 110 shillings to the dollar, but the Standard Bank note published on Monday said Kenyan banks have shunned interbank deals at that level, offering the dollar at 113-115 shillings.

The note said that ""two FX rates have been developing in the market"" since the end of June and early July -- a period when strains caused by the coronavirus crisis, such as a slide in vital tourist dollar revenues, were starting to be felt.

The exchange rate has long been a sensitive issue. The central bank has in the past challenged the International Monetary Fund when it said the shilling was overvalued.

When previously asked by reporters about the emergence of different rates, Central Bank of Kenya Governor Patrick Njoroge has said Kenya has a flexible rate policy and only intervenes to smooth volatility. He most recently repeated this on Friday.

""The contents of the report do not reflect the position of Stanbic Bank Kenya Limited,"" Stanbic said in a statement on Thursday, distancing itself from its parent's note.

Bankers say the central bank has told them it believes the shilling is fairly priced and say the bank has been monitoring dealings closely, telling banks that transactions must be driven by demand and not driven by speculation.

Njoroge, a former senior International Monetary Fund official who took charge of the central bank in 2015, has previously said his focus was ""instilling discipline"" in the currency market.

The shilling has weakened by 8.5% against the dollar this year, the central bank said last week. But it has fared better than other frontier currencies including the Mauritius rupee, the Nigerian naira and the Zambian kwacha.

The Standard Bank note said that ""due to this divergence in screen and FX interbank rates, admittedly price discovery has been very cumbersome."" It said the central bank had not sold dollars in the market in the past month, saying that if it had done so at the official rate it would have helped rates converge.

Central bank officials have declined to comment on the report when contacted by Reuters.

The Kenyan unit said the author of the report, Jibran Qureishi, who was previously the East Africa economist at Stanbic, had moved to a new position at the parent bank this year. He was not immediately available for comment.

The IMF said in 2018 the shilling was overvalued and cited strict management of the market by the central bank. The governor challenged this view at the time, questioning the calculation used by the IMF to reach that conclusion.

(Editing by Edmund Blair) 

Released: 2020-12-3T09:47:08.000Z"
African Markets - Factors to watch on Sept 21,2020-09-21,"
    NAIROBI, Sept 21 - The following company announcements, scheduled economic indicators, debt
and currency market moves and political events may affect African markets on Monday.
    - - - - -
 GLOBAL MARKETS
     Asian shares and most currencies held tight ranges on
 Monday, as investors awaited developments on U.S. fiscal
 stimulus and coronavirus vaccines amid a resurgence of
 infections in Europe.                       
 
 WORLD OIL PRICES
      Oil prices edged higher on Monday as a tropical storm
 took aim for the U.S. Gulf of Mexico region halting some
 production, though price gains were capped by the potential
 return of oil output in Libya and a continued rise in
 coronavirus cases.                 
 
 EMERGING MARKETS
 For the top emerging markets news, double click on
            
 
 AFRICA STOCKS
 For the latest news on African stocks, click on     
 
 
 SOUTH AFRICA MARKETS
     South Africa's rand was steady in early trading on
 Friday, after racing to its best in six months overnight
 after the central bank kept lending rates unchanged and as
 the dollar fell following downbeat U.S. data.            
 
     South Africa's stock market corrected sharply during the
 week after a strong open on Monday as poor retail sales data
 and a host of bleak company outlooks added to the effects of
 weaker commodity prices and quarter-end profit
 taking.            
 
 SOUTH AFRICA AIRLINES
     South Africa has pledged 10.5 billion rand ($650
 million) to South African Airways (SAA), one of the
 administrators of the ailing state-owned airline said on
 Friday.            
 
 
 NIGERIA REVENUES
     Nigeria's gross revenues inched up 0.8% in August to
 682.1 billion naira ($1.79 billion) from the previous month
 as a rise in VAT and corporate tax receipts helped offset a
 drop in oil income, the government said.               
 
 KENYA MARKETS
     The Kenyan shilling        was under pressure on Friday
 due to demand from importers amid scarce dollar inflows, but
 traders expected a central bank intervention to buoy the
 shilling, they said.           
 
 KENYA BANKS
     Kenya's central bank has licensed the country's first
 mortgage refinance firm, it said on Friday, paving the way
 for banks to access long-term finance for home
 loans.            
 
 
 
 
 
 
     For the latest precious metals report click on        
     For the latest base metals report click on         
     For the latest crude oil report click on

Released: 2020-9-21T06:43:09.000Z"
African Markets - Factors to watch on Aug 14,2020-08-14,"
    NAIROBI, Aug 14 - The following company announcements, scheduled economic indicators, debt
and currency market moves and political events may affect African markets on Friday.
    - - - - -
 
 
 
 GLOBAL MARKETS
     Asian shares fell on Friday after lacklustre Chinese
 economic data and worries about a delay in U.S. fiscal
 stimulus discouraged some investors from taking on
 risk.                       
 
 WORLD OIL PRICES
     Oil prices advanced on Friday and were heading for a
 second week of gains amid growing confidence that demand for
 fuel is starting to pick up despite the coronavirus pandemic
 that has slammed economies worldwide.                 
 
 EMERGING MARKETS
 For the top emerging markets news, double click on
            
 
 AFRICA STOCKS
 For the latest news on African stocks, click on     
 
 
 
 SOUTH AFRICA MARKETS
     The rand firmed against the dollar on Thursday as hopes
 of more economic stimulus in the United States waned,
 although fresh power cuts in South Africa limited its
 currency's gains.            
 
 SOUTH AFRICA MINING
     South Africa's total mining output fell 28.2%
 year-on-year in June compared to a revised contraction of
 27.6% in May, Statistics South Africa said on
 Thursday.            
 
 NIGERIA VISA BAN
     Overturning a U.S. ban on Nigerians seeking immigrant
 visas will take ""enormous resources"", but the nation is
 making progress, President Muhammadu Buhari said on
 Thursday.               
 
 KENYA MARKETS
     The Kenyan shilling KES= edged higher on Thursday
 supported by the central bank intervention through sale of
 dollar to the market, traders said.            
 
 KENYA BANKS
     KCB Group, Kenya's biggest bank by assets, expects the
 proportion of loans it will restructure due to effects of
 the novel coronavirus to hit 25% of its total loans by
 December, its chief executive officer said on
 Thursday.            
 
 
 MAURITIUS OIL SPILL
     Some corals have lived for centuries at the fringes of
 Mauritius. Now smothered for days in heavy fuel oil spilled
 from a wrecked Japanese tanker nearby, parts of those reefs
 may be in trouble.            
 
 AFRICA COVID-19
     Seven African countries will start administering
 coronavirus antibody tests from next week, a regional body
 said on Thursday, as part of efforts to understand the
 extent of the outbreak on the continent.            
 
 IVORY COAST PROTESTS
     At least three people died during protests in Ivory
 Coast on Thursday, police said, as small groups burned
 makeshift road blocks in protests against President Alassane
 Ouattara's decision to stand for a third term.            
 
 GLOBAL OIL DEMAND
     The International Energy Agency (IEA) cut its 2020 oil
 demand forecast on Thursday, warning that reduced air travel
 due to the coronavirus pandemic would lower global oil
 demand this year by 8.1 million barrels per day
 (bpd).            
 
 
 
 
 
 
 
 
 
     For the latest precious metals report click on        
     For the latest base metals report click on         
     For the latest crude oil report click on



Released: 2020-8-14T06:20:40.000Z"
UPDATE 1-Kenyan  central bank  steps in after shilling slides,2019-07-31,"
 (Updates with the central bank's intervention)
    NAIROBI, July 31 (Reuters) - Kenya's central bank pumped
dollars into the foreign exchange market on Wednesday and sought
to soak up excess liquidity after the shilling sank to
its lowest level against the dollar in nearly five years,
traders said.
    The shilling has been one of Africa's top performers this
year. But it has lost 1.2% against the dollar in the past six
sessions due to heightened political risk at home, a stronger
dollar, concerns about export earnings and excess liquidity in
the money markets.
    It fell to an intra-day low of 104.45/55 per dollar on
Wednesday, from 103.20/30 on Monday last week, forcing the
central bank to intervene and send it back to the 104.00 level.
    ""They sold dollars and they have beat it down to the current
level of 104.05/25,"" said a senior foreign exchange trader at a
commercial bank.
    The bank also sought to mop up 10 billion shillings from the
money markets using 7 day repos, saying there was excess
liquidity.
    ""It (shilling's drop) is also a function of liquidity.
Yesterday (Monday) they were in the market for 35 billion,"" said
a second currency trader at another commercial bank.
    The weighted average interest rate on the overnight
borrowing market for banks has hovered around 2 percent this
month, making it cheaper for banks to bet against the currency
by buying up dollars.
    Kenya's political risk went up a notch last week when
Finance Minister Henry Rotich was charged in court over the loss
of funds in tender awards for the construction of two dams. He
denied all the charges and was freed on bail.
    Political analysts said the charges exposed a widening
schism between President Uhuru Kenyatta and his deputy William
Ruto, whose side of the ruling Jubilee party Rotich belongs to.
    Investors have also been concerned about a potential drop in
export earnings from key commodities like tea and the tourism
business. Falling imports, however, mean the current account
deficit will still improve this year, the central bank says.
    The central bank chief, Patrick Njoroge, who was sanguine
about the shilling's weakness last week, might have changed his
stance this week due to the technical charts, which show a drop
below 104.60 for the shilling could unleash further weakness,
market participants said.  
    The shilling plunged to its lowest ever in 2011 when it hit
107 per dollar, mainly due to policymakers' refusal to raise
rates in the face of high inflation. 
               ...........................Shilling spot rates
                  .....................Shilling forward rates
                           .......................Cross rates
         ..................................Local contributors
           .......................Central Bank of Kenya Index
          .....................Kenyan Bonds contributor pages
                          ...............Treasury bill yields
        ..................Central bank open market operations
        .........................Horizontal repo transactions
         ,       ................Daily interbank lending rate
              .............................Kenya Bond pricing
          .................................NSE-20 Share Index
          .................................NSE-25 Share Index
         .................................NSE All Share Index
             ...........................FT NSE Kenya 15 Index
             .......................... FT NSE Kenya 25 Index
  SPEED GUIDES:
                                    
            
 
 (Reporting by John Ndiso and Duncan Miriri
Editing by Andrew Cawthorne)

Released: 2019-7-31T13:43:07.000Z"
"WEEKAHEAD-AFRICA- FX -Kenyan, Tanzanian shillings seen firm, Ugandan shilling unchanged",2019-06-06,"NAIROBI, June 6 (Reuters) - The Kenyan and Tanzanian shillings are expected to strengthen next week, while the Ugandan shilling should hold steady.

KENYA

The Kenyan shilling is seen strengthening against the dollar next week due to weak dollar demand from oil importers, with foreign exchange reserves at the central bank still ample, traders said.

Commercial banks quoted the shilling at 101.30/50 per dollar, the same as last Thursday's close.

""The level of reserves indicates the central bank of Kenya has the necessary muscle to intervene in case of increased volatility,"" a senior trader from one commercial bank told Reuters.

In March, the central bank of Kenya said its foreign exchange reserves were at an all-time high of $10.06 billion, or 6.4 months of import cover, thanks to a $2.1 billion Eurobond the government sold earlier that month.

TANZANIA

The Tanzanian shilling is expected to hold steady next week with a high possibility of appreciation due to dollar inflows from the mining, agriculture and tourism sectors, traders said.

The shilling was stable on Thursday at 2,293/2,303, underpinned by low dollar demand as companies met their month-end obligations.

""We expect to see the shilling remain stable next week with a high possibility of appreciating to 2,290/2,300 levels, as corporate clients will be returning to the market after holidays and (on) inflows from mining, agriculture and tourism,"" a senior forex trader from a Dar es Salaam commercial bank told Reuters.

UGANDA

The Ugandan shilling is seen trading rangebound ahead of a budget reading for the 2019/2020 fiscal year, with most players keeping to the sidelines until the new budget is unveiled.

At 0946 GMT commercial banks quoted the shilling at 3,762/3,772 compared to last Thursday's close at 3,755/3,765.

A trader at a commercial bank in the capital Kampala said the shilling would trade in a 3,750-3,780 range in the period before a budget reading scheduled for June 13.

""There's some uncertainly regarding what might come out in the budget, so I think we'll see demand remain flat until after (that),"" the trader said. (Reporting by John Ndiso in Nairobi, Elias Biryabarema in Kampala and Nuzulack Dausen in Dar es Salaam; Compiled by Clement Uwiringiyimana; Editing by Jan Harvey)

Released: 2019-6-9T11:30:39.000Z"
"UPDATE 3-Kenya says IMF stand-by arrangement over, still engaging with the fund",2018-09-13,"* Stand-by arrangement was first secured in 2016

* Finance minister says programme not unusual (Adds forex reaction, central bank intervention)

By George Obulutsa

NAIROBI, Sept 13 (Reuters) - Kenya's stand-by loan deal with the International Monetary Fund has expired but the country will continue to talk to the Fund about what funding facilities it can access in future, Finance Minister Henry Rotich said on Thursday.

Kenya had secured a six-month extension in March of the $989.8 million arrangement, agreed in 2016 to help cushion the economy in case of unforeseen external shocks that could upset the balance of payments. It included a stand-by credit facility of $494.9 million that expired in March.

No funds were ever drawn down.

Rotich told reporters the expiration of the programme was not unusual, since Kenya has had more than a dozen such programmes over the last 15 years that came and went.

""There is nothing unique about any programme ending. I think what's important is that we did have a very successful two-year programme, which is now coming to an end,"" he told reporters after a meeting on the budget.

The shilling weakened by as much as 0.3 percent from Wednesday's close after news of the expiry of the facility with IMF, forcing the central bank to intervene through the sale of dollars to banks in the afternoon.

Talks with the Washington-based fund were now focusing on the next type of facility the country can secure, Rotich said.

When Reuters contacted its local office, the IMF said it would comment later.

Rotich said East Africa's biggest economy should wean itself off support from the IMF.

""As a country that is entering into the medium and developed countries, we should be relying less and less on IMF facilities, especially if you have come of age in our macroeconomic management,"" he said.

""But we can still engage and get back to it if we feel it is still necessary. We will continue to engage with the fund going forward, the way we have done it in the past.""

The IMF had set conditions for extending the stand-by arrangement, including the repeal of a cap on commercial lending rates which was imposed in 2016.

Rotich tried to repeal the cap in his June budget, but parliament voted to keep the upper limit of the rate cap while getting rid of a minimum deposit rate it had previously imposed.

Kamau Thugge, the principal secretary to the ministry of finance, had earlier told the budget meeting that not having an IMF precautionary arrangement would not hurt the economy.

The economy was expected to grow 6.2 percent in 2019, up from a forecast 6.0 percent this year, Thugge said in a presentation. (Editing by Duncan Miriri and Matthew Mpoke Bigg) 

Released: 2018-9-13T13:26:02.000Z"
African Markets - Factors to watch on June 8,2018-06-08,"
The following company announcements, scheduled economic indicators, debt and currency market
moves and political events may affect African markets on Friday.
    - - - - -
 GLOBAL MARKETS
 Asian shares stepped back from a 2-1/2 month high on Friday
 as risk appetite soured on bets that Europe's massive
 monetary stimulus was nearing an end, compounded by
 uncertainty over trade relations ahead of a key meeting of
 global leaders.
            
 
 WORLD OIL PRICES
 Oil prices were stable on Friday, supported by Venezuela's
 struggles to meet its supply obligations and by ongoing
 output cuts led by producer cartel OPEC, although surging
 U.S. crude output was looming over markets.
      
 
 EMERGING MARKETS
 For the top emerging markets news, double click on
            
 
 AFRICA STOCKS
 For the latest news on African stocks, click on     
 
 AFRICA CURRENCIES
 Uganda's shilling is forecast to weaken on expected demand
 from commercial banks and importers, fuelled by the central
 bank's lack of intervention, while Ghana, Kenya and
 Tanzania's currencies are expected to remain steady.
             
 
 SOUTH AFRICA MARKETS
 South Africa's rand sunk to its weakest level in more than
 five months on Thursday as sentiment toward the currency was
 soured by a combination of poor economic growth and
 investors fleeing emerging markets.
             
 
 NIGERIA MARKETS
 Nigeria's central bank will start to auction the Chinese
 yuan within the next month at an exchange rate to be set via
 book building, an official said on Thursday, in an attempt
 to reduce its reliance on the U.S. currency for imports from
 Asia.
             
 
 KENYA MARKETS
 The Kenyan shilling KES= strengthened slightly against the
 dollar on Thursday with some support from hard currencies
 sent in from its nationals who live abroad, traders said.
                
 
 KENYA CORRUPTION
 A Kenyan parliamentary committee has cut funding for the
 state-run National Youth Service (NYS) after two corruption
 scandals there, the committee's chairman said on Thursday.
                  
 
 GHANA MARKETS
 Ghana sold 477.6 million cedis ($101.6 mln) worth of a fresh
 10-year domestic currency bond on Thursday and will pay a
 yield of 17.5 percent, transaction arrangers said.
             
 
 GHANA FOOTBALL
 Ghana has decided to dissolve its national football
 association a day after officials, including the body's
 president, were shown in a documentary taking kickbacks, the
 information minister said on Thursday.
             
 
 ZIMBABWE OPPOSITION
 Zimbabwe's main opposition party promised on Thursday to
 revive the economy if it wins an election in July by cutting
 taxes, abolishing a quasi-currency ""bond note"", joining a
 regional monetary union and seeking debt relief.
             
 
 BURUNDI PRESIDENT
 Burundi's long-serving President Pierre Nkurunziza promised
 on Thursday to step down when his term ends in 2020, easing
 fears of fresh violence in the impoverished country.
                 
 
     For the latest precious metals report click on        
     For the latest base metals report click on         
     For the latest crude oil report click on



Released: 2018-6-8T06:11:44.000Z"
WEEKAHEAD--AFRICA- FX -Kenyan shilling tied to Supreme Court ruling on repeat vote,2017-11-16,"NAIROBI, Nov 16 (Reuters) - Kenya's shilling will take its cue from the country's Supreme Court when it rules on the validity of a presidential election re-run held last month, while the Nigerian naira is likely to be supported by central bank interventions.

KENYA

The shilling's direction in the next week will depend on the Supreme Court ruling on two petitions seeking to invalidate the re-election of President Uhuru Kenyatta, traders said.

At 0734 GMT, commercial banks quoted the shilling at 103.60/80 per dollar compared with 103.45/65 at last Thursday's close.

The shilling weakened 0.5 percent when the court nullified the initial Aug. 8 presidential vote on Sept. 1 and ordered the re-run. The court has to deliver its verdict by Monday.

NIGERIA

The naira is expected to be stable in the week ahead, supported by the central bank's regular interventions through the injection of dollars into the market, traders said.

The currency has been hovering at around 360 naira per dollar for investors, the same level as in the parallel market. On the official market, it has been quoted at around 305 per dollar for more than three months.

""It's been interventions all the way,"" one trader said.

GHANA

Ghana's cedi is expected to remain under pressure due to demand for dollars from importers and investors settling a domestic dollar bond issued last week, traders said.

The cedi, which had been fairly stable in the second half of this year, began slipping this month on a seasonal surge in demand for dollars. It was trading at 4.5550 to the dollar compared with 4.4400 a week ago.

""The cedi could tumble again despite the central bank's presence on the market, especially amidst the seasonally high Q4 demand and speculative buying (of dollars),"" said Joseph Biggles Amponsah, head of treasury at Northstar Home Finance.

ZAMBIA

The Zambian kwacha is likely to remain under pressure against the dollar next week due to sustained demand for hard currency from importers.

At 1154 GMT, commercial banks quoted the currency of Africa's No.2 copper producer at 10.0000 per dollar from a close of 9.9000 a week ago.

""The local currency is expected to continue to trade on the back foot as greenback demand appears to outweigh supply,"" Zambia National Commercial Bank (ZANACO) said in a market note.

TANZANIA

The Tanzanian shilling is expected to appreciate slightly against the dollar over the coming week, buoyed by month-end dollar sales by firms to meet tax and salary obligations and export earnings from the agriculture sector.

Commercial banks quoted the shilling at 2,235/2,245 to the dollar on Thursday, stronger than 2,243/2,248 a week ago.

""The shilling is expected to strengthen marginally against the dollar over the coming days due to the ongoing cashew nut export season,"" said a trader at Commercial Bank of Africa Tanzania. (Reporting by John Ndiso, Chijioke Ohuocha, Kwasi Kpodo, Chris Mfula and Fumbuka Ng'wanakilala; editing by John Stonestreet) 

Released: 2017-11-16T14:33:34.000Z"
INTERVIEW-Kenya faces high political uncertainty but institutions stronger -CenBank Gov,2017-10-18,"* Uncertainty high over repeat vote

* Kenyans like ""noisy politics"" says Njoroge

* Committed to flexible exchange rate policy (adds quotes, data, background)

By Karin Strohecker

LONDON, Oct 18 (Reuters) - Political uncertainty is high in Kenya following the annulment of the August presidential elections, but political and judicial institutions have emerged stronger in the process, the country's central bank governor said on Wednesday.

Opposition leader Raila Odinga was due to face President Uhuru Kenyatta on Oct. 26 in a repeat of the presidential vote held in August which was annulled by the Supreme Court on procedural irregularities.

But Odinga withdrew last week, throwing East Africa's largest economy - a stable Western ally in a tumultuous region - deeper into uncertainty. The head of the election commission said on Wednesday it would be ""difficult"" to guarantee a free and fair repeat vote.

""The current state of affairs is one of high uncertainty, but I think the point here is that it is all political uncertainty, based on recent announcements by the Supreme Court and the sequence of events that followed that,"" Central Bank Governor Patrick Njoroge told Reuters in an interview.

""I see it as a mark of maturity of the democratic process,"" he added.

Kenyans liked ""noisy politics"" Njoroge said, adding he saw some signs of delays when it came to government spending on big projects. However, this was not excessive and the government was still functioning, he added.

""Kenya is very resilient, and the dynamics we have seen so far underscore Kenya's resilience,"" he said. ""We know two things for sure – whoever wins will be a Kenyan, and whoever wins will be supporting market-based policies.""

Asked about the economic impact of the current situation, Njoroge said that the central bank was in the process of revising down its growth forecast.

""Some of this will shave a bit off growth, and some of this will be (government investment) decisions that have been delayed ... but bear in mind that the government has continued to function,"" he said.

""We still think there isn't a precipitous collapse in growth, on the contrary we still believe that we will have growth rates above 5 percent,"" he said, speaking on the sidelines of a FT Live conference.

""VERY LITTLE INTERVENTION""

Statistics released in September showed that Kenya's economy grew 5.0 percent in the second quarter of the year - a slower expansion than the previous year due to a weaker performance in agriculture, manufacturing and financial services.

Asked about the performance of the Kenyan shilling, Njoroge said the central bank was committed to the flexible exchange rate policy, but had smoothened out excess volatility.

""We have not been intervening in any market way - in that matter we have not deviated from our flexible exchange rate policy, only smoothing out excess volatility as we see it.""

The scale on which the bank had done so was ""very, very little"" he said, declining to give further numbers.

""It happens, let's say, once every couple of weeks - if at all.""

According to traders, the central bank had sold dollars in the foreign exchange market earlier on Wednesday after the shilling weakened on news that an election official had resigned her job a week before the repeat election.

While the shilling has come under some pressure now and then, it has stayed fairly rangebound since mid-August, with market participants pointing to central bank intervention.

Njoroge said the stability of the currency was down to the country's improving, balanced current account. The shilling has weakened less than one percent against the dollar since the start of the year. (Reporting by Karin Strohecker; Editing by Jeremy Gaunt and Andrew Heavens) 

Released: 2017-10-18T15:46:12.000Z"
"WEEKAHEAD-Kenyan shilling seen stable, Nigeria's naira to strengthen",2017-03-23,"NAIROBI, March 23 (Reuters) - The Kenyan shilling is expected to remain stable over the next week, with importer demand for dollars set to outweigh inflows, while Nigeria's naira is likely to strengthen further in the black market on the back of central bank interventions.

KENYA

The Kenyan shilling is expected to remain stable or weaken slightly in the next week, mainly owing to importer demand for dollars outweighing inflows from farm exports.

At 1200 GMT commercial banks posted the shilling at 102.70/90, slightly up from last Thursday's close of 102.95/103.05.

Market participants said there was no consensus on what policymakers are likely to do when they meet to set interest rates on March 27.

TANZANIA

The Tanzanian shilling is seen trading in a tight range against the dollar, helped by a slowdown in demand for the U.S. currency.

Commercial banks quoted the shilling at 2,228/2,238 to the dollar on Thursday, stronger than the 2,235/2,240 a week ago.

""The shilling will likely remain range-bound next week due to subdued business activity. Demand and supply of dollars are largely matching each other at the moment,"" said a trader at a commercial bank.

NIGERIA

The Nigerian naira is expected to strengthen further in the black market in the coming days with the central bank intervening in the foreign exchange market to narrow the gap between the official and parallel market rates. The naira strengthened to 400 to the dollar on the black market on Thursday, from 457 last week. On the official interbank market the naira closed at 308 to the dollar, against 306 a week ago.

""We see the exchange rate converging at some point between 380-400 naira to the dollar in the near term because of the determination of the central bank to increase dollar supply,"" said Aminu Gwadabe, head of Nigeria's exchange bureaus.

Nigeria's central bank plans to sell $100 million in currency forwards on Thursday to be delivered within the next 60 days.

UGANDA

The Ugandan shilling is seen weakening moderately in the days ahead, weighed down by a typical surge in appetite for hard currency from manufacturers towards month-end.

At 1126 GMT commercial banks quoted the shilling at 3,590/3,600 to the dollar, the same level as last Thursday's close.

""We could see some slight movement on the upper side (weakening) from the usual month-end demand,"" said Benon Okwenje, trader at Stanbic Bank.

GHANA

Ghana's cedi is expected to remain bullish next week, bolstered by strong forex liquidity inflows amid weakening dollar demand, analysts said.

After touching record lows of 4.742 to the dollar this month, the cedi has rallied steadily to reach 4.40 by mid-morning on Thursday, compared to 4.56 a week ago. It is down about 4 percent since January, Reuters data shows.

""We expect a sustained bullish cedi in the face of comparatively weaker demand for the greenback amidst sufficient forex supply,"" said Joseph Biggles Amponsah, analyst at Accra-based Dortis Research.

""However, to extend this gain into the next quarter, the supply of dollars to the market needs to be sustained.""

ZAMBIA

The kwacha is expected to hold firm against the dollar next week because of hard currency conversions by companies preparing to pay salaries and other month-end obligations.

At 0901 GMT on Thursday commercial banks quoted the currency of Africa's No.2 copper producer at 9.50 per dollar, the same as its closing level a week ago.

""The kwacha is expected to maintain a narrow trading range fluctuating between K9.4800 and K9.5800 in the near term,"" Zambia National Commercial Bank (ZANACO) said in a note. (Reporting by John Ndiso, Fumbuka Ng'wanakilala, Oludare Mayowa, Elias Biryabarema, Kwasi Kpodo, Chris Mfula; Compiled by Aaron Maasho; Editing by David Goodman) 

Released: 2017-3-23T15:20:28.000Z"
"UPDATE 2-Kenya caps bank lending rates, pledges fidelity to free markets",2016-08-24,"* Commercial rates capped at four percentage points above CBR

* President says banks failed to honour promises to cut rates

* Says still committed to free markets despite move (Adds comment from the Kenya Bankers Association)

By Duncan Miriri and George Obulutsa

NAIROBI, Aug 24 (Reuters) - Kenyan President Uhuru Kenyatta signed into law on Wednesday a bill capping commercial bank lending rates, saying banks had in the past reneged on pledges to lower their rates when parliament tried to introduce caps.

Parliament passed changes to the banking law to cap commercial interest rates at 400 basis points above the central bank's policy rate, now 10.5 percent. The changes had since been awaiting presidential approval.

Businesses in the East African country have complained that high commercial lending rates, which average 18 percent or more, hobble corporate investment. Individuals say the high rates put borrowing out of reach of many.

In a statement, Kenyatta said lenders had one of the highest returns-on-equity in Africa, in spite of Kenya having one of the most efficient and effective financial markets on the continent.

""Banks need to do more to reduce the cost of credit and ensure that the benefits of the vibrant financial sector are also felt by their customers,"" the president, who faces re-election next August, said.

He sought to re-assure investors that the government was not going back on its economic policies.

""We also reiterate our commitment to free market policies in driving sustainable economic growth, to which we owe much of our success,"" the president said in the statement.

The Treasury and the central bank had opposed caps, promising to use other measures and to work closely with banks to lower rates, adding they feared placing a ceiling on commercial rates could cause banks to restrict lending.

The government would monitor the impact of the new law on access to credit and the potential emergence of unregulated, exploitative lenders, as it implements the law, Kenyatta said.

The central bank said it would not comment on the signing of the amendment act, while the bank industry body said it would comply and kept its criticism of the cap.

""There is little evidence from other countries that such interventions have helped the majority of citizens,"" the Kenya Bankers Association said.

Chief executives of commercial banks who fail to comply would face a fine of 1 million shillings ($10,000), a year in jail, or both.

The amended law, which becomes effective immediately, also sets a minimum interest rate for bank deposits of 70 percent of the central bank's benchmark rate.

Kenyatta noted it was the third time parliament had tried to reduce interest rates and that banks had twice promised to lower rates, before reneging.

There was immediate reaction of Kenyan shares and the currency to the move to cap rates. (Editing by Richard Balmforth) 

Released: 2016-8-24T16:08:37.000Z"
African Markets - Factors to watch on March 17,2016-03-17,"
The following company announcements, scheduled economic indicators, debt and currency market
moves and political events may affect African markets on Thursday.
    - - - - -
 EVENTS:
 RWANDA - Release of 2015 Gross Domestic Product data.
 
 GLOBAL MARKETS
 Asian shares gained across the board on Thursday and the
 dollar was on the defensive after suffering substantial
 losses as risk appetite revived after the U.S. Federal
 Reserve reduced the number of interest rate hikes expected
 this year.
            
 
 WORLD OIL PRICES
 Oil futures extended strong gains on Thursday, continuing to
 gather support after the world's biggest suppliers firmed up
 plans to meet to discuss an output freeze.
      
 
 EMERGING MARKETS
 For the top emerging markets news, double click on
            
 
 AFRICA STOCKS
 For the latest news on African stocks, click on     
 
 SOUTH AFRICA MARKETS
 South Africa's rand gained strongly late on Wednesday
 following a dovish statement form the United States central
 bank that suggested it would not raise interest rates
 anytime soon.
             
 
 NIGERIA OIL CASH 
 Nigeria's state oil company on Wednesday challenged official
 allegations that it had failed to remit 3.2 trillion naira
 ($16 billion) in revenues to the government in 2014 and said
 it only owed $1.64 billion.
 [nL5N16O5EK
 
 KENYA MARKETS
 The Kenyan shilling KES= was unchanged on Wednesday and
 traders said it would be hemmed in a tight range due to
 expectations of intervention by the central bank.
             
 
 KENYA TREASURIES
 Yields on Kenyan Treasury bills fell at auction while those
 of Treasury bonds went up. 
                            
 
 KENYA OIL
 Britain's Tullow Oil said it struck a promising find of oil
 in a new region of the country.
             
 
 WEST AFRICA ATTACKS
 The Pentagon on Wednesday restricted U.S. service members'
 travel to five West African countries, citing recent
 militant attacks in the region, U.S. defense officials said.
             
 
 ZIMBABWE IMF LOAN
 Zimbabwe expects a loan from the International Monetary
 Fund(IMF) in the third quarter of this year, the first since
 1999, after paying off foreign lenders by the end of June,
 the central bank governor said on Wednesday.
             
 
 TANZANIA BONDS
 The yield on Tanzania's two-year Treasury bonds rose at
 auction on Wednesday to 17.51 percent from 17.28 percent at
 a previous auction in January, the central bank said.
             
 
     For the latest precious metals report click on        
     For the latest base metals report click on         
     For the latest crude oil report click on

Released: 2016-3-17T06:19:34.000Z"
African Markets - Factors to watch on Jan 21,2016-01-21,"
The following company announcements, scheduled economic indicators, debt and currency market
moves and political events may affect African markets on Thursday.
    - - - - -
 EVENTS:
 KENYA - The central bank's governor holds a press conference
 at 0730 GMT.
 KENYA - The central bank to sell 91-day Treasury bill.
 
 GLOBAL MARKETS
 Battered crude oil prices bounced back from their lows on
 Thursday, propelling solid gains in Asian shares and the
 dollar.
            
 
 WORLD OIL PRICES
 Oil prices stabilised in early trading on Thursday after
 hitting fresh 2003 lows the session before, but analysts
 said a persistent global glut would keep pressuring markets.
      
 
 EMERGING MARKETS
 For the top emerging markets news, double click on
            
 
 AFRICA STOCKS
 For the latest news on African stocks, click on     
 
 SOUTH AFRICA MARKETS
 South African stocks fell to a one year low on Wednesday, as
 emerging markets were once again at the centre of another
 global rout after a tumble in oil prices, while the rand
 also weakened.
             
 
 NIGERIA MARKETS
 Nigerian stocks closed almost 4 percent higher on Wednesday,
 a dramatic recovery after two weeks of declines, as bargain
 hunters took positions in the market.
             
 
 KENYA MARKETS
 The Kenyan shilling KES= was a touch weaker against the
 dollar on Wednesday, supported by expectations from some
 investors that the central bank would intervene in the
 market. Shares fell.
             
 
 KENYA RATES        
 Kenya's central bank kept its benchmark lending rate
 KECBIR=ECI at 11.5 percent on Wednesday, saying the current
 stance was adequate to dampen inflation.
             
 
 KENYA DEBT YIELDS
 Weighted average yields on Kenya's two- and 10-year Treasury
 bonds rose sharply at an auction on Wednesday, the central
 bank said.
                
 
 ZIMBABWE EXPORTS
 Zimbabwe's tobacco export earnings rose 11 percent to $855
 million in 2015 on higher prices and demand from China, an
 industry official said on Wednesday, but production this
 year could suffer from a scorching drought.
             
 
 
 
     For the latest precious metals report click on        
     For the latest base metals report click on         
     For the latest crude oil report click on



Released: 2016-1-21T06:11:33.000Z"
African Markets - Factors to watch on Dec 18,2015-12-18,"
NAIROBI, Dec 18 (Reuters) - The following company
announcements, scheduled economic indicators, debt and currency
market moves and political events may affect African markets on
Friday.
    - - - - -
 GLOBAL MARKETS
 Asian shares took their cue from Wall Street and slipped on
 Friday, and Japanese stocks returned to negative territory
 after briefly jumping on the central bank's statement that
 it would expand parts of its stimulus programme.            
 
 WORLD OIL PRICES
 Crude futures were mixed in Asian trading on Friday as fresh
 signs of inventory building and the Federal Reserves rate
 hike this week kept prices under pressure amid a global glut
 of oil that shows no sign of abating.      
 
 EMERGING MARKETS
 For the top emerging markets news, double click on
            
 
 AFRICA STOCKS
 For the latest news on African stocks, click on     
 
 SOUTH AFRICA
 South African stocks rose to a more than one-week high on
 Thursday after the United States raised interest rates for
 the first time in nearly a decade, but a stronger dollar
 weighed on the battered rand.             
 
 NIGERIA MARKETS
 Nigeria's central bank advised commercial banks to limit how
 much customers can spend abroad using their debits cards,
 two executives said on Thursday, in the latest crackdown on
 dollar demand to save its dwindling foreign reserves.
             
 
 NIGERIA OIL
 Nigeria is producing 2.1 million barrels of oil per day
 (bpd) and aims to boost output to 2.4 million next year, the
 head of state oil firm NNPC said on Thursday.             
 
 KENYA MARKETS
 Kenya's shilling KES= was steady on Thursday, hovering near
 the level of 102.50 to the dollar where the central bank has
 intervened to support the currency in recent weeks. Shares
 slipped.       
 
 KENYA ECONOMY
 The International Monetary Fund trimmed its forecast for
 Kenya's economic growth on Wednesday, projecting gross
 domestic product would expand about 6 percent next year
 after growing a less-than-expected 5.6 percent in 2015.
                
 
 IVORY COAST
 Ivory Coast has become eligible for a 300 billion CFA franc
 ($500 million) grant from U.S. foreign aid agency the
 Millennium Challenge Corporation (MCC), Prime Minister
 Daniel Kablan Duncan said on Thursday.             
 
 ANGOLA INFLATION
 Angola's consumer inflation quickened to 13.29 percent
 year-on-year in November from 12.40 in October, data posted
 on the statistics office website showed on Thursday.
             
 
 NIGER COUP ATTEMPT
 Niger's government has foiled an attempted coup and arrested
 people who planned to use aerial firepower to seize control,
 President Mahamadou Issoufou said on national television on
 Thursday.             
 
 
     For the latest precious metals report click on        
     For the latest base metals report click on         
     For the latest crude oil report click on       
  
  

 (Editing by Edith Honan)

Released: 2015-12-18T06:10:57.000Z"
POLL-Kenya  central bank  to hold interest rate at 11.5 percent on Nov.17,2015-11-16,"* Central Bank of Kenya to hold benchmark rate on Tuesday

* Rate to be left at 11.5 percent

* For poll forecasts: reuters://realtime/verb=Open/url=cpurl://apps.cp./Apps/cb-polls?RIC=KECBIR%3DECI

By Vuyani Ndaba

JOHANNESBURG, Nov 16 (Reuters) - The Central Bank of Kenya will keep its benchmark interest rate unchanged at 11.5 percent on Tuesday, having already raised borrowing costs by 300 basis points this year to ward off inflationary pressures, a Reuters poll found.

Only two of 10 analysts polled in the past week expected a hike in rates this month, ahead of an expected U.S. Federal Reserve rate increase that is likely to put emerging market currencies under increased pressure.

Central banks in emerging markets have acted to stem falls in their currencies amid rising concerns over the health of the global economy and a tumble in commodity prices.

""The interest rate hikes were front-loaded in the current tightening cycle. Monetary policy has done all it can at this point, any further adjustment will come down to the fiscal authorities,"" said Alan Cameron, economist at Exotix in London.

In recent weeks, Kenya's central bank has used a mixture of shilling mop-up operations and dollar sales to support the weakening currency, which has been hit by global dollar strength and Kenya's widening trade gap and hefty budget deficit.

Kenya's shilling has recovered from its weakest level this year of 106.6 per dollar in early September to around 102.3.

""The retracement in the shilling means that Kenyan inflation will now peak at a lower level,"" said Razia Khan, head of Africa research at Standard Chartered.

Central bank governor Patrick Njoroge has said tight liquidity in Kenya's money market and central bank intervention have stabilised the shilling and prices, helping ensure sustainable growth. (Editing by Catherine Evans)

Released: 2015-11-19T15:44:51.000Z"
UPDATE 1-Kenyan shilling steady after c.bank sells dollars; stocks fall,2015-11-10,"
(Adds central bank intervention, market closer data)
    NAIROBI, Nov 10 (Reuters) - Kenya's shilling closed
flat on Tuesday after the central bank sold dollars to support
the local currency for the second day in a row.
    At 1330 GMT market close, the shilling was quoted at
102.25/35 to the dollar, unchanged from Monday's close.
    One Nairobi-based trader said the central bank intervened at
least three times during the day, selling small quantities of
dollars to keep the local currency pegged on the strong side of
102.50.
    ""They are sending a sign to the market that they will defend
the 102.50 level,"" said the trader.
    Earlier in the day traders reported dollar demand from
energy firms and general importers. The shilling was also hurt
by falling yields on government debt, which is reducing offshore
investor appetite for the paper. 
    The shilling, down about 13 percent against the dollar this
year, has recently been supported by inflows of dollars from
offshore investors chasing high-yielding government debt. But
yields tumbled last week.
    The yield on 91-day paper slid below 14 percent from nearly
20 percent a week before.
    On the equity market, the NSE 20 share index inched
down 5.31 points, or 0.1 percent, to close at 3,887.53 points.
    In the debt market, bonds worth 1.43 billion shillings ($14
million) were traded, compared with the previous session's 1.37
billion shillings.
    
    
               ...........................Shilling spot rates 
                  .....................Shilling forward rates 
                           .......................Cross rates 
         ..................................Local contributors 
           .......................Central Bank of Kenya Index 
          .....................Kenyan Bonds contributor pages 
                          ...............Treasury bill yields 
        ..................Central bank open market operations 
        .........................Horizontal repo transactions 
         ,       ................Daily interbank lending rate 
              .............................Kenya Bond pricing 
             ..................Real time Africa economic data 
 <ECI & AFR> ...........................African economic news
          .................................NSE-20 Share Index
         .................................NSE All Share Index
             ...........................FT NSE Kenya 15 Index
             .......................... FT NSE Kenya 25 Index
  SPEED GUIDES:
                                    
            
 ($1 = 102.1500 Kenyan shillings)

 (Writing by Edmund Blair, Drazen Jorgic; editing by John
Stonestreet)

Released: 2015-11-10T15:20:19.000Z"
UPDATE 2-Kenya's  central bank  chief says shilling stabilised,2015-11-10,"* Governor promises to improve banking supervision

* Fraud at mid-sized bank rattled market

* Investors seen more confident in govt borrowing plan (Adds comment on falling commercial lending rates)

By Duncan Miriri

NAIROBI, Nov 10 (Reuters) - Tight liquidity in Kenya's money market and central bank intervention have stabilised the shilling and prices, helping ensure sustainable growth, central bank governor Patrick Njoroge said on Tuesday.

He also told a senate committee that the central bank would improve banking supervision after mid-sized lender Imperial Bank was taken into receivership last month, rattling investors and the public. The receiver later confirmed substantial fraud at the privately owned bank.

""Price stability will provide the necessary environment for a sustainable growth in the long term,"" Njoroge said.

In recent weeks, the central bank has used a mixture of shilling mop-up operations and dollar sales to support the weakening currency, which has been hit by global dollar strength, Kenya's widening trade gap and a hefty budget deficit.

""The tight liquidity conditions experienced in September and October have eased, as reflected in the decline in the interbank rates,"" Njoroge said, adding that the central bank had no plans to start another tightening cycle.

Interbank rates have fallen and yields on Treasury bills tumbled last week after climbing above 20 percent. The shilling, now about 11 percent weaker since the start of the year, has risen off its September lows.

The governor said investors were confident the government was ""on top of its borrowing plan ... In that sense there is much more credibility in terms of interest rates remaining where they are"".

He said easing government debt rates would help bring commercial bank lending rates down: ""We believe that (commercial) interest rates will also come down quite soon. We are not talking months, we are talking weeks, even.""

When Imperial Bank was taken into receivership, tight liquidity conditions exacerbated challenges for smaller banks seeking funds, although that issue eased when it became clear that the fraud was not a systemic banking issue.

Njoroge said the central bank would increase the numbers of supervision staff and their skills. He also said reopening Imperial Bank, which the receiver has said is still viable, would boost public confidence, but did not give a timeline.

To avoid a funding squeeze for smaller banks in future, he said the central bank would encourage sharing liquidity in the market, which he said was ""lopsided"" towards four big banks.

He did not name them, but the biggest Kenyan banks include Kenya Commercial Bank and Equity Bank.

Fraudulent withdrawals and other illegal transactions at Imperial Bank amounted to more than 34 billion shillings ($333 million) over 13 years, the receiver said.

($1 = 102.2500 Kenyan shillings) (Writing by Edmund Blair; Editing by Catherine Evans) 

Released: 2015-11-10T12:40:35.000Z"
UPDATE 1-Kenyan shilling flat after  central bank  sells dollars; shares rise,2015-11-09,"
(Adds central bank intervention, closing market data)
    NAIROBI, Nov 9 (Reuters) - Kenya's shilling closed
flat on Monday after a day of volatile trading which prompted
the central bank to sell dollars to support the local currency.
    At 1330 GMT market close, the shilling was quoted at
102.25/35 to the dollar, unchanged from Friday's close.
    One Nairobi-based trader said the Central Bank of Kenya
(CBK) intervened in the market when the shilling rapidly
weakened to 102.60/70 and then continued intervening for ""the
better part of the day"".
    ""We have a lot of dollar demand from manufacturing and
energy sectors, so there is still expectation the shilling will
continue to weaken"" in coming days, the trader said.   
    The central bank said in a weekly report that it had foreign
exchange reserves of $6.9 billion as of Nov. 5, up from $6.1
billion at the start of October.
    ""That will put the central bank in a good position to
intervene if they want to protect the local unit,"" a dealer at a
commercial bank said earlier in the day.
    The shilling has recently been helped by offshore investors
selling dollars to buy high-yielding government debt. T-bills
yields tumbled last week. The yield on 91-day paper slid below
14 percent from nearly 20 percent a week before. 
    On the equity market, the NSE 20 share index rose
20.27 points, or 0.5 percent, to close at 3,892.84 points.
    In the debt market, bonds worth 1.3 billion shillings 
($12.7 million) were traded, compared with the previous
session's 458 million shillings.
    
               ...........................Shilling spot rates 
                  .....................Shilling forward rates 
                           .......................Cross rates 
         ..................................Local contributors 
           .......................Central Bank of Kenya Index 
          .....................Kenyan Bonds contributor pages 
                          ...............Treasury bill yields 
        ..................Central bank open market operations 
        .........................Horizontal repo transactions 
         ,       ................Daily interbank lending rate 
              .............................Kenya Bond pricing 
             ..................Real time Africa economic data 
 <ECI & AFR> ...........................African economic news
          .................................NSE-20 Share Index
         .................................NSE All Share Index
             ...........................FT NSE Kenya 15 Index
             .......................... FT NSE Kenya 25 Index
  SPEED GUIDES:
                                    
            
 

($1 = 102.1500 Kenyan shillings)

 (Writing by Edmund Blair and Drazen Jorgic; Editing by Ruth
Pitchford)

Released: 2015-11-9T15:19:38.000Z"
CBK-MONETARY POLICY COMMITTEE MEETING,2015-09-23,"Release date - 22092015

The Monetary Policy Committee (MPC) met on September 22, 2015, to review market developments and the outcomes of its previous monetary policy decisions.

It noted that the monetary policy measures taken in the previous meetings were being transmitted into the economy. The MPC noted the following developments since its meeting in August 2015: ? Overall month-on-month inflation decreased to 5.8 percent in August 2015, from 6.6 percent in July, moving closer to the 5 percent target. Month-on-month non-foodnon-fuel inflation reversed its upward trend since April, falling to 4.5 percent in August from 4.7 percent in July. The decrease in inflation was due to lower food prices and moderating demand pressures, partially offsetting the pass-through effects of exchange rate movements. ? The foreign exchange market was volatile in August and early September largely reflecting international developments, in particular the impact of the devaluation of the Chinese Yuan and continued strengthening of the U.S. dollar against most currencies. However, the tight liquidity conditions and direct interventions by the Central Bank of Kenya (CBK) helped stabilise the market. The current account deficit narrowed slightly in July 2015, due to a slowdown in imports and improved exports. In addition, diaspora remittances remain strong. ? The CBK’s foreign exchange reserves stand at USD6,183.6 million, which together with the Precautionary Arrangements with the International Monetary Fund (IMF) continue to provide an adequate buffer against short-term shocks. Following the first review of these Arrangements in September, the IMF endorsed the country’s macroeconomic policies and the measures adopted to address the spillover effects of the volatility in the global markets. ? Consistent with the monetary policy stance, liquidity conditions remained tight with the average interbank interest rate above the Central Bank Rate (CBR). Consequently, other short-term interest rates have been rising. ? The banking sector is resilient although liquidity and credit risks remain. The CBK is closely monitoring the sector in view of the risks posed by volatility in the global markets.

Haile Selassie Avenue

P. O. Box 60000-00200 Nairobi, Kenya

Telephone: 2861003/24 Fax: 2716556

Global economic growth remains moderate supported mainly by the U.S. economy. However, the slowdown in China has dampened the growth outlook for the global economy and increased volatility in the financial markets. Most emerging and frontier market currencies have depreciated against the U.S. dollar mainly due to the uncertainty around the timing of the increase in U.S. interest rates. The CBK’s Market Perceptions Survey of September 2015 showed that private sector firms expect stronger growth in 2015 compared to 2014, supported mainly by public investment in infrastructure and improved confidence in the economy. In addition, the Survey showed that inflation was expected to be stable in the remainder of 2015 supported by lower food and oil prices. However, the forecasted El Nino rains could disrupt food supply chains and exert pressure on food prices in the short term. The Committee observed that the measures taken in the previous meetings had continued to bring inflation nearer to the 5 percent target. However, the persistent turbulence in the global financial markets remain a risk to the inflation outlook, and its impact on the exchange rate should be monitored. The MPC concluded that the current monetary policy stance and supporting measures remain appropriate. The Committee therefore decided to retain the CBR at 11.50 percent in order to anchor inflation expectations. The CBK stands ready to use the instruments at its disposal to maintain overall price stability.

DR. PATRICK NJOROGE

CHAIRMAN, MONETARY POLICY COMMITTEE

[Editorial queries for this story should be sent to newswire@enpublishing.co.uk]"
TEXT- Central Bank  of Kenya interest rate decision,2015-09-22,"
NAIROBI, Sept 22 (Reuters) - Kenya's central bank held its
benchmark lending rate at 11.50 percent on Tuesday.
    Below is the full Monetary Policy Committee statement on the
decision:
    
MONETARY POLICY COMMITTEE MEETING 
The Monetary Policy Committee (MPC) met on September 22, 2015,
to review market developments and the outcomes of its previous
monetary policy decisions. It noted that the monetary policy
measures taken in the previous meetings were being transmitted
into the economy. The MPC noted the following developments since
its meeting in August 2015: 
 Overall month-on-month inflation decreased to 5.8 percent in
August 2015, from 6.6 percent in July, moving closer to the 5
percent target. Month-on-month non-food-non-fuel inflation
reversed its upward trend since April, falling to 4.5 percent in
August from 4.7 percent in July. The decrease in inflation was
due to lower food prices and moderating demand pressures,
partially offsetting the pass-through effects of exchange rate
movements. 
 The foreign exchange market was volatile in August and early
September largely reflecting international developments, in
particular the impact of the devaluation of the Chinese Yuan and
continued strengthening of the U.S. dollar against most
currencies. However, the tight liquidity conditions and direct
interventions by the Central Bank of Kenya (CBK) helped
stabilise the market. The current account deficit narrowed
slightly in July 2015, due to a slowdown in imports and improved
exports. In addition, diaspora remittances remain strong. 
 The CBK's foreign exchange reserves stand at USD6,183.6
million, which together with the Precautionary Arrangements with
the International Monetary Fund (IMF) continue to provide an
adequate buffer against short-term shocks. Following the first
review of these Arrangements in September, the IMF endorsed the
country's macroeconomic policies and the measures adopted to
address the spillover effects of the volatility in the global
markets. 
 Consistent with the monetary policy stance, liquidity
conditions remained tight with the average interbank interest
rate above the Central Bank Rate (CBR). Consequently, other
short-term interest rates have been rising. 
 The banking sector is resilient although liquidity and credit
risks remain. The CBK is closely monitoring the sector in view
of the risks posed by volatility in the global markets. 

 Global economic growth remains moderate supported mainly by
the U.S. economy. However, the slowdown in China has dampened
the growth outlook for the global economy and increased
volatility in the financial markets. Most emerging and frontier
market currencies have depreciated against the U.S. dollar
mainly due to the uncertainty around the timing of the increase
in U.S. interest rates. 

The CBK's Market Perceptions Survey of September 2015 showed
that private sector firms expect stronger growth in 2015
compared to 2014, supported mainly by public investment in
infrastructure and improved confidence in the economy. In
addition, the Survey showed that inflation was expected to be
stable in the remainder of 2015 supported by lower food and oil
prices. However, the forecasted El Niño rains could disrupt food
supply chains and exert pressure on food prices in the short
term. 
The Committee observed that the measures taken in the previous
meetings had continued to bring inflation nearer to the 5
percent target. However, the persistent turbulence in the global
financial markets remain a risk to the inflation outlook, and
its impact on the exchange rate should be monitored. The MPC
concluded that the current monetary policy stance and supporting
measures remain appropriate. The Committee therefore decided to
retain the CBR at 11.50 percent in order to anchor inflation
expectations. The CBK stands ready to use the instruments at its
disposal to maintain overall price stability. 
DR. PATRICK NJOROGE 
CHAIRMAN, MONETARY POLICY COMMITTEE 
September 22, 2015 

 (Editing by George Obulutsa)


Released: 2015-9-25T14:02:13.000Z"
"Kenya shilling firms versus dollar, tight liquidity helps",2015-09-11,"
NAIROBI, Sept 11 (Reuters) - Kenya's shilling firmed
a touch on Friday with dollar demand from energy and
telecommunications firms offset by central bank's injection of
greenbacks into the market, and tight liquidity. 
    At 0800 GMT, commercial banks quoted the shilling at
105.25/35 to the dollar against Thursday's close of 105.40/50.
    Kenya's central bankintervened in the market on Monday and
Tuesday, selling substantial quantities of dollars to boost the
shilling as the local currency edged closer to its record low of
106.80, set in October 2011. 
    ""Right now, there is little activity on trade so far this
morning. Both demand and supply seems matched at this level,""
said a trader at one Nairobi-based commercial bank. 
    ""What could also be containing it at this level is because
liquidity seems to have now reduced,"" he added.
    Traders said the central bank's sale of dollars has stemmed
shilling losses, for now, and expect the threat of further
interventions to weigh on the minds of market players.
    The shilling, down about 13.7 percent against the dollar
this year, has come under pressure from a broad rally in the
dollar, Kenya's large current account deficit and weak foreign
currency inflows from tourism after a number of attacks by
Somalia's al Shabaab insurgents.
               ...........................Shilling spot rates 
                  .....................Shilling forward rates 
                           .......................Cross rates 
         ..................................Local contributors 
           .......................Central Bank of Kenya Index 
          .....................Kenyan Bonds contributor pages 
                          ...............Treasury bill yields 
        ..................Central bank open market operations 
        .........................Horizontal repo transactions 
         ,       ................Daily interbank lending rate 
              .............................Kenya Bond pricing 
             ..................Real time Africa economic data 
 <ECI & AFR> ...........................African economic news
          .................................NSE-20 Share Index
         .................................NSE All Share Index
             ...........................FT NSE Kenya 15 Index
             .......................... FT NSE Kenya 25 Index
  SPEED GUIDES:
                                    
            
 
 (Reporting by Aaron Maasho; Editing by George Obulutsa)

Released: 2015-9-11T09:33:56.000Z"
"UPDATE 1-Kenya's shilling steady against dollar, stocks slightly lower",2015-09-10,"
* Threat of central bank action supporting the shilling
    * Benchmark NSE20 index nudges slightly lower

 (Adds trader comment)
    NAIROBI, Sept 10 (Reuters) - Kenya's shilling was little
changed against the dollar on Thursday, with dollar demand from
the telecoms sector offsetting the impact of two central bankinterventions earlier in the week.
    At the close of trade at 1330 GMT, commercial banks quoted
the shilling at 105.40/50, barely changed on Wednesday's close
of 105.35/50.
    Kenya's central bankintervened in the market on Monday and
Tuesday, selling substantial quantities of dollars to boost the
shilling as the local currency edged closer to its record low of
106.80, set in October 2011. 
    ""Today has been thin on volumes but a few companies from the
telecoms sector were buying (dollars),"" said a trader at one
Nairobi-based commercial bank. It was not immediately clear why
the telecoms firms were buying.
    Traders say the central bank's sale of dollars has stemmed
shilling losses, for now, and expect the threat of further
interventions to weigh on the minds of market players.
    ""The central bank came in a big way, and after such an
intervention people are usually cautious,"" added the trader.
    The shilling, down about 16.5 percent against the dollar
this year, has come under pressure from a broad rally in the
dollar, Kenya's large current account deficit and weak foreign
currency inflows from tourism after a number of attacks by
Somalia's al Shabaab insurgents.
    The benchmark NSE20 share index was barely changed,
drifting 2.11 points lower to close at 4,217.78 points.
    On the secondary market, government bonds valued at 687
million shillings  ($6.52 million) were traded, down from 1.1
billion the previous day.
    
    
    
               ...........................Shilling spot rates
                  .....................Shilling forward rates
                           .......................Cross rates
         ..................................Local contributors
           .......................Central Bank of Kenya Index
          .....................Kenyan Bonds contributor pages
                          ...............Treasury bill yields
        ..................Central bank open market operations
        .........................Horizontal repo transactions
         ,       ................Daily interbank lending rate
              .............................Kenya Bond pricing
             ..................Real time Africa economic data
 <ECI & AFR> ...........................African economic news
          .................................NSE-20 Share Index
         .................................NSE All Share Index
             ...........................FT NSE Kenya 15 Index
             .......................... FT NSE Kenya 25 Index
  SPEED GUIDES:
                                    
            
     


($1 = 105.4000 Kenyan shillings)

 (Reporting by Aaron Maasho and Drazen Jorgic; Editing by Alison
Williams)

Released: 2015-9-10T15:46:17.000Z"
Kenya's shilling holds steady against dollar for now,2015-09-10,"
NAIROBI, Sept 10 (Reuters) - Kenya's shilling was little
changed against the dollar on Thursday, but was expected to come
under pressure once the impact of the central bank intervention
earlier in the week to support the currency fades.
    At 0925 GMT, commercial banks quoted the shilling at
105.25/45, barely changed from Wednesday's close of 105.25/35.
    Kenya's central bankintervened in the market on Monday and
Tuesday, selling substantial quantities of dollars to boost the
shilling as the local currency edged closer to its record low of
106.80, set in October 2011. 
    ""It has been stable in that region for the last two days.
But we expect it to face some pressure from tomorrow to next
week once the flow dries up,"" said one trader at a Nairobi-based
commercial bank.
    The shilling has come under pressure from a broad rally in
the dollar, Kenya's large current account deficit and weak
foreign currency inflows from tourism after a number of attacks
by Somalia's al Shabaab insurgents.
    
               ...........................Shilling spot rates
                  .....................Shilling forward rates
                           .......................Cross rates
         ..................................Local contributors
           .......................Central Bank of Kenya Index
          .....................Kenyan Bonds contributor pages
                          ...............Treasury bill yields
        ..................Central bank open market operations
        .........................Horizontal repo transactions
         ,       ................Daily interbank lending rate
              .............................Kenya Bond pricing
             ..................Real time Africa economic data
 <ECI & AFR> ...........................African economic news
          .................................NSE-20 Share Index
         .................................NSE All Share Index
             ...........................FT NSE Kenya 15 Index
             .......................... FT NSE Kenya 25 Index
  SPEED GUIDES:
                                    
            
     

 (Reporting by Aaron Maasho; editing by Drazen Jorgic and Jane
Merriman)

Released: 2015-9-10T10:55:28.000Z"
Kenya 's shilling flat in wake of  central bank intervention ,2015-09-09,"
NAIROBI, Sept 9 (Reuters) - Kenya's shilling held steady on
Wednesday with scarce dollar demand, a day after the central
bank injected dollars into the market to bolster the local
currency as it neared its all-time low, traders said.
    At 0702 GMT, commercial banks quoted the shilling at
105.30/50 to the dollar, compared to Tuesday's close of
105.35/50.
    The shilling had been edging closer to its record low of
106.80 set in October 2011 before the central bank intervened on
Tuesday at about noon local time as it slipped to 106.55/75
against the dollar.
    ""The intervention of yesterday seems to have given it the
support it needed, and so we have seen the shilling on a firmer
setting this morning,"" said one Nairobi-based trader.
    The shilling has come under pressure from a broad rally in
the dollar, Kenya's high current account deficit and poor
foreign currency inflows from tourism after attacks by Somalia's
al Shabaab insurgents.
    The shilling is down about 16.5 percent against the dollar
this year.
       
               ...........................Shilling spot rates 
                  .....................Shilling forward rates 
                           .......................Cross rates 
         ..................................Local contributors 
           .......................Central Bank of Kenya Index 
          .....................Kenyan Bonds contributor pages 
                          ...............Treasury bill yields 
        ..................Central bank open market operations 
        .........................Horizontal repo transactions 
         ,       ................Daily interbank lending rate 
              .............................Kenya Bond pricing 
             ..................Real time Africa economic data 
 <ECI & AFR> ...........................African economic news
          .................................NSE-20 Share Index
         .................................NSE All Share Index
             ...........................FT NSE Kenya 15 Index
             .......................... FT NSE Kenya 25 Index
  SPEED GUIDES:
                                    
            
 
 (Reporting by Aaron Maasho; Editing by Edith Honan/Hugh Lawson)

Released: 2015-9-9T09:08:01.000Z"
UPDATE 1-Kenyan shilling firms after c.bank  intervention  near record lows,2015-09-08,"
* Shilling close to its all-time low against dollar
    * Kenya's main index gains 0.5 pct

 (Adds trader comment, details on c.bank intervention)
    NAIROBI, Sept 8 (Reuters) - Kenya's shilling firmed
against the dollar on Tuesday after the central bank sold
dollars in the market for the second consecutive session,
boosting the local currency as it neared its all-time low.
    At the close of trade at 1330 GMT, commercial banks quoted
the shilling at 105.35/50, stronger than Monday's close of
106.15/35. 
    The central bank intervened at about noon local time (0900
GMT) after the shilling slipped to 106.55/75 against the dollar,
almost touching the record low of 106.80 set in October 2011.
    ""The central bank intervention cooled the market,"" said one
Nairobi-based trader. Two other traders confirmed the central
bank, which also sold dollars on Monday, had intervened.
    Traders say the shilling, down about 16.5 percent against
the dollar this year, was expected to break through the all-time
low at some point this week.
    The Kenyan currency has come under pressure from a broad
rally in the dollar, Kenya's high current account deficit and
poor tourism inflows after attacks by Somalia's al Shabaab
insurgents.
    The NSE20 share index ended 20.10 points higher, or
0.5 percent, to close at 4216.83 points.
    On the secondary market, government bonds valued at 985
million shillings ($9.35 million)were traded, up from 370
million shillings traded on Monday.
    
               ...........................Shilling spot rates
                  .....................Shilling forward rates
                           .......................Cross rates
         ..................................Local contributors
           .......................Central Bank of Kenya Index
          .....................Kenyan Bonds contributor pages
                          ...............Treasury bill yields
        ..................Central bank open market operations
        .........................Horizontal repo transactions
         ,       ................Daily interbank lending rate
              .............................Kenya Bond pricing
             ..................Real time Africa economic data
 <ECI & AFR> ...........................African economic news
          .................................NSE-20 Share Index
         .................................NSE All Share Index
             ...........................FT NSE Kenya 15 Index
             .......................... FT NSE Kenya 25 Index
  SPEED GUIDES:
                                    
            
 

($1 = 105.3500 Kenyan shillings)

 (Reporting by Aaron Maasho, Drazen Jorgic; Editing by Keith
Weir)

Released: 2015-9-8T15:01:22.000Z"
"WEEKAHEAD-AFRICA- FX -E.African  currencies  seen weaker, kwacha to firm",2015-08-27,"NAIROBI, Aug 27 (Reuters) - East African currencies are expected to come under pressure next week as investors flee emerging markets, while the naira is likely to hold its ground on anticipated dollar sales by the central bank.

KENYA

Kenya's shilling is expected to stay under pressure next week with a flight by global investors from risky emerging market assets overshadowing domestic Kenyan issues.

At 1149 GMT, the shilling was quoted at 103.70/103.80 to the dollar, from 103.45/55 to the dollar a week ago.

""All markets are correcting and I don't think the shilling has been left behind,"" said one Nairobi-based trader. ""It's all dependent on what's happening in the global markets next week.""

Kenya's central bankintervened in the market on Tuesday by selling dollars.

Traders say expectations of further central bank action were providing some support against adverse global market conditions.

UGANDA

The Ugandan shilling is expected to weaken, undermined by demand from importers for dollars.

At 1006 GMT commercial banks quoted it at 3,570/3,580, slightly stronger than last Thursday's close of 3,575/3,585.

""Going into next week I expect faster depreciation pressure because we'll likely see a rise in importer demand,"" a trader at a leading commercial bank said.

Importers will be buying hard currency, he added, to pay for raw material shipments to cover the next month.

The shilling is already down 22.6 percent so far this year, and could heading towards the 3,600 region.

TANZANIA

The Tanzanian shilling is expected to slip against the dollar, undermined by demand from trading and oil companies.

Commercial banks quoted the shilling at 2,145/2,155 to the dollar on Thursday, weaker than 2,125/2,135 a week ago.

""What we see is that the shilling will likely depreciate against the U.S. dollar next week due to demand from oil importers and trading companies,"" said Sameer Remtulla, a dealer at Commercial Bank of Africa Tanzania.

NIGERIA

The naira is seen sustaining its stability against the greenback next week on both the parallel and interbank markets in anticipation of dollar sales by the central bank to bureau de change operators and the interbank market.

""We expect the naira to remain unchanged at this level (210-211 a dollar) for as along as the central bank continues to inject dollars into the market,"" said Harrison Owoh, a bureau de change operator.

The central bank has sold dollars to bureau de change operators twice a week since the start August in a bid to increase greenback liquidity and support the local currency.

The naira was quoted at 211 to the dollar by many parallel operators in Lagos on Thursday, slightly weaker than 210 last week, while the currency is trading at 199.50 to the dollar on the interbank market, but was seen reaching the 197 peg set by the central bank in February later in the day.

GHANA

Ghana's cedi is seen holding steady on interbank dollar sell-offs in anticipation of central bank greenback sales beginning next week, traders said.

The central bank has signalled it will resume its vigorous interbank dollar sales in September to shore up the local unit, currently down 30 percent since January. GHS traded at 4.1100 at 1120 GMT on Thursday, compared to 4.1800 last Thursday.

""We are beginning to see some stability due to (dollar) sell-off by investors and their banks in order to take advantage of the current attractive exchange rate before the central bank comes in,"" Joseph Biggles Amponsah, analyst at Dortis Research, said.

ZAMBIA

The kwacha is expected to recover some of its recent losses next week after China, a major importer of Zambia's copper, moved to support its economy by easing monetary policy.

At 1012 GMT on Thursday, commercial banks quoted the currency of Africa's No. 2 copper producer at 8.4500 per dollar, weaker than 8.1700 a week ago.

""Kwacha losses could be easing as it grinds out modest gains. Global markets are beginning to shed their losses,"" the local unit of South Africa's First National Bank (FNB) said in a note on Thursday.

The kwacha would also be boosted by dollar conversions to meet month-end obligations payable in the local currency, Zambia National Commercial Bank said in a separate note. (Reporting by Drazen Jorgic, Fumbuka Ng'wanakilala, Elias Biryabarema, Oludare Mayowa, Kwasi Kpodo and Chris Mfula; Editing by Mark Heinrich) 

Released: 2015-8-27T14:44:43.000Z"
Press Release: Fitch Revises Kenya's Outlook to Negative; Affirms FC IDR at 'B+',2015-07-17,"
 
 
The following is a press release from Fitch Ratings: 
 

Fitch Ratings-London-17 July 2015: Fitch Ratings has revised the Outlook on Kenya's Long-term foreign and local currency Issuer Default Ratings (IDR) to Negative from Stable and affirmed them at 'B+' and 'BB-', respectively. The agency has also affirmed the Short-term IDR at 'B' and Country Ceiling at 'BB-'. The issue ratings on Kenya's senior unsecured foreign and local currency bonds have been affirmed at 'B+'.

KEY RATING DRIVERS

- The revision of the Outlooks to Negative and affirmation of the ratings reflects the following rating drivers and their relative weights:

HIGH

- Kenya's public finances have been on a steadily deteriorating trend since 2008, reflecting weak revenue performance, increasing infrastructure spending, and persistently high current expenditure. The National Treasury estimates a revised budget deficit of 8.2% of GDP for the year to June 2015 (FY15), lower than the estimated deficit of 10.1% (June 2015), reflecting under-execution of spending under the second supplementary budget that was published shortly before the end of the fiscal year.

The final outturn was higher than the deficit of 6.4% announced originally in June 2014. Excluding the impact of the Standard Gauge Railway (SGR), which was not included in the June 2014 budget, the deficit would have been 6.1% of GDP. Weak revenue performance was offset by lower current expenditure (wages and other) as well as under-execution on capital projects. The budget announced in June 2015 expects the deficit to widen to 8.7% of GDP in FY16. In contrast, Fitch forecasts a deficit of 8% of GDP, with likely revenue under-performance more than offset by under-execution of capital projects.

The government plans to increase domestic borrowing to 3.4% of GDP, up from 2.9% of GDP (budgeted 3.3% of GDP). This risks putting upward pressure on domestic yields, which have risen sharply recently due to an increase in the Central Bank Rate. During FY15, the government opted to contain yields by only accepting bids within a target range, resulting in auctions being under-subscribed. Fitch expects that the extent to which the authorities will be able to repeat this will be limited in the current fiscal year.

Fitch expects government debt to rise to 53.2% of GDP by FY16, up from 42.4% in FY13 and 36.9% in FY08. The increase reflects significant new debt incurred to fund infrastructure, and a weaker exchange rate, as well as a steady loosening in fiscal policy since the global financial crisis. While current debt levels are sustainable, Fitch highlights the risk to debt sustainability of large-scale infrastructure projects, particularly if the anticipated growth does not materialise, without consolidation of the current budget balance.

MEDIUM

- Kenya's current account deficit is structurally wide, reflecting stagnant exports and a capital-intensive import bill, due to rapid infrastructure investment. The deficit is expected to widen to 9.9% of GDP in FY15 from 7.6% in FY14. Increased spending on the SGR will largely offset gains from lower oil prices, with the deficit expected to narrow only slightly to 9.7% in FY16. Foreign direct investment remains below peers, resulting in an unfavourable funding mix, including short-term capital and debt financing. Net external debt as a percentage of GDP is above the 'B' median and rising.

Kenya's 'B+' foreign currency IDR also reflects the following key rating drivers:

Growth has been robust at 5.3% over the past five years, but below the government's target of 6%. Fitch expects large-scale infrastructure projects in power and rail to boost growth above 6% in 2015. However, terrorist activity and its adverse impact on the tourism industry will curtail faster growth. Efforts to improve the business environment continue, focusing on easing cross-border trade, registering property and tax collection, including the introduction of electronic tax filing.

A strong US dollar and a large current account deficit have exerted pressure on the Kenyan shilling, down 10% since January 2015. The Central Bank of Kenyaintervened to limit the volatility of the exchange rate. As a result, unencumbered international reserves have fallen to USD6.7bn (or 3.7 months of CXP) in July 2015 from USD7bn in December 2014 (or 4 months of CXP). The Central Bank has also hiked rates by 300bps to 11.5% in recent months, in part to support the exchange rate.

Security in Kenya remains a significant risk and will continue to adversely impact tourism. The government continues to struggle to contain sporadic attacks by Al-Shabaab, as highlighted by the attack on Garissa University on 2 April. The historical marginalisation of predominantly Muslim communities, combined with the perceived heavy-handedness of the military, has led some local commentators to argue that this could lead to continued radicalisation. The government highlights that it is addressing the underlying cause of radicalisation through the devolved county system and greater community outreach. Increased defence spending to modernise and improve the capacity of police and military will likely improve counter-terrorism efforts, albeit at a cost to the budget.

Kenya's ratings are constrained by weak GDP per capita, which is one-third of the 'B' median. The country is in the 22nd percentile of the UN Human Development Index. Kenya's social and governance indicators are weaker than the 'B' median. A weak business environment is harming competitiveness and foreign direct investments. Kenya's World Bank Doing Business Index ranking slipped to below the 'B' median in 2013.

RATING SENSITIVITIES

- The main factors that individually, or collectively, could trigger negative rating action are:

- - Failure to consolidate public finances and stabilise public debt/GDP

- - Failure to narrow the current account deficit

- - A marked deterioration in the political environment and security undermining Kenya's long-term growth performance

The main risk factors that, individually or collectively, could trigger positive rating action are:

- - Effective implementation of a fiscal consolidation plan and stabilisation of public debt/GDP

- - A longer track record of prudent economic management and further regulatory reforms to foster an improved business environment and faster economic growth

-

KEY ASSUMPTIONS

- The ratings and Outlooks are sensitive to a number of assumptions.

Fitch assumes that GDP growth will recover to about 6% on average in the medium term, supported by rising infrastructure investment and the development of the oil sector. No widespread drought is assumed.

Fitch assumes a basic degree of political stability is maintained.

Contact:

- Primary Analyst

- Carmen Altenkirch

- Director

- +44 20 3530 1511

- Fitch Ratings Limited

- 30 North Colonnade

- London E14 5GN

Secondary Analyst

- Federico Barriga

- Associate Director

- +44 20 3530 1242

Committee Chairperson

- Tony Stringer

- Managing Director

- +44 20 3530 1219

Media Relations: Peter Fitzpatrick, London, Tel: +44 20 3530 1103, Email: peter.fitzpatrick@fitchratings.com.

Additional information is available at www.fitchratings.com.

- Kenya - Rating Action Report

- https://www.fitchratings.com/creditdesk/reports/report_frame.cfm?rpt_id=868758

Applicable Criteria

- Country Ceilings (pub. 28 Aug 2014)

- https://www.fitchratings.com/creditdesk/reports/report_frame.cfm?rpt_id=752194

- Sovereign Rating Criteria (pub. 12 Aug 2014)

- https://www.fitchratings.com/creditdesk/reports/report_frame.cfm?rpt_id=754428

Additional Disclosures

- <a href=""https://www.fitchratings.com/creditdesk/press_releases/content/ridf_frame.cfm?pr_id=988143"">Dodd-Frank Rating Information Disclosure Form</a>

- Solicitation Status

- https://www.fitchratings.com/gws/en/disclosure/solicitation?pr_id=988143

- <a href=""https://www.fitchratings.com/jsp/creditdesk/PolicyRegulation.faces?context=2&detail=31"">Endorsement(""https://www.fitchratings.com/jsp/creditdesk/PolicyRegulation.faces?context=2&detail=31""<Endorsement"") Policy</a><br></br>

- ALL FITCH CREDIT RATINGS ARE SUBJECT TO CERTAIN LIMITATIONS AND DISCLAIMERS. PLEASE READ THESE LIMITATIONS AND DISCLAIMERS BY FOLLOWING THIS LINK: HTTP://FITCHRATINGS.COM/UNDERSTANDINGCREDITRATINGS. IN ADDITION, RATING DEFINITIONS AND THE TERMS OF USE OF SUCH RATINGS ARE AVAILABLE ON THE AGENCY'S PUBLIC WEBSITE 'WWW.FITCHRATINGS.COM'. PUBLISHED RATINGS, CRITERIA AND METHODOLOGIES ARE AVAILABLE FROM THIS SITE AT ALL TIMES. FITCH'S CODE OF CONDUCT, CONFIDENTIALITY, CONFLICTS OF INTEREST, AFFILIATE FIREWALL, COMPLIANCE AND OTHER RELEVANT POLICIES AND PROCEDURES ARE ALSO AVAILABLE FROM THE 'CODE OF CONDUCT' SECTION OF THIS SITE. FITCH MAY HAVE PROVIDED ANOTHER PERMISSIBLE SERVICE TO THE RATED ENTITY OR ITS RELATED THIRD PARTIES. DETAILS OF THIS SERVICE FOR RATINGS FOR WHICH THE LEAD ANALYST IS BASED IN AN EU-REGISTERED ENTITY CAN BE FOUND ON THE ENTITY SUMMARY PAGE FOR THIS ISSUER ON THE FITCH WEBSITE.

17 Jul 2015 16:05 ET *Fitch Revises Kenya's Outlook to Negative; Affirms FC IDR at 'B+'

17 Jul 2015 16:06 ET *Fitch Revises Kenya Outlook to Negative From Stable

17 Jul 2015 16:07 ET *Fitch Cites Kenya's Steadily Deteriorating Public Finances

17 Jul 2015 16:07 ET *Fitch Cites Kenya's Weak Revenue Performance, Increasing Infrastructure Spending

17 Jul 2015 16:07 ET *Fitch Cites Kenya's Persistently High Current Expenditure

17 Jul 2015 16:08 ET *Fitch: Kenya's Current Account Deficit Is Structurally Wide

17 Jul 2015 16:08 ET *Fitch: Kenya's Current Account Deficit Reflects Stagnant Exports

(MORE TO FOLLOW) Dow Jones Newswires (212-416-2800)

July 17, 2015 16:08 ET (20:08 GMT)"
Kenya 's  central bank intervenes  in market to sell dollars - traders,2015-07-14,"NAIROBI, July 14 (Reuters) - Kenya's central bank sold an unspecified amount of dollars to the market early on Tuesday, traders said, the second consecutive day that the bank has intervened to support the weakening local currency.

""They were selling dollars,"" said one trader, who added that the central bank's move was an ""extension"" of its intervention at the end of the trading session on Monday. A second trader confirmed the bank was in the market.

The shilling firmed to 101.50/70 per dollar in the first hour of trading, stronger than Monday's close of 101.90/102.00. The local currency had on Monday weakened to 103.85/95, a fresh 3-1/2 year low, when the bank intervened. (Reporting by Drazen Jorgic; Editing by Alison Williams) 

Released: 2015-7-14T08:16:52.000Z"
TEXT- Central Bank  of Kenya interest rate decision,2015-07-07,"NAIROBI, July 7 (Reuters) - Kenya's central bank raised its key lending rate to 11.50 percent on Tuesday.

Below is the full Monetary Policy Committee statement on the decision:

MONETARY POLICY COMMITTEE MEETING, 7TH JULY, 2015 The Monetary Policy Committee (MPC) met on 7th July, 2015 to review market developments and the outcomes of its previous monetary policy decisions. Overall inflation increased in June 2015, but remained within the Government's target range of 2.5 percent on either side of the 5 percent target. The Committee noted the following developments since its meeting in June 2015:

* Month-on-month overall inflation increased to 7.0 percent in June 2015 from 6.9 percent in May 2015 mainly reflecting increases in fuel prices, pass-through effects from the weakening Kenya Shilling against the US dollar and moderate demand pressures in the economy. Similarly, the month-on-month non-food-non-fuel (NFNF) inflation increased to 4.6 percent from 4.2 percent during the period. The seasonally-adjusted 3-month annualised measures for overall and NFNF inflation increased slightly during the period, indicating underlying inflationary pressures. Growth in broad money (M3) and credit to private sector were above their respective targets in May 2015.

* The Kenya Shilling has remained under pressure, mainly reflecting the strengthening of the US dollar against most currencies. In addition, the current account deficit widened in part due to increased imports of capital equipment and weak exports. However, diaspora remittances remain resilient. Interventions by Central Bank of Kenya (CBK) through direct sale of foreign exchange to commercial banks in periods of short-term exchange rate have dampened volatility. The CBK's level of usable foreign reserves remain adequate at USD6,630.9 million (equivalent to 4.2 months of import cover). The precautionary facility with the International Monetary Fund provides an additional cushion.

* Government borrowing in the Fiscal Year 2015/16 is anchored in the Medium-Term Debt Management Strategy which aims at maintaining public debt at sustainable levels. In addition, the increased budgetary allocations towards bolstering security and facilitating the recovery of the tourism sector will support the long-term stability of the exchange rate.

* Liquidity conditions in the interbank market changed in the course of the month reflecting drawdown of Government deposits towards the end of the Fiscal Year 2014/15.

* The banking sector remains resilient and well capitalised. Updated data from all commercial and microfinance banks shows that new and existing loans amounting to Ksh.933.66 billion had been converted to the Kenya Banks' Reference Rate (KBRR) framework by end of May 2015 compared with Ksh.877.45 billion by the end of April 2015.

* The latest data from the Kenya National Bureau of Statistics shows that the economy remained robust in the first quarter of 2015. Growth improved to 4.9 percent in the first quarter of 2015 compared with a growth of 4.7 percent in similar period of 2014.

* The outlook for the global economy remains uncertain. In particular, the recent developments in Greece, possible turbulence in the global markets, and the uncertainty around the timing of increase in US interest rates are cause for concern. The Committee noted elevated risks to the inflation outlook mainly attributed to pressures on the exchange rate over the last few months. The Market Perceptions Survey of June 2015 showed that private sector firms expected inflation to rise mainly on account of pass-through effects of past exchange rate movements, and increases in fuel prices. However, the Survey showed optimism for an improved business environment by private sector firms in the remainder of 2015 related to continued investment in infrastructure, credit growth to key sectors, and improved confidence in the economy. In view of these developments, the emerging risks, and the consequent need to anchor inflationary expectations, the MPC decided to raise the Central Bank Rate (CBR) from 10.00 percent to 11.50 percent. Furthermore, the MPC decided to augment its instruments for liquidity management by introducing a 3-day Repo. The Committee noted the need to closely monitor liquidity conditions in the market. The MPC will continue to monitor external and domestic developments and their implications on the risks to the overall price stability. In particular, the Committee noted the need to closely monitor liquidity conditions in the market. In view of the new CBR, the CBK has revised the KBRR consistent with its commitment in January 2015 from 8.54 percent to 9.87 percent. This level of the KBRR will be effective from 7th July, 2015. DR. PATRICK NJOROGE CHAIRMAN, MONETARY POLICY COMMITTEE 7th July, 2015

Released: 2015-7-10T14:42:26.000Z"
Kenya 's  central bank  says it  intervenes  in market to mop up 5 bln shillings,2015-06-11,"NAIROBI, June 11 (Reuters) - Kenya's central bank said it was seeking to mop up 5 billion shillings ($51.44 million) in excess liquidity from the market on Thursday.

The bank normally uses liquidity management as a tool for stabilising the foreign exchange rate by making it slightly more expensive for traders to bet against the shilling. ($1 = 97.2000 Kenyan shillings) (Reporting by Drazen Jorgic; Editing by Kevin Liffey) 

Released: 2015-6-11T08:34:22.000Z"
"Kenyan shilling steady, traders wary of  central bank intervention ",2015-04-09,"
NAIROBI, April 9 (Reuters) - Kenya's shilling was
steady on Thursday, and traders said it was expected to stay in
a tight band as market players traded warily anticipating the
central bank would sell dollars.
    At 0805 GMT, commercial banks quoted the shilling at
92.65/85, compared with 92.70/75 at Wednesday's close.
    ""After the last intervention that happened on Tuesday, the
market yesterday was very quiet indeed,"" said a senior trader at
one commercial bank.
    The shilling had hit an intraday low of 92.82/92 on Tuesday
but recovered after the central bank sold an unspecified amount
of greenbacks to support the local currency.
    ""People are cautious at these levels,"" said John Njenga, a
trader at Commercial Bank of Africa.
    Traders forecast the shilling to trade in the 92.70 to 92.90
ranges in the next few days.
               ...........................Shilling spot rates 
                  .....................Shilling forward rates 
                           .......................Cross rates 
         ..................................Local contributors 
           .......................Central Bank of Kenya Index 
          .....................Kenyan Bonds contributor pages 
                          ...............Treasury bill yields 
        ..................Central bank open market operations 
        .........................Horizontal repo transactions 
         ,       ................Daily interbank lending rate 
              .............................Kenya Bond pricing 
             ..................Real time Africa economic data 
 <ECI & AFR> ...........................African economic news
          .................................NSE-20 Share Index
         .................................NSE All Share Index
             ...........................FT NSE Kenya 15 Index
             .......................... FT NSE Kenya 25 Index
  SPEED GUIDES:
                                    
            
 
 (Reporting by George Obulutsa; Editing by James Macharia)

Released: 2015-4-9T09:19:40.000Z"
African Markets - Factors to watch on April 9,2015-04-09,"
NAIROBI, April 9 (Reuters) - The following company announcements, scheduled economic
indicators, debt and currency market moves and political events may affect African markets on
Thursday.
    - - - - -
 EVENTS:
 *Central Bank of Kenya to auction 91-day Treasury bills worth a total 1 billion
 shillings.
 
 GLOBAL MARKETS
 Asian stocks rose on Thursday, extending the previous session's gains, while the
 dollar drew support from minutes of the Federal Reserve's last meeting showing the
 U.S. central bank was still on course to hike interest rates this year.
                           
 
 WORLD OIL PRICES
 Oil prices rose more than a percent on Thursday, clawing back a part of the 6 percent
 slump in the previous session that was triggered by a shock jump in U.S. crude
 inventories and record Saudi output, although analysts said sentiment remained
 bearish.                     
 
 EMERGING MARKETS
 For the top emerging markets news, double click on            
 
 AFRICA STOCKS
 For the latest news on African stocks, click on     
 
 SOUTH AFRICA MARKETS
 South Africa's rand held its ground against the dollar on Wednesday, tracking
 generally firmer emerging markets after investors bet that the Federal Reserve could
 signal a slower than expected pace in raising U.S. rates.               
     Stocks rose for the second consecutive day on Wednesday as investors scooped up
 shares in blue-chip heavy-weight Kumba Iron Ore          as the price of the commodity
 steadied.               
 
 NIGERIA MARKETS
 Nigeria's main share index fell on Wednesday for the second consecutive day, dropping
 by 2.6 percent in early trade on profit taking after surging last week following a
 peaceful presidential vote, traders said.               
 
 NIGERIA TRANSCORP RESULTS
 Transnational Corp. of Nigeria, a conglomerate with interest in hotels, power and oil
 and gas, said on Wednesday its 2014 pretax profit fell 14 percent to 7.73 billion
 naira ($39 million) from year ago.               
 
 KENYA MARKETS
 The Kenyan shilling        eased on Wednesday but remained within its recent ranges as
 market players traded cautiously wary of another central bank intervention.
                
 
 KENYA SECURITY
 Political pressure mounted on Kenya's president on Wednesday with scathing editorials
 and growing anger at a seven hour delay in the deployment of a special forces unit
 that eventually ended the bloody siege at Garissa University last week.
                
 
 UGANDA LENDING RATE
 Uganda's central bank raised its benchmark lending rate              for the first
 time since June 2014 to forestall a rise in core inflation caused by a weakening local
 currency and faster economic growth.                
 
 IVORY COAST COCOA
 Ivory Coast will allocate half of this year's cocoa mid-crop to local grinders and is
 working on the details of tax breaks to take effect in the 2015-2016 season in a bid
 to stimulate the sector, government and industry sources said on Wednesday.
                
 
 ZAMBIA CURRENCY
 Zambia's kwacha        strengthened over 1 percent against the dollar on Wednesday as
 the market anticipated changes to the existing tax regime in favour of mining
 companies.                
 
     For the latest precious metals report click on        
     For the latest base metals report click on         
     For the latest crude oil report click on

Released: 2015-4-9T05:36:02.000Z"
"UPDATE 1- Kenya 's  central bank intervention  lifts shilling, shares fall",2015-04-07,"
* Shilling could weaken after Islamist attack
    * Shares fall after attack hurt sentiment

 (Updates with market close, shares)
    NAIROBI, April 7 (Reuters) - Kenya's shilling 
strengthened on Tuesday after the central bank sold dollars to
banks, while stocks fell on negative sentiment after a deadly
attack by Islamists in a town near the frontier with Somalia.
    At the close of trade, commercial banks quoted the shilling
at 92.55/65 to the dollar, stronger than an intraday low of
92.82/92. The shilling had closed at 92.70/80 on Thursday.
    The markets were closed for holidays on Friday and Monday.
    ""They came in at about 1 pm,"" said a trader at a commercial
bank, referring to the central bank, which had sold an
unspecified amount of the U.S. currency.
    Traders had said the shilling may weaken following the
attack that was likely to affect tourism, a key foreign exchange
earner for East Africa's biggest economy. 
    Hoteliers said tourists cancelled their bookings after the
attack by the Somali militant group al Shabaab. 
    Kenya's tourism industry has been in decline since 2013 when
al Shabaab stormed an upscale shopping mall in the capital
Nairobi, killing 67 people during a bloody four-day siege.
    Traders forecast the shilling, which has lost 2.3 percent so
far this year, would trade in a tight range of 92.50-93.00 per
dollar in the next few days as the fallout from the attack is
balanced out by more likely interventions by the central bank. 
    On the stock market, the benchmark NSE-20 share index
 lost 0.33 percent to close at 5,179.76 points, largely
on negative sentiment following last week's attack.
    On the debt market, bonds worth 1.8 billion shillings ($19
million) were traded, up from 1.0 billion shillings worth of
bonds traded on Thursday.
    
               ...........................Shilling spot rates
                  .....................Shilling forward rates
                           .......................Cross rates
         ..................................Local contributors
           .......................Central Bank of Kenya Index
          .....................Kenyan Bonds contributor pages
                          ...............Treasury bill yields
        ..................Central bank open market operations
        .........................Horizontal repo transactions
         ,       ................Daily interbank lending rate
              .............................Kenya Bond pricing
             ..................Real time Africa economic data
 <ECI & AFR> ...........................African economic news
          .................................NSE-20 Share Index
         .................................NSE All Share Index
             ...........................FT NSE Kenya 15 Index
             .......................... FT NSE Kenya 25 Index
  SPEED GUIDES:
                                    
            
   ($1 = 92.4000 Kenyan shillings)

 (Reporting by Duncan Miriri; Editing by James Macharia)

Released: 2015-4-7T15:52:28.000Z"
WEEKAHEAD-AFRICA- FX -Presidential election outcome to buoy Nigerian naira,2015-04-02,"LAGOS, April 2 (Reuters) - Nigeria's naira could firm against the dollar on the parallel market next week after a peaceful election but Kenya's shilling could weaken after a deadly attack by Islamists which could further hit tourism.

NIGERIA

The naira firmed to 210 to the dollar on the parallel market from 226 a week ago after opposition leader Muhammadu Buhari won in a vote that avoided the violence of previous polls.

However, the currency traded within the 199-199.50 band on the official interbank market, where it has been stuck since February, after the central bank pegged the rate.

In a sign of relief, individuals who had stockpiled dollars to hedge against political risk fearing the election could be marred by violence were exchanging their funds for the naira.

""We are not going to see much of movement in the pricing of the naira at the interbank market until the central bank reviews the present measure which has stagnated the rate,"" a dealer said.

KENYA

The Kenyan shilling is expected to weaken, hurt by negative sentiment after a deadly attack by al Shaabab near the frontier with Somalia threatened its tourism fortunes.

The shilling has lost ground steadily since last year, partly due to a downturn in tourism following attacks by al Shabaab militants. Tourists are a leading source of hard currencies for East Africa's biggest economy.

The shilling could trade between 92.50-93.20 to the dollar, with a move beyond 93 likely triggering intervention from the central bank, National Bank of Kenya trader Chris Muiga said.

Traders say a government bond could lend support to the shilling. Kenya's central bank has invited bids for a 12-year infrastructure bond worth 25 billion shillings ($270 million).

GHANA

Ghana's cedi could be buoyed by demand from businesses looking to settle domestic quarterly bills.

The West African currency has weakened by about 11 percent since January, but looks set to reverse some of those losses, partly helped by a $940 million IMF aid deal this month that is expected to unlock additional offshore inflows.

""Liquidity has been weak on the local market ... and this is likely to hold the dollar/cedi at current levels next week,"" Barclays Bank analyst Michael Akpakli said.

He said demand for the local currency would rise ahead of public holidays on Friday and Monday.

ZAMBIA

The outlook points to a firmer Zambian kwacha next week, after the central bank hiked the amount of money commercial banks should deposit with the regulator and as the government plans to resolve a mining tax row with foreign investors.

The Bank of Zambia will raise the statutory reserve ratio to 18 percent from 14 percent next Wednesday.

""The increase will reduce liquidity and that should render support to the kwacha,"" analyst Maambo Hamaundu said.

President Edgar Lungu last month directed the finance and mining ministers to adjust royalties on mining firms by April 8, saying the copper-producer could consider temporarily reverting to the less punitive tax regime which was in place in 2014.

UGANDA

Traders predicted a stable shilling on tightening liquidity but some investors were concerned about the impact of a planned increase in government spending.

The Ugandan government plans to increase spending before the 2016 elections, although the central Bank of Uganda has vowed to use its key interest rate to keep inflation in check.

The shilling traded at 3,000/3,016, weaker than 2,975/2,985 a week ago.

""Liquidity is getting tighter in the market, we see this tightening slowing any weakening of the unit (shilling),"" said Ahmed Kalule, trader at Bank of Africa.

($1 = 92.6500 Kenyan shillings) (Reporting by Oludare Mayowa, Elias Biryabarema, Kwasi Kpodo and Chris Mfula; Compiled by Stella Mapenzauswa; Editing by James Macharia) 

Released: 2015-4-2T17:13:30.000Z"
"UPDATE 1-Kenyan shilling flat as caution sets in, shares fall",2015-03-17,"
(Updates with closing rate, shares)
    NAIROBI, March 17 (Reuters) - Kenya's shilling was
steady at near 3-year lows on Tuesday, as traders acted
carefully on prospects of the central bank pumping in dollars to
cut any volatility.
    The benchmark shares index fell on profit-taking.
    The shilling closed trade at 92.05/15 against the dollar,
unchanged from Monday's close. The central bank sold an
undisclosed amount of dollars on Monday when the shilling
touched its lowest level since Nov. 2011.
    ""We were largely unchanged as market players now take
caution owing to intervention by the Central Bank of Kenya,""
said a currency trader at a leading commercial bank. 
    Traders who build long dollar positions usually get caught
out if the currency firms after a central bank intervention.
    Concerns about further intervention were deepened by similar
action in neighbouring Uganda where the central bank sold
dollars on Monday to prop up the Ugandan shilling after
it slid, said the trader. 
    The Kenyan currency has fared better than the Ugandan one
this year, losing 1.83 percent against the greenback compared
with a 4.66 percent fall for the Ugandan shilling.
    The drops have partly been driven by a globally firmer
dollar on expectation the U.S. Federal Reserve would hike rates
faster than expected.
    In the stock market, the benchmark NSE-20 share index
 fell 0.5 percent to close at 5,313.84 points, driven by
profit-taking especially by investors abroad.
    ""Foreign investors were net sellers and they have been
sellers for quite a while,"" said Stella Wambugu, a research
analyst at Standard Investment Bank.
    The index has risen just once in the past ten sessions as
investors started booking gains after it hit a seven-year peak.
    In the debt market, bonds worth 779 million shillings 
($8.47 million) were traded, down from Monday's volume of 1.4
billion shillings.
               ...........................Shilling spot rates 
                  .....................Shilling forward rates 
                           .......................Cross rates 
         ..................................Local contributors 
           .......................Central Bank of Kenya Index 
          .....................Kenyan Bonds contributor pages 
                          ...............Treasury bill yields 
        ..................Central bank open market operations 
        .........................Horizontal repo transactions 
         ,       ................Daily interbank lending rate 
              .............................Kenya Bond pricing 
             ..................Real time Africa economic data 
 <ECI & AFR> ...........................African economic news
          .................................NSE-20 Share Index
         .................................NSE All Share Index
             ...........................FT NSE Kenya 15 Index
             .......................... FT NSE Kenya 25 Index
  SPEED GUIDES:
                                    
            
   ($1 = 92.0000 Kenyan shillings)

 (Reporting by Duncan Miriri; Editing by James Macharia)

Released: 2015-3-17T15:08:13.000Z"
TEXT- Central Bank  of Kenya interest rate decision,2015-01-14,"NAIROBI, Jan 14 (Reuters) - Kenya's central bank held its key lending rate at 8.50 percent on Wednesday, saying this would ensure inflation continued to fall towards a 5 percent target.

Below is the full Monetary Policy Committee statement on the decision: MONETARY POLICY COMMITTEE MEETING, 14TH JANUARY, 2015 CONSOLIDATING GAINS FROM THE MONETARY POLICY STANCE The Monetary Policy Committee (MPC) met on 14th January, 2015 to review market developments and the outcomes of its previous monetary policy decisions. The Committee noted that overall inflation continued to decline gradually in November and December 2014, and remained within the range of the Government medium-term target of 5 percent but still above the target. Specifically, the Committee noted the following outcomes in the market since its meeting in November 2014:

* Overall month-on-month inflation declined from 6.09 percent in November 2014 to 6.02 percent in December 2014, mainly reflecting significant declines in the prices of fuel and electricity. However, these declines were partly offset by a rise in the food index during the period. The month-on-month non-food-non-fuel inflation reversed the November 2014 increase and declined from 3.77 percent to 3.65 percent in the period. This indicates that there was no significant demand driven inflationary pressure or threat to the economy.

* Despite the temporary pressures on most international currencies reflecting the global strengthening of the US Dollar, the exchange rate of the Kenya Shilling against the US Dollar has maintained its stable trend while strengthening, on average, against the Euro, Sterling Pound, Japanese Yen, and the regional currencies. The strengthening of the US Dollar partly reflects the strong performance of the US economy and changing expectations on the timing of the first US interest rate increase. However, the Kenya Shilling continued to be supported by the resilient foreign exchange inflows through diaspora remittances, increased net purchases of equity by foreign investors in the Nairobi Securities Exchange (NSE) while interventions by the Central Bank of Kenya (CBK) through direct sales of foreign exchange to commercial banks have stopped short-term volatility. The sustained confidence in the economy reflected in the massive oversubscription of the Sovereign Bond that was re-opened in December 2014 also supported the Kenya Shilling. The CBK's level of usable foreign exchange reserves increased from USD7,116.3 million (equivalent to 4.64 months of import cover) at the end of October 2014 to USD7,424.7 million (equivalent to 4.79 months of import cover) at the end of December 2014. The build-up of foreign exchange reserves was boosted by the sale to CBK by the Government of the proceeds of the re-opened Sovereign Bond in December 2014. This build-up is considered adequate to cushion the exchange rate against short-term shocks and excess volatility.

* The Government's domestic borrowing programme for the Fiscal Year 2014/15 remained consistent with the monetary policy objectives. In addition, the issuance of the Sovereign Bond in June 2014 and its subsequent re-opening in December 2014 has dampened pressure on both domestic borrowing and domestic interest rates.

* The sustained liquidity management by the CBK through Open Market Operations (OMO) has ensured stability in the interbank market. Consequently, the movements in short-term interest rates were closely aligned to the Central Bank Rate (CBR) during the period.

* The latest data and stress tests on the banking sector showed that the sector remains resilient. Although the ratio of gross non-performing loans to gross loans increased slightly from 5.4 percent in September 2014 to 5.5 percent in November 2014, the Committee noted that the banking sector has built significant capital buffers to mitigate the adverse business cycle effects. The Kenya Banks' Reference Rate (KBRR) framework was introduced in July 2014 to enhance transparency in the pricing of credit as well as improving the transmission of monetary policy signals into changes in banks' lending rates. Updated data from all commercial and microfinance banks shows that new and existing loans amounting to Ksh.732.2 billion had been converted to the KBRR framework by 28th December 2014 compared with Ksh.397.24 billion as at 19th October 2014. In addition, since the rollout of the KBRR framework in July 2014, the average lending rate for the banking sector has been on a downward trend, declining from 16.9 percent in July 2014 to 15.9 percent in November, 2014. Consequently, the spread between the average commercial banks' lending rate and the KBRR declined from 7.8 percent to 6.8 percent during the period. The full effect of KBRR can be assessed once all loans have been converted into the KBRR framework.

* The latest data from the Kenya National Bureau of Statistics shows that the economy remained resilient in the third quarter of 2014. The growth performance in the period was supported by a strong expansion of the finance and insurance sector that grew by 9.9 percent up from a revised growth of 8.3 percent in a similar period of 2013. The performance of the finance and insurance sector continued to be driven by financial innovations and inclusion. The strong performance of the construction, wholesale and retail trade, information and communication, and agriculture and forestry sectors during the period was an indication of the continued recovery of the economy.

* Confidence in the economy remains strong. Specifically, the MPC Market Perception Survey conducted in December 2014 showed that private sector firms expect inflation and the exchange rate to be stable, and growth to be stronger in 2015. Furthermore, the Survey showed that the private sector's optimism for an improved business environment in 2015 is high. On the global scene, the world economy continues to grow at a moderate pace with recent data indicating that the United States and United Kingdom remain the main drivers to the growth. Global growth is projected at 3.8 percent in 2015 up from 3.3 percent in 2014. The lower international oil prices are expected to benefit global growth in 2015 mainly through lower production costs and consumer prices for net oil importing countries. Whilst the growth recovery in the Eurozone remains weak, the outlook for emerging markets is mixed. Emerging Asian economies are expected to benefit from the US recovery while Russia and Brazil are expected to face growth challenges. However, growth in Sub-Saharan Africa is projected to remain strong, and grow by 5.8 percent in 2015 from 5.1 percent in 2014. This is expected to boost Kenya's exports and support exchange rate stability. In addition, the commitment by the US Federal Reserve Bank to a balanced approach when it decides to begin to remove monetary policy accommodation is expected to support stability in the global currency and financial markets. The Committee concluded that the monetary policy measures coupled with the lower international oil prices continue to deliver the desired decline in domestic prices and, hence, lower inflation. However, overall inflation has remained in the upper bound of the Government medium-term target of 5 percent. The Committee therefore decided to retain the CBR at 8.50 percent to anchor inflation expectations. This will ensure that inflation continues to decline towards the 5 percent target. The MPC will continue to monitor the key macroeconomic aggregates and any emergent risks from the external and domestic economies that may impact on price stability. Given that the CBR has been retained at 8.50 percent by the MPC and, considering the weighted 2-month moving average of the 91-day Treasury bill rate, the CBK has revised the KBRR consistent with its commitment in July 2014 from 9.13 percent to 8.54 percent. This level of the KBRR will be effective from 14th January, 2015 until its next review in July 2015, if market conditions do not change significantly. PROF. NJUGUNA NDUNG'U, CBS CHAIRMAN, MONETARY POLICY COMMITTEE 14th January, 2015 (Compiled by George Obulutsa and Edmund Blair)

Released: 2015-1-17T13:26:56.000Z"
Kenyan shilling hovers around more than three-year lows,2015-01-08,"
NAIROBI, Jan 8 (Reuters) - Kenya's shilling hovered
around its weakest level in more than three years on Thursday
amid continuing corporate demand for dollars.
    By 0708 GMT, the shilling was trading at 91.05/25 to the
dollar, little changed from Wednesday's close of 91.10/20.
    ""There is persistent demand with a bit of jitters now we are
trading above 91.00,"" said Duncan Kinuthia, head of trading at
Commercial Bank of Africa. ""In the absence of any action by the
central bank, I guess we are going to gravitate towards 91.50.""
    The Central Bank of Kenya has intervened on several
occasions in recent weeks by selling dollars to the support the
currency but the sales have only slowed a steady decline in the
shilling.
    A spate of militant attacks has hurt the flow of tourist
dollars, a major source of revenues for the east African nation,
helping drive the shilling lower during 2014.
    ""Whatever supply (of dollars) comes in will just stall the
trend. The trend is basically for a weaker shilling,"" said
another trader, who asked not to be identified.
    
               ...........................Shilling spot rates
                  .....................Shilling forward rates
                           .......................Cross rates
         ..................................Local contributors
           .......................Central Bank of Kenya Index
          .....................Kenyan Bonds contributor pages
                          ...............Treasury bill yields
        ..................Central bank open market operations
        .........................Horizontal repo transactions
         ,       ................Daily interbank lending rate
              .............................Kenya Bond pricing
             ..................Real time Africa economic data
 <ECI & AFR> ...........................African economic news
          .................................NSE-20 Share Index
         .................................NSE All Share Index
             ...........................FT NSE Kenya 15 Index
             .......................... FT NSE Kenya 25 Index
  SPEED GUIDES:
                                                
 
 (Writing by Edmund Blair; Editing by George Obulutsa and David
Clarke)

Released: 2015-1-8T08:17:35.000Z"
"UPDATE 1-Kenya shilling weakens, top shares inch up",2015-01-06,"
* Importer dollar demand weighs on shilling
    * Blue chip share index edges up in correction

 (Adds closing rate, shares)
    By Duncan Miriri
    NAIROBI, Jan 6 (Reuters) - Kenya's shilling weakened
on Tuesday, weighed down by corporate demand for dollars, while
the benchmark share index eked out meagre gains as investors
regrouped following losses in the previous session.
    At the 1300 GMT close of trade, leading commercial banks
posted the shilling at 90.90/91.00, lower than Monday's close of
90.80/90.
    The Kenyan currency weakened late on Monday as importers
resumed business after the holidays.
    ""Dollar demand from yesterday persisted today and it is
specifically from the oil sector,"" said Nahashon Mungai, a
trader at KCB Bank. ""The market looks poised to breach the
91.000 level barring any intervention by the CBK (Central Bank
of Kenya).""
    The shilling weakened steadily last year in part because of
a downturn in tourism following a series of Islamist militant
attacks. Tourists are a major source of dollars and other hard
currencies for the east African nation.
    Sustained corporate demand for dollars, jitters across
emerging markets and thin dollar inflows into Kenya were all
putting pressure on the shilling, said Duncan Kinuthia, head of
trading at Commercial Bank of Africa.
    ""A breach of 91.00 could open up towards 91.50,"" Kinuthia
said. ""General weakness will remain. I don't see anything
supporting a strong shilling for the time being.""
    In the stock market, the benchmark NSE-20 share index
 edged up 0.17 percent to close at 5,098.49 points.
    Market participants said the gains reflected a correction
after the index dropped 0.54 percent in the previous session due
to concerns over a new capital gains tax.
    In the debt market, bonds worth 800 million shillings were
traded, up from 571 million shillings that changed hands on
Monday.
      
               ...........................Shilling spot rates
                  .....................Shilling forward rates
                           .......................Cross rates
         ..................................Local contributors
           .......................Central Bank of Kenya Index
          .....................Kenyan Bonds contributor pages
                          ...............Treasury bill yields
        ..................Central bank open market operations
        .........................Horizontal repo transactions
         ,       ................Daily interbank lending rate
              .............................Kenya Bond pricing
             ..................Real time Africa economic data
 <ECI & AFR> ...........................African economic news
          .................................NSE-20 Share Index
         .................................NSE All Share Index
             ...........................FT NSE Kenya 15 Index
             .......................... FT NSE Kenya 25 Index
  SPEED GUIDES:
                                    
            
 
 (Editing by Mark Heinrich)

Released: 2015-1-6T15:26:24.000Z"
Kenyan shilling slips again despite  central bank intervention ,2014-11-21,"
NAIROBI, Nov 21 (Reuters) - Kenya's shilling was back
near three-year lows in early trading on Friday, after
intervention by the central bank to support the currency the
previous day had little lasting impact.
    By 0635 GMT, the shilling was quoted at 90.10/30, weakening
from Thursday's close of 90.05/15.
    Dollar sales by the Central Bank of Kenya (CBK) on Thursday
initially helped the currency firm up to 89.70/90, but it
swiftly reversed those gains. The central bank sold dollars this
week and the last when the currency traded around the 90.30
level.
    ""I suspect that CBK would have to intervene again because
there seems to have been not much effect from its intervention
yesterday,"" said Nahashon Mungai at Kenya Commercial Bank.
    Traders said the demand for dollars was mainly coming from
energy importers and telecoms firms. They said pressure on the
shilling could build next week as corporate demand for the U.S.
currency tended to build towards the end of the month.
    ""The supply side continues to be constrained,"" said one
trader at a leading commercial bank, referring to depressed
dollar inflows from tourism and tea, another major hard currency
earner, because of lower global tea prices.
    ""I think the central bank will continue to offer support but
where it is demand driven and the weakness is gradual I think
they will let the fundamentals play a key role,"" he said.
    For now, traders said the shilling was likely to be capped
at about 90.50.
    The central bank has not set any exchange rate level and
does not usually comment on any intervention, but it has said it
has enough reserves to cushion the market against shocks.
     
               ...........................Shilling spot rates 
                  .....................Shilling forward rates 
                           .......................Cross rates 
         ..................................Local contributors 
           .......................Central Bank of Kenya Index 
          .....................Kenyan Bonds contributor pages 
                          ...............Treasury bill yields 
        ..................Central bank open market operations 
        .........................Horizontal repo transactions 
         ,       ................Daily interbank lending rate 
              .............................Kenya Bond pricing 
             ..................Real time Africa economic data 
 <ECI & AFR> ...........................African economic news
          .................................NSE-20 Share Index
         .................................NSE All Share Index
             ...........................FT NSE Kenya 15 Index
             .......................... FT NSE Kenya 25 Index
  SPEED GUIDES:
                                    
            
    

 (Reporting by Edmund Blair; Editing by Prateek Chatterjee)

Released: 2014-11-21T07:54:53.000Z"
Kenya's  central bank  sells dollars to support shilling - traders,2014-11-20,"NAIROBI, Nov 20 (Reuters) - The Central Bank of Kenya (CBK) intervened on Thursday to support the shilling by selling dollars, lifting the currency off a three-year low against the greenback, traders said.

""CBK sold dollars and the shilling has strengthened to around 90 to the dollar. I have seen them selling at least two separate rounds,"" Martin Runo, senior trader at Chase Bank said, echoing comments from another trader.

By 0855 GMT, the shilling was trading at 89.90/90.10, compared with 90.15/35 earlier in the session.

(Writing by Edmund Blair; Editing by James Macharia) 

Released: 2014-11-20T10:00:27.000Z"
"UPDATE 2- Kenya  shilling firms after  central bank intervenes , shares rise",2014-11-14,"* Shilling off 3-year lows after central bank support

* Bamburi cement helps buoy stocks (Updates with shilling, stocks close)

NAIROBI, Nov 14 (Reuters) - Kenya's shilling strengthened from three-year lows on Friday after the central bank intervened to support the currency by selling dollars. Stocks rose.

The shilling closed at 89.90/90.0 to the dollar, compared to Thursday's close of 90.25/35 - its lowest level since November 2011.

The central bank has in the past sold dollars to support the currency when it touched 89.50 levels. Most traders had anticipated action when it broke through the 90 level this week.

The shilling has fallen by about 4.3 percent against the dollar this year, due to a slump in hard currency inflows from tourism following a spate of attacks by Islamic militants. Tea export inflows have been hit by a global glut. The dollar has also recently strengthened against other currencies.

Martin Runo, a senior trader at Chase Bank, said he still expected the shilling to remain under pressure.

""The shilling has a weaker bias, there is dollar demand from the oil sector and manufacturers, while there are only minimal inflows from tourism and agriculture,"" Runo said.

""However, if the central bank persists in selling dollars, the shilling could stay below the 90-level to the dollar.""

In the stock market, the benchmark NSE-20 share index rose 0.3 percent or 15.92 points to 5,139.37 points.

Among the gainers was Bamburi Cement, which added 2 percent to end at 149 shillings, buoyed by its plans to supply cement to big infrastructure projects, including a planned new railway, Old Mutual Securities said in a research note.

In the debt market, bonds worth 5 million shillings ($55,617) were traded, down from 940 million shillings traded the previous day.

...........................Shilling spot rates 
 .....................Shilling forward rates 
  .......................Cross rates 
..................................Local contributors 
.......................Central Bank of Kenya Index 
.....................Kenyan Bonds contributor pages 
  ...............Treasury bill yields 
..................Central bank open market operations 
.........................Horizontal repo transactions 
,................Daily interbank lending rate 
.............................Kenya Bond pricing 
..................Real time Africa economic data 
<ECI & AFR> ...........................African economic news
.................................NSE-20 Share Index
.................................NSE All Share Index
...........................FT NSE Kenya 15 Index
.......................... FT NSE Kenya 25 Index
 SPEED GUIDES:
              


(1 US dollar = 89.9000 Kenyan shilling) (Reporting by James Macharia) 

Released: 2014-11-14T15:02:37.000Z"
"Kenyan shilling stays at 3-year low, seen weakening further",2014-11-13,"
NAIROBI, Nov 13 (Reuters) - The Kenyan shilling was
flat at a three-year low on Thursday, with traders expecting the
currency to continue weakening if the central bank does not
intervene to prop up the shilling.
    At 0730 GMT, commercial banks posted the shilling at
90.05/15 to the dollar, unchanged from Wednesday's close, which
marked its lowest level since November 2011.
    ""Not much change is expected today,"" said a trader at a
major commercial bank in Kenya. 
    ""The expectation is without any intervention, or other
supply that may come into the market, we'll just see a continued
weakening of the shilling.""
    The central bank has in the past sold dollars to support the
local currency when the shilling touched 89.50 levels and most
traders were surprised when the bank did not do the same as the
currency broke through the 90 mark.
    However, the central bank has regularly drained excess
liquidity from the money markets in recent months, making it
relatively costlier to hold on to long dollar positions, which
helps strengthen the shilling. On Wednesday it sought to mop up
8 billion shillings ($88.84 million) in excess liquidity.
 
    The shilling has weakened by about 4.1 percent against the
dollar this year, mainly due to a slump in hard currency inflows
from tourism following a spate of attacks by Islamic militants.
Inflows of dollars from tea exports have also dwindled owing to
weaker prices caused by a global glut of the commodity.

               ...........................Shilling spot rates 
                  .....................Shilling forward rates 
                           .......................Cross rates 
         ..................................Local contributors 
           .......................Central Bank of Kenya Index 
          .....................Kenyan Bonds contributor pages 
                          ...............Treasury bill yields 
        ..................Central bank open market operations 
        .........................Horizontal repo transactions 
         ,       ................Daily interbank lending rate 
              .............................Kenya Bond pricing 
             ..................Real time Africa economic data 
 <ECI & AFR> ...........................African economic news
          .................................NSE-20 Share Index
         .................................NSE All Share Index
             ...........................FT NSE Kenya 15 Index
             .......................... FT NSE Kenya 25 Index
  SPEED GUIDES:
                                    
            
    (1 US dollar = 90.00 Kenyan shilling)


(1 US dollar = 90.0500 Kenyan shilling)

 (Reporting by Edith Honan; editing by Drazen Jorgic and Dominic
Evans)

Released: 2014-11-13T08:58:26.000Z"
"Kenyan shilling hovers near 3-year low,  central bank  action eyed",2014-11-12,"
NAIROBI, Nov 12 (Reuters) - The Kenyan shilling 
hovered near a three-year low against the dollar on Wednesday,
with traders saying they were watching for central bank action
to drain excess liquidity from the money markets or even
intervene by selling dollars.
    At 0730 GMT, commercial banks posted the shilling at
89.90/90.10 to the dollar, little changed from the previous
day's close of 89.95/90.05. 
    The currency on Tuesday hit an intra-day low of 90.00/90.10,
its lowest level since November 2011.
    ""I think everyone is wondering about (central bank)
intervention,"" said Nahashon Mungai, a trader with Kenya
Commercial Bank. ""They typically defend the 90 level.""  
    The shilling has weakened by about 4.1 percent against the
dollar this year, mainly due to a slump in hard currency inflows
from tourism following a spate of attacks by Islamic militants.
Inflows of dollars from tea exports have also dwindled owing to
weaker prices caused by a global glut of the commodity.
    The central bank has regularly drained excess liquidity from
the money markets in recent months, making it relatively
costlier to hold on to long dollar positions, which should help
strengthen the shilling.
    The central bank has in the past also sold dollars to
support the local currency when the shilling touched 89.50
levels.

               ...........................Shilling spot rates 
                  .....................Shilling forward rates 
                           .......................Cross rates 
         ..................................Local contributors 
           .......................Central Bank of Kenya Index 
          .....................Kenyan Bonds contributor pages 
                          ...............Treasury bill yields 
        ..................Central bank open market operations 
        .........................Horizontal repo transactions 
         ,       ................Daily interbank lending rate 
              .............................Kenya Bond pricing 
             ..................Real time Africa economic data 
 <ECI & AFR> ...........................African economic news
          .................................NSE-20 Share Index
         .................................NSE All Share Index
             ...........................FT NSE Kenya 15 Index
             .......................... FT NSE Kenya 25 Index
  SPEED GUIDES:
                                    
            
 
 (Editing by Edith Honan and Crispian Balmer)

Released: 2014-11-12T08:48:25.000Z"
"Kenyan shilling, stocks shrug off GDP rise to hold steady",2014-09-30,"
* Shilling steadied by central bank mop-up
    * Stocks barely changed

    By George Obulutsa
    NAIROBI, Sept 30 (Reuters) - The Kenyan shilling and
main stock market index were flat on Tuesday, shrugging off a
jump in the gross domestic product of East Africa's biggest
economy after the authorities changed the base calculation year.
    Foreign exchange and stock market traders said both markets
had factored in a rise of Kenya's GDP, now estimated to be 25
percent bigger after the base calculation year was changed to 
2009 from 2001. 
    At close of trade at 1300 GMT, commercial banks quoted the
shilling at 89.30/40 to the dollar, the same as Monday's close.
    Traders said the shilling oscillated either side of that
level to touch an intraday high of 89.00/20 and a low of
89.45/55 to the dollar.
    The moves were driven by importer demand for dollars, which
weakened the local currency, but this was countered when the
central bank mopped up excess liquidity.
    The central bank often soaks up excess shilling liquidity
through repos or other instruments, a move that tends to support
the shilling by making it more expensive to hold dollars. 
    The shilling has broadly weakened in recent weeks, and has
closed in on 89.50 where the central bank sold dollars to offer
support last week. But traders say the central bank was unlikely
to step in for now as long as weakness appeared to reflect a
need for dollars rather than speculation.
    During the session, the central bank mopped up 8.75 billion 
shillings ($98.31 million) in excess liquidity. It had sought to
absorb 9 billion shillings.
    ""We saw the CBK in to mop up some shillings in the repo.
That gave it some momentary  support,"" Nahashon Mungai, trader
at Kenya Commercial Bank said.
    ""Regulatory intervention is what's been watched at the
moment, and all this dollar demand. I suppose that's why the
shilling is on the back foot.""
    Traders said they forecast the shilling, which has lost 3
percent to the dollar so far this year, to trade in the 89.00 to
89.60 range in coming days.
    On the Nairobi Securities Exchange, the main NSE-20 Share
Index was barely changed, easing by 2.19 points or 0.04
percent, to close at 5,255.62 points.
    On the secondary market, government bonds valued at 4.34
billion shillings were traded, up from 1.24 billion shillings
traded on Monday.
    
               ...........................Shilling spot rates
                  .....................Shilling forward rates
                           .......................Cross rates
         ..................................Local contributors
           .......................Central Bank of Kenya Index
          .....................Kenyan Bonds contributor pages
                          ...............Treasury bill yields
        ..................Central bank open market operations
        .........................Horizontal repo transactions
         ,       ................Daily interbank lending rate
              .............................Kenya Bond pricing
             ..................Real time Africa economic data
 <ECI & AFR> ...........................African economic news
          .................................NSE-20 Share Index
         .................................NSE All Share Index
             ...........................FT NSE Kenya 15 Index
             .......................... FT NSE Kenya 25 Index
  SPEED GUIDES:
                                    
            
  (1 US dollar = 89.0000 Kenyan shilling)

 (Editing by James Macharia and Alison Williams)

Released: 2014-9-30T15:36:29.000Z"
Kenya shilling under pressure again after  central bank  action,2014-09-22,"NAIROBI, Sept 22 (Reuters) - Kenya's shilling weakened on Monday in a quiet start to the week's trading after the central bank intervened to support the currency by selling dollars in the two previous sessions.

A downturn in the tourism industry, after a spate of bomb and gun attacks along the coast and in the capital this year, has hurt one of the east African country's major sources of hard currency.

At 0752 GMT, the shilling was trading at 88.70/80 to the dollar, compared with Friday's close of 88.50/60.

""There definitely has been pressure on the shilling in last couple of days. (Central Bank of Kenya) intervention has propped it up pretty well,"" said Nahashon Mungai, a foreign exchange trader at Kenya Commercial Bank. ""It looks like the shilling is losing a bit of strength again this morning.""

Another dealer at a Nairobi-based commercial bank also noted the modest weakening but said the market was relatively quiet in early business.

The central bank intervened on Thursday and Friday after the shilling weakened to 89.45/55 on Thursday.

""They haven't made it clear what level they are uncomfortable with but it looks like a break of 89 is something they are willing to defend,"" said a dealer, who asked not to be named due to the sensitivity of commenting on central bank policy.

...........................Shilling spot rates 
 .....................Shilling forward rates 
  .......................Cross rates 
..................................Local contributors 
.......................Central Bank of Kenya Index 
.....................Kenyan Bonds contributor pages 
  ...............Treasury bill yields 
..................Central bank open market operations 
.........................Horizontal repo transactions 
,................Daily interbank lending rate 
.............................Kenya Bond pricing 
..................Real time Africa economic data 
<ECI & AFR> ...........................African economic news
.................................NSE-20 Share Index
.................................NSE All Share Index
...........................FT NSE Kenya 15 Index
.......................... FT NSE Kenya 25 Index
 SPEED GUIDES:
              
              


(Writing by Edmund Blair; Editing by James Macharia) 

Released: 2014-9-22T09:04:37.000Z"
African Markets - Factors to watch on Sept 19,2014-09-19,"
NAIROBI, Sept 19 (Reuters) - The following company announcements, scheduled economic
indicators, debt and currency market moves and political events may affect African markets on
Friday.
    - - - - -
 EVENTS:
 NIGERIA - Nigeria's central bank due to set key interest rate on
 Friday. A Reuters poll shows the bank is likely to leave
 monetary policy unchanged.             
 
 GLOBAL MARKETS
 The British pound rose sharply after the Scottish independence
 vote indicated Scotland would remain in the United Kingdom,
 while Wall Street's overnight gains and Alibaba Group's red-hot
 initial public offering underpinned Asian shares.           
 
 WORLD OIL PRICES
 Brent crude held below $98 a barrel on Friday, but was set for
 its first weekly gain in three on the possibility of lower OPEC
 output.      
 
 EMERGING MARKETS
 For the top emerging markets news, double click on            
 
 AFRICA STOCKS
 For the latest news on African stocks, click on     
 
 AFRICA CURRENCIES
 The Kenyan shilling        is expected to remain under pressure
 next week due to increased dollar demand and slowing inflows,
 despite central bank efforts to keep its slide in check.
             
 
 SOUTH AFRICA RATES    
 South African central bank governor Gill Marcus, a steadying
 influence on Africa's most advanced economy during five years of
 strikes, low growth and rising inflation, stepped down on
 Thursday, sending the rand to its weakest level in seven months.
             
 
 SOUTH AFRICA MARKETS
     * South African stocks traded sideways on Wednesday as a
 sharp drop by luxury goods retailer Richemont          weighed
 on a lacklustre market waiting for direction from a key U.S.
 Federal Reserve statement later in the day.     
     * South Africa's rand weakened against the dollar on
 Thursday, falling to a 7-month low after respected Reserve Bank
 Governor Gill Marcus said she would not renew her contract when
 her five year term ends in November.             
 
 NIGERIA OIL 
     * A strike by Nigeria's oil unions is not having any
 immediate impact on crude oil exports from Africa's top
 exporter, despite moving into a third day, spokesmen for leading
 operator Shell          and Nigeria LNG said.
 
 NIGERIA CURRENCY    
 Nigeria's naira          fell 0.12 percent on Thursday to 163.65
 against the dollar, hit by falling global oil prices LCOc1,
 despite a third day of central bank intervention, dealers said.
 The currency closed at 163.45.
 
 KENYA FINMIN ON CAPITAL GAINS TAX
 Kenya sought to assure investors on Thursday that a 5 percent
 capital gains tax, signed into law last week, was low enough to
 avoid hurting the economy and would not be changed soon,
 apparently ruling out any swift hike.             
 
 KENYA MARKETS    
 The Kenyan shilling        bounced from near three-year lows on
 Thursday after the Central Bank of Kenya (CBK) sold an
 unspecified amount of dollars into the foreign exchange market.
 Stocks inched higher.             
 
 KENYA T-BILLS
 The weighted average yield on Kenya's 91-day Treasury bills
            edged up to 8.637 percent at auction on Thursday from
 8.219 percent last week, the central bank said.             
 
 UGANDA RAILWAY 
 Uganda is hoping to secure an $8 billion loan from China to
 build a railway network to revamp the country's transport
 infrastructure as it prepares to start oil production.
             
 
 IVORY COAST GOVERNMENT DEALS  
 Most of Ivory Coast's no-bid government deals contravene
 regulations and should have been opened up to bidding, an audit
 by the public procurement watchdog showed on Thursday, echoing
 growing donor concern over the contracts.             
 
 ZIMBABWE SUCCESSION?
 Soon after being shoe-horned into the top ranks of Zimbabwe's
 ruling party, the wife of ageing leader Robert Mugabe has gained
 a PhD in orphanages, seen as the latest sign that she may be
 destined for high office.             
 
 CONGO POLITICS    
 Democratic Republic of Congo's government accused Catholic
 bishops of pandering to foreign influence on Thursday after they
 issued an open letter opposing a possible constitutional
 revision to let President Joseph Kabila seek a third term.
             
 
 EBOLA WATCH
 The United Nations Security Council on Thursday declared the
 Ebola outbreak in West Africa a ""threat to international peace
 and security"" as the death toll hit 2,630 and France became the
 latest Western nation to step up its support.             
 
     For the latest precious metals report click on        
     For the latest base metals report click on         
     For the latest crude oil report click on       
  
  
   (1 US dollar = 89.2000 Kenyan shilling)

Released: 2014-9-19T06:45:02.000Z"
"Kenyan shilling steady, seen weaker on pent-up dollar demand",2014-09-16,"
NAIROBI, Sept 16 (Reuters) - The Kenyan shilling was
flat on Tuesday but was expected to weaken due to expected
demand from importers for dollars amid scant hard currency
inflows.
    At 0830 GMT, commercial banks quoted the shilling unchanged
at 88.90/89.00 to the dollar.
    The currency of East Africa's biggest economy on Monday
slipped briefly to a 32-month low of 88.95/89.05, Reuters data
showed. 
    Traders said there was little inflow of dollars from the tea
and tourism sectors, which are leading foreign exchange earners,
to meet increased demand from importers.
    The market was also awash with the local currency due to
renewed government spending and bond maturities, traders said. 
    ""The shilling is still on the back foot. The only reprieve
would be the central bank's intervention by selling dollars,""
Nahashon Mungai, trader at Kenya Commercial Bank, said.
    ""Fundamentals show more demand than supply of dollars.""    
    The central bank has regularly soaked up excess liquidity in
the money markets since last year. 
    On Monday the bank drained excess liquidity for the eighth
trading session in a row. The action supports the shilling by
making it more costly to hold dollars. 
    However, some traders said the central bank may have to sell
dollars to defend the shilling from weakening further. 
    Some other traders said this action would only serve to
deplete the bank's own foreign exchange reserves, arguing that
it was difficult to successfully reverse the tide against market
fundamentals, where dollar demand far outstrips inflows.
    In late August, the central bank sold dollars into the
market after the shilling hit 88.80/90, which at the time was 
its lowest level since December 2011. 
    Traders said they expected the shilling, which has lost
about 2.6 percent against the dollar this year, would  trade in
the 88.60 to 89.10 range this week.
    
 ...........................Shilling spot rates 
 .....................Shilling forward rates 
  .......................Cross rates 
..................................Local contributors 
.......................Central Bank of Kenya Index 
.....................Kenyan Bonds contributor pages 
  ...............Treasury bill yields 
..................Central bank open market operations 
.........................Horizontal repo transactions 
,................Daily interbank lending rate 
.............................Kenya Bond pricing 
..................Real time Africa economic data 
<ECI & AFR> ...........................African economic news
.................................NSE-20 Share Index
.................................NSE All Share Index
...........................FT NSE Kenya 15 Index
.......................... FT NSE Kenya 25 Index
 SPEED GUIDES:
    
 

 (Reporting by James Macharia; Editing by Susan Fenton)

Released: 2014-9-16T09:11:58.000Z"
Kenya  central bank  sells dollars to lift the shilling,2014-08-26,"NAIROBI, Aug 26 (Reuters) - Kenya's central bankintervened in the foreign exchange market on Tuesday by selling an undisclosed amount of U.S. dollars to support the shilling, traders said.

""They are in the market selling dollars,"" said one trader at a commercial bank. Another trader, who also asked not to be identified, confirmed the central bank action.

The shilling, which has lost about 3 percent this year, hit its lowest level since December 2011 earlier in the session when it traded at 88.80/90 to the dollar. (Reporting by Drazen Jorgic and Duncan Miriri; Editing by Edmund Blair) 

Released: 2014-8-26T12:38:07.000Z"
"Kenyan shilling steady, seen in tight range",2014-07-22,"
NAIROBI, July 22 (Reuters) - The Kenyan shilling was
treading water against the dollar on Tuesday and looked likely
to stay in a tight range in coming days as the market expects
the central bank would step in to keep it from appreciating,
traders said.
    At 0715 GMT, commercial banks quoted the shilling at
87.75/85 to the dollar, unchanged from Monday's close.
    ""It's going to be range bound for now,"" said Andlip Nazir,
senior trader at I&M Bank.
    Traders forecast a range of 87.50-88 for the next few days.
Nazir expects an even tighter range between 87.60-90 and said
Kenya's central bank is likely to intervene again if the
shilling tests the 88 level.
    ""We don't see the shilling going above 88 as it's being
protected by the central bank,"" he added.
    The central bank is seen wanting to keep the currency
relatively stable and has recently step in to keep it from
appreciating beyond 88 to the dollar.
    The shilling has weakened by about 1.8 percent against the
dollar this year as tourism, a major foreign exchange earner for
Kenya, has been hit by a series of attacks on the country,
blamed on Somali militant group al Shabaab. 
               ...........................Shilling spot rates 
                  .....................Shilling forward rates 
                           .......................Cross rates 
         ..................................Local contributors 
           .......................Central Bank of Kenya Index 
          .....................Kenyan Bonds contributor pages 
                          ...............Treasury bill yields 
        ..................Central bank open market operations 
        .........................Horizontal repo transactions 
         ,       ................Daily interbank lending rate 
              .............................Kenya Bond pricing 
             ..................Real time Africa economic data 
 <ECI & AFR> ...........................African economic news
          .................................NSE-20 Share Index
         .................................NSE All Share Index
             ...........................FT NSE Kenya 15 Index
             .......................... FT NSE Kenya 25 Index
  SPEED GUIDES:
                                    
            
 
 (Reporting by Drazen Jorgic; Editing by Susan Fenton)

Released: 2014-7-22T09:23:36.000Z"
UPDATE 1-Kenya shilling firms as dollar demand wanes,2014-07-16,"
(Adds markets close, bonds)
    By George Obulutsa
    NAIROBI, July 16 (Reuters) - The Kenyan shilling 
firmed against the dollar on Wednesday after demand from
companies seeking the U.S. currency eased off once they had met
their needs, traders said.
    At the close of trade at 1300 GMT, commercial banks quoted
the shilling at 87.65/75 to the dollar, compared with Tuesday's
close of 87.75/85 and recovering from a slide to 87.80/90
earlier in Wednesday's session.
    ""We just saw some demand easing off,"" said Eric Gathecha, a
trader at I&M Bank, adding that companies that had been seeking
the greenback earlier this week had met their needs.
    Oil companies had been behind much of the demand for
dollars, helping to drive the shilling lower earlier in the
session, traders said.
    Traders said the shilling was unlikely to weaken below 88 to
the dollar because at that level the Central Bank of Kenya would
probably intervene to prevent further depreciation.
    ""The 88 level is a very important level in this market.
Because last time it hit 88 level we saw CBK come in to sell
dollars. So market is trading cautiously,"" Njenga said.
    Traders said they forecast the shilling, which has lost 1.4
percent against the dollar so far this year, to stay in the
87.60-88.00 level in coming days.
    
               ...........................Shilling spot rates
                  .....................Shilling forward rates
                           .......................Cross rates
         ..................................Local contributors
           .......................Central Bank of Kenya Index
          .....................Kenyan Bonds contributor pages
                          ...............Treasury bill yields
        ..................Central bank open market operations
        .........................Horizontal repo transactions
         ,       ................Daily interbank lending rate
              .............................Kenya Bond pricing
             ..................Real time Africa economic data
 <ECI & AFR> ...........................African economic news
          .................................NSE-20 Share Index
         .................................NSE All Share Index
             ...........................FT NSE Kenya 15 Index
             .......................... FT NSE Kenya 25 Index
  SPEED GUIDES:
                                    
            
 
 (Reporting by George Obulutsa; Editing by Edmund Blair, Larry
King)

Released: 2014-7-16T15:09:57.000Z"
African Markets - Factors to watch on June 5,2014-06-05,"
NAIROBI, June 5 (Reuters) - The following company announcements, scheduled economic
indicators, debt and currency market moves and political events may affect African markets on
Thursday.
    - - - - -
 EVENTS:
 *NIGERIA -Nigeria's new Central Bank Governor Godwin Emefiele
 to hold a news conference on Thursday to outline his vision
 for the bank.
 *KENYA-Central Bank of Kenya auctions 91-day Treasury bills
 worth 4 billion shillings. 
 
 GLOBAL MARKETS
 Asian share markets grudgingly gave ground on Thursday while
 the euro flatlined at $1.3600, hostage to great expectations
 that the European Central Bank will finally end months of
 dithering by easing policy further.                          
 
 WORLD OIL PRICES
 Brent crude slipped to a three-week low at $108 on Thursday
 on ample supply in the United States and as tensions over
 Ukraine cooled.                     
 
 EMERGING MARKETS
 For the top emerging markets news, double click on           
 
 AFRICA STOCKS
 For the latest news on African stocks, click on     
 
 SOUTH AFRICA MARKETS
 South Africa's rand fell to fresh 10-week lows against the
 U.S. dollar on Wednesday, kept on the back foot by investor
 worries about the state of the economy and the threat of mine
 strikes spreading to other sectors.                
     South African shares barely closed in the black on
 Wednesday as investors awaited the outcome of the latest
 round of negotiations to end the country's longest-running
 platinum sector strike.               
 
 NIGERIA MARKETS
 Nigeria's naira          eased against the U.S. dollar on
 Wednesday as banks bought the greenback on the interbank
 market due to inadequate supply from offshore investors
 participating at a bond auction, dealers said.
                
 
 NIGERIA SECURITY
 Suspected Islamist militants have killed dozens of civilians
 in three villages in northeastern Nigeria, a region now hit
 by almost daily attacks, a security source and a victim's
 relative said on Wednesday.               
 
 LAFARGE NIGERIA
 The Nigerian unit of French cement marker Lafarge          
 plans to seek shareholders' approval in July to raise 100
 billion naira in public offer of debt or equity, Lafarge
 Wapco            said on Wednesday.                    
 
 KENYA MARKETS
 Kenya's shilling        strengthened modestly on Wednesday,
 boosted by central bank intervention to support the currency,
 while shares inched down.                
 
 KENYA LENDING RATES
 Kenya will introduce a new formula for banks to use in
 pricing loans, seeking to bring down high interest rates that
 have stifled lending to businesses and home buyers, the
 Finance Ministry said on Wednesday.               
 
 EAST AFRICA PIPELINE    
 Kenya, Uganda and South Sudan are expected to invite bids
 this month for a single consultant to oversee the building of
 an oil pipeline to transport crude to the Kenyan coast, a
 senior Kenyan energy official said on Wednesday.
                
 
 UGANDA REFINERY
 Companies from China, Japan, South Korea and Russia have
 submitted bids to finance, build and operate Uganda's first
 oil refinery, the energy ministry said on
 Wednesday.               
 
 UGANDA LENDING RATE
 Uganda's central bank cut its key lending rate             
 by 50 basis points on Wednesday and hinted at further rate
 cuts to safeguard growth in Uganda's economy.                
 
 BURUNDI TRADE
 Burundi's trade deficit narrowed sharply to $159.4 million in
 the first quarter of 2014 from $192.9 million in the same
 period last year due to an appreciation of the local currency
 against the U.S. dollar, the central bank said on
 Wednesday.               
 
 WEST AFRICA CRUDE OIL EXPORTS
 Exports of West African crude oil to Asia are set to rise to
 1.93 million barrels per day (bpd) in June from 1.72 million
 bpd in May, a Reuters survey of traders showed on
 Wednesday.               
 
 CAMEROON CHAD RAILWAY
 Cameroon and Chad have reached an initial agreement to link
 northeastern Cameroon to the neighbouring capital N'Djamena
 by rail, according to officials from the two countries.
                
 
 GENERAL ELECTRIC ANGOLAGeneral Electric        (GE) will supply railway and energy
 equipment to Angola in a $1 billion deal financed by the
 U.S.-run Export-Import Bank (Ex-Im), officials and state-run
 media said on Wednesday.               
 
 WEST AFRICAN BANK LENDING RATE
 The central bank of the eight nation West African franc zone
 (BCEAO) kept its prime lending rate unchanged at 2.50 percent
 on Wednesday and lowered its growth forecast for
 2014.               
 
     For the latest precious metals report click on        
     For the latest base metals report click on         
     For the latest crude oil report click on

Released: 2014-6-5T06:00:52.000Z"
Kenya 's shilling steady on prospect of  central bank intervention ,2014-05-29,"
NAIROBI, May 29 (Reuters) - Kenya's shilling hovered below
the 88 per dollar level on Thursday with market participants
reluctant to break the psychologically important barrier after
the central bank signalled its intent to defend the local
currency, traders said.
    The Central Bank of Kenya sold dollars on Friday after the
shilling fell through 88 and on Monday said it had ample foreign
reserves to shore up a shilling that had weakened steadily
during the first three weeks of May.
    The bank's aggressive stance has for now halted the
shilling's decline, due in part to market nerves following a
series of bombings in the capital and the east African economy's
main port city.
    Leading commercial banks quoted the shilling at 87.80/90 on
Thursday morning.
    ""Market players are very aware of central bank intervention.
So I think players will be a bit cautious,"" said Andlip Nazir,
senior trader at I&M Bank. 
    ""The shilling has been very quiet yesterday and today. We
are expecting a very tight range of 87.80 and 87.90 bid and
offer,"" Nazir said, adding the shilling might even firm slightly
as end-month dollar demand from corporate clients tapers off. 
    The central bank's governor, Njuguna Ndung'u, said on Monday
that proceeds from a planned debut Eurobond issuance before the
close of the fiscal year on June 30 would raise foreign exchange
reserves higher help the shilling appreciate.
    ""We expect the Eurobond flows expected from next month to
give the central bank a break from frequent intervention,"" Bank
of Africa said in its daily market report.
               ...........................Shilling spot rates
                  .....................Shilling forward rates
                           .......................Cross rates
         ..................................Local contributors
           .......................Central Bank of Kenya Index
          .....................Kenyan Bonds contributor pages
                          ...............Treasury bill yields
        ..................Central bank open market operations
        .........................Horizontal repo transactions
         ,       ................Daily interbank lending rate
              .............................Kenya Bond pricing
             ..................Real time Africa economic data
 <ECI & AFR> ...........................African economic news
          .................................NSE-20 Share Index
         .................................NSE All Share Index
             ...........................FT NSE Kenya 15 Index
             .......................... FT NSE Kenya 25 Index
  SPEED GUIDES:
                                    
            
 
 (Reporting by George Obulutsa; Editing by Richard Lough and
Alison Williams)

Released: 2014-5-29T09:28:19.000Z"
African Markets - Factors to watch on May 26,2014-05-26,"
The following company announcements, scheduled economic indicators, debt and currency market
moves and political events may affect African markets on Monday.
    - - - - -
 GLOBAL MARKETS
 Asian shares hit one-year high on Monday thanks to a strong
 session on Wall Street and a decisive win for billionaire
 Petro Poroshenko in Ukraine's presidential election.
            
 
 WORLD OIL PRICES
 Brent crude edged down towards $110 a barrel on Monday,
 dipping further from last week's two-and-a-half month high
 as worries over Ukraine eased slightly after its
 presidential election.       
 
 SOUTH AFRICA CABINET
 South African President Jacob Zuma promoted deputy finance
 minister Nhlanhla Nene to finance minister on Sunday,
 replacing the widely respected Pravin Gordhan in a new
 cabinet line-up to start a second five-year term in office.
                
 
 AFRICA ECONOMY
 African economies are securing new funds through resource
 finds or dollar bonds but many governments face questions
 over how they use the money and risk being punished by
 international capital markets.                 
 
 AFRICA DEBT
 Yields on Kenyan Treasurybills are expected to edge slightly
 higher in an auction likely to be under-subscribed next
 week. The opposite should however be true for Nigeria, where
 excess liquidity should drive demand for local debt, pushing
 yields down.                
 
 EMERGING MARKETS
 For the top emerging markets news, double click on
            
 
 AFRICA STOCKS
 For the latest news on African stocks, click on     
 
 SOUTH AFRICA MARKETS  
 * South African stocks hit a record high for the second
 straight day on Friday, but gains were limited as investors
 cashed in recent advancers such as SABMiller SABJ.J and
 Tiger Brands TBSJ.J.                
 *  South Africa's rand touched a 1-1/2 week high against the
 dollar on Friday, supported by a risk-positive global
 environment, but could retreat next week if GDP data comes
 in weaker than expected, undermining the case for more rate
 hikes this year.                          
 
 NIGERIA MARKETS
 *  Nigeria's budget deficit is now 1 percent of GDP
 following a rebasing of its gross domestic product, from 1.9
 percent before, finance minister Ngozi Okonjo-Iweala said in
 a statement, after President Goodluck Jonathan signed the
 budget for 2014 into law.                
 * Nigerian interbank lending rates fell to an average of
 10.25 percent this week, compared with 12.41 percent last
 week, as the central bank kept its benchmark rate unchanged
 but paid off matured treasury bills, boosting liquidity.
                
 
 NIGERIA INSECURITY
 Suspected Islamist Boko Haram gunmen rampaged through three
 villages in northern Nigeria, killing 28 people and burning
 houses to the ground in a pattern of violence that has
 become almost a daily occurrence, according to police and
 witnesses.                
 
 KENYA MARKETS
 The Kenyan shilling traded at 2-1/2 year lows on Friday amid
 demand from importers for dollars and investor concerns over
 a spate of bombings in Kenya, with traders expecting the
 currency to fall further barring intervention by the central
 bank.                
 
 MALAWI ELECTION
 Malawi's High Court on Saturday issued an injunction
 stopping President Joyce Banda from interfering in the
 electoral process, making her earlier decision to annul
 national elections invalid and raising the risk of
 post-election violence in the southern African country.
                 
 
 DJIBOUTI ATTACK
 At least two people were killed by double grenade blasts at
 a busy restaurant popular with Westerners in Djibouti,
 police said on Saturday.                
 
 GABON ECONOMY
 Gabon wants to lure investors into its mining, manufacturing
 and tourism sectors as it tries to reduce its dependence on
 oil exports and court capital from countries other than
 former colonial master France.                 
 
 SOUTH SUDAN OIL
 Sudan has offered to supply materials, engineers and
 electricity to South Sudan to speed up the repair of
 oilfields damaged during a five month rebellion that has cut
 output by a third, South Sudan's oil minister said on
 Saturday.                     
 
 
     For the latest precious metals report click on        
     For the latest base metals report click on         
     For the latest crude oil report click on

Released: 2014-5-26T06:19:48.000Z"
"UPDATE 1-Kenya shilling remains on back foot, stocks up",2014-05-23,"* Shilling hits new 2-1/2 year low

* Stocks close higher, banking shares help (Adds markets close, stocks, bonds)

By George Obulutsa

NAIROBI, May 23 (Reuters) - The Kenyan shilling traded at 2-1/2 year lows on Friday amid demand from importers for dollars and investor concerns over a spate of bombings in Kenya, with traders expecting the currency to fall further barring intervention by the central bank.

On the Nairobi Securities Exchange, the main share index closed 0.2 percent higher, driven by bank stocks.

At close of trade at 1300 GMT, commercial banks quoted the shilling at 87.75/85 to the dollar.

Earlier in the session the shilling passed through 88 to the dollar, a key technical dollar resistance level, hurt by a spate of bombings in the capital Nairobi and along the coast. Tourists have left in droves after travel warnings by Britain and the United States.

So far the shilling has retreated 1.65 percent against the dollar since January.

""There is strong demand from importers and manufacturers, while the inflows are scanty,"" said Andlip Nazir, senior trader at I&M Bank.

""After breaching the 88 level, 88.50 is a reasonable target if demand persists and the central bank stay out.""

The shilling has been aided by persistent liquidity mop ups by the Central Bank of Kenya. By draining excess liquidity the bank makes it more expensive for banks to hold onto long dollar positions.

The central bank mopped up on Friday 7.25 billion shillings, after seeking to mop up 12 billion shillings ($136.5 million) in excess liquidity.

""If CBK continues intervening (via repos), I think it will be kept in check below 88.00. It depends on determination of the CBK,"" said Julius Kiriinya, a trader at African Banking Corporation.

However, some traders said the mop-ups would not prevent a further decline in the currency and the central bank would have to sell a huge amount of dollars to stem the slide.

Kenya's central bank said this week the shilling's weakening was ""temporary"" due to the start of the dividend payment season, with Kenyan companies buying dollars to pay dividends to foreign investors, and not security-related concerns.

A grenade attack on a police vehicle in Kenya's port city of Mombasa on Thursday evening was just the latest incident in a string of attacks largely blamed on the Islamist group al Shabaab, based in neighbouring Somalia.

Al Shabaab, which has fought a bloody seven year campaign to impose its interpretation of Islamic law inside Somalia, has said it wants to take revenge for Kenya's deployment of troops in the Horn of Africa nation.

Technical analysis of the shilling's 14-day and 50-day weighted moving averages also show that the shilling is expected to maintain a weakening trend in the near term.

On the Nairobi Securities Exchange, the main NSE-20 Share Index was up 10.52 points, or 0.2 percent, to close at 4,925.58 points.

Among the risers were shares in Equity Bank and Kenya Commercial Bank, which analysts said were still helped higher by their first quarter earnings performance.

Equity posted a 21 percent rise in first quarter pretax profit to 5.4 billion shillings, while KCB registered a 31 percent rise in first quarter pretax profit to 5.6 billion shillings.

Equity closed 2.6 percent higher at 39.75 shillings a share, while KCB ended the session up 0.5 percent at 46.75 shillings a share.

""For KCB and Equity, I would say it's mainly speculation. Banks are releasing their Q1 results, so you can also tie down the performance to that,"" Agnes Achieng, research analyst at Sterling Investment Bank, said.

On the secondary market, government bonds valued at 294.5 million shillings ($3.35 million) were traded, compared with 652 million shillings on Thursday.

...........................Shilling spot rates

.....................Shilling forward rates

.......................Cross rates

..................................Local contributors

.......................Central Bank of Kenya Index

.....................Kenyan Bonds contributor pages

...............Treasury bill yields

..................Central bank open market operations

.........................Horizontal repo transactions

,................Daily interbank lending rate

.............................Kenya Bond pricing

..................Real time Africa economic data

<ECI & AFR> ...........................African economic news

.................................NSE-20 Share Index

.................................NSE All Share Index

...........................FT NSE Kenya 15 Index

.......................... FT NSE Kenya 25 Index

SPEED GUIDES:

($1 = 87.9200 Kenyan Shillings) (Additional reporting by James Macharia; Editing by Mark Potter)

Released: 2014-5-26T14:51:48.000Z"
"UPDATE 1-Kenyan shilling weaker on bomb blasts, shares up",2014-05-16,"
(Updates with share moves, market reaction to bombings)
    By Richard Lough and Drazen Jorgic
    NAIROBI, May 16 (Reuters) - The Kenyan shilling lost
ground against the dollar on Friday, hurt by back-to-back
bombings in the capital Nairobi which knocked market confidence
in the local currency, while shares rose.
    At the 1300 GMT market close, the shilling was at 87.50/60
to the dollar, weaker than the previous session's 87.34/45
close.
    Andlip Nazir, senior trader at I&M Bank, said the currency
has come under pressure from a spate of negative news, including
the latest blasts in which at least 10 people were killed and
close to 70 wounded. 
    Tourist arrivals, a key source of hard currency, have been
cut by frequent gun and grenade attacks after Kenya intervened
against Islamist militants in neighbouring Somalia. Britain, the
United States and other Western governments have warned
holidaymakers against visiting Kenya. 
    ""These travel advisories are being issued left, right and
centre. Nothing positive is coming out of the market,"" Nazir
said.
    Frequent liquidity mop-ups by the Central Bank of Kenya have
limited the shilling's falls but traders say the currency is
likely to come under pressure again next week.
    ""CBK has been trying to mop up but that's had little effect
on the shilling,"" Nazir added. ""The direction remains for a
weaker shilling.""
    The benchmark NSE-20 Share Index gained 0.4 percent
to close the session at 4,967.57 points, lifted higher by
Kenya's leading telecoms firm Safaricom. 
    Safaricom hit an intra-day high of 13.20 shillings before
easing off to end the day at 12.85 shillings, up 2 percent on
Thursday's closing price. The stock accounted for 57.8 million
of the 70.8 million shares traded.
    Safaricom reported a 23.8 percent jump in its annual core
profits earlier this week, raising its dividend by 52 percent to
0.47 shillings per share.    
               ...........................Shilling spot rates 
                  .....................Shilling forward rates 
                           .......................Cross rates 
         ..................................Local contributors 
           .......................Central Bank of Kenya Index 
          .....................Kenyan Bonds contributor pages 
                          ...............Treasury bill yields 
        ..................Central bank open market operations 
        .........................Horizontal repo transactions 
         ,       ................Daily interbank lending rate 
              .............................Kenya Bond pricing 
             ..................Real time Africa economic data 
 <ECI & AFR> ...........................African economic news
          .................................NSE-20 Share Index
         .................................NSE All Share Index
             ...........................FT NSE Kenya 15 Index
             .......................... FT NSE Kenya 25 Index
  SPEED GUIDES:
                                    
            
 
     

($1 = 87.5500 Kenyan Shillings)

 (Additional reporting by Duncan Miriri; Editing by Mark
Trevelyan)


Released: 2014-5-19T15:37:36.000Z"
Kenyan shilling flat before expected pick-up in dollar demand,2014-05-16,"
NAIROBI, May 16 (Reuters) - The Kenyan shilling was
flat on Friday, with a key support level in traders' sights
ahead of an expected pick-up next week in end-month demand for
dollars.
    At 0720 GMT, commercial banks posted the shilling at
87.40/50, unchanged from the previous day's close.
    ""The shilling will be under more pressure next week as we
start the traditional end-of-the-month demand (for dollars),""
said Robert Gatobu, a dealer at Bank of Africa.
    The shilling might weaken past its 87.50 support level.
""From next week we might try and break it. On the supply side
there are minimal flows compared to the demand that is there,""
Gatobu said.
    Tourist arrivals, a key source of hard currency, have been
cut by frequent gun and grenade attacks after Kenya intervened
in neighbouring Somalia.
    Visitors left coastal resorts on Thursday after Britain and
the United States issued warnings against travel to parts of
Kenya due to threats of attacks. 
    The local currency could eventually benefit from a
government deal to settle a row over paying past contracts,
which clears the way for a debut Eurobond worth up to $2
billion. 
    ""That paves way for the success of the Eurobond so maybe in
two, three months from now, we will start seeing inflows coming
in, which might protect the shilling from further weakening,""
Gatobu said.
               ...........................Shilling spot rates 
                  .....................Shilling forward rates 
                           .......................Cross rates 
         ..................................Local contributors 
           .......................Central Bank of Kenya Index 
          .....................Kenyan Bonds contributor pages 
                          ...............Treasury bill yields 
        ..................Central bank open market operations 
        .........................Horizontal repo transactions 
         ,       ................Daily interbank lending rate 
              .............................Kenya Bond pricing 
             ..................Real time Africa economic data 
 <ECI & AFR> ...........................African economic news
          .................................NSE-20 Share Index
         .................................NSE All Share Index
             ...........................FT NSE Kenya 15 Index
             .......................... FT NSE Kenya 25 Index
  SPEED GUIDES:
                                    
            
 
     

 (Reporting by Duncan Miriri; Editing by John Stonestreet)


Released: 2014-5-19T08:17:16.000Z"
UPDATE 1-Kenya shilling extends losses on importer dollar demand,2014-05-08,"
(Adds closing price, stocks)
    NAIROBI, May 8 (Reuters) - Importer demand for dollars
weakened Kenya's shilling on Thursday, but expectations the
central bank would sell hard currency if the shilling falls much
further was seen stemming further losses.
    Commercial banks priced the shilling at 87.10/20 at the 1300
GMT market close, 0.1 percent down on Wednesday.
    ""We expect an 87.00-87.40 range in the short term,"" one
trader in the market said, adding that the Central Bank of Kenya
(CBK) had previously intervened around 87.30 or 87.50. ""We
should expect the CBK to act, going beyond the mop-ups and
selling dollars in the market.""
    The regulator has frequently siphoned off excess liquidity
this year to help shore up the shilling, which traders say has
been put under sustained pressure by weak dollar inflows from
the tea, coffee and tourism industries.
    Tourism numbers have been hurt by a series of gun and bomb
attacks blamed on Islamist militants, including the September
assault on an upscale Nairobi shopping mall that killed 67
people. Weekend bomb attacks in Nairobi and Mombasa rattled
market confidence again.
    On the benchmark NSE 20 Share Index, Equity bank
 led shares higher as foreign investors bet on a
continuation of strong first quarter earnings.
    Equity, Kenya's largest lender by depositors, extended a
month-long rally to hit and intra-day high of 42 shillings per
share, a record high since the bank carried out a share split in
2009. It closed up 3.8 percent at 41.25 shillings. 
    Ronald Lugalia, an analyst at Nairobi-based AIB Capital,
said speculation rather than a shift in the bank's fundamentals
was driving the rally. ""Foreign investors are buying,"" Lugalia
said.
    Equity posted a 21 percent jump in first-quarter pretax
profit in its first quarter, although profit growth was curbed
by rising bad debts and conflict in neighbouring South Sudan
where the bank has operations. 
    
               ...........................Shilling spot rates 
                  .....................Shilling forward rates 
                           .......................Cross rates 
         ..................................Local contributors 
           .......................Central Bank of Kenya Index 
          .....................Kenyan Bonds contributor pages 
                          ...............Treasury bill yields 
        ..................Central bank open market operations 
        .........................Horizontal repo transactions 
         ,       ................Daily interbank lending rate 
              .............................Kenya Bond pricing 
             ..................Real time Africa economic data 
 <ECI & AFR> ...........................African economic news
          .................................NSE-20 Share Index
         .................................NSE All Share Index
             ...........................FT NSE Kenya 15 Index
             .......................... FT NSE Kenya 25 Index
  SPEED GUIDES:
                                    
            
 
 (Reporting by Richard Lough and George Obulutsa; Editing by
Larry King)


Released: 2014-5-11T15:22:14.000Z"
WEEKAHEAD-AFRICA  FX -Govt spending concerns to keep Ghana's cedi under pressure,2014-04-03,"JOHANNESBURG, April 3 (Reuters) - Ghana's cedi is expected to remain under selling pressure after hitting a record low this week with investors worried about the cocoa-producing economy as the government continues to miss spending targets.

Kenya's shilling will be pulled in both directions in coming sessions as the central bank is expected to intervene to offset strong demand for dollars.

GHANA

Ghana's cedi will continue to face selling pressure due to strong dollar demand from importers and as investor concerns about fiscal slippage overshadow central bank measures to try and support the currency, traders said.

The central bank has introduced a series of measures this year to shore up the cedi but it is down 14 percent against the dollar so far in 2014. It traded at an all-time low of 2.7220/dollar at 1300 GMT on Thursday.

On Wednesday, the Bank of Ghana raised bank reserve requirements to 11 percent from 9 percent, in a bid to stem the cedi's slide and curb inflation, which hit a three-year high of 14 percent in February.

""We do not see that stopping the depreciation of the cedi in anyway. It will only make short-term interest rates go up,"" a trader said, adding that there was a huge backlog of dollar demand from local importers.

He said wide fiscal slippage recorded by Ghana in the past two years had led to market uncertainty and dwindling confidence in the local currency.

""Markets are worried about the current macroeconomic environment and they are yet to see any concrete plan by the government to address those challenges,"" the trader said.

Ghana, which produces cocoa, gold and oil, has missed its spending targets since 2012. The west African country recorded a budget deficit of 11.8 percent of gross domestic product in 2012, nearly double its 6.7 percent target, and latest estimates are for a 10.8 percent shortfall for 2013.

KENYA

The Kenyan shilling is seen in a tug of war in the coming week as central bank liquidity mop-ups offset dollar demand from commercial banks.

The Central Bank of Kenya (CBK) has been regularly intervening in the money markets to drain excess shilling liquidity in recent weeks, a trend which traders say should boost the local currency.

But traders also said there was solid demand for the dollar from commercial banks.

Banks quoted the shilling at 86.40/60 against the dollar at Thursday's close, slightly weaker than last Thursday's close of 86.65/75.

""With the way CBK is mopping up and the demand for the dollar, it just depends who will come out on top,"" said Eric Gathecha, a trader at I&M Bank.

""(The key will be) how much CBK mops up versus how much demand there is.""

The central bank began regularly mopping up liquidity in March after overnight borrowing rates tumbled, making it a bit cheaper for banks to fund long dollar positions, which in turn put pressure on the shilling.

UGANDA

The Ugandan shilling is forecast to trade with a downward bias in the week ahead, weighed down by a rise in dollar demand from companies in the manufacturing and energy sectors.

At 0938 GMT commercial banks quoted the currency of Africa's largest coffee exporter at 2,550/2,560, weaker than last Thursday's close of 2,540/2,550.

Faisal Bukenya, head of market making at Barclays Bank, said there was buying pressure from the manufacturing and energy sectors which would keep the shilling under pressure in coming days.

Bukenya forecast the shilling would trade in the 2,545-2,570 range over the next few sessions, and that it was likely to come under additional pressure because of demand from offshore players cashing in their government debt maturities.

The local currency is down 1.2 percent against the dollar so far this year, and money market analysts say its fall could be cushioned by the central bank's decision to maintain the key lending rate this month.

TANZANIA

The Tanzanian shilling will probably show some strength against the dollar next week, buoyed by inflows of the U.S. currency from the tourism and agriculture sectors, traders said.

Commercial banks in east Africa's second-biggest economy quoted the shilling at 1,630/1,640 to the dollar on Thursday, stronger than 1,632/1,642 a week ago.

""We expect the shilling to strengthen slightly in the coming days,"" said Sameer Remtulla, a dealer at Commercial Bank of Africa Tanzania.

""There have been some good (dollar) inflows coming in from non-governmental organisations as well as tourism and agriculture sectors.""

Market participants said they expect the shilling to trade in the 1,620-1,630 range over the coming sessions.

The central Bank of Tanzania said on its website it had traded $40.62 million on the interbank market over the past week.

ZAMBIA

The kwacha should remain volatile next week due to lingering concerns about instability that has rocked the market in the past few weeks.

At 1514 GMT on Thursday, commercial banks quoted the kwacha at 6.1200 per dollar, up from 6.4100 a week ago, as companies converted dollars to the local currency to meet an upcoming tax deadline.

""The kwacha remains susceptible to huge swings because the market is still jittery. It should trade between 6.000 and 6.250 next week,"" one commercial bank trader said.

Zambia's central bank hiked its benchmark interest rate by 175 basis points to 12 percent last week after a heavy selloff in the kwacha pushed it to an all-time low against the dollar. (Reporting by Kwasi Kpodo, Drazen Jorgic, Elias Biryabarema, Fumbuka Ng'wanakilala and Chris Mfula; Editing by Xola Potelwa and Susan Fenton)

Released: 2014-4-6T16:36:49.000Z"
"UPDATE 1-Kenyan shares ease, shilling slightly weaker",2014-04-02,"
* Main share index down, Mumias sugar drags it lower
    * Shilling eases slightly, seen supported by mop-up

 (Adds markets close, stocks, bonds)
    By George Obulutsa
    NAIROBI, April 2 (Reuters) - Kenya's main share index fell
0.5 percent on Wednesday, dragged lower by shares in Mumias
Sugar, which said it had suspended its chief executive
officer and commercial director. The shilling weakened.
    Mumias Sugar closed down 2.9 percent at 3.30 Kenyan
shillings ($0.04). It had recovered from a low of 5.9 percent
earlier in the session, a level it last saw on Feb. 25.
    The company's chairman said Mumias's board had asked Chief
Executive Peter Kebati and Commercial Director Paul Murgor to
""step aside"" while it investigates the firm's sales and
distribution deals. 
    ""The CEO is a key figure in the business, and if he is
suspended for whatever reason, then definitely that has an
impact. It sends the wrong signal for the stock,"" said Augustine
Misoka, trader at Sterling Investment Bank.
    The Nairobi Securities Exchange's main NSE-20 Share Index
closed down 26.40 points at 4,933.56 points.
    At the 1300 GMT close of trade in the currency market,
commercial banks quoted the shilling at 86.50/60 to the
dollar, compared with Tuesday's close of 86.40/50.
    Traders said the currency eased slightly because of demand
for dollars from the energy sector late in the session.
    Traders said the central bank's mopping up of excess
shilling liquidity from the money markets was expected to offer
support to the shilling in the coming days.
    The Central Bank of Kenya has been regularly intervening in
the money markets to drain excess shilling liquidity in recent
weeks, a trend which traders say should boost the local
currency.
    ""With CBK mopping up aggressively, the expected trend is for
a strengthening Kenya shilling,"" Sheikh Mehran, senior trader at
Kenya Commercial Bank, said.
    The central bank on Wednesday mopped up 4.1 billion
shillings from the money markets using repurchase agreements.
    Traders said they forecast the shilling to trade in the
86.20 to 86.80 range in coming days.
    On the secondary market, government bonds valued at 2.16
billion shillings were traded, down from 2.63 billion shillings
on Tuesday.
    
               ...........................Shilling spot rates
                  .....................Shilling forward rates
                           .......................Cross rates
         ..................................Local contributors
           .......................Central Bank of Kenya Index
          .....................Kenyan Bonds contributor pages
                          ...............Treasury bill yields
        ..................Central bank open market operations
        .........................Horizontal repo transactions
         ,       ................Daily interbank lending rate
              .............................Kenya Bond pricing
             ..................Real time Africa economic data
 <ECI & AFR> ...........................African economic news
          .................................NSE-20 Share Index
         .................................NSE All Share Index
             ...........................FT NSE Kenya 15 Index
             .......................... FT NSE Kenya 25 Index
  SPEED GUIDES:
                                    
            
 
($1 = 86.3000 Kenyan Shillings)

 (Reporting by George Obulutsa; Editing by Drazen Jorgic, Larry
King)


Released: 2014-4-5T14:22:29.000Z"
"Kenyan shilling steady, eyes on liquidity mop-ups",2014-04-02,"
NAIROBI, April 2 (Reuters) - The Kenyan shilling held
steady against the dollar on Wednesday, with traders expecting
the central bank to mop up liquidity to offer support to the
shilling in the coming days.
    At 0646 GMT, commercial banks quoted the shilling at
86.40/60 to the dollar, compared with Tuesday's close of
86.40/50.
    The Central Bank of Kenya (CBK) has been regularly
intervening in the money markets to drain excess shilling
liquidity in recent weeks, a trend which traders say should
boost the local currency.
    ""We have not seen much (market) activity. Though with CBK
mopping up aggressively, the expected trend is for a
strengthening Kenya shilling,"" Sheikh Mehran, senior trader at
Kenya Commercial Bank, said.
    The central bank on Tuesday mopped up 1.55 billion shillings
from the money markets using repurchase agreements at a weighted
average rate of 8.297 percent. 
    The central bank frequently mopped up liquidity in March
after overnight borrowing rates tumbled, making it a bit cheaper
for banks to fund long dollar positions, which in turn put
pressure on the shilling.
    Traders said they forecast the shilling to trade in the
86.30 to 86.70 range in coming days.
    
               ...........................Shilling spot rates
                  .....................Shilling forward rates
                           .......................Cross rates
         ..................................Local contributors
           .......................Central Bank of Kenya Index
          .....................Kenyan Bonds contributor pages
                          ...............Treasury bill yields
        ..................Central bank open market operations
        .........................Horizontal repo transactions
         ,       ................Daily interbank lending rate
              .............................Kenya Bond pricing
             ..................Real time Africa economic data
 <ECI & AFR> ...........................African economic news
          .................................NSE-20 Share Index
         .................................NSE All Share Index
             ...........................FT NSE Kenya 15 Index
             .......................... FT NSE Kenya 25 Index
  SPEED GUIDES:
                                    
            
 
 (Reporting by George Obulutsa; Editing by Drazen Jorgic and
Alison Williams)


Released: 2014-4-5T08:17:14.000Z"
Kenya  central bank  sells dollars to lift the shilling,2013-07-16,"NAIROBI, July 16 (Reuters) - Kenya's central bankintervened in the foreign exchange market for the second straight session on Tuesday, selling an undisclosed amount of dollars to support the local currency, traders said.

The shilling gained 0.3 percent to 86.70/90 against the dollar after the bank intervened at 1249 GMT. It sold dollars on Monday after the local currency fell to a five-month low of 87.55/75.   (Reporting by Kevin Mwanza; Editing by Duncan Miriri)

KENYA-MARKETS/INTERVENTION (URGENT) | AFN | ABN | D | M | RBN"
Kenya  central bank  injects dollars to support shilling,2013-07-15,"NAIROBI, July 15 (Reuters) - Kenya's central bankintervened in the foreign exchange market on Monday, selling an unspecified amount of dollars to support the local currency after it fell to a five-month low on strong importer demand for dollars, traders said.

The shilling had lost nearly 2 percent since July 3 to hit 87.55/75 at 1230 GMT, before the central bank intervened. It gained 0.7 percent after the bank's actions.

The shilling initially slid alongside other emerging market currencies when the U.S. Federal Reserve signalled in May it would start to unwind its massive stimulus programme. It now faces pressure from the unrest in Egypt, the biggest buyer of Kenyan tea, which is a key source of foreign exchange. (Reporting by Kevin Mwanza; editing by Ron Askew)

KENYA-MARKETS/INTERVENTION (URGENT) | ABN | D | M | RBN | E | AFN"
African Markets - Factors to watch on June 20,2013-06-20,"NAIROBI, June 20 (Reuters) - The following company announcements, scheduled economic indicators, debt and currency market moves and political events may affect African markets on Thursday. - - - - - GLOBAL MARKETS Asian shares tumbled to nine-month lows on Thursday as slowing Chinese manufacturing activity exacerbated sentiment already unnerved by the U.S. Federal Reserve Chairman Ben Bernanke confirming the Fed would begin reducing its stimulus spending later this year. WORLD OIL PRICES Oil slipped more than $1 on Thursday, its biggest daily slide in nearly three weeks, as slowing Chinese manufacturing activity unnerved investors already worried about the U.S. Federal Reserve's plan to roll back its stimulus later this year.

 EMERGING MARKETS For the top emerging markets news, double click on AFRICA STOCKS For the latest news on African stocks, click on AFRICA CURRENCIES African currencies are expected to remain under pressure next week, with Nigeria's naira seen hitting new multi-months lows, reflecting an exodus from risky assets on signs the U.S. Federal Reserve could start winding down its bond-buying programme. AFRICA DEBT Worries about increased government debt and lower donor aid are expected to push yields higher at an auction in Uganda next week while Kenyan bond yields are set to continue their decline. SOUTH AFRICA MARKETS South African stocks were down slightly on Wednesday as a cautious market awaited a statement from the U.S. Federal Reserve that investors hope will shed light on the future of its bond-buying programme.


                
     South African bonds and the rand rose on Wednesday after consumer
 inflation eased and as the current account deficit shrank, lessening
 pressure on monetary policy and the need for capital
 inflows.               


NIGERIA MARKETS Nigeria's naira currency firmed against the dollar on the interbank market to its strongest level in more than a week on Thursday, after the central bank intervened in the market several times, traders said. KENYA MARKETS Kenyan shares halted an eight-session slide and the shilling rose after the government allayed concerns that plans to re-introduce a tax on capital gains would dull the appeal of equities and other asset classes. UGANDA OIL Uganda is aiming for commercial output of oil by 2016 at the earliest, as the landlocked east African nation seeks cheaper energy and funds for infrastructure projects SOUTH SUDAN INFLATION South Sudan's annual inflation dropped to 9.2 percent in May, down from 16 percent in April, as the cost of food and beverages decreased, official data showed on Wednesday. SOUTH SUDAN BUDGET South Sudan's government has proposed a 17.33 billion South Sudanese pound ($5.6 billion) budget for the 2013/2014 fiscal year starting next month, a minister said on Wednesday, expecting oil flows to continue despite a row with Sudan. NAMIBIA CENTRAL BANK RATE Namibia's central bank kept its main lending rate unchanged at 5.5 percent for the fifth straight meeting on Wednesday, saying inflation was stable but the economy needed support from the impact of the euro zone recession. FAN MILK ACQUISITION Dubai private equity group Abraaj said on Wednesday it will acquire African dairy firm Fan Milk International, tapping into fast rising consumer spending in six west African countries. SOMALIA ATTACK Islamist militants carried out a deadly assault on the main U.N. compound in the Somali capital on Wednesday, dealing a blow to fragile security gains that have allowed a slow return of foreign aid workers and diplomats. 


     For the latest precious metals report click on        
     For the latest base metals report click on         
     For the latest crude oil report click on


AFRICA-FACTORS/ | ABN | D | AFN | RBN | E | M | RNP | DNP | PTD"
African Markets - Factors to watch on May 31,2013-05-31,"The following company announcements, scheduled economic indicators, debt and currency market moves and political events may affect African markets on Friday. - - - - - EVENTS: KENYA - Kenya National Bureau of Statistics to release May inflation data. The year-on-year inflation rate inched down to 4.11 percent in March from 4.45 percent a month earlier. UGANDA - The Uganda Bureau of Statistics to release May inflation data. The year-on-year inflation rate fell to 3.4 percent in the year to April from 4.0 percent a month earlier. ZAMBIA - Zambia's central bank to set bencmahr rate for May. In April, the bank left it main lending rate steady at 9.25 percent, saying inflation was likely to moderate in May because of an improved maize harvest. MAURITIUS - Bank of Mauritius auctions 273-day Treasury bills worth a total 600 million rupees ($19.20 million). GLOBAL MARKETS Asian shares recovered but the dollar stayed pressured on Friday after lacklustre U.S.

 data eased concerns about an early end to the Federal Reserve's strong stimulus programme which has sharpened investor appetite for risk. WORLD OIL PRICES Brent futures held above $102 a barrel on Friday as the dollar softened on hopes the U.S. Federal Reserve would maintain its stimulus measures, offsetting demand worries stemming from an unexpected rise in crude stockpiles in the top oil consumer. EMERGING MARKETS For the top emerging markets news, double click on AFRICA STOCKS For the latest news on African stocks, click on AFRICA CURRENCY U.S. President Barack Obama's trip to Tanzania at the end of June could provide a psychological boost to the shilling in the weeks ahead, while a bond sale in Ghana on Thursday is expected to bring only temporary relief to the faltering cedi. SOUTH AFRICA ECONOMY The South African economy is bogged down in old politics. Real GDP didn't even manage a 1 percent growth rate in the first quarter of 2013. SOUTH AFRICAN MARKETS South African stocks surged on Thursday as a weak rand lifted some of Johannesburg's worst performing shares this


 year such as bullion  producers Harmony Gold          and
 Gold Fields         .     
    The rand breached 10 to the dollar for the first time in
 more than four years on Thursday after an attempt by the
 country's president to allay concerns over labour unrest
 misfired badly.       
 
 KENYA MARKETS
 * The Kenyan shilling        dipped on Thursday in late
 demand for dollars by importers after the central bank, which
 intervened to sell dollars in the previous session, stayed
 out.                
 * Renewed economic activity following a smooth presidential
 vote is driving demand for imports in Kenya, weakening the
 shilling  and prompting wariness about the central bank's
 response, including more interventions.                
 * The weighted average yield on Kenya's 91-day Treasury bill
            fell to 7.569 percent at an oversubscribed sale on
 Thursday from 8.482 percent last week, the central bank said.
                
 
 BARCLAYS KENYA Q1
 Barclays Bank of Kenya          reported a 6 percent rise in
 first-quarter pretax profit to 3.1 billion shillings ($36.49
 million) on Thursday as a reduction in operating expenses
 outweighed a small decline in interest income.
                


GHANA T-BOND Ghana accepted 489.4 million cedis ($245.31 million) worth of bids for a three-year bond and paid a yield of 19.24 percent at a heavily oversubscribed auction on Thursday, the West African nation's head of treasury told Reuters. TANZANIA PORT Tanzania has signed a framework agreement with China Merchants Holdings (International) Co Ltd for the construction of a new port, special economic zone and railway network that could involve more than $10 billion, the government said.  ZAMBIA INFLATION Zambia's inflation quickened to 7 percent year-on-year in May from 6.5 percent in April as both food and non-food prices increased, the statistics agency said on Thursday. ZIMBABWE ECONET Zimbabwe's largest mobile telephony company, Econet Wireless


         , reported a 16 percent drop in full-year net profit,
 pulled lower by growing financing costs.                
 
 ETHIOPIA TELECOM
 Ethiopia will sign agreements with China's ZTE Corp
             and Huawei Technologies Co Ltd          in a ""few
 weeks"" to expand its mobile phone infrastructure and double
 subscribers to 40 million, a senior Ethiopian official said
 on Thursday.                
 
     For the latest precious metals report click on        
     For the latest base metals report click on         
     For the latest crude oil report click on       
  
  
   ($1 = 31.2500 Mauritius rupees)


AFRICA-FACTORS/ | AFN | ABN | D | RBN | E | M | RNP | DNP | PTD"
Kenya's hunger for imports risks more  central bank  forays,2013-05-30,"* Reuters poll sees shilling falling to 88 per dollar by year-end

* Kenya's current account deficit weighs on currency

* Weaker shilling could signal end to rate cuts cycle

By Kevin Mwanza

NAIROBI, May 30 (Reuters) - Renewed economic activity following a smooth presidential vote is driving demand for imports in Kenya, weakening the shilling and prompting wariness about the central bank's response, including more interventions.

Kenya's central bankintervened for the first time in four months on Wednesday and currency traders in east Africa's biggest economy said in the aftermath it is likely to do so again if the shilling starts to decline.

The shilling had fallen 1.7 percent in just over a week to an eight-week low of 85.25/45 per dollar before Wednesday's intervention, tumbling on strong demand for hard currency from importers,

It was at 85.00/85.20 on Thursday, slightly weaker than its 84.85/84.95 close the previous day. Traders viewed this as stable but said the bank would come in again if the weakening trend picked up.

""The central bank is on top of the game and might keep intervening whenever the shilling comes under pressure,"" said Ignatius Chicha, head of markets at Citibank.

""We are going to have more demand than supply as we see resumption in economic activity.""

Demand for imported goods has picked up along with the economy since it became apparent that the March election was not going to lead to the kind of violence the followed the previous one.

But this could weigh on the shilling and could feed into inflation if left unchecked.

In late 2011, the central bank was forced to hike interest rates sharply to rein-in imported inflation that had pushed the shilling to a record low of 107 per dollar in October that year.

At the time, the current account deficit - the difference between a country's imports and exports - had risen to above 10 percent. The current account deficit stands at above 12 percent of GDP, driven by increased local demand for foreign goods.

Peter Mutuku, head of trading at Bank of Africa, said the shillings depreciation was inevitable ""because of the current account mismatch"".

The shilling is still 1.6 percent stronger to the dollar so far in 2013, but is widely expected to weaken by year-end, pressured by Kenya's persistently high current account deficit.

A Reuters poll of eight analysts and traders gave a median forecast of 88.00 shillings per dollar by year end.

The central bank has remained active in the market, regularly sterilising liquidity through actively soaking up liquidity since last year to support the shilling by making it slightly expensive to hold long dollar positions.

Central bank has also been selling hard currencies even as it cut its borrowing costs by 950 basis points since July 2012 to support the economy.

Some traders said a weaker shilling could tempt the central bank to reverse course on a cycle of interest rate cuts.

""We could see interest rates go back up but that is a last resort because they (central bank) are keen on growth at the moment,"" said a trader at one commercial bank.

However, for now, they said the bank's foreign exchange reserves of at least 0.27 months cover above the statutory four months worth of import cover, had given it room to sell even more dollars in the market.

""Looks like the central bank has managed to cool off excess demand for now and is keenly watching the market,"" said Dickson Magecha, a trader at Standard chartered Bank. (Editing by James Macharia/Jeremy Gaunt)

KENYA-ECONOMY/INTERVENTION/ | C | D | E | M | O | U | MTL | GRO | SOF | OIL | AFN | G | RBN | ABX | BNX | FUN | AFA | CSA | LBY | RWSA | RWS | REULB | GNS"
AFRICA  FX  WEEKAHEAD-Election challenge hangs over Kenyan shilling,2013-03-21,"NAIROBI, March 21 (Reuters) - Kenya's shilling is seen under pressure from market concerns about a legal challenge to this month's presidential election and routine end-month dollar demand, while central bank interventions are seen keeping Nigeria's naira rangebound.

KENYA

The Kenyan shilling will remain under pressure from end-month importer dollar demand and concern over a legal challenge to this month's presidential election.

The shilling has been rangebound between 85.00-86.00 since defeated candidate Raila Odinga, the country's prime minister, challenged the result of a broadly peaceful March 4 vote.

At 1120 GMT, commercial banks quoted the shilling at 85.70/80 per dollar, weaker than last Thursday's 85.30/50 close.

""There might be a little bit of demand from importers but the shilling might not cross 86,"" said Jeremiah Kendagor, head of trading at Kenya Commercial Bank.

""The market is in limbo with both sides evenly matched as players wait for the election petition to be resolved.""

The possibility of a re-run of the election if the court rules in favour of Odinga has unnerved some.

UGANDA

The Ugandan shilling is seen on the back foot against the dollar this week due to end-month demand for hard currency from manufacturers and fuel importers.

Commercial banks quoted the shilling 2,625/2,635, stronger than last Thursday's close of 2,640/2,650.

""We're likely to get some demand from manufacturers since we're moving close to the end of the month so I see scope for some depreciation of the shilling,"" said Shahzad Kamaluddin, trader at Crane Bank.

The shilling, which is up 2.3 percent versus the dollar this year is supported in the short term by high borrowing costs.

""I doubt the unit will break the 2,670 level on the upper side,"" said a trader at a leading commercial bank.

TANZANIA

The Tanzanian shilling might firm slightly against the dollar in the days ahead as companies convert greenbacks into the local currency to pay taxes.

Traders quoted the shilling at 1,617/1,627 to the dollar on Thursday, stronger than the 1,625/1,630 level of last week.

""The local currency will likely stay at the same levels or could appreciate slightly against the dollar in the days ahead because customers are changing dollars into shillings to settle tax obligation as we approach the quarter end,"" said Fred Siwali, a dealer at CRDB Bank.

""(The shilling) has been helped by the fact that we don't see a lot of demand for dollars in the market at the moment.""

The central Bank of Tanzania traded $38.92 million on the interbank foreign exchange market over the past week.

NIGERIA

The naira is seen rangebound against the dollar, said traders who expect the central bank to intervene and tame any volatility due to anticipated dollar sales by oil companies.

The naira traded at 158.95 to the dollar on the interbank market on Thursday at 1033 GMT, weaker than the 158.80 it closed at the previous day.

""The market opened lower this morning because of strong dollar demand, but fear of a likely central bank intervention kept the market in check,"" one dealer said.

Waning offshore interest in local debt has dampened the flow of dollars into the market, weighing on the naira.

GHANA

Ghana's cedi will stay under pressure next week on unmet dollar-craving by local firms for their imports and seasonal repatriation of funds by multinationals, analysts said.

The local unit slumped to a seven-month low on Wednesday at 1.9400 against the dollar, mainly on end-of-quarter corporate demand for the greenback amid weak supply.

Market players said the local currency could slide further to touch the 1.9500 levels.

""Multinational companies are remitting funds outside the country to their parent companies,"" said Ama Ofowaah Boateng of the Accra-based Databank Financial Research group

Stanbic Ghana trader Christopher Nettey said: ""There has been no central bank support recently - We may reach the 1.9500 psychological resistant level next week unless we see some action from them,"" Nettey added.

ZAMBIA

Economic woes in the euro zone may dampen appetite for emerging market currencies as investors run to the dollar, keeping Zambia's kwacha under pressure, traders said.

Commercial banks quoted the currency of Africa's top copper producer at 5.380 per dollar, matching last week.

Big falls beyond 5.400 were likely to be challenged by the central bank, one trader said.

(Reporting by Kevin Mwanza, Chris Mfula, Kwasi Kpodo, Oludare Mayowa, Elias Biryabarema and Fumbuka Ng'wanakilala; editing by Ron Askew)

AFRICA-CURRENCY/ | ABN | M | D | AFN | RBN | RNP | DNP | PTD"
African Markets - Factors to watch on Feb 8,2013-02-08,"NAIROBI, Feb 8 (Reuters) - The following company announcements, scheduled economic indicators, debt and currency market moves and political events may affect African markets on Friday.

- - - - -

GLOBAL MARKETS

Asian shares edged up on Friday after China's trade data for January

handily beat forecasts to underscore a recovery trend, but prices were

capped by investors seeking to book profits before next week's Chinese new

year holidays.

WORLD OIL PRICES

Brent futures rose towards $118 per barrel on Friday, heading for a fourth

weekly gain as robust trade data from China bolstered the outlook for

demand, while escalating tensions in the Middle East stoked concerns over

supply.

EMERGING MARKETS

For the top emerging markets news, double click on

AFRICA STOCKS

For the latest news on African stocks, click on

AFRICA NEWS


For the latest news on Africa, click on                 
AFRICA CURRENCIES    
The Tanzanian shilling is expected to continue its recovery from a 14-month
low due to central bank intervention, while Kenya and Uganda's shillings
are seen stabilising.                
SOUTH AFRICA MARKETS
* South African stocks gained on Thursday, pushing major indices back
towards a record high set earlier this week as battered retailers extended
a recovery to a third straight day.     
* The rand firmed on the dollar in afternoon trade but was struggling to
make significant gains after soft manufacturing data hit prospects for
economic growth in South Africa.       
NIGERIA OIL
* Exxon Mobil         on Thursday declared force majeure on Nigeria's
benchmark Qua Iboe crude oil exports due to pipeline repair work, the
company's local unit said, cutting output from Africa's top producer. 
             
* Royal Dutch Shell Plc's          local Nigerian unit has declared force
majeure on gas supplies to the country's 22 million tonne-a-year liquefied
natural gas (NLNG) export terminal, the company said on Thursday. 
             
NIGERIA POLITICS    
Nigeria's four main opposition movements announced a merger, posing the
sternest threat in years to President Goodluck Jonathan's ruling party
ahead of elections in 2015.                
ANGOLA DIAMOND
Angola's Catoca, one of the world's largest diamond producers, could invest
in diamond exploration and production in nearby Zimbabwe, Angola's mines
minister said on Thursday.                  


KENYA MARKETS

* Kenya's benchmark share index jumped nearly 1 percent to strike a

25-month high on Thursday, extending gains to a seventh session and buoyed

by expectation of a strong earnings session that begins next week.

* The weighted average yield on Kenya's benchmark 91-day Treasury bills


         rose to 8.229 percent at auction on Thursday from 8.164 percent
last week, the central bank said.                
GHANA STOCKS
Shares in Guinness Ghana Breweries Limited           climbs 1 percent after
the beverage maker reported a 115 percent jump in net profit for the
six-months to December 2012, traders said.                
TANZANIA C/A DEFICIT    
Tanzania's current account deficit narrowed 14 percent to $3.44 billion in
2012 helped by a strong jump in export revenues even though gold export
volumes dipped, its central bank said on Thursday.                   
MAURITIUS INFLATION
Mauritius' annual average inflation rate              fell to 3.7 percent
in January from 3.9 percent in December, the statistics office said on
Friday.                  
SOUTH SUDAN FARMING    
Bank of Khartoum, Sudan's oldest bank, wants to boost its agricultural
finance business with the help of Gulf Arab banks after winning the African
country's first-ever international rating, its head said on Thursday. 
             

  For the latest precious metals report click on        
  For the latest base metals report click on         
  For the latest crude oil report click on       


($1 = 87.6250 Kenyan shillings)

AFRICA-FACTORS/ | ABN | M | D | AFN | E | RBN | UKI | AUF | U | FSC | RNP | DNP | PTD"
AFRICA  FX  WEEKAHEAD-Tanzania shilling recovery set to continue,2013-02-07," JOHANNESBURG, Feb 7 (Reuters) - The Tanzanian shilling is expected to continue its recovery from a 14-month low due to central bank intervention, while Kenya and Uganda's shillings are seen stabilising.    

 TANZANIA

 Tanzania's shilling is seen extending gains made this week against the dollar after the local currency hit a 14-month low at the beginning of the month.

 Market players said the central bank had been injecting dollars into the system to satisfy demand and had also temporarily barred some banks it suspected of speculative trading from making transactions.

 The shilling fell more than 3 percent against the dollar between Jan. 1 and Feb. 1 when it hit a bid price of 1,624, a level last seen on Dec. 12, 2011. 

 Market players quoted the shilling at 1,610/1,620 to the dollar on Thursday, stronger than 1,620/1,630 a week ago.

 ""The central bank has been intervening in the market to try to halt the shilling from further depreciation. This has included issuing temporary trading bans for a maximum of three days to some commercial banks that were deemed to be taking part in speculation trading,"" said a trader at a commercial bank in Dar es Salaam.

 UGANDA

 Uganda's shilling is seen rangebound next week with a bias to weaken on expectations of higher dollar demand from fuel importers ahead of March elections in neighbouring Kenya.

 At 1015 GMT commercial banks in Kampala quoted the currency of east Africa's third-largest economy at 2,650/2,660, unchanged from last Thursday's close.

 ""Dollar demand from energy and manufacturing firms has been largely dead since the beginning of the year but now Kenyan elections are only weeks away and sooner rather than later this demand will come in,"" said Benon Okwenje, a trader at Stanbic Bank.  

 ""Once that demand starts coming in the shilling should start to see upward pressure again.""

 Landlocked Uganda is heavily dependent on Kenya's Mombasa port to bring in goods. 

 The March presidential vote is the first since a disputed election in 2007 which unleashed nationwide violence that sent Kenya's economy, the region's biggest, into a tailspin. The unrest also blocked major trading routes, sending the price of imported goods skywards in Uganda, Rwanda and southern Sudan.

 Violence cannot be ruled out in this year's vote and importers are wary, Okwneje said.

 KENYA

 Kenya's shilling is seen holding steady against the dollar next week, supported by the central bank's actions to tighten liquidity to support the local currency amid fears of unrest around next month's general election.

 The shilling has held steady at 87.50/70 in three straight trading sessions this week and is barely changed from last Thursday's close of 87.45/65.

 ""The interbank interest rates are up and liquidity has tightened since the central bank has continued to soak up supplies,"" said Ignatius Chicha, head of markets at Citibank.

 The central bank has been draining shillings from the market daily and sold dollars in seven separate sessions this year to bolster the local currency. This has driven the interbank lending rate higher. 

 The shilling is down 1.6 percent against the dollar so far this year, pressured lower by banks holding long dollar positions and importers stockpiling hard currency amid fears of violence linked to general elections next month.

 NIGERIA

 The naira strengthened against the dollar on Thursday after state-energy firm NNPC offered about $450 million to some lenders, but dealers said the currency should edge lower next week on the strength of greenback demand by fuel importers.

 The local unit was trading around 157.20 to the dollar at 1031 GMT, stronger than its 157.40 close the previous day.

 ""The naira appreciated this morning as the news of NNPC dollar sales hit the market, but the gain may not last longer than this week because of strong demand for the dollar by importers,"" one trader said.

 ZAMBIA

 The kwacha is likely to firm next week due to increased supply of dollars from local and offshore players.

 The kwacha gained 1.5 percent over the week and was trading at 5.310 at 1120 GMT on Thursday from 5.390 a week ago.

 ""We have seen substantial dollar supply from offshore players and locals and that have given support to the kwacha,"" one commercial bank trader said. 

(Reporting by Kevin Mwanza, Fumbuka Ng'wanakilala, Elias Biryabarema, Oludare Mayowa and Chris Mfula; Editing by Tosin Sulaiman)

AFRICA-CURRENCY | AFN | ABN | D | M | SF | DNP"
"UPDATE 2-Kenya shilling recovers on cbank support, shares steady",2013-01-29,"* Cbank injects dollars for the 7th session this year

* Oil sector dollar orders weigh on shilling

* Investors await firms full-year earnings

(Adds markets close, stocks)

By Kevin Mwanza

NAIROBI, Jan 29 (Reuters) - The Kenyan shilling recouped earlier losses to finish Tuesday's session flat, helped by the central bank injecting an undisclosed amount of dollars into the market, while shares were barely changed.

The shilling slipped 0.4 percent within 30 minutes of Tuesday's session starting, touching 87.80/88.00 per dollar, a level it was last at on Jan. 5, 2012.

However, the local currency recovered to close the session at 87.50/75, the same level it finished at on Monday, after the Central Bank of Kenya sold dollars directly to commercial banks.

The bank has now pumped dollars into the market in seven different trading sessions this year to support the shilling, which is down 1.8 percent against the greenback in 2013.

Due to the interventions, Kenya's foreign exchange reserves have dropped for four consecutive weeks to $5.177 billion last Friday, from $5.396 billion on Dec. 28.

""With the central bank's interventions, 88.00 is still the initial support level,"" said John Muli, a trader at African Banking Corporation.

The central bank has also been mopping up liquidity using repurchase agreements (repo) since last year to support the shilling.

On Tuesday, the bank received bids worth 8.7 billion shillings ($99.3 million) for the 15 billion shillings it had offered in repurchase agreements that day. It accepted all the bids at a weighted average interest rate of 6.7 percent.

Traders said liquidity had also tightened in the market due to government debt payments, with overnight interest rates on the interbank market rising steadily over 11 straight sessions to 6.67 percent on Monday.

At the Nairobi Securities Exchange, the benchmark NSE-20 Share Index fell 0.01 percent to 4,402.75 points, as the market waited for firms to post their full year results.

""Prices on most counters seem to have stabilised. Investors are positioning for company full-year earnings in February,"" said Faith Atiti, an analyst at NIC Securities.

Safaricom, the country's leading telecoms operator and one of the most traded stocks on the bourse, fell 1.9 percent to 5.30 shillings a share. It accounted for more than half of Tuesday's traded volume.

In the fixed income market, government bonds worth 973 million shillings were traded, up from 602 million shillings traded on Monday.


            ...........................Shilling spot rates
               .....................Shilling forward rates
                        .......................Cross rates
      ..................................Local contributors
        .......................Central Bank of Kenya Index
       .....................Kenyan Bonds contributor pages
                       ...............Treasury bill yields
     ..................Central bank open market operations
     .........................Horizontal repo transactions
      ,       ................Daily interbank lending rate
           .............................Kenya Bond pricing
          ..................Real time Africa economic data
<ECI & AFR> ...........................African economic news
       .................................NSE-20 Share Index
      .................................NSE All Share Index
          ...........................FT NSE Kenya 15 Index
          .......................... FT NSE Kenya 25 Index
 SPEED GUIDES:
                                 
         


($1 = 87.6250 Kenyan shillings)

(Editing by Drazen Jorgic and Stephen Nisbet)

KENYA-MARKETS/(UPDATE 2) | ABN | M | E | RBN | D | AFN | RNP | DNP | PTD"
"Kenya  shilling softens vs dollar, traders eye cbank  intervention ",2013-01-24,"NAIROBI, Jan 24 (Reuters) - The Kenyan shilling weakened against the dollar on Thursday as importers and manufacturers sold ahead of the presidential election in March, and traders said the central bank may step in to the market to support the shilling.

Commercial banks posted the shilling at 87.50/70 per dollar at 0733 GMT, weaker than Wednesday's close of 87.35/55. The shilling is down 1.6 percent year-to-date.

Traders said lower interest rates in the market are making it less attractive to hold shillings, while growing demand for greenbacks was fuelled by uncertainty over the first presidential election since the 2007 poll, when ethnic violence brought the country's economy to its knees.

""There has been (dollar) demand this morning from manufacturers, and we have also seen petroleum guys,"" said Peter Mutuku, a trader at Bank of Africa.

""We are heading towards end-month and people feel the longer they wait, the higher the (dollar) is likely to be.""

But traders added that the central bank was likely to intervene during the session if the shilling touched support at 88.00.

""We're seeing a lot of (dollar) demand without matching inflows. 88.00 is the support right now, but could be taken out quite easily,"" said Duncan Kinuthia, head of trading at Commercial Bank of Africa.

Dollar demand on Wednesday drove the local currency to a one-year low of 87.75/95 per dollar.

Kenya's central bank reacted to the weakening shilling by selling an unspecified amount of dollars directly to commercial banks for the fifth time this year.

The bank has also been mopping up excess shillings in the market via repurchase agreements to stem the sharp depreciation of the local currency.

On Thursday it sought to absorb 6 billion shillings.


            ...........................Shilling spot rates
               .....................Shilling forward rates
                        .......................Cross rates
      ..................................Local contributors
        .......................Central Bank of Kenya Index
       .....................Kenyan Bonds contributor pages
                       ...............Treasury bill yields
     ..................Central bank open market operations
     .........................Horizontal repo transactions
      ,       ................Daily interbank lending rate
           .............................Kenya Bond pricing
          ..................Real time Africa economic data
<ECI & AFR> ...........................African economic news
       .................................NSE-20 Share Index
      .................................NSE All Share Index
          ...........................FT NSE Kenya 15 Index
          .......................... FT NSE Kenya 25 Index
 SPEED GUIDES:
                                 
         


(Reporting by Beatrice Gachenge and Kevin Mwanza; Editing by Drazen Jorgic and Hugh Lawson)

KENYA-MARKETS/ | ABN | D | M | RBN | AFN | RNP | DNP | PTD"
REFILE-African Markets - Factors to watch on Nov 19,2012-11-20,"(Refiles to delete Nigeria security item)

NAIROBI, Nov 19 (Reuters) - The following company announcements, scheduled economic indicators, debt and currency market moves and political events may affect African markets on Monday.

- - - - -

EVENTS:

NIGERIA - Nigeria central bank interest rate decision expected Monday/Tuesday.

Analysts forecast a hold at 12 percent.

MALAWI - October inflation data and central bank interest rate decision

expected this week.

GLOBAL MARKETS

Asian shares rose on Monday, boosted by a positive tone in U.S. equities last

week, while the yen fell to a near seven-month low against the dollar on

expectations a new government after next month's election in Japan may deliver

more stimulus.

WORLD OIL PRICES

Brent crude edged up to above $109 a barrel on Monday as escalating tensions

between Israelis and Palestinians fueled concerns about supply from the Middle

East.

AFRICA DEBT

Rising yields on Kenyan Treasury bills have re-awakened investor interest in

government debt, while trading in Nigeria's bond market is likely to remain

muted ahead of the central bank's interest rate decision next week.

EMERGING MARKETS

For the top emerging markets news, double click on

AFRICA STOCKS

For the latest news on African stocks, click on

SOUTH AFRICA MARKETS

South African government bonds edged higher on Friday as yields recovered due

to a surge in foreign buying that also helped the rand bounce back from a


beating in the previous session.                 
  The currency recovered after weakening to nearly 9 rand on Thursday,
pressured by local strikes and more concerns about the euro zone debt crisis. 
NIGERIA MARKETS
* Nigeria's naira          fell to its weakest in three and half months
against the U.S dollar on the interbank on Friday, hit by dearth of dollar
liquidity and strong demand from importers, traders said.                
* Nigerian lender Diamond Bank has appointed HSBC         , Standard Chartered
Bank          and Renaissance Capital for its debut $300 million Eurobond
issue planned for the second quarter of next year, a bank executive told
Reuters on Friday.                


NIGERIA OIL

Nigerian crude oil export delays have lengthened, traders said on Friday, a

sign that a raft of recent output problems caused by oil theft and flooding

are increasingly holding back supplies from Africa's biggest producer.

KENYA MARKETS

Kenyan stocks ended a three-day run of gains on Friday as local investors

locked in their profits in Equity Bank after it hit a 17-month high and the

shilling ended flat against the dollar.

KENYA EXPLORATION

Kenya has blocked Cove Energy's attempt to transfer oil exploration licence


stakes to its new owner, Thai group PTT Exploration          , because it
wants a cut of the deal that saw Cove sold.                


KENYA SECURITY

A bomb tore through a minibus in Nairobi's Somali-dominated Eastleigh

neighbourhood on Sunday, killing six people in an attack highlighting the

security risks Kenya faces because of its intervention in Somalia to fight al

Qaeda-linked militants.

UGANDA CORRUPTION

Britain has suspended all aid to the government of Uganda over new evidence

that British taxpayers' money may have been stolen, Development Secretary

Justine Greening said on Friday.

TANZANIA-MALAWI/EXPLORATION

Tanzania and Malawi agreed on Saturday to appoint an international mediator to

resolve a long-running border dispute over Lake Malawi, thought to sit over

rich oil and gas reserves.

DRCONGO WAR

Rebels in Congo, who U.N. experts say are backed by neighbouring Rwanda,

reached the outskirts of the eastern city of Goma on Sunday after pushing back

U.N. peacekeepers and government troops, but a rebel spokesman said they did


not plan to take the city.                

  For the latest precious metals report click on        
  For the latest base metals report click on         
  For the latest crude oil report click on       


AFRICA-FACTORS/ (CORRECTED) | AFN | ABN | D | C | GRO | MTL | SOF | RBN | M | E | RNP | DNP | PTD"
"UPDATE 1-Importers weaken Kenyan shilling, banks lift stocks",2012-09-18,"* Shilling seen weakening on end-month dollar demand

* Cheaper cost of credit spurs interest in banking stocks

(Recasts market close, adds stocks)

By Beatrice Gachenge

NAIROBI, Sept 18 (Reuters) - Importer dollar demand pushed the Kenyan shilling lower against the dollar for the second straight day on Tuesday although greenback inflows from the tea sector helped offset some of the losses, and banks helped to drive stocks higher.

At the market close, commercial banks posted the shilling at 84.80/85.00 to the dollar, 0.3 percent weaker than Monday's close of 84.65/85.

""We have seen increased demand coming from the energy and oil sectors and that has pushed it higher (weaker),"" said Dickson Magecha, a trader at Standard Chartered.

""We saw a bit of tea in the afternoon and that helped the shilling recoup some of its losses.""

Kenya is the world's biggest exporter of black tea, and the crop is one of its largest foreign exchange earners, raking in $1.27 billion in 2011.

Traders said there was room for the shilling to weaken further this week, under pressure from dollar-seeking importers looking to meet their end-month payment obligations.

""I would imagine if the market is volatile they (central bank) would come and sell (dollars).""

The Central Bank of Kenya (CBK) has regularly intervened in the foreign exchange market this year, frequently mopping up excess liquidity via repurchase agreements (repos) and occasionally selling dollars directly to commercial banks to try to take shillings out of the system.

""CBK's ... interventions in the foreign exchange market are targeted at reducing volatility in the adjustment patch, and not to support a particular level or direction of the exchange rate,"" bank Governor Njuguna Ndung'u said in the bank's September newsletter.

On Tuesday, the central bank absorbed 8 billion shillings ($119 million) having received bids worth 5.05 billion shillings. It accepted all bids via the seven-day, 14-day, 21-day and 28-day tenures, between 7.8 percent and 8.488 percent.

On the Nairobi Securities Exchange, the main share index NSE 20-Share index broke a two-day losing streak, inching up 6.36 points to 3,956.54 points.

Equities analysts said healthy foreign appetite for banking stocks had lifted the market. The country's largest bank by assets, Kenya Commercial Bank closed up 1 percent to 27.25 shillings, while Co-operative Bank edged 1.2 percent higher to 12.40 shillings.

""The market anticipated a drop in lending rates, which could be a contributing factor,"" said Johnson Nderi, head of research at Suntra Investment. Lower lending rates were seen boosting banks' loan books, he said.

Most commercial banks have cut their interest rates after the Central Bank of Kenya cut its key lending rate (CBR) by a record 350 basis point to 13 percent this month, easing the cost of funding.

Typically, cheap access to credit helps banks to enjoy enlarged loan books, pointing to strong performance of the sector.

In the debt markets, government bonds worth 4.76 billion shillings were traded, marginally down from Monday's close of 4.87 billion shillings. 


            ...........................Shilling spot rates
               .....................Shilling forward rates
                        .......................Cross rates
      ..................................Local contributors
        .......................Central Bank of Kenya Index
       .....................Kenyan Bonds contributor pages
                       ...............Treasury bill yields
     ..................Central bank open market operations
     .........................Horizontal repo transactions
      ,       ................Daily interbank lending rate
           .............................Kenya Bond pricing
          ..................Real time Africa economic data
<ECI & AFR> ...........................African economic news
       .................................NSE-20 Share Index
      .................................NSE All Share Index
          ...........................FT NSE Kenya 15 Index
          .......................... FT NSE Kenya 25 Index
 SPEED GUIDES:
                                 
         


(Reporting by Beatrice Gachenge; Editing by Richard Lough)

KENYA-MARKETS/ (UPDATE 1) | ABN | M | E | RBN | AFN | D"
"UPDATE 1-Kenyan shilling, shares hold steady",2012-08-23,"* Shilling seen supported by cbank interventions

* Kenya Airways weighs on main share index

(Adds markets close, stocks)

By Kevin Mwanza

NAIROBI, Aug 23 (Reuters) - The Kenyan shilling was steady against the dollar on Thursday, with the local currency expected to be supported in coming days by central bank liquidity mop-ups, while shares dipped marginally on a steep fall by Kenya Airways.

At the 1300 GMT market close, commercial banks quoted the shilling at 83.90/84.10 per dollar, barely changed from Wednesday's close of 83.95/84.05.

""There seems to be some demand creeping at below 84.00, but with the central bank mopping up liquidity we expect the shilling to be steady at this level,"" said Duncan Kinuthia, head of trading at Commercial Bank of Africa.

Traders said they also expected debt auctions to help absorb extra shillings from the market, on top of the central bank's frequent use of repurchase agreements (repos) to drain liquidity.

The bank mopped up 2.65 billion shillings ($31.6 million) at a weighted average rate of 9.96 percent in seven-day repos on Thursday, after it received offers of 7.65 billion shillings for the 8 billion shillings it had offered.

At government debt auctions this week, yields on the two-year bond, six-month and three-month paper inched lower after demand hit 45 billion shillings, well above the 18 billion shillings the central bank had offered.

At the Nairobi Securities Exchange, the main NSE-20 share index shed 0.05 percent to 3,817.70 points, dragged down by Kenya Airways, which tumbled 5.6 percent to 12.80 shillings.

""Kenya Airways announced staff cuts but investors feel that's not enough to remedy its high operational cost that is largely fuel expenses,"" said Rufus Mwanyasia, an analyst at Tsavo Securities.

In the debt market, the yield on the benchmark 91-day Treasury bills on sale on Thursday plunged 168 basis points to 8.583 percent, falling below the repo rate.

Mwanyasia said he expected subscription rates at coming sales to fall as commercial banks sought better returns in the money market.

At the bourse, government bond worth 6 billion shillings were traded, up from 3.5 billion shillings on Wednesday. 


            ...........................Shilling spot rates 
               .....................Shilling forward rates 
                        .......................Cross rates 
      ..................................Local contributors 
        .......................Central Bank of Kenya Index 
       .....................Kenyan Bonds contributor pages 
                       ...............Treasury bill yields 
     ..................Central bank open market operations 
     .........................Horizontal repo transactions 
      ,       ................Daily interbank lending rate 
           .............................Kenya Bond pricing 
          ..................Real time Africa economic data 
<ECI & AFR> ...........................African economic news
       .................................NSE-20 Share Index
      .................................NSE All Share Index
          ...........................FT NSE Kenya 15 Index
          .......................... FT NSE Kenya 25 Index
 SPEED GUIDES:
                                 
         


($1 = 83.8500 Kenyan shillings)

(Editing by George Obulutsa, John Stonestreet)

KENYA-MARKETS/ (UPDATE 1) | AFN | ABN | D | E | RBN | M | RNP | DNP | PTD"
AFRICA  FX  WEEKAHEAD-E.Africa shillings set to gain vs dollar,2012-06-08,"LONDON, June 8 (Reuters) - Kenya and Uganda's shillings are expected to strengthen against the dollar in the week ahead, helped by central bankintervention and inflows from offshore investors buying government debt.

KENYA

Kenya's shilling is seen recovering from its recent five-month low after the central bank kept its key lending rate high and introduced longer-dated repurchase agreements (repos) to take out excess liquidity.

The central bank left its benchmark interest rate at 18 percent on June 5, sticking to its tight monetary stance for the sixth straight month. It also unveiled its latest weapon against possible short-selling of the shilling - longer tenor repos - to soak up excess liquidity from the market.

""Funding long dollar positions is going to be expensive seeing that the central bank will be mopping up for longer,"" said Duncan Kinuthia, head of trading at Commercial Bank of Africa.

At 1003 GMT, commercial banks quoted the shilling at 84.60/80 per dollar, 1.6 percent firmer than last Thursday's close of 86.00/20.

The shilling has recovered from a five-month low of 87.80 per dollar hit last Thursday on the back of a global dollar rally, to post a 0.5 percent gain for this year to date.

Dickson Magecha, a trader at Standard Chartered Bank, said attractive government debt yields could also lend support to the shilling.

The yield on the 182-day Treasury bills edged up at auction on Wednesday for the first time since January.

An expected fall in demand for Treasury bills as banks put their money in the new longer tenor repos could also cause further jumps in yields, fixed-income traders said, further supporting the shilling through increased dollar inflows.

UGANDA

Uganda's shilling is expected to gain against the dollar over the next week, buoyed by tight liquidity and inflows from offshore investors participating in a Treasury bill auction.

The Bank of Uganda is scheduled to sell 120 billion shillings ($48.39 million) worth of Treasury bills next Wednesday, and traders said yields were still attractive for overseas investors despite having fallen from their peak.

At 1055 GMT, commercial banks in Kampala quoted the local currency at 2,475/2,485, stronger than last Thursday's close of 2,495/2,505.

""We might see some limited inflows into the auction, and together with the liquidity squeeze the two factors will yield some gains for the shilling,"" said Ahmed Kalule, a trader at Bank of Africa.

An interest rate cut last week, which the market had feared would trigger a plunge in the shilling, has instead left the currency largely stable around 2,490, underpinned by the central bank's vow not to allow the euro zone crisis to hurt its currency.

The bank trimmed its key lending rate for this month to 20 percent from last month's 21 percent and said monetary policy easing was needed to spur credit flow and invigorate slowing economic growth.

The bank has in the past sold dollars and soaked up excess liquidity whenever the shilling has come under severe pressure.

TANZANIA

Tanzania's shilling is seen strengthening against the dollar in the days ahead, driven by expected greenback inflows from the agriculture and tourism sectors.

Commercial banks in Dar es Salaam posted the shilling at 1,588/1,592 on Thursday, stronger than 1,590/1,595 a week ago.

""The shilling has been appreciating. The main reason is that there isn't a lot of demand and we have been receiving some inflows from tourism and agriculture,"" said Emmanuel Mwasanguti, a dealer at CRDB Bank.

Tanzania's 2011/12 financial year ends in June. Traders said the shilling could trade in the 1,580-1,590 range next week.

""The shilling might appreciate towards the beginning of the new financial year,"" said Eric Chijoriga, a dealer at NBC Bank. ""Many corporates, especially mining companies, are expected to sell dollars to meet tax obligations.""

The Bank of Tanzania said on its website it traded $26.65 million on the interbank foreign exchange market in the past week.

NIGERIA

The naira is seen weakening further against the dollar next week as the interbank forex market is hit by dollar shortages in the face of sustained strong demand and offshore investors continue to exit the local debt market.

The naira was trading at 161 to the dollar at the interbank market on Thursday, after it slumped to a five-month low of 163.80 intraday on Wednesday, before closing at 160.90.

Traders said the central bank sold about $10 million to banks on Wednesday before the close of trading to calm the market and provide support for the naira, with mixed results.

""There is so much uncertainty in the market because of the exit of offshore investors in local debt paper and the lack of dollar flow from oil companies,"" one dealer said.

Dealers said most importers are bringing forward their obligations to hedge against further forex-driven losses.

""Unless the market experiences large dollar inflows from NNPC (the state oil firm) and the central bank sustains its direct sales to banks, the naira will continue to be under pressure,"" another dealer said.

Forex reserves are at a 21-month high of $37.64 billion, which gives the bank some leeway to defend the currency.

GHANA

Ghana's cedi could gain slightly against the dollar next week on inflows from a 200 million cedi ($106 million) 5-year bond auctioned on Thursday, traders said.

Thursday's bond sale will be the third auction in support of the cedi, which has tumbled nearly 15 percent against the dollar since January.

""We expect the rates to remain steady next week with a slight bias for a cedi rise on the back of expected inflows,"" Barclays chief trader Kobla Nyaletey said.

The central bank issued a 200 million cedi 3-year bond in February and another worth 300 million cedis on May 23. Both were oversubscribed, with heavy offshore take-up.

Settlement for Thursday's bond, also open to offshore investors, is on June 11, and the central bank said the funds would be used to finance maturing debts.

Nyaletey said interbank trading, which had been dormant in recent weeks, was expected to pick up slowly.

By midday on Thursday, the cedi was quoted indicatively at 1.9250 to the dollar, from a band of 1.9135-1.9200 earlier this week.

(Reporting by Kevin Mwanza, Elias Biryabarema, Fumbuka Ng'wanakilala, Oludare Mayowa and Kwasi Kpodo; Editing by Tosin Sulaiman and Hugh Lawson)

AFRICA-CURRENCY | AFN | ABN | D | M | SF | DNP"
UPDATE 1-Kenyan shilling extends tumble to 103 vs dollar,2011-09-27,"* Heavy dollar buying as euro zone woes weigh

* Markets on alert for central bank intervention

(Adds details, traders quotes)

By Beatrice Gachenge and Kevin Mwanza

NAIROBI, Sept 27 (Reuters) - The Kenyan shilling extended losses on Tuesday, falling to a fresh record low of 103

against the dollar, driven by heavy dollar buying against the backdrop of a worsening euro zone debt crisis.

Tuesday marked the 29th time this year the shilling has plumbed a new low, traders said, and the market was looking to the Central Bank of Kenya for a possible intervention.

But the spate of all-time lows suggest investors and companies have little confidence in the bank's ability to keep the currency even vaguely on an even keel, and when the monetary authority sold dollars on Monday it did little to bolster the shilling.

At 0702 GMT, commercial banks were quoting the shilling at 102.70/90, weaker than Monday's close of 102.00/20.

""We are in an all new territory right now and it's not clear where it could go from here. Guys are watching if the central bank will be back in today,"" said Wilson Mutai, a trader at African Banking Corporation.

The central bank sold on Monday an unspecified amount of dollars for the fifth time this September in an attempt to support the shilling. Traders were worried the bank would inject more shillings as last week's 15.23 billion shilling ($149.2 million) reverse repo matures on Wednesday.

""It is more of panic buying. Some people are buying forward and those are the ones putting pressure on the shilling,"" said Duncan Kinuthia, head of trading at Commercial Bank of Africa. 


 ...........................Shilling spot rates 
<0#KESF=>.....................Shilling forward rates 
.......................Cross rates 
..................................Local contributors 
.......................Central Bank of Kenya Index 
.....................Kenyan Bonds contributor pages 
...............Treasury bill yields 
..................Central bank open market operations 
.........................Horizontal repo transactions 
, ................Daily interbank lending rate 
<0#KETSYSTR=>.............................Kenya Bond pricing 
..................Real time Africa economic data 
<ECI & AFR> ...........................African economic news 


SPEED GUIDES:

($1 = 102.100 Kenyan Shillings)

(Editing by Yara Bayoumy; Editing by John Stonestreet)

KENYA-MARKETS/  (UPDATE 1)"
INTERVIEW-UPDATE 2-Kenya cenbank says committed to free  FX  rate,2011-09-27,"* Kenya central banker says FX measures only temporary

* Says not trying to fight market trend

* Sees food price inflation falling by end-September

(Adds quotes and background)

MEXICO CITY, Sept 27 (Reuters) - Kenya's central bank is committed to maintaining a freely traded exchange rate and sees current intervention efforts as a temporary measure to fight market panic, the central bank's governor said on Tuesday.

The Central Bank of Kenya earlier on Tuesday said it planned to trade foreign currency directly with key economic sectors, remarks that helped lift the Kenyan shilling off a record low. For details see [ID:nL5E7KR0GN].

""When everybody panics, you have to come up with measures to try and intervene, not to control the direction of the market, but to stem panic. That is not moving away from a floating exchange rate per se,"" Central Bank Governor Njuguna Ndung'u told Reuters in a telephone interview from Cancun, in Mexico.

The Kenyan shilling <KES=>, which is the world's second-worst-performing currency this year according to Reuters data, has sunk more than 5 percent since last Friday after remarks from the central bank spooked some observers who feared a retreat from free-market policies.

Kenya's central bank raised its benchmark rate this month after concerns grew that policymakers favored spurring growth over tackling a surge in inflation.

A steep slump in the county's shilling could worsen price pressures by inflaming import prices.

""We are not going to institute capital controls in Kenya,"" Ndung'u said, adding that the shilling had suffered losses due to the global sell-off in riskier assets, such as emerging market currencies, on fears about Europe's debt crisis.

Inflation in Kenya has been fed in part by food shortages due to drought engulfing the Horn of Africa region, as well as high oil energy prices.

""The food problem is being solved gradually and by the end of this month food inflation will start coming down. We will wait to see how fuel oil prices are coming and, obviously, that will have an effect on the exchange rate,"" Ndung'u said.

He said any change in monetary policy would depend on developments in inflation and a widening gap in the balance of payments.

Kenya's central bank raised rates this month by 75 basis points to fight rampant inflation, taking benchmark credit costs to 7 percent. Inflation is seen hitting 17.4 percent in September, according to a Reuters poll, from 16.67 percent in August.

(Reporting by Michael O'Boyle; Editing by Leslie Adler and James Dalgleish)

KENYA-INTERVENTION (UPDATE 2, INTERVIEW)"
UPDATE 1-AFRICA  FX -Ghana cedi flirts with record low,2011-09-15,"(Adds Nigeria)

NAIROBI, Sept 15 (Reuters) - Ghana's cedi is in danger of sliding to a record low against the dollar next week, while Kenya's shilling, which has been hammered throughout the year, may finally find support from a central bank interest rate increase.

GHANA

The cedi may well plumb an all-time low against the dollar after a sudden bout of weakness in the last two days triggered by hefty corporate demand for the greenback and limited supply, traders said.

Christopher Nettey of Standard Bank quoted the cedi at 1.5690/15 on Thursday, softer than yesterday's close of 1.5665/90. The currency plumbed a record low of 1.575 on Feb. 3, according to Reuters data.

""I expect the cedi to drop down to as low as 1.58 due to pressure from offshore investors buying dollars from our market,"" Nettey said.

Other traders also expected further falls in the currency, which has surprised analysts with its sudden decline.

The cedi normally weakens towards the end of the year as importers step up dollar purchases to pay for Christmas-related goods. September is considered too early for this to be having an effect.

""The cedi's depreciation has come as a surprise especially when we are not yet in the last quarter of the year,"" said Biggles Amponsah of Access Bank.

""I have seen dollar inflows from NGOs and mining support services this week but this was not enough to stop the U.S. dollar from further gains.""

Traders have also attributed the softness to a lack of central bank intervention.

KENYA

Kenya's shilling , which has lost 17.5 percent against the dollar this year, may gain as the impact of a 75 basis point central bank rate increase slowly sinks in, taking the edge off panic dollar buying, traders said.

Despite initial disappointment at the extent of the tightening, traders said the decision made at an extraordinary Monetary Policy Committee on Wednesday should be broadly supportive of the currency.

At 1013 GMT, the shilling was posted at 94.75/95 against the dollar, weaker than last week's close of 93.40/60, when President Kibaki said the government had requested an early disbursement of an IMF credit facility.

""I see us trading in a wide range with a bias for the shilling strengthening. The rate hike should be shilling positive,"" said Standard Chartered trader Dickson Magecha.

""On reflection it can be said that the central bank took an aggressive stance to try and contain inflation. The panic buying (of dollars) that was there is now subsiding.""

Traders said they expected the shilling to trade within 93.50-95.50 range next week, with a bias for strengthening.

The shilling recovered from a new all-time low of 95.65 against the dollar on Monday after the central bank intervened by selling dollars for the second time in two weeks.

UGANDA

Uganda's shilling , which has shed nearly 10 percent against the dollar so far this year, may weaken slightly due to demand for the U.S. currency from the energy sector and other importers.

Commercial banks quoted the shilling at 2,780/2,790, from last Thursday's close of 2,790/2,800.

""We're moving toward the last quarter of the year and around this time dollar demand accelerates sharply as businesses start to import for year-end shopping and festivities,"" said Rogers Lutaaya, a trader at Bank of Africa.

""The oil sector is also buying a lot of dollars and the supplies from offshore investors are still way too insufficient to match.""

Faisal Bukenya, head of market-making at Barclays Bank, said a heavily oversubscribed 80 billion shilling ($28.7 million) government bond auction this week showed strong foreign interest in government paper, although the sums were too small to make a dent in the currency.

""The size of the auction was very small and so dollar inflows from offshore investors in government paper are a drop in the ocean compared to the level of dollar demand.""

Yields on both bonds shot up on the back of Bank of tighter monetary policy designed to rein in inflation, presently at 21.4 percent, and support the weak shilling.

Traders said 2,800 was likely to be the shilling's resistance level, and 2,870 support.

TANZANIA

Tanzania's shilling , which hit a record low of 1,640 against the dollar this week, is likely to stay on the back foot due to oil sector dollar demand although some foreign exchange inflows could offer support.

Commercial banks quoted the shilling at 1,636/1,641 to the dollar, compared with last Thursday's close of 1,626/1,631.

""We are seeing a gradual depreciation of the shilling. There is some demand from oil companies on a one-off basis, but nothing pressing,"" said Eric Chijoriga, a dealer at National Bank of Commerce.

""Some inflows from the tourism sector have helped to ease pressure. We expect to see more inflows from corporates after mid-month when they off-load dollars for salaries and tax commitments.""

Traders said they expected the shilling to trade in the 1,630s in the coming days.

During the week to Wednesday, the Bank of Tanzania said it traded $81.57 million on the Interbank Foreign Exchange Market.

The currency has lost 10.6 percent against the dollar this year.

ZAMBIA

Zambia's kwacha is expected to post gains after several central bank interventions in the last two weeks, although this could unwind if Sept. 20 elections are marred by violence or end up with a disputed result, traders said.

The currency of Africa's top copper producer climbed 1.4 percent on Thursday to 4,870 against the dollar from 4,940 a week ago.

Although the elections have caused some portfolio outflows, Wiggins Mupango, Standard Chartered's local head of foreign exchange trading, predicted kwacha gains before and after polling day, which is expected to pass off peacefully.

""Only a break above the 5,000 level will negate our bullish view. The downtrend is envisaged to find support around the 4,850 level,"" Mupango said.

""We will occasionally see some spikes as the market reacts to broad dollar strength against most major currencies but we do not anticipate any trickle-down effect on the kwacha.""

President Rupiah Banda has a narrow lead over opposition leader Michael Sata although a number of undecided voters mean an upset is still possible, according to an opinion poll published last week.

The currency has traded in the 4,600-4,800 band for most of the last 12 months, although the looming elections have caused it to weaken outside that band in the last month.

""The central bank has shown a lot of reluctance for the kwacha to go beyond 5,000,"" said Nema Ramkhelawan, a currency analyst at Rand Merchant Bank in Johannesburg.

""That's been a key resistance level and we've seen them intervene on quite a few occasions in the last two weeks.""

NIGERIA

The naira is seen weakening further against the dollar unless the central bank increases the volume of dollar sales at its bi-weekly auction to douse mounting pressure on the local currency.

The naira was trading at 156.37 to the dollar on the interbank market on Thursday, weaker than Wednesday's close of 156.20.

Traders said strong demand for dollars from gasoline importers and contractors handling power projects was forcing the central bank to allow the naira to depreciate at the bi-weekly auction.

Demand at the bi-weekly foreign exchange auction surged to $510 million on Wednesday, while the central bank sold only $350 million at 153.54 to the dollar. The regulator sold $350 million at 153.27 per dollar at Monday's auction.

Traders said the bulk of unmet demand at the official window was channeled to the interbank market, putting further pressure on the naira.

""The naira will remain under pressure unless the central bank is willing to increase the volume of dollars on sales at the official window next week,"" one dealer said

AFRICA-CURRENCY/ (UPDATE 1)"
African Markets - Factors to watch on Sept 14,2011-09-14,"NAIROBI, Sept 14 (Reuters) - The following company announcements, scheduled economic indicators, debt and currency market moves and political events may affect African markets on Wednesday.

- - - - -

EVENTS:

KENYA - Kenya's Monetary Policy Committee holds

special meeting on situation in financial markets.

The central bank has a chance to restore stability

to the country's money and foreign exchange

markets and win back market confidence, if it

aggressively raises interest rates at an emergency

meeting on Sept. 14, analysts said.

KENYA-TBILLS - The government will this week

auction 182-day Treasury bills worth 6.5 billion

shillings ($69 million).

KENYA-FUEL - Watching out for the latest fuel

price review. The new prices take effect on Sept

15.

MAURITIUS - The Bank of Mauritius sells new

10-year bond Bank of Mauritius to sell 2 billion

Mauritius rupees ($70 million) of new 10-year

Treasury bonds maturing on Sept. 16, 2021. The

coupon rate will be set equal to or higher than

the lowest accepted yield of the auction

GLOBAL MARKETS

Asian stocks, U.S. index futures and the euro fell

on Wednesday as investors remained unconvinced

that euro zone leaders have a coherent plan to

tackle the bloc's sovereign debt problems, which

many fear could trigger a new banking crisis.

EURO ZONE CRISIS

International alarm over Europe's debt crisis hit

new heights on Tuesday, with U.S. President Barack

Obama pressing the bloc's big countries to show

leadership as talk of a Greek default escalated

and markets heaped pressure on Italy.

WORLD OIL PRICES

Oil fell on Wednesday, pulling U.S. crude off

six-week highs, as investors saw little upside

from declining inventories in an environment where

the euro zone debacle is taking precedence over

tightening supply.

EMERGING MARKETS

The BRICS major emerging economies are in

preliminary talks on increasing their holdings

of euro-denominated bonds to help ease Europe's

debt crisis, a senior Brazilian government

official told Reuters on Tuesday.

For the top emerging markets news, double click on

AFRICA STOCKS

For the latest news on African stocks, click on

AFRICA FIXED INCOME

For news on African fixed income, click on

AFRICA BOND AUCTIONS

The following is a selection of domestic debt

auctions expected from frontier African

governments this week:

AFRICA DEBT

Ugandan yields are likely to climb significantly

at an auction of 3-year and 5-year bonds next

week, while Ghanaian yields are expected to remain

stable, reflecting the outlook for inflation.

AFRICA BANKING

South Africa's FirstRand is still looking

for opportunities in Nigeria, where bank

valuations are becoming ""more realistic"", its

chief executive said on Tuesday.

SOUTH AFRICA MARKETS

South Africa's rand gained against the dollar on

Tuesday, bouncing from 5-week lows as exporters

came in the market and sentiment towards risky

assets improved in late trade.

NIGERIA SECURITY

Eight suspected members of a Nigerian Islamist

sect appeared in court on Tuesday charged with

carrying out a series of bombings and shootings

between March and July this year that killed a

total of 25 people.

NIGERIA INFLATION

Nigeria's consumer price inflation is seen

steadying around 9.5 percent in August after

unexpectedly falling to a more than three-year low

of 9.4 percent in July, the median view of 10

economists polled by Reuters showed.

KENYA POLITICS

Kenya's cabinet on Tuesday proposed delaying next

year's elections by four months, a suggestion that

risked angering citizens determined politicians

should stick to a timetable set out in the

country's new constitution.

KENYA MARKETS

The Kenyan shilling gained ground against

the dollar on Tuesday after the central bank sold

dollars to commercial banks, its second such

intervention in two weeks, traders said.

KENYA SECURITY

Gunmen who attacked a British tourist couple at a

luxury resort in Kenya were part of a larger gang

and took advantage of light security at the

Kenya-Somalia maritime border, an anti-terrorism

officer told Reuters on Tuesday.

KENYA BOND

Kenya will auction next week a two year Treasury

bond worth 10 billion shillings

($104.74 million) at an annual coupon rate of

10.50 pct, its central bank said on Tuesday.

TANZANIA GDP

Tanzania's economic growth slowed to 6.7 percent

in the second quarter of 2011 versus a 7.2 percent

expansion in the same period a year ago after

mining slowed sharply, but the transport and

communication sector mitigated the decline by

rising solidly, data showed on Tuesday.

TANZANIA/UGANDA POWER

Tanzania and Uganda have signed an agreement to

build a 16 megawatt (MW) hydropower plant on a

river shared by the two east African countries.

UGANDA BONDS

Offshore demand for Ugandan debt is likely to hit

its strongest level since 2008 at a bond auction

on Wednesday, the country's central bank said, as

external investors chase after yields as high as

20 percent.

UGANDA OIL

London-based explorer Tullow Oil's

long-running deal to bring France's Total

and China's CNOOC into a $10

billion oil project in Uganda is near its

conclusion, the east African country's energy

minister said.

UGANDA SECURITY

Two suspects in Uganda pleaded guilty on Tuesday

to murder and terrorism charges connected to twin

bomb blasts that struck soccer fans in the east

African nation's capital last year and killed 79

people, a court official said.

ETHIOPIA INFLATION

Ethiopia's year-on-year inflation jumped to 40.6

percent in August from 39.2 percent a month before

as food prices rose, especially for cereals, the

statistics office said on Tuesday.

ZIMBABWE COMPANY OWNERSHIP

Zimbabwe and Zimplats , the local unit of

the world's second-largest platinum producer

Impala Platinum , said on Tuesday they had

agreed to produce a revised plan for a law

requiring mining firms to turn over a 51 percent

stake to local blacks.

BOTSWANA CERTIFICATES YIELDS

The weighted average yield on Botswana 14-day

certificates slipped to 6.56 percent from 6.57

percent a week ago, the central bank said on

Tuesday.

RWANDA POWER

Egypt's Orascom Construction Industries

plans to invest up to $130 million in Rwanda in

the next three to four years to build a methane

power plant to produce 50 megawatts, a company

official said on Tuesday.

SOMALIA SECURITY

World powers should take advantage of a retreat by

Somalia's al Shabaab rebels and step up efforts to

defeat them by backing government troops and

imposing a no-fly zone and a sea blockade, the

African Union said on Tuesday.

* Somali security forces briefly detained two

Turkish aid workers on Tuesday after they

delivered food to famine victims in an area near

the capital controlled by rebels, officials said

on Tuesday.

For the latest precious metals report click on

For the latest base metals report click on

For the latest crude oil report click on

($1 = 94.450 Kenyan Shillings) ($1 = 28.525 Mauritius Rupees)

AFRICA-FACTORS/"
"UPDATE 1- Kenya  shilling eases, cbank  intervention  eyed",2011-09-07,"* Interbank lending, discount window rates fall

* Market watching central bank for further dollar selling

* Shilling weakens as importers buy dollars

(Adds discount window rate, shilling)

By Kevin Mwanza

NAIROBI, Sept 7 (Reuters) - Kenya's shilling eased slightly on Wednesday as importers rushed to buy dollars after the central bank started selling the greenback to stem a rout in the local currency, which has already fallen about 15 percent this year.

The shilling had gained as much as 2.4 percent against the dollar on Tuesday after traders said the central bank had sold dollars for the first time in two years. The monetary authority itself declined to comment on any such move.

The more aggressive stance against a prolonged weakening of the currency took the markets by surprise. Central bank governor Njuguna Ndung'u has said in the past that selling dollars would not achieve much and would drive foreign exchange reserves down.

At 0850 GMT, commercial banks quoted the shilling at 93.70/90 against the dollar, slightly weaker than Tuesday's close of 93.50/60.

Traders said importers were taking advantage of the earlier gain to stock up on dollars, which could weaken the shilling somewhat, and they expected the central bank to sell more dollars during the session to support the local currency.

""At lower (stronger shilling) levels there will be some customer dollar demand. Right now, the market will keep a look out on what the central bank does. That's an important factor,"" said a trader at one commercial bank.

Kenya's weighted average interbank lending rate and the central bank's discount window rate fell further on Wednesday, continuing a trend seen since the central bank changed its policy for calculating the discount window rate.

The central bank has tamed sky-high money market rates with the policy adjustment, but analysts say it still faces a struggle to restore market confidence.

The weighted average interbank lending rate fell to 10.4006 percent from 12.1424 percent on Tuesday, while the discount window rate fell to 11.76 percent from 12.68 percent previously.

The bank is now using a moving average of interbank rates over an unspecified period to compute its discount window rate, in a move it hopes will boost shilling liquidity after a sharp funding squeeze.

The central bank said on Monday it would hold an unscheduled Monetary Policy Committee meeting on Sep. 14, which analysts said might be used to push up the Central Bank Rate, giving the shilling some support. 


 ...........................Shilling spot rates 
<0#KESF=>.....................Shilling forward rates 
.......................Cross rates 
..................................Local contributors 
.......................Central Bank of Kenya Index 
.....................Kenyan Bonds contributor pages 
...............Treasury bill yields 
..................Central bank open market operations 
.........................Horizontal repo transactions 
, ................Daily interbank lending rate 
<0#KETSYSTR=>.............................Kenya Bond pricing 
..................Real time Africa economic data 
<ECI & AFR> ...........................African economic news 


SPEED GUIDES:

(Editing by Yara Bayoumy)

KENYA-MARKETS/ (UPDATE 1) (REFILE)"
"AFRICA  FX  WEEKAHEAD-Kenya, Uganda shillings stay under pressure",2011-07-07,"NAIROBI, July 7 (Reuters) - Kenya's and Uganda's shillings are likely to come under pressure against the dollar next week, while Tanzania's steadily weakening currency may take brief respite after unusually stiff central bank intervention.

KENYA

Kenya's shilling <KES=> is seen weaker against the dollar next week, pressured by expected dollar demand from the energy sector and maize importers, traders said.

Kenya is predicting increased maize importation after the government removed duties in June to address shortages and rising prices of the staple. [ID:nLDE75K0FF]

At 0822 GMT, the shilling was posted at 89.75/89.85 against the dollar, weaker than last Thursday's close of 89.35/55.

""At the moment energy sector and also maize sector dollar demand might come in, pushing the currency weaker. We might see a weaker shilling in the coming week,"" said Bhavin Chandaria, a trader at Imperial Bank.

Central Bank Governor Njuguna Ndung'u said on Thursday that poor reading of information by market participants was to blame for fresh shilling weakness against the dollar. [ID:nLDE7660P8]

Traders said they expected the shilling to trade in the 89.80-91.00 range.

The shilling has gained since the central bank raised its overnight lending rate to 8.0 percent, lifting it off a record low of 91.90 against the dollar on June 22. [ID:nLDE75S0QW]

""The shilling seems to be in dire straits again and is likely to be dragged lower if other dollar buyers join the fray,"" Commercial Bank of Africa said in a note.

UGANDA

The Uganda shilling will stay under pressure against the dollar next week, despite the introduction of a new benchmark lending rate, traders in the capital, Kampala, said.

The Bank of Uganda launched the inaugural benchmark interest rate of 13 percent and a 5 percent core inflation target on Wednesday in a bid to tame price pressures that pushed inflation to a 17-year high in May.

But with dollar inflows expected to remain tight and demand from the oil sector high, traders do not see it having an immediate impact on what the central bank says is an undervalued currency.

The shilling sold for 2,600/2,620 to the dollar towards the end of trade on Thursday.

""Unless the fundamentals change I see it holding at these levels,"" Lucas Ochieng, treasurer at Orient Bank Uganda, said. ""Liquidity is still the issue, so even given the introduction of the CBR, we will still see the status quo.""

Some analysts had said it might take the Ugandan shilling time to respond, but that the tight monetary policy stance meant the currency should continue its climb from June's all-time lows against the dollar.

""There will be more pressure next week,"" Faisal Bukenya, head of market making at Barclays Uganda, said. ""We're not seeing the inflows.""

Traders, though, did expect a pick-up in interest for short-term paper from offshore investors.

The shilling slipped to a record low of 2,710 against the dollar last week on strong dollar demand from the oil sector, speculative trading and panic buying before the central bank stepped in and sold dollars.

TANZANIA

Tanzania's shilling <TZS=> is expected to hold steady after firming slightly against the dollar on Wednesday after the central bank moved to calm the market.

Commercial banks quoted it at 1,600/1,605 to the dollar at Wednesday's close, after earlier trading at an all-time low of 1,625.

Markets are closed in Tanzania on Thursday for a public holiday.

""The central bank governor met bankers this week and told them that he would like to see the shilling trading below 1,600 in the interbank market,"" United Bank of Africa Tanzania dealer Bernard Charo said, referring to one of the regular meetings held with the central bank.

On Wednesday, the central bank traded $17.85 million on its interbank market, more than double its daily average amount for the year, traders said.

But traders said they did not expect the central bank to sustain higher dollar sales after the government said it did not want to deplete foreign exchange reserves. [ID:nLDE75K207]

""Some corporate customers are standing aside, waiting for the shilling to continue to depreciate before they come in with their demand for dollars,"" said Johnvian Nyamsisa, a trader at Commercial Bank of Africa Tanzania.

""The shilling might go to 1,590-1,600 levels next week if the current demand slowdown continues.""

In the week to Wednesday, the Bank of Tanzania traded $45.55 million on the Interbank FX Market, according to its website.

ZAMBIA

The kwacha <ZMK=> is expected to firm as foreign investors convert dollars in order to pay local taxes.

Commercial banks quoted the currency of Africa's leading copper producer at 4,820, marginally up from 4,830 to the dollar a week ago.

""The local currency is likely to post some gains against the dollar with the anticipated increase in dollar supply from corporates who will be converting foreign currency for kwacha in order meet statutory obligations,"" Cavmont bank treasurer Mudenda Syamujaye said.

The kwacha has traded between 4,800 and 4,600 for most of this year. During 2010 it met firm resistance at 4,600. On the few occasions it breached that level it went on to test, but failed to breach, 4,550.

GHANA

The cedi <GHS=> is seen holding firm against the dollar ahead of the issue of a 5-year bond open to foreigners on July 28, traders said.

The unit is likely to close the week at 1.5160 versus the greenback and will remain steady at that level, said Jacob Brobbey of Barclays Ghana.

""We see rates tamed in the $1.5120-$1.5160 band in the coming weeks,"" he said.

Ghana's central bank has announced plans to issue a 300 million cedi bond on July 28, the first 5-year note since December 2007.

On Wednesday, the bank's Monetary Policy Committee announced a 50 basis point cut on its benchmark rate to 12.5 percent, which analysts said boosted the resilience of the cedi.

Biggles Amponsah of Access Bank Ghana projected a balanced dollar flows.

""I will also expect traders to start shorting the dollar in smaller volumes ahead of the bond issue. This should be sufficient reason to hold the local currency against the dollar amidst rising demand,"" he said.

NIGERIA

The naira <NGN=D1> is seen losing ground as traders miss out on dollars expected to be sold by state-oil firm NNPC, which instead went to the central bank.

The state-owned energy company usually sells dollars to some lenders on a monthly basis and transfers the naira proceeds to its account with the central bank. NNPC dollar sales usually form the bulk of supplies to the interbank market.

The local currency was trading at 153.32 to the dollar on the interbank on Thursday compared with 152.60 at Wednesday's close as traders contended with lower-than-expected month-end dollar inflows.

""With the NNPC funds no longer available for trading at the interbank market, the naira will definitely depreciate further in the coming days,"" one currency trader said.

Dealers said the naira should trade within a 153-153.90 band.

""We are hoping that some foreign investors bring in dollars next week to help provide some liquidity in the market in view of the present reality and cushion the impact of the absence of NNPC dollars in the market,"" another dealer said.

The naira appreciated to its strongest level in six months last week after the central bank initiated measures aimed at boosting dollar supply, reducing pressure on the local currency.

The central bank this month lifted a rule that foreign investors hold government debt for at least one year, a move which is expected to attract new offshore flows, boosting dollar supply and increasing demand for the naira.

The central bank also imposed a maximum weekly limit of $250,000 in dollar sales by banks to foreign exchange bureaux, a move which traders said was to check money laundering and capital flight, contributing to naira support.

(Reporting by Kevin Mwanza, Fumbuka Ng'wanakilala, Barry Malone, Chris Mfula, Oludare Mayowa and Kwasi Kpodo, editing by Ed Cropley)

AFRICA-CURRENCY/"
UPDATE 1-Kenya tourism arrivals up 16 pct in Jan-April,2011-06-28,"* Kenya shilling weakness could boost sector - minister

* Tourism up after 2008 violence, global financial crisis

NAIROBI, June 28 (Reuters) - The number of tourists visiting Kenya in the first four months of 2011 rose by 16 percent from a year earlier, and a weaker local currency could boost the number of visitors in the short term, the tourism minister said on Tuesday.

Tourist arrivals in east Africa's biggest economy rose to 390,148 from 336,179 in the same period a year earlier.

Tourism generated 74 billion shillings ($817.6 million) in 2010 for east Africa's biggest economy, making it one of the country's leading sources of foreign exchange.

The sector has recovered after it was hit in 2008 by post-election violence and the lingering effects of the global financial crisis, which hurt arrivals in 2009.

""These figures shows positive growth,"" Tourism Minister Najib Balala told reporters.

Balala said the weakening of the shilling could benefit the sector, but warned that the wider implications of a weaker shilling on the economy could increase the cost of living.

""When the shilling is too weak ... it can be good for one sector but not necessarily for the entire economy and the people of Kenya, so we need to find a balance,"" he said.

""Definitely there will be an increase of interest (from tourists) but I don't believe that this is the main reason (for the growth in tourist arrivals). The weakening of the shilling is temporary,"" he said.

Balala said he backed the central bank's policy of not intervening to prop up the shilling against the dollar, but noted that prices of food imports were likely to rise.

The shilling hit a new low against the dollar of 91.90 last Wednesday, but the central bank has resisted intervening in the foreign exchange market by selling hard currency to stem the shilling's slide.

The bank has said Kenya had adequate foreign exchange reserves but would only intervene to stabilise currency volatility, not to influence the level or direction of the shilling.

($1=90.50 Kenyan Shilling)

(Reporting by Humphrey Malalo; Writing by James Macharia; Editing by Susan Fenton)

(Email:nairobi.newsroom@reuters.com; Tel +254 20 2224 717))

(For more Reuters Africa coverage and to have your say on the top issues, visit: http://af.reuters.com/(""http://af.reuters.com/""))

KENYA-TOURISM/ (UPDATE 1)"
UPDATE 2-Kenyan c.bank says has acted on  fx  speculation,2011-06-23,"* Says has taken action to stop arbitrage

* Says further tightening being considered

(Adds more quotes, analyst)

By Duncan Miriri

NAIROBI, June 23 (Reuters) - Kenya's central bank has taken unspecified action against some commercial banks to curb speculative positions versus the currency of east Africa's largest economy, its governor said on Thursday.

The shilling hit a new low against the dollar of 91.90 on Wednesday but recovered on Thursday to end at 90.1 after a report the central bank would take steps to stem the trades.

""We have taken action on them and we cannot talk about what action we have taken because it's regulatory. We have taken proper action on them, appropriate to the law, and we'll continuously do that,"" Governor Njuguna Ndung'u told a news conference. ""We are not afraid to do that again.""

The market had closed before he made these comments.

Inflation in Kenya has surged into double-digits this year reaching 12.95 percent in May. Short-dated Treasury bond yields have jumped into double-digits and the shilling has lost more than 10 percent since 2010.

The central bank measures follow an audit of banks' trading positions. Ndung'u said that during the week of June 9, five banks exported $260 million while borrowing from the central bank's window by strong banks went up -- pointing to arbitrage.

""These positions do not seem to reflect trading fundamentals. This type of exposure will put pressure on the exchange rate ... We will restrict them from any arbitrage using the domestic currency,"" he said. ""We cannot ratify arbitrage.""

Under the law establishing the central bank, the regulator can direct the management of a commercial bank to provide a viable explanation for any adverse effects in the market, and even speculative behaviour, the governor has said.

He has said that if such speculative behaviour were not halted, section 32 A of the Banking Act gave the central bank the power to act. The section allows the regulator to apply sanctions up to disqualification against people managing or controlling financial institutions.

TIGHTER POLICY?

""The arbitrage opportunity -- that has allowed banks with healthy liquidity positions to borrow cheaply at the overnight window of the CBK, and reinvest proceeds in higher yielding short-term T-bills, or fund other trades -- has been identified,"" said Razia Khan, head of Africa research at Standard Chartered Bank in London.

""Although it is unclear just yet how the authorities will deal with this, some tightening of liquidity should be anticipated,"" she said.

The central bank has resisted intervening in the foreign exchange market by selling hard currency to stem the shilling's slide. Ndung'u said Kenya had adequate foreign exchange reserves but could only intervene to stabilise currency volatility, rather than the level or direction of the shilling.

He said the bank might in future consider further tightening of monetary policy if inflation was not tame.

""But we are seeing signs ... that even though inflation will not come down drastically, the signs are inflation will come down and we are waiting on inflationary expectations.""

The central bank cut its benchmark lending rate by 25 basis points in January but reversed the move in March and raised rates by another 25 basis points in May to 6.25 percent.

""With the regulator now taking firmer action against continued shilling depreciation -- albeit still within the confines of allowing markets to determine the FX rate -- a lower peak in inflation appears more likely,"" said Khan.

""Actual shilling appreciation would, however, be needed to meaningfully improve the near term inflation outlook,"" she said.

(Additional reporting by Kevin Mwanza and Richard Lough; editing by David Clarke and Stephen Nisbet

(For more Reuters Africa coverage and to have your say on the top issues, visit: http://af.reuters.com/(""http://af.reuters.com/""))

KENYA-GOVERNOR/ (UPDATE 2)"
Kenya  shilling dips after cbank says won't  intervene ,2011-06-20,"NAIROBI, June 20 (Reuters) - The Kenya's shilling <KES=> slid after the central bank governor's comments stating that the bank would not intervene at this stage in the market at a time when the local currency has been falling against the dollar.

""The best they (central bank) can do is keep quiet. Such comments are not good for the market at the moment,"" said a trader at a leading commercial bank who declined to be named.

At 0903 GMT, commercial banks quoted the shilling at 90.10/30 against the dollar, weaker than Friday's close at 89.70/80. It fell to a record low of 90.85 on Thursday.

The shilling has lost more than 10 percent against the dollar this year to date, on the back of high inflation, prompting concerns that the weakening could give rise to a spiral in inflation through higher import costs.

(Reporting by Kevin Mwanza; Editing by James Macharia)

KENYA-CURRENCY/SHILLING (URGENT)"
UPDATE 1-C.bank: Kenya  shilling  intervention  would worsen matters,2011-06-20," * Says euro zone fears boosting dollar

 * Sees no direct remedy to shilling's fall

 * Rejects claims that CBK does not care about rate

(Adds governor's quotes, details)

 By Duncan Miriri

 NAIROBI, June 20 (Reuters) - Intervening in the market at this stage to prop up Kenya's shilling <KES=> would make things worse for the currency as some of its problems stem from concerns about the euro zone, the central bank governor said.

 The shilling was quoted by commercial banks at 90.10/30 against the dollar at 0903 GMT, following his remarks, weaker than Friday's closing level of 89.70/80.

 The Kenyan currency has lost more than 10 percent against the dollar this year on the back of high inflation, prompting concerns the weakening could give rise to a spiral in inflation through higher import costs.

 It fell to record lows against the greenback last week, touching 90.85 on Thursday.

 Kenya's central bank has sought to boost its foreign reserves in recent months by buying hard currency in the foreign exchange market, while also tightening shilling liquidity via repurchase agreements.

Central Bank of Kenya (CBK) governor Njuguna Ndung'u said the debt and deficit crisis in the euro zone had worked to the dollar's advantage, with its appeal as a reserve currency benefiting from concerns about the euro.

 ""This is bidding its price up and weakening the shilling and other currencies. So there is no direct remedy until we wait for the euro fears to subside, intervention will worsen the situation at this stage,"" he said in a statement to Reuters.

 ""This has put pressure on the shilling to depreciate on one hand and creates inflationary pressure on the other hand.""

 The pressure on domestic prices is coming from pass-through effects, especially from fuel and commodity prices, which were exacerbated by uncertainties in the market and pressure from a weaker shilling, he said.

 Year-on-year inflation rose to 12.95 percent in May from 12.05 percent in the previous month. [ID:nLDE74U07O]

 Ndung'u rejected claims by some analysts and traders that the central bank does not care about the currency movements and that if it did, it would intervene. [ID:nLDE7580LQ]

 ""The CBK is monitoring the situation very closely from the domestic market to international developments,"" he said.

 The central bank's Monetary Policy Committee adopted a tightening stance in March, reversing a 25 basis point cut made in January. It then raised its rate by a further quarter point last month to 6.25 percent, and increased the amount of cash that banks are required to hold. [ID:nLDE74U1TR] 

 It expects the tightening policy to fight inflation and stabilise the exchange rate, Ndung'u said last week.

(Editing by James Macharia and Catherine Evans)   

KENYA-CURRENCY/GOVERNOR (UPDATE 1)"
UPDATE 3-Kenya shilling plunges to new record low vs dollar,2011-06-20,"* Shilling hits 91 after central bank says no intervention

* Oil sector dollar demand seen weighing on the shilling

* Stocks flat on weak economic outlook

(Recast with markets close, stocks, bonds)

By Kevin Mwanza

NAIROBI, June 20 (Reuters) - The Kenyan shilling <KES=> tumbled to a record low of 91.00 against the dollar on Monday after the central bank said it would not intervene to prop up the shilling, traders said.

Central Bank of Kenya (CBK) Governor Njuguna Ndung'u said intervening in the market at this stage to prop up the shilling would make things worse for the currency as some of its problems stem from concerns about the euro zone. [ID:nLDE75J0O6]

At close of trade at 1300 GMT, the shilling was quoted at the session low of 91.0, a 1.4 percent depreciation from Friday's close of 89.7.

""I think the move started on the back of central bank comments that made the market panic some more,"" said a senior trader at one commercial bank who did not want to be named.

Ndung'u was reacting to analyst comments that the bank needed to do more than just increase interest rates to counter a vicious inflation shock that has driven an 11.6 percent slide in the shilling this year. [ID:nLDE7580LQ]

The central bank had also planned to mop up 0.5 billion shillings ($5.6 million) through repurchase agreements, but rejected all the bids for the third straight session. <CBK04>

The bank's repurchase agreements, or repos, basically take shillings out of the market to tighten liquidity.

Traders said earlier that interbank trading limits were tight following aggressive trading last week that saw the shilling touch a string of all-time lows.

They said the shilling could face further pressure this week as end-month corporate demand for dollars, especially form the oil sector, came in to the market.

""There is no liquidity in the market. It dried on the governor's comments. In a sane environment, the resistance would be 92. But now the sky is the limit,"" said Chris Muiga, senior trader at Kenya Commercial Bank.

""Corporate end-month demand from the oil sector may keep the shilling under pressure this week,"" said Steve Lagat, a trader at CFC Stanbic Bank.

On the Nairobi Stock Exchange, the benchmark NSE-20 Share Index <.NSE20> was barely changed, edging slightly up by 0.03 percent to 3,986.05 points.

Analysts said the weaker economic outlook due to the rising inflation rate and the volatile shilling was affecting market activities on the bourse.

""The market is very bearish and its being affected by the performance of the shilling and a high inflation rate,"" said Renaldo D'souza of Genghis Capital.

""Rising interest rates in the fixed income market has also curbed new investment from the equities market.""

Yields on Treasury bills have been on the rise for the last few weeks, but started easing lasting week after the central bank said the cost of government debt had become too expensive. [ID:nLDE75F1MB]

Shares in Williamson Tea rose 3.81 percent to 218 shillings after it announced a 9 percent rise in full-year pretax profits, boosted by an increase in property valuations. [ID:nLDE75J05R]

Barclays Bank of Kenya shares rose 2.07 percent to 17.25 shillings a share on foreign investors buys, traders said.

Corporate and Treasury bonds valued at 2.82 billion shillings ($31.4 million) were traded on the stock exchange, down from 4.805 billion shillings on Friday.


      
 <KES=> <KES1=>...........................Shilling spot rates
 <KESF=> <0#KESF=>.....................Shilling forward rates
 <EURKES=> <KESX=> <KESX1=>.......................Cross rates
 <KES=KE>..................................Local contributors
 <CBKINDEX>.......................Central Bank of Kenya Index
 <KE/DEBT>.....................Kenyan Bonds contributor pages
 <CBK03> <CBK06> <KE3MTB=>...............Treasury bill yields
 <CBK04>..................Central bank open market operations
 <CBK07>.........................Horizontal repo transactions
 <KEIBR=>,<CBK02>................Daily interbank lending rate
 <0#KETSYSTR=>.............................Kenya Bond pricing
 <ECONAFRICA>..................Real time Africa economic data
 <ECI & AFR> ...........................African economic news


SPEED GUIDES:

<REUTERS> <KES/1> <KE/DEBT> <MONEY> <KE/EQUITY>

(Additional reporting by George Obulutsa and Beatrice Gachenge; Editing by David Clarke)

KENYA-MARKETS/ (UPDATE 3)"
UPDATE 1-AFRICA  FX  WEEKAHEAD-Kenya shilling to continue slide,2011-05-19,"(Adds Ghana cedi outlook)

NAIROBI, May 19 (Reuters) - Kenya's shilling could hit new lows against the dollar next week while its Ugandan peer will probably have to rely on central bank intervention to stay on an even keel.

KENYA

Kenya's shilling <KES=>, which hit all-time lows on Wednesday and Thursday, is expected to keep weakening if the central bank continues to buy foreign currency and importers step up dollar buying as usual towards the end of the month.

The Central Bank of Kenya (CBK) has bought 28 million euros and mopped up 6 billion shillings, which it said on Thursday was meant to build reserves and cover for external payments amounting to $9.1 million. [ID:nLDE74I0F1]

At 1226 GMT, commercial banks quoted the shilling at 86.20/30 against the dollar, after it earlier hit an all-time low of 87.15 sparked by central bank purchases of euros.

""People are profit-taking on long dollar positions. CBK's mop-up and statement today helped shift sentiment on the shilling,"" said Julius Kiriinya, a trader at African Banking Corporation.

""If they (the central bank) come back in and banks start building up on their positions next week, the shilling could weaken towards 87.00,"" he added.

Traders expect the shilling to trade in the 86.00-87.00 range against the dollar, with a bias towards weakening.

""The shilling could weaken further as central bank (buying of) euros coincides with oil importers' purchases and end-year dividends being paid,"" said Dickson Magecha, a senior trader at Standard Chartered Bank.

UGANDA

Uganda's shilling <UGX=> is likely to stay weak amid fears of further violent political protests, although it probably will not breach the psychological 2,400 level.

Commercial banks quoted the currency at 2,389/2,393 to the dollar, a shade weaker than 2,384/2,389 a week ago, when the inauguration of President Yoweri Museveni was marred by deadly clashes between police and opposition supporters.

Spiralling fuel and food prices are adding to the volatile political atmosphere.

""I don't think it will breach 2,400,"" Phillip Ssali, a trader at Standard Chartered Bank Uganda, said. ""The demand (for dollars) is there but the central bank has expressed interest to sell at about 2,400 so that's the factor to watch.""

Traders said they saw the shilling range-bound between 2,385 and 2,395. It hit a record low of 2,424/2,429 on March 15.

The shilling has hovered near 2,400 for two weeks and traders blame the unrest, though the central bank does not. The bank sold dollars to bolster the local currency on two days last week but it made little impact.

""Demand and supply have evened out,"" Faisal Bukenya of Barclays Bank Uganda said. ""It will stay at the same levels that it did this week"" -- though analysis of the 14-day and 50-day simple moving averages suggests the shilling will stay on a weakening trend in the near term.

TANZANIA

Tanzania's shilling <TZS=> weakened on Thursday due to strong dollar demand from the oil sector and traders expect it to remain under pressure until mid-June when the agriculture export season kicks in.

Commercial banks quoted it at 1,530/1,538 to the dollar compared with 1,515/1,520 at last Thursday's close.

""The central bank has been selling dollars in the market not to support the shilling, but for liquidity purposes,"" said African Banking Corporation trader Gladness Deogratias.

""I don't think the shilling will reach the 1,550 level. The local currency should start to gain ground within two to three weeks when we reach the agricultural export season.""

Traders said the shilling was likely to trade in the 1,520-1,530 range.

""Oil companies are importing fuel in bulk quantities against the backdrop of rising oil prices at the world market. This has triggered demand,"" said Msafiri Absolom, a trader at Tanzania Investment Bank.

""We expect inflows from crop exports in mid-June to stabilise the market, so the shilling will most likely appreciate in the second half of the year.""

In the last week, the central bank said it traded $38.7 million on its interbank foreign exchange market.

NIGERIA

The naira <NGN=D1> is expected to fall amid strong dollar demand and a lack of local supply.

It was trading at 156.92 to the dollar on Thursday from its Wednesday close of 156.70 after the central bank failed to meet all the demand at its bi-weekly auction on Wednesday.

""There has been strong pressure on the available dollars in the interbank market as a result of tight liquidity and consistent depreciation of the naira at the official window,"" one dealer said.

Dealers said the bulk of the unmet demand at the official window was redirected to the interbank market, putting further pressure on the available dollars floating round Africa's biggest oil producer.

The central bank sold $300 million at 153.21 to the dollar at its auction on Wednesday, short of the $389.86 million demanded and the $499.89 million sold at 153.05 at Monday's auction.

""We expect the rate to trend up until there is large inflow of dollars from energy companies towards the end of next week,"" another dealer said.

Most energy firms sell dollars regularly on monthly cycle to selected banks to obtain naira to fund their local obligations.

GHANA

Pressure may continue on the Ghanaian cedi next week on the back of increasing demand for the dollar by companies.

The cedi opened this week at 1.5090 but declined to 1.5160 at the close of Wednesday's trading, mainly due to increasing demand for the greenback from companies, including the oil and gas sector, Biggles Amponsah of Access Bank Ghana said.

""The demand from corporate bodies keeps rising, even beyond the expectations of some of us,"" he said.

At midday Thursday, the cedi was offered against the dollar at 1.5165.

""Though there is inflow from the mining sector and from mining support service companies, the demand from the Oil & Gas sector and other importing firms outweighs the supply,"" he added.

Amponsah sees the pair trading within the 1.5150 and 1.5190 band next week with the greenback facing a new resistance at 1.52.

Jacob Brobbey of Barclays Bank Ghana said corporate demands for the dollar have pushed the GHS towards 1.52.

""Corporate demand is relatively firm amid a general dip in FX supply and we expect the next key resistance level of $1.5200 to hold next week,"" he said.

(Reporting by Oludare Mayowa, Barry Malone, Fumbuka Ng'wanakilala and Kevin Mwanza; Editing by John Stonestreet/Toby Chopra)

AFRICA-CURRENCY/"
RPT-AFRICA  FX  WEEKAHEAD-Kenya shilling to test record low,2011-03-04,"(repeats with no change to text)

NAIROBI, March 3 (Reuters) - The Kenyan, Ugandan and Tanzanian shillings are all likely to fall towards record lows next week amid strong demand for dollars from oil importers. Strong central bank intervention is not expected.

KENYA

Kenya's shilling <KES=> is seen easing towards a lifetime low due to hefty demand for dollars from oil importers, companies paying dividends abroad and the government signalling it will not intervene to prop up the currency.

Commercial banks quoted the shilling at 83.00/10 to the dollar -- 6-1/2 year lows -- compared with last Thursday's close of 82.00/10. Its lifetime low is 83.35, touched on Aug 25, 2004.

""There's a congruence of several factors working against the shilling. We have seen oil guys are really active. On top of that interest rates are really low and it's dividend season so the multinationals are repatriating,"" said Chris Muiga, senior trader at Kenya Commercial Bank.

""Then the Ministry of Finance comes out and says 'We're cool with the weak shilling'. When you put all this together it just points to one direction. I think the market will continue to test higher levels.""

Treasury Permanent Secretary Joseph Kinyua said on Wednesday the shilling's decline was not worrying, adding that it would be good for the export sector. [nLDE7210OY]

A spike in world oil prices due to turmoil in the Middle East has also made Kenyan importers nervous.

""Oil importers have geared up for new oil consignments as they fear prices will go higher in light of the crisis in Libya,"" said Edwin Mathenge, a senior trader at Chase Bank.

Traders said they expect the shilling to trade in the 82.50-83.50 range. Charts suggest the shilling is in a long-term downtrend and has further to fall. [ID:nLDE71R0ZE]

TANZANIA

Tanzania's shilling <TZS=> is also expected to weaken towards a record low as companies pay dividends to offshore shareholders.

Commercial banks quoted the shilling at 1,513/1,518 to the dollar compared with 1,512/1,514 at last Thursday's close. The unit is off this week's four-month low of 1,518, a level last seen in September.

It hit a record low of 1,527 in May last year, but traders said corporate dollar demand could push it to as low as 1,540 by June.

""Many companies, especially those with shareholders outside the country, are expected to pay dividends to parent companies and thus repatriation of dollars will push the shilling further down,"" said National Bank of Commerce economist Yono Mtengule.

Dollar inflows from agriculture, one of the main sources of foreign currency, are unlikely to start any time soon.

""Inflows are quite limited. We expect agricultural exports such as cashew to start in April. That's when we'll see significant inflows,"" said Rahim Suleiman, a trader at African Banking Corporation Tanzania.

Between last Thursday and Wednesday, the central bank traded $31.15 million on its Interbank Foreign Exchange Market, statistics on its website showed.

In July to December, the central bank was the main source of foreign exchange, selling $551 million out of a total $881 million traded, according to its February monetary policy statement. [ID:nLDE7210JV]

UGANDA

Having rebounded strongly after peaceful presidential elections last month, Uganda's shilling <UGX=> is likely to fall due to weak dollar inflows and an absence of central bank intervention.

Commercial banks quoted the currency at 2,369/2,374 from last Thursday's close of 2,345/2,350. Some traders see the unit testing the key psychological level of 2,400 -- an all-time low plumbed in mid-January.

""If you look at the usual month-end demand together with an aspect of covering for dividends, I see the shilling weakening,"" said Lucas Ochieng, a trader at Orient Bank Uganda. ""The inflows are not meeting demand.""

Traders see the shilling trading in the 2,375-2,395 range into next week.

""Inflows are not healthy,"" said Faisal Bukenya, head of market making at Barclays Bank Uganda. ""Even those who are even converting dollars are converting small amounts.""

After January's record low, the central bank pledged to beef up dollar supply, although traders said it was unlikely to intervene this week.

The shilling neared a nine-day low, when it touched 2,370 on Wednesday.

ZAMBIA

The kwacha <ZMK=> is likely to firm as general dollar weakness across the G10 currencies trickles down to emerging markets. Commercial banks quoted it at 4,715 versus 4,740 a week ago.

Standard Chartered's local head of global markets Stanley Tamele said exporters had injected sizeable amounts of dollars into the market but this was being met with aggressive bids mainly from offshore banks and importers.

""The spike in oil prices above $110 per barrel has also reignited dollar demand from some oil marketing companies. The market is likely to consolidate between 4700-4800,"" Tamele said.

The kwacha met firm resistance around 4,600 during 2010. On the few occasions it breached that level, and went on to test but failed to breach 4,550.

GHANA

The cedi <GHS=> is likely to come under pressure due to dollar demand from manufacturers ahead of Easter and the impact of high crude oil prices.

The cedi was at 1.52 to the dollar on Thursday, weaker than 1.4950 touched on Feb. 17, and moving towards a lifetime low of 1.5790 hit a month ago.

Dollar inflows ahead of a 3-year bond auction open to foreigners accounted for much of the cedi's appreciation from those depths. Without that support, the currency was likely to weaken to 1.53, said Biggles Amponsah of Access Bank.

""These gains could not be sustained as they were highly backed by the USD inflow from the offshore investors, and not a significant improvement in economic activities,"" he said.

However, Databank's Sampson Akligoh said the cedi would hold its ground if the central bank stuck to its policy of regularly selling dollars.

""I am concerned about the impact of higher crude oil prices on Ghana's trade balance. This would induce depreciation pressures, which can only be contained by Bank of Ghana's participation in the market,"" Agligoh said. (Reporting by Kevin Mwanza, George Obulutsa, Fumbuka Ng'wanakilala, Barry Malone, Chris Mfula, Hereward Holland and Oludare Mayowa; Editing by Ron Askew)

AFRICA-CURRENCY/|LANGEN|ABN|M|D|AFN|RBN|RNP|DNP|PTD|PMF"
UPDATE 1-Weakening Kenyan shilling not detrimental -finmin,2011-03-02,"* Authorities will not intervene just yet

* Not worried because weakening is manageable

* Easing shilling good for exporters

(Adds details, quotes)

NAIROBI, March 2 (Reuters) - Kenya will not intervene in favour of the shilling <KES=> against the dollar just yet because its weakening is manageable and not destructive to business, a top Finance Ministry official said on Wednesday.

The Kenyan currency is sliding towards an all-time low and touched 83.10/20 earlier on Wednesday -- its lowest level since hitting a record low of 83.35 on Aug. 25, 2004.

""We shall not intervene just yet. We do not think the current weakening is destructive to business in terms of decision making,"" Joseph Kinyua, permanent secretary at the Finance Ministry, told reporters.

""I don't think we would be so much worried with manageable weakening because we still need the shilling to reflect the reality of the market, and it is good for the export business because if we take policies that are too hard, it will hurt them,"" he said.

Technical analysis shows the shilling has further to fall in coming weeks. [ID:nLDE71R0ZE]

Kinyua said the government wanted a competitive shilling that would support exporters too.

""If it becomes too strong it may be okay from a national pride (perspective) but not in terms of promoting prosperity and economic growth,"" he said.

The central bank made hard currency purchases last week, the first time it has done so this year after a series of purchases last year.

It maintains that its participation in the foreign exchange market is purely to beef up its reserves, and not intervention.

""Of course the central bank will be keeping watch of what is happening in terms of interest rates and exchange rates to ensure that they are not moving in a manner which can be destructive to economic activity,"" Kinyua said. (Reporting by Beatrice Gachenge; Editing by Helen Nyambura-Mwaura and Catherine Evans)

KENYA-CURRENCY/ (UPDATE 1)|LANGEN|AFN|ABN|M|D|DNP"
Kenya  central bank  says to buy 4 mln pound sterling,2011-02-25,"NAIROBI, Feb 25 (Reuters) - Kenya's central bank said on Friday it would buy 4 million pounds sterling <CBK04>, the third time it has come to the foreign exchange market this week.

At 0901 GMT, commercial bank quoted the shilling <KES=> at 82.15/35 to the dollar from 82.00/10 at Thursday's close.

Central bank bought a total 8 million euros earlier in the week. Central bank has in the past said it buys foreign exchange to boost its reserves and not as an intervention. (Reporting by Kevin Mwanza; Editing by George Obulutsa)

KENYA-MARKETS/CURRENCY  (URGENT)|LANGEN|ABN|M|E|RBN|D|AFN"
INTERVIEW-No  intervention  planned on  Kenya  shilling -cbank,2010-10-10,"* Import bill rising to $1 billion per month

* Growth for 2010 seen in 4.5-5 percent range

* Inflation seen remaining stable

WASHINGTON, Oct 9 (Reuters) - A rising Kenyan import bill is an important factor behind increased central bank dollar buying and there is no intention to intervene to influence the value of the shilling <KES=>, the head of the central bank said on Saturday.

Foreign exchange dealers have grumbled that fundamentals dictate the shilling should be stronger but that central bank purchases of foreign currency have capped its gains.

""Dollar purchases are to protect reserves and to build up reserves, not just for fun,"" central bank Governor Njuguna Ndung'u told Reuters on the sidelines of the International Monetary Fund and World Bank meetings in Washington. ""Our import bills have risen significantly to slightly over $1 billion a month, so it means that keeping four months of import cover means being in the neighborhood of $4 billion.""

He said the timing of purchases was in line with the government's need to meet foreign obligations.

Kenya's foreign reserves edged up to $3.49 billion in the week to Friday [ID:nLDE6971JC]. They have risen roughly 8 percent in the past six months.

Ndung'u gave no indication as to the direction of the central bank's key interest rate. The rate was left on hold at 6.0 percent last month, and analysts said an easing cycle could end soon given inflationary pressures.

Ndung'u did not express any concern over inflation, which was steady at 3.21 percent year-on-year in September. He said there was no change to the bank's growth 2010 growth forecasts of 4.5-5 percent.

""Growth has been strengthening since towards the end of 2008 and we are going to see that (continue),"" he said. ""Inflation is going to remain stable."" (Reporting by Matthew Tostevin; Editing by Leslie Adler)

KENYA-SHILLING/ (INTERVIEW)|LANGEN|ABN|E|RBN|U|D|M"
"UPDATE 1-Kenyan shilling firms vs dollar, stocks ease",2010-09-24,"* Forex investors square off ahead of weekend

* Bond trading quiet

* MPC decision positive but already priced in

* Main NSE-20 share index closes lower

(Adds market close, details)

By Richard Lough and George Obulutsa

NAIROBI, Sept 24 (Reuters) - Kenya's shilling firmed slightly against the dollar on Friday as investors squared off positions ahead of the weekend while the main index on the Nairobi Stock Exchange (NSE) eased.

At the close of trade at 1300 GMT, commercial banks quoted the shilling <KES=> at 80.90/81.00 to the dollar, compared with Thursday's close of 81.15/25, and slightly stronger than 80.95/81.05 where the currency traded earlier in the day.

""We're seeing squaring off of positions ahead of the weekend. Also, whenever it gets above 81.00 importer demand for dollars subsides,"" said Moses Kiboi, head of trading at Citi.

Traders said the widely expected decision by Kenya's Monetary Policy Committee (MPC) to leave the central bank's benchmark lending rate steady at 6 percent sent out positive signals over the economy's health but had already been factored into prices. [ID:nLDE68M1HV]

Technical analysis showed the dollar resistance level of 80.80 with the 50-day moving average standing at 80.59.

Traders will also keep an eye on the Central Bank of Kenya, which has bought dollars in the market recently, frustrating some market players who say the shilling's fundamentals are stronger than its price.

""The central bank is still buying dollars. Anything below 81.00 is fantastic for them and we could see them picking up quite a bit,"" said Peter Mutuku, head of corporate desk at Bank of Africa Kenya.

Central bank said on Thursday that it does not intervene unless the market was unstable and highly volatile.

It also said that in making foreign currency purchases, it did so to meet its minimum threshold and pay for the government's external obligations. [ID:nLDE68M1RY]

Kiboi said bond trading was sluggish with most demand targeting a 2-year Treasury bond at rates between 3.75 - 4.0 percent.

Kenya accepted bids worth 13.4 billion shillings for the two-year bond at auction on Wednesday after receiving a 3 percent oversubscription. The weighted average rate was 3.698 percent. [ID:nWEA925]

On the NSE, shares in Kenyan fuel marketer KenolKobil rose to their highest since July after the firm said it expects its crude oil import licence to be re-instated following the end of a protracted dispute with the country's sole refinery. [ID:nLDE68N0C0]

The shares rose 7 percent to end at 10.10 shillings after rising 9.5 percent to 10.35 shillings in earlier on Friday.

Kenya Power and Lighting Company closed 3 percent lower at 238 shillings after its full year results failed to meet market expectations, traders said.

In earlier trade, the shares fell 10 percent to a low of 220 shillings compared with Thursday's close.

Corporate and government bonds worth 475.2 million shillings were traded at the bourse, compared with 275.9 million shillings traded on Thursday.

The main NSE-20 share index <.NSE20> closed 20.09 points lower at 4,581.72.


<KES=> <KES1=>...........................Shilling spot rates 
<KESF=> <0#KESF=>.....................Shilling forward rates 
<EURKES=> <KESX=> <KESX1=>.......................Cross rates 
<KES=KE>..................................Local contributors 
<CBKINDEX>.......................Central Bank of Kenya Index 
<KE/DEBT>.....................Kenyan Bonds contributor pages 
<CBK03> <CBK06> <KE3MTB=>...............Treasury bill yields 
<CBK04>..................Central bank open market operations 
<CBK07>.........................Horizontal repo transactions 
<KEIBR=>,<CBK02>................Daily interbank lending rate 
<0#KETSYSTR=>.............................Kenya Bond pricing 
<ECONAFRICA>..................Real time Africa economic data 
<ECI & AFR> ...........................African economic news 
SPEED GUIDES:     <REUTERS> <KES/1> <KE/DEBT> <MONEY> 


<KE/EQUITY> (Editing by James Macharia and Toby Chopra)

KENYA-MARKETS/ (UPDATE 1)|LANGEN|Table|ABN|M|E|RBN|D|AFN|RNP|DNP|PTD|PMF"
Kenya unit slides marginally as cbank buys dlrs,2009-04-30,"NAIROBI, April 30 (Reuters) - Kenya's shilling <KES=> softened marginally versus the dollar on Thursday as the central bank offered to buy $10 million and traders did not expect it to strengthen past the 78.50 level in coming days.

At 1100 GMT, commercial banks posted the unit at 78.65/75 per dollar compared with 78.55/65 at Wednesday's close.

""We've seen the central bank two days in a row now for monetary policy purposes,"" said Steve Lagat, a trader at CFC Stanbic Bank. ""People are still watching to see if they keep buying.""

The Central Bank of Kenya, which rarely intervenes in the market, has purchased a total $30 million since last Thursday.

""Liquidity has been tight in the money market so they are killing two birds with one stone. They have to raise reserves as well,"" Lagat said.

Official foreign exchange reserves have fallen far below the statutory requirement of four months import cover.

Dealers expect the shilling to face resistance at the 78.50 level.

""The shillings's ascent could be checked by the central bank's activities in the market,"" a report by Bank of Africa said. ""The market will also keep an eye on the happenings on the political front where any negative sentiments might send the shilling tumbling.""

Kenya's coalition government partners have been bickering over who should run an influential parlimentary committee, heightening tensions and fears of a return to days of turmoil.

Kenyan markets are closed on Friday to mark Labour Day. 


 <KES=> <KES1=>................Shilling spot rates
 <KESF=>....................Shilling forward rates
 <EURKES=> <KESX=>.....................Cross rates
 <KE/CONT1>.................All Kenya Contributors
 <CBKINDEX>............Central Bank of Kenya Index
 <KE/DEBT>..........Kenyan Bonds contributor pages       
 <CBK03> <CBK06> <KE3MTB=>....Treasury bill yields
 <KEIBR=> <CBK02>.....Daily interbank lending rate
 <0#KETSY=>.....................Kenya Bond pricing


SPEED GUIDES:

<REUTERS> <KES/1> <KE/DEBT> <MONEY> (Reporting by Helen Nyambura-Mwaura)

KENYA-CURRENCY/|LANGEN|Table|ABN|M|D|AFN|RBN|RNP|DNP|PTD|PMF"
E.Africa units seen in mixed trade vs dlr,2009-04-29,"NAIROBI, April 29 (Reuters) - The Kenya currency is seen in choppy trade in the week to Wednesday, while the Tanzania unit is seen stronger and the Ugandan weak, all on respective central bank interventions.

KENYA:

Kenya's currency <KES=> is seen in choppy trade in the week to Wednesday on anticipated central bank dollars purchases.

At 0940 GMT, leading commercial banks posted the unit at 78.85/95 per dollar compared to last Wednesday's close of 78.40/50.

The unit had strengthened to 78.55/65 early Wednesday but ceded some ground after the Central Bank of Kenya announced that it would buy $10 million for monetary policy purposes.

""The outlook is mixed. We were expecting the speaker's ruling yesterday would give it a boost,"" said Friday Mwafuga, head of trading at Cooperative Bank.

The speaker of Kenya's parliament on Tuesday appointed himself the leader of the house's business committee, diffusing tension that rose in the coalition government over who should hold the position.

Despite the good news, the local unit reversed gains after the central bank's action.

Mwafuga said the regulator bought dollars either to signal that it did not want a strong shilling or to inject some local currency in a cash-strapped money market.

""The idea that they are in the market creates a bit of confusion,"" said Peter Mutuku, the head of corporate trading at Bank of Africa. ""Because of that, we see choppy trade between 78.50 and 79.20.""

TANZANIA

The Tanzania shilling <TZS=> is expected to strengthen helped by the central bank and non-governmental organisations (NGOs) selling dollars.

Commercial banks quoted the shilling at 1,328/1,338 to the dollar compared with 1,335/1,345 at last Wednesday's close. Dealers see the unit between 1,330-1,335 in coming days.

""I still feel that they (central bank) will keep on coming in, and some inflows from NGOs will strengthen the local currency,"" said Hamis Mwakibete, head of trading at Commercial Bank of Africa Tanzania.

The Bank of Tanzania sold the U.S. currency during the week which boosted the shilling.

""In the short term I think we will be seeing a strong shilling as long as we see this intervention,"" said Beven Mushambi, a dealer at Standard Chartered Bank Tanzania.

Since last Wednesday, the central bank traded $29.25 million on the Interbank Foreign Exchange Market.

UGANDA

The Uganda shilling <UGX=> is projected to trade weaker against the dollar due to a surge in demand from offshore investors and minimal inflows for the U.S. currency.

Commercial banks quoted the shilling at 2,215/2,225 per dollar compared to last Wednesday's rate of 2,180/2,190.

The shilling is expected to trade within 2,220-2,240 range in the coming days.

Dealers said the local unit hit its lowest level this month to trade at 2,225/2,250 on Tuesday prompting the central bank to intervene and sell dollars in the market to reduce volatility.

""Offshore investors are not rolling over their investment in government securities. We have seen a high number of them buying back and repatriating their dollars, which has put pressure on the shilling,"" said Catherine Bulinda, treasury head at Centenary bank.

Traders said end-month inflows are weak with market activity mainly driven by trade within commercial banks.

""We have not seen that much demand for dollars from the corporate clients and importers,"" another dealer said.

The central bank said in its monthly review that the shilling has appreciated by 5 percent in April. (Reporting by George Obulutsa in Arusha, Susan Nabadda in Kampala and Helen Nyambura-Mwaura in Nairobi; Editing by Ron Askew)

EASTAFRICA-CURRENCY/|LANGEN|ABN|M|D|AFN|RBN|RNP|DNP|PTD|PMF"
"Kenya shilling tumbles vs dlr, market eyes c.bank",2008-10-22,"NAIROBI, Oct 22 (Reuters) - Kenya's shilling <KES=> tumbled against the dollar on Wednesday on interbank greenback purchases, touching a near four-year low as the market focused on the Central Bank of Kenya for any intervention.

At 0750 GMT, leading commercial banks posted the unit at 79.20/30 against the broadly strong dollar, compared with Tuesday's close of 78.10/20.

The 79.00 level was last seen in December 2004 and traders said the unit could close the session weaker than 79.00, barring intervention by the central bank.

The unit has weakened 8.5 percent in October as the effects of the global credit crunch spread to the east African nation.

""These are the levels around which the central bank came in last week and although the shilling still remains under pressure, guys are hesitant,"" a dealer with a commercial bank said.

Traders said there was light dollar demand by importers in the hope of another intervention-backed rally.

The central bank stepped in last Friday, selling an unspecified amount of dollars, according to some dealers, causing the local unit to rally.

""Importers are hoping that they will see some retracement and holding off where they can and only buying what they need to buy now,"" said the dealer.

Jackie Maina, an Equity Bank dealer, said fundamentals were working against the shilling due to factors such as the global crisis which analysts expect to affect the country's tourism.

The sector earned the country $1 billion last year and is just beginning to recover from the effects of a bloody post-election crisis in January and February.


 <KES=> <KES1=>............Shilling spot rates
 <KESF=>...............Shilling forward rates       
 <EURKES=>    <KESX=>.Cross rates
 <KE/CONT1=>............All Kenya Contributors
 <CBKINDEX>........Central Bank of Kenya Index
 <KE/DEBT>......Kenyan Bonds contributor pages       
 <CBK03>    <CBK06> <KE3MTB=>.    Treasury bill yields
 <KEIBR=>,<CBK02>    Daily interbank lending rate
 <0#KETSY=>    Kenya Bond pricing         
 SPEED GUIDES:                              
 <REUTERS> <KES/1> <KE/DEBT> <MONEY>  #
 (Reporting by Duncan Miriri; Editing by David Stamp)   


KENYA-CURRENCY/|LANGEN|ABN|M|D|AFN|RBN|RNP|DNP|PTD|PMF"
Kenya shilling falls vs dlr on importer appetite,2008-10-21,"NAIROBI, Oct 21 (Reuters) - Kenya's shilling <KES=> eased against the dollar on Tuesday as importers, perceiving the exchange rate as favourable, flooded the market for the U.S currency.

At 0915 GMT, commercial banks posted the unit at 77.25/35 against the dollar compared to Friday's close of 76.00/20.

""There is excitement in terms of cheaper rates across the board. Many people are just seeing these as good, cheap prices and they have bought for their requirements,"" said Kenya Commercial Bank's Robert Aloo.

The shilling depreciated to 79.00/10 on Friday before the Central Bank of Kenyaintervened through a dollar sale, helping the unit pare some of its losses.

Aloo said there was no indication the shilling's intervention-backed rally would be sustained in the days ahead.

Bank of Africa's Kennedy Butiko said the market is watching for the central bank's next move.

""We want to see whether the central bank will come in because that is what will actually hold the shilling. Demand (for dollars) is there,"" he said.

Central bank governor Njuguna Ndung'u said in a statement late on Friday that there were no significant signs of foreign exchange supply constraints now or in the future.


 <KES=> <KES1=>............Shilling spot rates
 <KESF=>...............Shilling forward rates       
 <EURKES=>    <KESX=>.Cross rates
 <KE/CONT1=>............All Kenya Contributors
 <CBKINDEX>........Central Bank of Kenya Index
 <KE/DEBT>......Kenyan Bonds contributor pages       
 <CBK03>    <CBK06> <KE3MTB=>.    Treasury bill yields
 <KEIBR=>,<CBK02>    Daily interbank lending rate
 <0#KETSY=>    Kenya Bond pricing    
 SPEED GUIDES:                         


<REUTERS> <KES/1> <KE/DEBT> <MONEY> (Reporting by Duncan Miriri; Editing by Victoria Main)

KENYA-CURRENCY/|LANGEN|Table|ABN|M|E|RBN|D|AFN|RNP|DNP|PTD|PMF"
"Kenya shilling in slight gain, awaits direction",2008-10-02,"NAIROBI, Oct 2 (Reuters) - Kenya's shilling <KES=> strengthened marginally against the dollar in quiet trade on Thursday as the market waited for clear signs on direction, dealers said.

At 0940 GMT, commercial banks posted the unit at 73.00/10 against the dollar compared to Tuesday's close of 73.15/25.

The market was closed on Wednesday due to a public holiday.

Dealers said the unit was likely to stay in a range of 72.70-73.30 against the greenback for the rest of this week.

""It is only a marginal gain and it is because of the 'new-month syndrome' whereby people expect some appreciation, assuming the traditional end-month demand (for dollars) is over,"" said Robert Aloo, a Kenya Commercial Bank dealer.

He said the local unit will strengthen a bit more.

""This being the first week of the month, the shilling will gain some ground and then we will go back to the same pattern of it being under pressure,"" he added.

The shilling has lost plenty of ground in recent weeks, due to substantial demand for the U.S. currency by diverse importers ranging from telecoms to oil firms.

Regulator Central Bank of Kenyaintervened twice last month, through sale of dollars, to stave off a slump in the currency.

""After the holiday there has not been much activity. Next week is when we will identify direction,"" said Solomon Alubala, the head of trading at Chase Bank. (Reporting by Duncan Miriri; editing by Stephen Nisbet)

KENYA-CURRENCY/|LANGEN|ABN|M|D|AFN|RBN|RNP|DNP|PTD|PMF"
E.Africa units seen in mixed trade in next week,2008-09-24,"NAIROBI, Sept 24 (Reuters) - The Kenya and Uganda shillings are expected to weaken further against the dollar in the coming week to Wednesday, while the Tanzanian currency is expected to strengthen slightly, dealers said.

KENYA

Kenya's shilling <KES=> is expected to ease further due to increased demand for the U.S. currency, dealers said.

The local unit hit an eight month low versus the greenback last week, as the financial crisis in global markets extended to Kenya, causing volatile trade in the shilling.

To stem the shilling's fall, central bank intervened and auctioned a total of $20 million on two consecutive days. Kenya's central bank rarely intervenes in the market.

The shilling weakened to 73.45/55 at 0730 GMT from 73.00/10 at Tuesday's close. It ended last Wednesday's trade at 72.90/73.00.

""Holding other factors constant, and without any intervention by authorities, the shilling should weaken even further due to demand pressure"" for dollars, a market report by Bank of Africa said.

Dealers were bearish longer term if the central bank refrained from selling more dollars.

""A weaker shilling could bring about inflationary pressures,"" Bank of Africa's report added.

But another dealer said the current levels would be attractive to some market players.

""This is a good level for exporters, we could see renewed interest...74 could be a ceiling for the very short term,"" said Noah Meely, a senior treasury manager at Citibank.

TANZANIA

The Tanzania shilling <TZS=> is seen stronger against the dollar in the coming week, helped by U.S. currency flows from the agriculture sector, donors and corporate clients selling dollars to pay shilling-denominated taxes.

Commercial banks quoted the shilling at 1,170/1,175 to the dollar, compared with 1,155/1,160 at last week's close.

Dealers said they expect it to trade in the 1,150-1,176 range in the coming week, with a bias for a stronger shilling, with dealers seeing 1,170 as resistance to further weakening for the local unit.

""Next week we expect that there will be flows from donors. Bank of Tanzania will have to sterilize these funds,"" Christopher Makombe, head of trading at Standard Chartered Tanzania.

""We are looking forward for inflows from the agriculture sector, mainly cashew nuts.""

The shilling is also expected to gain from companies seeking to pay their quarterly taxes.

Dealers said the shilling eased during the week, undermined by banks covering their short positions, as well as buying by clients who had stayed out hoping the local unit would strengthen.

UGANDA

The Uganda shilling <UGX=> is projected to edge downwards against the greenback in the coming week, with an anticipated spike in corporate demand for the U.S. currency, dealers said.

Commercial banks in Kampala posted the local unit at 1,660/1,665 to the dollar, compared with last Wednesday's closing rate of 1,642/1,647.

The depreciation trend is expected to continue in the coming days with a trading range of 1,650-1,660.

""We are likely to see increased pressure on the local unit as corporate demand increases amid minimal inflows,"" said Ronald Mutebi, a dealer with Bank of Africa Uganda.

Dealers said the anticipated inflows from offshore traders looking to buy government securities did not materialise.

(Reporting by Helen Nyambura-Mwaura in Nairobi, Susan Nabadda in Kampala and George Obulutsa in Dar es Salaam; Editing by Ron Askew)

EASTAFRICA-CURRENCY/|LANGEN|ABN|M|D|AFN|RBN|RNP|DNP|PTD|PMF"
Kenya to revise inflation basket - stats bureau,2008-09-19,"NAIROBI, Sept 19 (Reuters) - Kenya is revising the contents of its consumer prices basket and how it computes inflation, which analysts expect will shave a few percentage points off the country's spiralling rate.

The Kenya National Bureau of Statistics (KNBS) said it will change the CPI basket contents that were based on a household budget survey in 1993/94 to a study done over 2005/06.

In August, inflation was at 27.6 percent compared with a monthly average 9.8 percent for 2007.

The new basket reflects new consumption patterns such as mobile phone charges, bottled water and bicycle taxi fares.

KNBS will also change the method for deriving inflation to a geometric mean from an arithmetic one, KNBS officials told Reuters this week.

""For ease of comparison, there is a recommendation that worldwide, people harmonise the CPI methodology and most countries are moving to the geometric mean,"" said James Gatungu, KNBS's principal economist.

He said the bureau would start collecting prices in September and would not publish them for 12 months as Kenya reports inflation on a month-on-month basis. The old and new systems will run concurrently for a while, he said.

Razia Khan, Africa economist for Standard Chartered Bank, said Kenya was not doing itself any favours by having inflation that was almost twice or thrice that of neighbours already using the geometric mean.

Tanzania's inflation in August was 9.8 percent while Uganda's rose to 15.6 percent. Both border Kenya and belong to a regional customs union.

FOOD COSTS

Khan estimated the new method would probably cut inflation by more than 10 percentage points.

""Intuitively, there is some support for the idea that existing inflation is overstated. Once the new CPI index is adopted we may be looking at an inflation rate in the region of 13-15 percent,"" Khan told Reuters.

KNBS is reviewing the weighting for food and non-alcoholic drinks index to 50.5 percent to 40.3 percent which some critics say is intended to mask inflation amongst the poorest.

""They are trying to reduce the percentage component of food which I don't think is applicable to a lot of people,"" said Robert Shaw, an commentator on Kenya's economy. ""Our poor will spend a bigger portion of their income on food.""

Gatungu however said the study a couple of years ago showed Kenyans on average were spending less on food.

Inflation is expected to rise on impending food shortages although fuel pump prices are expected to drop, Shaw said.

Another analyst said he saw inflation falling to just below 20 percent by the end of the year, assuming decent rains and the currency not depreciating any further from current levels.

""In January, it could be significantly lower than that, down to 12-13 percent,"" said Stephen Bailey-Smith, Standard Bank's head of research for Africa.

The local unit sunk to eight-month lows against the dollar this week as the meltdown in international markets extended to Kenya. The central bank has however intervened by auctioning dollars in the interbank market.

KENYA-INFLATION/|LANGEN|ABN|M|E|RBN|D|AFN|AFA|CSA|LBY|RWSA|RWS|REULB|GNS|RNP|DNP"
