title,date,text
Lebanese security forces fire tear gas at crowds protesting pound devaluation,2023-03-22,"BEIRUT, March 22 (Reuters) - Lebanese security forces on Wednesday fired tear gas at hundreds of protesters, mostly retired members of the security forces, who had gathered near government buildings in Beirut in anger at deteriorating economic conditions.

Crowds gathered in the streets of downtown Beirut between parliament and the government serail, carrying Lebanon's tricolour or flags bearing the logos of security forces.

They were outraged at the deteriorating value of state pensions paid in the local currency. The pound has lost more than 98% of its value against the U.S. dollar since 2019.

""Our kids are hungry. We're hungry,"" said Mohamad el-Khateeb, a 59-year-old who had served in the army for 32 years.

""We left the army with nothing. No healthcare, no welfare, our kids are out of school and prices are rising obscenely. What do you expect?"" Khateeb told Reuters.

Some of the men tried to cross one of the checkpoints leading to a government building, prompting security forces to fire tear gas to keep them back, according to a Reuters witness.

Protesters dashed away from white clouds emanating from locations around the serail. One soldier was seen treating a young boy who was affected by the tear gas.

""If he fires on us, he's firing on our rights and on his rights at the same time,"" said army veteran Ahmad Mustafa, 60.

""He's suffering just like me,"" he told Reuters, clutching two of the tear gas canisters fired just moments earlier.

There was no immediate statement from the Lebanese army.

Lebanon's economic meltdown began in 2019 after decades of profligate spending and alleged corruption. Its onset prompted the most wide-ranging protests the country had seen in years, but they fizzled out and rallies have been sporadic since.

The country's top financial and political leaders have allowed the crisis to fester, with the Lebanese pound hitting an all-time low of 140,000 to the U.S. dollar on Tuesday before an intervention by the country's central bank.

Lebanon's army troops and members of the security forces are receiving salary support in U.S. dollars from the United States and Qatar for the first time.

(Reporting by Issam Abdallah, Mohamed Azakir and Ahmed Kurdi; Writing by Maya Gebeily; Editing by Bernadette Baum) 

Released: 2023-3-22T12:25:03.000Z"
UPDATE 1-Lebanon's  central bank  offers dollars amid deep financial crisis,2021-12-16,"(Adds details, background)

BEIRUT, Dec 16 (Reuters) - Lebanon's central bank said on Thursday it would sell U.S. dollars to commercial banks at the rate on its Sayrafa foreign exchange platform, but analysts said offering more hard currency would do little to steady the already crippled Lebanese pound.

Lebanon's economy has been in freefall since 2019, when a mountain of debt and political gridlock, drove the nation into its deepest crisis since the 1975-1990 civil war.

The Lebanese pound, which was exchanged freely at 1,500 to the dollar before the crisis, has collapsed to around 25,000 on the unofficial market. On the central bank's foreign exchange platform, known as Sayrafa, Thursday's rate was 22,300.

Beirut-based financial adviser Mike Azar said the central bank's latest move was ""to stabilise the lira but an insolvent bank that is bleeding FX ... cannot stabilise the currency by market intervention. It has no credibility.""

As Lebanon plunged into crisis, depositors - many of whom had dollar accounts - were locked out of their savings and only allowed to withdraw them in Lebanese pounds at a rate that was far below the unofficial exchange rate on the street.

Last week, the central bank said depositors withdrawing from their dollar accounts would receive Lebanese pounds at a rate of 8,000 to the dollar, an improvement on the previous rate of 3,900, but still well below the street rate or Sayrafa rate.

In Thursday's statement, the central bank said depositors could use Lebanese pounds they had withdrawn to buy back dollars but at the Sayrafa rate, effectively meaning they receive a roughly 70% 'haircut' on the value of their original dollar deposit.

(Reporting by Lilian Wagdy and Maha el Dahan; Editing by Andrew Heavens and Edmund Blair) 

Released: 2021-12-16T16:36:36.000Z"
Lebanon 's  central bank  to  intervene  to contain exchange rate -presidency,2021-03-19,"BEIRUT, March 19 (Reuters) - Lebanon's central bank will allow banks to conduct currency transactions similar to exchange dealers and will step in to rein in the pound/dollar rate, the presidency said on Friday.

Sharp new falls in the Lebanese pound, which has lost 90% of its value, have fueled unrest in recent weeks.

""As of next week, banks will be allowed to deal with currencies like legitimate exchange dealers...via the (central bank's electronic) platform,"" a spokesman for President Michel Aoun said after his adviser met Central Bank Governor Riad Salameh. (Reporting by Laila Bassam and Ellen Francis; editing by Jason Neely) 

Released: 2021-3-19T13:02:29.000Z"
RPT-ANALYSIS-Lebanon's fractious politics puts French lifeline at risk,2020-09-24,"(Repeats Sept. 22 with no changes to text)

* France has drawn up timeline to deliver reforms

* Lebanese leaders already missed cabinet deadline

* New government faces huge task to save economy

* Sectarian politics throws up roadblocks to change

By Ellen Francis

BEIRUT, Sept 22 (Reuters) - Lebanon's sectarian politicians have overshot one deadline they had agreed with France and missing more may put at risk a French lifeline to haul the Middle East nation out of its worst crisis since a 1975-1990 civil war.

France has drawn up a timeline for Lebanon to tackle corruption and deliver reforms to help secure billions of dollars in foreign aid to save a country drowning in debt.

But the leaders who oversaw years of wasted state spending and corruption have stumbled at the first hurdle by failing to deliver on a promise to French President Emmanuel Macron to form a new cabinet by mid-September.

Yet choosing a cabinet may prove the easy bit. Once named, the ministers have a mountain of challenges, ranging from reviving a paralysed banking industry to fixing a power sector that cannot keep the lights on in a nation of about 6 million.

Macron, who visited Beirut after a devastating Beirut port blast in August, has told politicians they could face sanctions if graft gets in the way. And Paris has repeatedly said there will be no aid without change.

WHAT PREVENTED LEBANON NAMING A GOVERNMENT QUICKLY?

Factional, sectarian politics is to blame. At the heart of the cabinet logjam has been a demand by the two main Shi'ite Muslim parties, Iran-backed Hezbollah and its ally Amal, to pick several ministers and to keep the finance post in their hands.

The finance ministry will have a vital role in drawing up plans to exit the economic crisis.

Prime Minister-designate Mustapha Adib, a Sunni under Lebanon's sectarian power-sharing system, had sought to shake up the leadership of ministries, some of which have been controlled by the same factions for years.

Hezbollah, whose political influence has grown, and Amal view moves to shift them out of key cabinet posts as a bid to weaken their sway, politicians say.

They have a parliament majority with their Christian and other allies, although the cabinet dispute has put them at odds. President Michel Aoun, a Maronite Christian allied to Hezbollah, has said no sect should claim any ministry.

But Washington's decision in September to impose U.S. sanctions on Hezbollah's allies deepened the Shiite bloc's resolve to dig in over cabinet appointments, political sources say. Washington deems Hezbollah a terrorist group.

Yet foreign pressure could also deliver results. Macron's intervention prompted Lebanon's bickering leaders to agree on the prime minister-designate hours before the French president arrived in Beirut on his second visit in less than a month.

WHAT'S AT STAKE?

France has said Lebanon faces collapse if it doesn't change course. The Lebanese president has said the country is going ""to hell"" if doesn't name a cabinet. Many Lebanese, thousands of whom took to the streets last year to demand change, have already been plunged into poverty as the economy has crashed.

Lebanon needs cash - and fast - after defaulting on its towering sovereign debt and with its banks on their knees. The Beirut port blast, which killed almost 200 people, handed the nation with a new repair bill estimated at up to $4.6 billion.

The central bank has been using up dwindling foreign reserves to subsidise vital imports of wheat, fuel and medicine. Lifting subsidies, which the central has said cannot go on indefinitely, will bring more misery and may stoke tensions.

Minor episodes of sectarian unrest and factional skirmishes have accompanied the economic freefall. Further deterioration threatens more flare-ups, while security forces are paid in a currency that is rapidly losing its value.

Donors who promised billions of dollars to help Lebanon in a 2018 Paris conference refused to hand over the cash when the country failed to deliver reforms. They have made changing course a condition for any future help.

Macron delivered a stark message in Beirut on Sept. 1: ""If your political class fails, then we will not come to Lebanon's aid.""

WILL THINGS GET EASIER WITH A GOVERNMENT IN PLACE?

There are big challenges ahead. France has drawn up a detailed roadmap for the new cabinet, ranging from swiftly restarting talks with the International Monetary Fund to launching tenders to start building new power stations.

Crucially, France has said the government must start to tackle endemic corruption quickly in order to secure funds at another donor conference that Paris has said it is ready to hold in the second half of October.

This means any new government faces a tight deadline. It may prove a tall order for Lebanon's fractious politicians who have already failed to name a cabinet on time. (Editing by Tom Perry and Edmund Blair) 

Released: 2020-9-24T07:00:00.000Z"
"Lebanon: The ""Pearl of the Middle East"" crisis",2020-08-07,"""The city's Christian quarters have been largely destroyed. People don't even have money to buy new windows or whatever it takes to rebuild their homes. They have no money, because there are no dollars in the country, everything has to be imported, and now there is no port. Basically people are abandoned,"" says Third Martin Keulertz, an academic in the food safety program at Beirut's American University, which describes the plight of the Lebanese capital, after it was hit by two explosions on Tuesday, which left at least 150 dead and more than five thousand injured. It is estimated that 12% are still unable to return to their homes.

A fire in the port of Beirut - known as the Ali Baba Cave for its corruption - blew up 2,750 tons of ammonium nitrate that were there, after a ship was confiscated in 2013. The investigations now focus on port staff and the President, Michel Aoun, yesterday said that he learned of the huge amount of explosives nearly three weeks before they exploded, but that he had ordered action to be taken, clarifying that he had no authority over the port facility.

In a column published by Foreign Policy magazine, analyst Oz Katerji notes that the explosion was Lebanon's Chernobyl. ""It's like a Soviet disaster, it's the work of immense incompetence, endemic corruption and neglect, and its impact will spread beyond the initial explosion.""

Keulertz agrees and says that what happened at the port ""is a symptom of a state that has neglected its central services, not only is ammonium nitrate, but it is also garbage that is not collected, lack of electricity, lack of water supply, lack of food available to people, is a lack of foreign exchange, so it is basically a symptom of the country where the corrupt elite has taken all the financial resources and has taken all the financial resources and has abandoned everything else, including their core duties.""

Faysal Itani, deputy director of The Center for Global Policy in Washington in the late 1990s, worked as a teenager entering port data during the digitization process. ""This reflects a systemic problem with Lebanon's public institutions. They are directed and staffed according to criteria of political or sectarian affiliation, not merit. Corruption is widespread and work ethic and morals are bad. This seems to be a case of great incompetence and is on par with the way other public institutions are handled,"" he tells La Tercera.

In it, Heiko Wimmen line, a Lebanon-based analyst at the International Crisis Group thinks that ""the networks of political influence, clientelism and corruption that political elites built over three decades have compromised accountability, due process and professional conduct at all levels.""

How did Lebanon, which was considered the pearl of the Middle East, end in this crisis? The country is going through its worst moments since the long civil war (1975 to 1990). Even before the coronavirus pandemic earlier this year, Lebanon seemed to be on a road to collapse, with power outages of up to 20 hours a day, mountains of garbage in the streets and long lines at gas stations.

In March, Lebanon for the first time in its history went into default on foreign debt payments. Prime Minister Hasan Diab revealed that the country is dragging a public debt of 170% of GDP. In addition, it admitted that more than 50% of the population will soon findbelow the poverty line. In a speech on 24 April, Diab directly accused the governor of the Lebanese Central Bank, Riad Salame, of the free fall of the local currency. Unemployment stands at 25%.

On October 17 last year a series of protests, known as the ""revolution for hope,"" led to the resignation of Saad Hariri's government in January, and Diab assumed. His appointment was agreed by the coalition composed of the Shiite groups Hezbollah and Amal, as well as the Christian and ally Free Patriotic Current, the two that occupy the most seats in Parliament after the 2018 elections. Then came the coronavirus, which has only come to worsen the economic situation of the country.

It was in this context that the explosion that destroyed the port, which is the heart of Lebanon's supplies, occurred. Itani points out that the country imports about 80% of all its essential requirements, especially food, including 90% of its wheat. About 60% of its total imports pass through the port of Beirut. ""Now that the port is destroyed there is no way to get food. Of course, we have the airport. But this is more expensive and you can't bring large amounts of cereal, for example. Smaller ports, such as Tripoli in the north, now have to be used, but it's not enough. What Lebanon needs is to open its borders to Syria. They have no choice,"" Keulertz says.

Meanwhile, outrage continues to grow in the population, which on Thursday night came out to protest against the ruling elite. ""It is unclear how the country can move from protests to real political change, because ruling elites are deeply entrenched and there is no organized alternative. On top of that, you have Hezbollah as a key beneficiary of the current political system and is unlikely to accept real change,"" Itani says.

For Wimmen, there will be more protests, although it is not clear what dimensions they will have, because the Lebanese are very angry. ""The new demonstrations could get completely out of control,"" he says. In the same vein, Keulertz says it is time for international intervention, because otherwise Lebanon is on its way to becoming a ""failed state,"" with serious implications for the whole Middle East and Europe."
Dollars trade at 4300-4500 Lebanese pounds after pledge of market  intervention ,2020-06-15,"BEIRUT, June 15 (Reuters) - Scarce dollars traded at 4300-4500 Lebanese pounds on Monday, market participants said, not far from rates seen last week when the president said the central bank would intervene to prop up the battered currency.

Lebanon's President Michel Aoun said on Friday that the central bank would start injecting dollars into the market on Monday, trying to stop a currency crash that has led to economic hardship and sparked unrest.

There was no statement from the central bank or the presidency on the supply of dollars on Monday.

Market participants said there was chaos with differing exchange rates across the informal market, now a main source of cash for most people after banks imposed tight controls.

The local currency has lost more than 60% of its value since late last year, when Lebanon plunged deep into a financial crisis that has pushed the government to seek help from the IMF.

The heavily indebted state has kept an official dollar peg of 1,507.5 pounds but with foreign reserves dwindling, that rate is now only available for imports of fuel, medicine, and wheat.

One currency dealer said the price of dollars was 4,300 pounds on Monday, while another dealer and a customer said the greenback changed hands at 4,500.

A second customer said he sold dollars at 4,000 pounds.

The rate had jumped to about 5,000 last week, igniting protests in several cities, but then fell to 4,500 at some exchange bureaus on Friday after Aoun's announcement.

In a bid to rein in the parallel market, the central bank launched a unified pricing system this month with the goal of lowering the price to 3,200. But importers have said dollars at the lower rate, which was set at 3,910 on Monday, have been unavailable. (Reporting by Ellen Francis and Tom Perry; Editing by Kirsten Donovan) 

Released: 2020-6-15T14:50:22.000Z"
Lebanon's PM vows to curb devaluation and inflation,2020-05-21,"Lebanese Prime Minister Hasan Diab on Thursday pledged to curb the currency's devaluation and subsidize commodities against inflation on Thursday.

Since September 2019 Lebanon has experienced the worst crisis since the end of the civil war (1975-1990), amplified by strengthening measures related to coronavirus.

The Lebanese pound lost more than half its value against the dollar, leading to inflation predictions of more than 50% in 2020.

In April, the oenegé Human Rights Watch warned that more than half of the population could be unable to meet their basic needs.

""The central bank governor promised me that the Bank of Lebanon (BDL) will intervene in the market from today to protect the Lebanese pound and curb the exchange rate increase,"" Diab announced in a speech, coinciding with the first hundred days of his government after gaining the trust of parliament.

""I also announce that the importation of basic food products will be subsidized (...) and that Lebanese will soon see a fall in the prices of these products,"" he added.

The currency, which since 1997 has a fixed parity against the US currency of 1,507 pounds per dollar on the official market, sank in recent months on the parallel market to fall below the historical threshold of 4,000 pounds per dollar.

ah/bek/mdz/pc/mb"
Iran's Noxious Influence on  Lebanon  and Iraq Crisis,2019-11-02,"Lebanese security forces are intervening to separate protesters protesting in the capital's central district of Beirut during the 13th day of anti-government protests on October 29, 2019. - An unprecedented intersectonal movement has paralyzed Lebanon's major cities since 17 October, as protesters continue to demand complete reform of the political system. (Photo by ANWAR AMRO / AFP) (AFP/)Each day that passes it is easier to observe and recognize the extent to which the Iranian regime has become unpopular in Iraq and Lebanon. This situation has nothing to do with the media coverage of Al-Arabiya TV or the hashtags of an electronic army, as Iranian regime officials claim. Across Iraq, there is no internet or social media. Iraq's government has blocked the Internet to please the Khomeinist regime, while in Tehran they reaffirm that waves of incitement come from cyberspace. However, the uprising is still alive and continues in both Iraq and Lebanon.

Tehran claims Saudi Arabia and Israel have influenced the millions of protesters who have flooded the streets of Iraqi and Lebanese cities in the past two weeks. Iran wants to close its ears to the protesters as it has been largely responsible for causing its poverty through the domination of the Shiite Khomeinist militias in bothcountries, all of which led to the failure of both governments in both Beirut and Baghdad. Reality and current chaos indicate that all accusations against the Iranian regime match reality.

All armed militias in Iraq are affiliated with Iran or its allies. In Lebanon, Hezbollah is stronger than the Lebanese national army, and the Shiite organization is The Occupying Army of Iran in the country, so most governments around the world have been forced to refrain from dealing with Iraq and Lebanon because of the influence of and Iran in both states.

An anti-government protester waves a Lebanese flag during a protest in Beirut, Lebanon, on October 25, 2019. (AP Photo/Hassan Ammar) (Hassan Ammar/)Saudi Arabia supported Lebanon's currency by depositing funds with its central bank, while Iran caused an absolute and total depreciation due to Hezbollah's dominance of state institutions. Lebanese is being subject to harsh financial sanctions for its economy for direct responsibility for Iran and Hezbollah. These are well-known facts and people don't need TV channels or hashtags to know the source of their economic misery and the monster that's closing their rights and freedoms.

In Iraq, the Iranian project was based on the seizure and hijacking of state institutions: Parliament, political parties and the armed forces were seenforced to incorporate Iran's militias into their soil. Thus, the situation worsened and people rose up in Iraq, not as Sunnis against Shiites, nor as a party against another. The uprising was not led by the remnants of Saddam Hussein's Baath Party, nor did the black flag of ISIS criminal extremism be raised. The Iraqi uprising is purely peaceful and patriotic, despite attempts by the Iranian media to describe it as driven by the United States and Israel. Their spectrum is broad and their demands refute their accusations.Peaceful protests have taken place in Baghdad, Basra, Karbala, Nayaf and other parts of Iraq, almost all of these governorates have a Shia majority posing lawsuits that all support. They demand an end to corruption, an improvement in government performance, and the elimination of armed terrorist militias under Iran's influence.

Protesters call for Iraq's independence and respect for its Arab identity. While Iran threatens to demolish everything over the heads of 30 million Iraqis if they stand in their Persian-Islamic expansionist project of governing and controlling the country.

In Lebanon, the movement has similar characteristics. Protests are against government corruption, mafias and sctorysm. Mass protests took place not only in Beirut, but also in large cities such as Tripoli (mostly Sunni) and Nabatieh and Baalbek (mostly Shiites).

Anti-government demonstrators shout slogans and wave flags in downtown Beirut on Sunday, October 20, 2019. (AP Photo/Hussein Mesh) (Hussein Mesh/)Christian protesters have called for the elimination of corrupt Christian ministers, so were Sunnis the first to demand the resignation of Prime Minister Saad Hariri (Sunni), and many Shiite clerics expressed their rejection of Hezbollah ( completely pro-irani shiite). It has become clear that the calamitous economic situation of Lebanese citizens has tested people's patience and caused them to break their silence.

It is known that in terms of arms, the balance of power is not on the side of the protesters either in Lebanon or Iraq, but their resolve and determination, as their massive public support, will bring about significant and minimal changes, their message has already been sent to the community in ternational.

What remains to be known is ""if that message of rejection of expansionist terrorism by the Iranian regime, as well as the corruption of its local politicians and the mafias in the shadows of power was received by the free world."" And in such a case, that temperament will take the international community with the regional leaders of these issues.

MORE ON THIS THEME:

Lebanon: those behind the crisis"
"UPDATE 2- Lebanon 's  FX  reserves fine for now, future  intervention  possible - central bank  head",2017-05-15,"* Finance minister asks cabinet to extend term of c.bank governor

* Lebanon FX reserves stable for now -c.bank

* C.bank could intervene again to guarantee monetary stability

* C.bank has no plans to raise interest rates (Adds finance minister asking for extension of c.bank head's term)

By Lisa Barrington

BEIRUT, May 15 (Reuters) - Lebanon's central bank governor said foreign currency reserves were stable and did not require immediate boosting via intervention, but the bank would take measures to maintain monetary stability if necessary.

Governor Riad Salameh 's term of office expires at the start of August and the Lebanese finance minister has asked cabinet to extend it, a Lebanese government source told Reuters on Monday.

Salameh has steered the central bank for almost 24 years and is widely seen as a guarantor of monetary stability.

Under his leadership the central bank last year carried out what the International Monetary Fund termed ""unconventional"" financial engineering to boost falling foreign currency reserves.

""Today we have a situation that is stable which doesn't warrant any special operations,"" governor Riad Salameh told Reuters on the sidelines of a Euromoney conference in Beirut on Monday.

""Depending on what would be necessary, we have various strategies we can implement, it is not essential that we go back to the same strategy we used in 2016.""

Between June and August, the central bank exchanged some of its Lebanese pound-denominated debt holdings for dollar-denominated Finance Ministry Eurobonds, while private banks transferred in dollars and were given the Eurobonds and newly issued dollar certificates of deposit in exchange.

The central bank also bought pound-denominated bonds held on local banks' books for the full principal amount plus interest up to maturity, instantly boosting their local currency reserves.

By mid-October reserves had risen to $41 billion from around $35 billion before the financial operations. Since then they have declined again and on 30 April stood at $39.3 billion, according to the latest central bank figures.

Salameh said there was currently no need for ""immediate special initiatives.""

GROWTH SHORTFALL

Lebanon's economy has for years been hindered by regional unrest, including the war in neighbouring Syria, and political crisis at home.

The IMF said its GDP increased by 1 percent in 2015 and projected a similar rate for 2016, compared with a potential growth rate of 4 percent.

Public debt stood at 138 percent of GDP in 2015.

Salameh said the appointment of President Michel Aoun after a two-and-a-half-year period without a president, and the formation of a government with Saad al-Hariri as prime minister late last year has created a basis for better growth, Salameh said.

But Lebanon is on the brink of crisis again with its politicians at odds over an election law at the heart of the nation's sectarian system, threatening to leave the country without a parliament for the first time.

Parliament 's term expires on June 20 and without a compromise Lebanon faces what one minister has called the most serious political crisis since the end of its 1975-90 civil war.

Salameh said while the IMF was predicting growth of 2-3 percent for 2017, the impact of the political situation was as yet unclear.

Salameh has been in his post since 1993 and banking figures have called for his term of office to be extended past August to send a message of stability to markets.

He told Reuters the government had not yet decided if his term was to be extended, but a government source said it was likely.

""The finance minister (Ali Hassan Khalil) sent a letter to the council of ministers asking for the extension of the term of the governor of Banque du Liban by six years,"" the source said, speaking on condition of anonymity.

""The atmosphere is headed towards approval of the appointment, but it is not certain it will happen this week.""

Salameh said the central bank does not plan to change rates.

""The central bank has a mandate from the government to keep stability for the Lebanese pound and there is a necessity to keep interest rates stable,"" he told Reuters.

(Reporting by Lisa Barrington, additional reporting by Laila Bassam; Editing by Catherine Evans) 

Released: 2017-5-15T14:27:39.000Z"
INTERVIEW-Lebanon's  central bank  to provide further stimulus,2013-09-16,"BEIRUT, Sept 16 (Reuters) - Lebanon's central bank plans a further boost next year to an economy hit by war in neighbouring Syria and domestic turmoil, but the package will be smaller than this year's $1.46 billion, its governor said on Monday.

Riad Salameh said the stimulus plan had been vital to keeping Lebanon's economy growing at a rate which he estimated at between 2.0 and 2.25 percent this year, and additional support would be needed in 2014.

""But it will not be the same amount because we have to balance economic needs and the liquidity we are putting in the market,"" he said, pointing to the need to contain inflation and keep exchange and interest rates steady.

Lebanon's economy grew 8 percent a year between 2007 and 2010, but growth has been relatively sluggish since the collapse of a unity government and the start of Syria's uprising in 2011.

Tourism and construction, two mainstays of the economy, have both suffered from Syria's conflict and the spread of violence and political instability, which has scared off wealthy Gulf Arab tourists and some investors.

Salameh said about three quarters of this year's stimulus package, which included housing loans and support for renewable energy projects, had already been taken up.

The bank plans to roll over what has not yet been taken up and add more, although no decision would be taken before December, he said.

""If an increase is needed, bearing in mind our targets on inflation and the stability of the country, we will make that increase,"" he said, adding that he expected inflation this year would be under 4.0 percent, in line with the bank's target.

The Central Bank and Finance Ministry also agreed to extend the term of some loans, including those to small and medium-sized businesses, by three years, typically converting a seven-year loan into a 10-year loan, Salameh said.

POLITICAL PARALYSIS

The bank's active intervention has come about partly because of paralysis in Lebanon's government since the resignation six months ago of Prime Minister Najib Mikati.

His designated successor has been unable to assemble a cabinet, leaving Mikati's caretaker administration nominally in charge but unable to take day-to-day decisions.

""We feel that as long as the situation is not clear in Lebanon politically and security-wise, the Central Bank has to be pro-active to help the economy,"" said Salameh, a 20-year veteran as governor.

He said Lebanese banks, which have a strong regional presence, had cut their exposure to Syria from around $5 billion at the outbreak of the crisis in March 2011 to $1 billion, and could ride out unrest in Egypt and economic troubles in Cyprus.

""We do not expect any negative news impacting the banks in the rest of 2013 or in 2014 due to these crises,"" he said.

The Central Bank's foreign currency and gold reserves were enough to guarantee the stability of Lebanon's pound, which is pegged at close to 1,507.5 the dollar, he said, but public debt remains a concern.

State debt is now around 140 percent of GDP, a figure which had fallen in the years of fast growth but which could increase again, particularly after the country recorded a primary budget deficit last year for the first time since 2006, when Lebanese Hezbollah guerrillas fought a 34-day war with Israel.

""It is essential for Lebanon to have an acting government that can put in place the necessary measures so that this debt to GDP (ratio) will not increase further,"" he said. (Editing by Ruth Pitchford)

LEBANON-ECONOMY/ (PIX, TV) | ABN | D | E | RBN | GBN | GFN | M"
"MIDEAST DEBT-Loyal banks, diaspora help Lebanon ride out region's turmoil",2013-08-01,"* Capital inflows to Lebanon falling sharply

* But remittances staying strong

* This allows banks to continue buying government debt

* Less pressure on currency peg than in past crises

* Sovereign bonds have outperformed this year

By Andrew Torchia and Mirna Sleiman

DUBAI, Aug 1 (Reuters) - Lebanon's politics are descending into sectarian conflict and its economy is starved of investment. But its sovereign bonds are steady, foreign reserves are holding up and there is no sign of serious pressure on its currency.

That striking contrast suggests the country may avoid the economic crisis which has engulfed other nations during the Arab Spring uprisings, even though it is suffering increasing damage from the civil war in neighbouring Syria.

An overseas diaspora of around 14 million people, more than three times the size of Lebanon's domestic population of about 4 million, continues to send billions of dollars back to the country each year.

This is swelling bank deposits and allowing banks to keep buying government debt, which means the government can boost spending to try to ease social tensions - and maintain a minimum level of political stability needed to attract more remittances.

It is a three-pronged arrangement based on mutual need that has sustained Lebanon during repeated political crises since the end of its civil war in 1990, and which is so far working well in the current instability, bankers and economists say.

""The situation is not ideal but people aren't panicking,"" said Nassib Ghobril, chief economist at the Byblos Bank Group in Beirut. ""The country has coped with similar situations before.""

REDUCED INFLOWS

By triggering a flare-up of sectarian tensions in Lebanon, the Syrian civil war is taking a heavy toll on the Lebanese economy.

Prime Minister-designate Tammam Salam has been unable to form a cabinet since March, when his predecessor quit, and     parliamentary elections have been delayed until November 2014. Rival militias and the army have been battling in the coastal cities of Sidon and Tripoli.

This has slashed inflows of portfolio and direct investment; tourism revenues have also tumbled as wealthy Gulf states and other countries have issued travel warnings to their citizens because of poor security.

The result has been a sharp reduction of capital flows into Lebanon. Net private capital inflows shrank to $2.4 billion last year from a peak of $12 billion in 2009, and are expected to drop further to just $1.6 billion in 2013, according to the Institute of International Finance, a global banking body.

For an economy with a gross domestic product of about $45 billion, that is a big blow. From levels around 8 percent in 2007-2010, economic growth slipped to just 1.3 percent last year, and it is expected to be close to that level this year.

But inflows of remittances from Lebanese abroad have been stable. The World Bank estimates they totalled $7.5 billion last year, flat from 2011, and bankers in Beirut say the latest political turmoil has not affected them significantly.

This has allowed deposits at Lebanese commercial banks to continue growing; combined deposits of private sector residents and non-residents at commercial banks climbed to 182.6 trillion Lebanese pounds ($121 billion) in May from 168.3 trillion pounds a year earlier, according to central bank data.

Philippe El Hajj, deputy general manager at Fransabank in Beirut, estimated banking system deposits grew 3 percent in the first half of 2013 and predicted a 5-6 percent increase in 2013.

""This is mainly driven by Lebanese expats and by the accumulated interest on deposits. I don't see why remittances to Lebanon should decrease - those helping their families at home won't stop and will find many ways to continue supporting them.""

Rising deposits have in turn permitted Lebanese banks to continue buying their government's debt, and to buy into any selling by foreign investors, keeping prices of the country's bonds remarkably stable.

Bid at 6.05 percent, the yield on Lebanon's $650 million bond maturing in 2019 is up just 40 basis points since mid-May, outperforming many emerging market bonds, where yields have jumped 100 bps or more because of concern about rising U.S. Treasury yields.

One potential threat to Lebanese remittances is a political backlash against Shi'ism in the Sunni Gulf; Gulf Arab states are punishing Lebanon's Hezbollah for its intervention in Syria by expelling Lebanese expatriates linked to the group, and are keen to block any illicit fund flows to Lebanon.

But it is not clear that the number of people affected will be nearly large enough to cut the global amount of remittances. Meanwhile, other events abroad have helped Lebanon; the debt crisis in Cyprus caused Lebanese to bring back hundreds of millions of dollars from that country this year, bankers said.

CRISES

Lebanon's dependence on remittances is not without costs. For example, its banks keep their interest rates about 3 percentage points higher than U.S. rates in order to attract deposits, even though the Lebanese pound is pegged to the U.S. dollar. This slows lending and economic growth.

But as long as the currency peg holds, sustaining the diaspora's confidence that their remittances will not lose value, the system is a robust one.

So far, in contrast to some other crises in the past two decades, the current political instability has not appeared to threaten a run on the pound. The central bank's combined holdings of foreign currencies and gold edged up to $44.4 billion in May from $44.0 billion a year earlier.

Ghobril said the pound came under pressure three times in recent years. The assassination of former prime minister Rafik al-Hariri in 2005 caused an outflow of bank deposits worth 5 percent of GDP over several weeks; Israel's attack on Hezbollah in 2006 prompted a 3 percent outflow; and the 2011 fall of Saad al-Hariri's government led to an outflow of under 1 percent.

Since the peg survived those incidents, a bigger political shock would be needed to even raise the possibility of it being dislodged in future, he said.

Another vulnerability is the risk that state debt, now about 140 percent of GDP, could expand beyond the capacity of the banks to fund it. The current disarray in the government could worsen the problem by blocking efforts to control spending; the International Monetary Fund expects the budget deficit to rise to 9.7 percent of GDP this year from 9.0 percent in 2012.

But with commercial bank deposits at roughly twice the level of government debt, there appears to be little risk of banks losing their capacity to buy bonds for the foreseeable future - as long as deposits do not fall sharply.

""The pound's peg to the dollar survived throughout the past 30 years despite a 15-year civil war, conflicts with Syria and multiple Israeli wars,"" said a source close to the central bank, declining to be named because of the sensitivity of the subject.

""Why would that change now? It's quite impossible.""

LEBANON-CRISIS/ (MIDEAST DEBT) | C | D | E | M | O | U | MTL | GRO | SOF | OIL | GBN | GFN | ABX | BNX | FUN | DNP"
Syrian crackdown on protest seen scaring investors,2011-03-23,"* Foreign companies reluctant to commit capital-businessman

* Ample foreign currency reserves at central bank

By Khaled Yacoub Oweis

DAMASCUS, March 23 (Reuters) - The Syrian pound has fallen 4 percent and Damascus stock prices have tumbled since protests against Baathist rule erupted last week, threatening efforts to attract foreign investment to improve Syria's infrastructure.

The government had hoped to use the bourse to raise capital as it opens sectors such as electricity generation and transport to foreign investors, ending decades of state control.

But a violent crackdown on nearly a week of protests in Deraa and other southern towns, in which security forces have killed 10 people, has been a severe setback for the drive to attract badly needed foreign investment.

On Wednesday alone, security forces killed six people in an attack on a mosque in Deraa, site of unprecedented protests against President Bashar al-Assad's Baathist rule and demands for an end to corruption.

A Syrian businessman who has met Western companies to discuss forming joint ventures to bid for government projects said the projects could well be viable, but the rising political risk had prevented the talks from moving forward.

""There is reluctance to put big money into Syria now,"" he said, referring to a billion dollar metro line project and the planned expansion of a highway to Iraq.

Foreign direct investment fell to $1.4 billion in 2009 from $2.4 billion in 2008, according to the World Bank --- a fraction of the $85 billion the government says it needs to overhaul the transport system, power, health and communication network.

""Officials are talking about technicalities of projects as if political discontent does not exist,"" another businessman said. ""They have not figured out that an open political system and rule of law are powerful investment magnets.""

On the 20-company Damascus Stock Exchange, which opened two years ago, every stock that has traded since the protests erupted in Deraa on Friday fell by the 3 percent limit. The main market index has fallen 14 percent from its Jan. 26 2011 peak.

Even before the latest protests, foreigners were deterred from buying Syrian shares by extensive security checks, and by the U.S. sanctions imposed on Syria in 2004 for its support for militant groups, a bourse official said.

""The risk of holding the Syrian pound has gone up. There is demand for foreign currency and people are reluctant to part with their dollars,"" said a currency dealer in Damascus.

The Syrian pound, which is not fully convertible -- a legacy of Soviet-style economic policies -- was trading at 48.75 to the dollar at exchange dealers on Wednesday, though the official rate remained stable at 47 to the dollar.

Syria's economy underwent heavy nationalisation after the Baath Party took power in 1963. Assad, who succeeded his late father Hafez al-Assad in 2000, kept the authoritarian system intact, including the imposition of emergency laws, but lifted some bans on trading and private enterprise.

Privately held banks were allowed to operate in Syria eight years ago, and there are now 14 -- all subsidiaries of Arab banks -- but the sector is still far smaller than that of laissez faire Lebanon next door.

The central bank last intervened heavily in the market in 2005, when the assassination of Lebanese statesman Rafik al-Hariri in Beirut raised international pressure on Syria and pushed the pound down to 59 to the dollar from 46, before the central bank pumped foreign currency into the market.

There was no immediate comment from the monetary authorities on the falling exchange rate, but the central bank has repeatedly said that Syria's foreign currency position is strong, with billions of dollars in liquid reserves.

(Editing by Tim Pearce)

SYRIA-PROTESTS/BUSINESS"
FACTBOX-Key political risks to watch in Lebanon,2010-11-01,"BEIRUT, Nov 1 (Reuters) - Expectations that Hezbollah members may be indicted over the 2005 killing of former prime minister Rafik al-Hariri have raised fears of a political confrontation that could plunge Lebanon into turmoil.

Renewed military conflict with Israel -- which fought a month-long war with Hezbollah in 2006 -- is also a possibility after Israel accused Syria earlier this year of sending long-range Scud missiles to Hezbollah. The political tensions overshadow strong economic growth and an inflow of funds to Lebanon in the last three years which bucked regional and global trends during the financial crisis.

Following are key Lebanon political risks to watch:

THE HARIRI TRIBUNAL

Hezbollah leader Sayyed Hassan Nasrallah has denounced the U.N.-backed tribunal which is investigating Hariri's killing as an ""Israeli project"" and said he will reject any accusations against Hezbollah members.

Shi'ite Hezbollah, which denies any role in the killing, has called on Sunni Prime Minister Saad al-Hariri, Rafik's son, to repudiate the tribunal before it issues indictments.

The timetable for the indictments has been slipping but diplomats now expect them early next year.

Saad al-Hariri and members of his ""March 14"" coalition have insisted he will never disavow a process on which he has staked his political credibility and the main platform on which he won two successive elections.

If the two sides fail to resolve their differences then their fragile unity government will come under pressure. Hezbollah may threaten to resign from the cabinet as it did in 2006, marking the start of months of political turmoil.

Politicians have said the country also risks sinking into sectarian conflict similar to the crisis in May, 2008, when Hezbollah supporters briefly took over mainly Sunni Muslim west Beirut and more than 80 people were killed in street clashes.

If the Western- and Saudi-backed Hariri does repudiate the tribunal, he risks losing his credibility among his Sunni power base and may be forced to resign.

WHAT TO LOOK OUT FOR:

- Regional efforts to ease the tension. The leaders of Syria, which backs Hezbollah, and Saudi Arabia made a symbolic joint visit to Beirut in July to try to calm the situation.

Any upset in the Syrian-Saudi relationship would have potentially damaging repercussions in Lebanon.

- Pressure on the Lebanese pound. The central bank intervened this month for the first time in two years to support the pound after political tensions pushed some traders to sell the local currency.

Central Bank governor Riad Salameh said last week he is committed to maintaining the pound's trading range of 1,501 to 1,514 pounds to the dollar, and that he would intervene again if the pound fell to 1,514.

ANOTHER REGIONAL WAR?

Lebanon could be dragged into conflict with Israel, either through direct confrontation or as part of a wider war. Possible triggers include:

- A border incident which escalates into war. Israel launched its inconclusive 34-day war with Hezbollah in 2006 after a cross-border raid by Hezbollah to capture Israeli soldiers.

In August, a senior Israeli officer, two Lebanese soldiers and a Lebanese journalist were killed in a cross-border skirmish which broke out after the Israeli army used a crane to trim the branches of a tree near the border.

- Israel strikes against Hezbollah targets in Lebanon or Syria. As well as accusing Syria of providing Scud missiles to Hezbollah, Israel has also said Hezbollah is stockpiling weapons in southern Lebanon, in violation of a U.N. Security Council Resolution which ended the 2006 conflict.

- Hezbollah, which is backed by Iran, could support an Iranian military response if Israel or the United States strike Iran's nuclear programme.

""I have come to say that the Iranian nation ...will stand with you ... until the end,"" Iran's President Mahmoud Ahmadinejad told a rally in south Lebanon last month.

SUSTAINABILITY OF ECONOMIC GROWTH

Lebanon bounced back quickly from the 2006 Israeli-Hezbollah war and has enjoyed an average 8 percent growth for the last three years, driven by strong consumer confidence in what is mostly a service-driven economy.

Tourism numbers have soared, property prices boomed and banks recorded double-digit profit margins.

But Lebanon's run-down road, water, electricity and communications networks discourage many investors. The economy minister says at least $20 billion is needed to upgrade infrastructure or growth will ""dwindle and vanish"".

Lebanese bankers also say that while the economy can withstand the current domestic political deadlock, full-blown conflict would inevitably wreak great damage.

WHAT TO LOOK OUT FOR:

- Will the investment take place? The 2010 and 2011 budgets, earmarking $4 billion of infrastructure investment, have yet to be passed by parliament due to political bickering.

Economists say failure to agree economic reform will curb long term growth prospects.

- Economists are also worried that increased fiscal spending is adding to a massive public debt, estimated at around $51 billion, making Lebanon one of the most indebted countries in the world. The 2010 budget envisages $13 billion for spending.

- If sectarian troubles escalate, the central bank has significant reserves to maintain the stability of the Lebanese pound. Governor Riad Salameh said last week the central bank has $31 billion in liquid foreign assets and nearly $12 billion in gold reserves.

LEBANON-RISKS/ (FACTBOX)|LANGEN|AFA|CSA|LBY|RWSA|RWS|REULB|GNS|RNA|SXNA"
"Reuters Summit-Lebanon inflows ease, lending strong -Audi CFO",2010-10-18,"(For other news from the Reuters Middle East Investment Summit, click on http://www.reuters.com/summit/MiddleEastInvestment10?pid=500(""http://www.reuters.com/summit/MiddleEastInvestment10?pid=500""))

* Inflows down 8 pct but bank loans to private sector jump

* Says Lebanon could afford 40 pct fall in capital inflows

* Only ""minority"" selling Lebanese pound

By Dominic Evans BEIRUT, Oct 18 (Reuters) - Capital inflows into Lebanon fell around 8 percent in the first eight months of the year to around $11.9 billion, a senior banker said on Monday, but current levels remain sufficient to support strong domestic growth. Freddie Baz, chief financial officer for Bank Audi told the Reuters Middle East Investment Summit that Lebanon had seen cumulative inflows of $60 billion since the start of 2007.

Some of that money came from Lebanese residents and expatriates moving money back to Lebanon's banks, seen as relatively safe havens during the global economic downturn.

The inflows helped support bank loans for Lebanon's private sector and sustain recent GDP growth of around 8 percent.

""We indeed witnessed in the first eight months of 2010 an 8 percent decrease in inflows,"" Baz said, citing Bank Audi figures extrapolated from official balance of payment and trade balance figures.

But he said Lebanon, which last year saw $20.6 billion of inflows, could afford a 40 percent drop in that figure without affecting liquidity or the ability of domestic banks to supply the required financing for the domestic economy to ensure a 5 to 6 percent real growth in GDP.

Loans to the private sector actually increased in the first eight months of 2010 by $4.9 billion, more than double the increase in the corresponding period of last year, he said.

Baz said remittances from Lebanese citizens abroad accounted for a little over 40 percent of the inflows, with foreign direct investment (FDI) another 40 percent and ""unilateral transfers"" from Lebanon's huge overseas diaspora accounting for the rest. <^^^^^^^^^^^^^^^^^^^^^^^^^^^^^^^^^^^^^^^^^^^^^^^^^^^^^^^^ For other news on Reuters Summits, please double click on [RSUM] ^^^^^^^^^^^^^^^^^^^^^^^^^^^^^^^^^^^^^^^^^^^^^^^^^^^^^^^^>

POLITICAL TENSIONS

""The most stable parts (of the inflows) are remittances and the unilateral transfers,"" he said. ""The buffer which increases or decreases according to the political environment is FDI.""

Tensions have been rising in Lebanon since media reports that indictments are expected against members of the militant Shi'ite group Hezbollah for alleged involvement in the 2005 assassination of former prime minister Rafik al-Hariri.

Bankers say Lebanon's central bank intervened two weeks ago for the first time in two years to buy Lebanese pounds, after fears that the political row could escalate pushed the dollar to the outer limits of its exchange rate against the pound.

Baz said only a ""very little minority"" had been selling the pound, and the country's economy was sound -- pointing to a reduction in foreign debt, a build-up of foreign reserves and cumulative growth of 25 percent over the last three years.

""There has been some buying of hard currency ... but it doesn't represent a trend in the system,"" he said.

""The Lebanese pound is still the currency of saving and there are a lot of people who have shifted their holdings into Lebanese pounds, who are quite happy and comfortable.""

He said the Central Bank should consider easing the peg on the Lebanese pound, which is set at around 1,507.5 pounds to the dollar and trades at between 1,501 and 1,514 pounds.

He said a 5 percent ""corridor"" would help the Lebanese get used to ""a certain volatility in the exchange rate"", and prevent an exaggerated response to a minor fluctuation. (Editing by Greg Mahlich)

MIDEAST-SUMMIT/LEBANON-FUNDS|LANGEN|ABN|E|RBN|M|D|MD|GFN"
UPDATE 2-Saudi gives battered Lebanon economy $1.5 bln cushion  ,2006-07-25,"(Adds quotes, details throughout)  

RIYADH, July 25 (Reuters) - Saudi Arabia's King Abdullah has ordered the transfer of $1 billion to Lebanon's central bank to help it support an economy battered by an Israeli military offensive.  

King Abdullah ordered a separate $500 million donation earlier on Tuesday to rebuild Lebanon.  

State television said on Tuesday the money would be ""deposited"" with the Lebanese central bank, without specifying whether it would be a loan or a grant. Saudi central bank officials could not be reached for comment.  

Pressure on the Lebanese pound has risen during two weeks of Israeli air strikes that began after Lebanon's Hizbollah guerrillas captured two Israeli soldiers in a cross-border attack.  

Israel's offensive has so far claimed almost 400 lives in Lebanon and destroyed infrastructure in the small Arab state.  

""This will relieve pressure on the Lebanese currency and the credit worthiness of the country will be boosted,"" said Haissam Arabi of investment bank Shuaa Capital in Dubai.  

""There is more than $2 billion worth of infrastructure damage in Lebanon and this shows that Lebanon has its allies in Saudi,"" he added.  

Saudi Arabia, the world's largest oil exporter, has been a major political and economic sponsor of Lebanon since the 1975-1990 civil war was ended by an agreement made in the Saudi city of Taif.  

A Western diplomat in Riyadh said the move was a sign of a tussle for influence in Lebanon between Iran, which backs Hizbollah, and Arab states led by Saudi Arabia.  

""They are saying 'we all have to get in there before the Iranians do'. It's going to be a battle between Iranians propping up Hizbollah and Gulf Arabs propping up the Lebanese government,"" he said.  

PROLONGED SIEGE  

Saudi Arabia has played a key role in supporting the Lebanese pound since 1990, and billionaire Saudi Prince Alwaleed bin Talal is one of Lebanon's major foreign investors.  

Lebanon's late Prime Minister Rafik Hariri, who led reconstruction efforts, was also a Saudi national.  

With fears mounting of a prolonged siege after Israel blockaded Lebanon from sea, air and land, Lebanese have been hoarding dollars, creating a shortage of banknotes.  

Lebanon is a highly dollarised economy, with most shops as ready to accept the U.S. currency as they are the Lebanese pound. People, hurt by a financial collapse during the civil war, are accustomed to holding hard currency.  

Arabi said the Lebanese central bank had about $14 billion of reserves and was well positioned to defend the pound. ""There is some pressure on the pound and demand for dollars,"" he said. ""The central bank will have to intervene.""  

Lebanon depends heavily on foreign direct investment, which amounted to about 10 percent of gross domestic product in 2005, to finance a current account deficit that hit nearly 13 percent of GDP last year.  

Gulf Arab investors have poured money into Lebanese real estate in recent years, while small but growing flows of petrodollars helped push Lebanon's stock market up about 10 percent this year before the fighting erupted.  

A newspaper in the United Arab Emirate reported on Tuesday that UAE companies had more than $2.7 billion invested in Lebanon.  

(Additional reporting by Will Rasmussen and Andrew Hammond)  

MIDEAST-SAUDI-LEBANON (UPDATE 2)|LANGEN|ABN|C|D|E|M|O|U|MTL|GRO|SOF|OIL|G|RBN|MD|GFN|AFA|CSA|LBY|RWSA|RWS|REULB|GNS|BNX|RNP|DNP|PGE"
INTERVIEW-Political crisis hits Lebanon's economy-c.bank  ,2005-06-16,"BEIRUT, June 16 (Reuters) - Lebanon has slashed its 2005 growth forecast to two percent after the killing of former prime minister Rafik al-Hariri shook the country's financial markets, central bank Governor Riad Salameh said on Thursday.  

Lebanon had predicted growth of six percent for this year before the Feb. 14 killing threw the country into its worst political crisis since the 1975-1990 civil war, compared to five percent in 2004.  

""The events in the two months after Hariri's assassination affected growth. Before, we had expected more than six percent,"" he told Reuters on the sidelines of the Arab Economic Forum in Beirut.  

""The two percent figure is for the whole year, taking into account the negative growth in these two months. But we see that there is optimism and there is interest in Lebanon including more from the West than before.""  

Despite that optimism, Salameh struck a cautious note about Lebanon's longer term prospects for economic recovery, urging the government to forge ahead with financial reforms to curtail a growing public debt.  

Lebanon's public debt stands at around $36 billion, of which the central bank holds $11 billion, he said.  

That debt has been accumulated since the war, mostly paying salaries in a public sector filled with political appointees. Debt servicing now consumes the bulk of government revenues.  

Prime minister for much of the postwar period, Hariri had long promised reforms to international lenders, but progress was paralysed by power struggles in Lebanon's sectarian political system.  

Meanwhile, the debt continues to grow. Lebanon issued a $500 million eurobond on Wednesday to finance the state.  

""The central bank policy aims to stabilise prices, especially exchange rates. We will continue with this policy because it has allowed us to survive crises and overcome inflationary pressures,"" he said, forecasting four percent inflation for the year, similar to 2004 levels.  

The central bank intervened heavily to maintain Lebanon's currency at 1,507.5 to the pound after Hariri's death unnerved investors, prompting them to switch to the greenback.  

The dollarisation rate of deposits has since fallen from 80 percent to 76 percent, said the former Merrill Lynch executive credited with stabilising a currency virtually in freefall when he took the helm of the central bank in 1993.  

Salameh's other main focus is the health of the banking sector, which holds most of the government's debt and whose deposits, estimated at around $58 billion at the end of last year, far exceed the country's entire gross domestic product.  

Private bank deposits have fallen three percent so far this year, but there had been no significant capital flight despite Hariri's killing, he said.  

Lebanon's business community had feared a financial meltdown after the death of Hariri, whose international connections had helped Lebanon attract financial assistance.  

""Lebanon has gone through a tough period which had its impact on economic growth and financial confidence,"" Salameh said. ""We are now witnessing a return to economic and investment activity.""  

ECONOMY-LEBANON (INTERVIEW, PICTURE)|LANGEN|ABN|M|E|RBN|D|MD|BNX"
"UPDATE 1-Lebanese pound ends unchanged, cbank  intervenes .  ",2005-03-01,"BEIRUT, March 1 (Reuters) - Lebanon's pound came under renewed pressure on Tuesday after the surprise resignation of the government under popular pressure unsettled investors already jittery over the killing of an ex-prime minister.  

Traders said the central bank was intervening heavily to maintain the pound at the weakest end of its intervention band of 1,501-1,514 against the dollar. But it closed unchanged.  

""There is a lot of demand against the dollar today. People are worried that the government's resignation has left a political vacuum,"" said one Lebanese trader.  

""They have to begin consultations for a new government that is neutral and acceptable quickly. If a solution is on the way it will be all right. If not, it is a problem.""  

Lebanese officials began looking for a new premier after the Syrian-backed government resigned on Monday following two weeks of protests.  

But it was not clear how long it would take to form a new cabinet and whether the lineup would calm a market already shaken by the killing of Rafik al-Hariri, whom Lebanon's business community considered the country's best hope for economic revival.  

Traders were reluctant to say how much the central bank had spent propping up the pound. It spent over $800 million in total in the first three sessions after Hariri's death, they said, but pressure quickly eased.  

One trader estimated the central bank had spent $400-$500 million, about the same as the first day after Hariri's death, but others said the pressure was lower. Dollar demand also tends to rise at month-end in Lebanon.  

""There was demand but it is not all about the government,"" said a trader. ""There is the end of month factor. Many accounts are blocked until the end of the month, so it is usually busier.""  

The central bank promised after Hariri's assassination to defend the pound and keep interest rates unchanged.  

Traders say the central bank has enough gross foreign exchange reserves - $11.4 billion in mid-February - to keep the pound stable for the time being.  

Lebanon's commercial banks, which hold much of the country's public debt equivalent to $33 billion, are also highly liquid, their assets far exceeding gross domestic product.  

But some fear the central bank may have to raise interest rates should pressure be prolonged.  

""The cabinet resignation may be a good thing but the market does not like uncertainty. The central bank has enough reserves but they are not infinite,"" said another trader at a large Lebanese bank.  

""Either the risk has to fall or the interest rate has to go up. Things need to happen quickly with this new government."""
Lebanon  pound steady below  intervention  band.  ,2004-04-16,"BEIRUT, April 16 (Reuters) - Lebanon's pound hovered just below the bottom end of the central bank intervention band in the week ending Friday as banks who bought special CDs on a forward deal kept dollar demand up, traders said.  

The pound was trading at 1,514-1,516 pounds to the dollar in interbank trade, just outside the 1,501-1,514 band, as banks bought dollars to pay for special high-yielding certificates of deposit that require banks to sell dollars to the central bank.  

Traders said the central bank had offered dollars but mainly to satisfy commercial demand, significant in a country that relies heavily on imports.  

""With reserves this high and the government committed to defending the pound, there is no pressure,"" said one dealer. ""These are just the technical effects of the CDs."" The limited offer officially ended months ago but traders said some banks had reached special arrangements to buy up the CDs, which offered yields of 12 percent compared to nine percent usually, on a forward deal.  

The CDs have helped boost foreign currency reserves that had slipped over the past two years as the central bank defended the pound, which came under pressure as fears mounted over the government's ability to service its $30 billion debt.  

The pound had lifted after a 2002 debt aid summit to ease Lebanon's servicing burden briefly raised market confidence.  

But the currency has since slipped as promised reforms, including the long-awaited privatisation of the mobile phone sector, have been delayed by political deadlock.  

Markets were closed Monday and Tuesday for Easter."
Lebanon pound hovers below band on regional upset.  ,2004-03-26,"BEIRUT, March 26 (Reuters) - Lebanon's pound hovered just below the central bank intervention band in interbank trade this week as concern over Middle East tensions crept into the market, dealers said on Friday.  

They said the pound was changing hands at 1,514-1,516 to the dollar in interbank trade, just outside the weakest end of the 1,501-1,514 band. Officially the band was trading at 1,514.  

""There is a bit of tense situation, political and regional,"" said one dealer. ""But there is still no pressure on the pound. There's just not much offer on the dollar.""  

Dealers said the central bank was intervening to the tune of $7-10 million a day, but there was no rush.  

Regional tensions rose this week after Israel killed Sheikh Ahmed Yassin, founder of the militant Palestinian Hamas group, drawing widespread criticism and vows of revenge.  

Lebanese Hizbollah guerrillas retaliated with attacks on Israeli positions in a disputed border area. An Israeli air strike also killed two Palestinians trying to fire rockets into Israel from south Lebanon.  

Dealers said the effects of a special high-yielding CD offer, which required banks to sell dollars to the central bank, were also lingering in the market.  

The central bank stopped the offer, which had boosted its foreign currency reserves, last year but some banks had bought the certificates of deposit on a forward deal.  

The central bank stopped the CD offer in October and resumed treasury bill auctions, which it had suspended for nine months after receiving about $4 billion in soft loans from international lenders in 2002 to help ease its debt service.  

The pound strengthened after that debt aid summit but has since slipped as the government has failed to make good on long-delayed privatisations pledged to lenders at the time."
Lebanon's pound steady outside band on CD option.  ,2003-11-21,"BEIRUT, Nov 21 (Reuters) - Lebanon's pound was steady outside the central bank intervention band this week as banks who bought special CDs on a forward deal boosted dollar demand, traders said on Friday.  

The pound hovered around 1,516-1,517 to dollar, just outside the 1,501-1,514 band, as banks bought dollars to pay for the special high-yielding certificates of deposit that require banks to sell dollars to the central bank.  

The limited offer officially ended last month but traders said some banks had reached arrangements with the central bank to buy up the CDs, which offered yields of over 12 percent compared to nine usually, on a forward deal.  

""The banks will probably be buying dollars to give to the central bank for the next three or four months for these CDs,"" one trader said. ""This is an artificial level for the pound. It is not because people are giving it up.""  

The CDs helped boost foreign currency reserves that had slipped over the past two years as the central bank defended the pound, which came under pressure as fears mounted over the government's ability to service its $30 billion debt.  

Lebanon stopped issuing the special CDs last month and resumed treasury bill auctions, which it had suspended for nine months after receiving about $4 billion soft loans from international lenders to help ease its debt service last year.  

The pound strengthened after that debt aid summit but has since slipped as the government has failed to push ahead with long-delayed privatisations pledged to lenders at the time. ($1=1,507.5 Lebanese pounds)."
Lebanese pound unshaken by Hizbollah killing. ,2003-08-08," BEIRUT, Aug 8 (Reuters) - Lebanon's pound trod water well inside the central bank intervention band this week, apparently unshaken by the killing of a Hizbollah guerrilla group member, traders said on Friday. They said the pound was trading at about 1,512-1,513 to the dollar, off the weakest end of the 1,501-1,514 intervention band. The interbank rate was steady at about four percent. ""The mood is in favour of the pound because the interest rate spread is attractive,"" said one trader. ""The bombing did not affect the currency at all. This shows the pound is not being badly hit by politics."" 

 A member of Lebanon's Hizbollah group was killed on Saturday by a bomb planted in his car. Hizbollah blamed Israel and vowed revenge. 

 The Syrian and Iranian-backed group attacked Israeli troops in a disputed border area on Friday, drawing Israel air raids on Lebanese border villages. The Lebanese pound has been affected by domestic political spats and regional upheaval in the past, but traders said the market had largely discounted such risks. 

 Lebanon's pound had come under severe pressure over the past two years as fears mounted over the government's ability to service the roughly $30 billion public debt, forcing the central bank to sell dollars to defend the currency. 

 The pound rose after a debt aid summit late last year, which drew $4 billion in cheap loans to help Lebanon cope with the debt burden. The currency has been further boosted in recent weeks by an influx of tourists from the oil-rich Gulf."
Lebanon to probe laundering charges at troubled bank. ,2003-07-11," BEIRUT, July 11 (Reuters) - A Lebanese prosecutor plans to probe possible money laundering and check fraud by officials at Bank al-Madina, court sources said on Friday, in the latest step to secure deposits at the troubled bank. 

 Rising speculation that the small Beirut bank could not meet its commitments rattled local markets in February, forcing the central bank to step in to reassure depositors. 

 Recent Lebanese media reports said the central bank had frozen accounts of some bank officials to ensure it meets outstanding obligations of more than $200 million to depositors. 

 The prosecutor's probe is expected to bolster government efforts to protect the bank's depositors. 

 Bank sector sources said on Friday the central bank had appointed a temporary manager for Bank al-Madina and an affiliated institution, United Credit, after its existing management failed to make good on obligations to depositors. 

 Representatives of the temporary administrator, contacted at the bank's offices, declined to elaborate on the status of its assets, obligations or accounts. 

 No immediate comment was available from the central bank. 

 The latest developments involving Bank al-Madina did not appear to be unsettling the local currency markets, although they raised the prospect of instability in the country's financial sector - long a haven for Arab investors and an affluent Lebanese diaspora due to its tradition of banking secrecy. 

Lebanon's central bank has periodically intervened in the the administration of troubled banks, injected capital into them or provided soft loans to encourage their acquisition by stronger banks in order to keep the sector stable."
Lebanese pound firms as Paris lender meet nears. ,2002-11-15," BEIRUT, Nov 15 (Reuters) - The Lebanese pound strengthened against the dollar in the week ending Friday in the run-up to a lenders' conference that Lebanon hopes will garner up to $5 billion in low-cost loans, traders said. 

 They said the pound was trading around 1,513 pounds to the dollar, near the weaker end of the central bank's 1,501-1,514 intervention band. 

Lebanon will seek the long-term loans at a Paris meeting scheduled for November 23 that it hopes will help reduce the interest burden on its $29 billion public debt, expected to hit 173 percent of gross domestic product by year-end. 

 This second Paris meeting will follow a previous session that generated pledges of about 500 million euros of assistance. 

 ""Everybody is waiting. They are thinking it is too good to be true,"" one dealer said. ""After Paris 2 happens, the (dollar) offers will be bigger. I think we will go toward the lower end in the band, but it will take time."" 

 Fears about the country's ability to service the debt have put pressure on the currency over the last two years, often forcing the central bank to defend it. 

 But traders said the bank was buying hard currency all week, shoring up its reserves as a rise in confidence boosted the Lebanese currency and reduced demand for dollars. The interbank rate was steady at eight percent. 

 Lebanon also hopes an austere 2003 draft budget, as well as revenue from value-added tax, broader income tax and the sale of mobile phone licences and a stake in the electricity monopoly will help ease the debt burden. 

 ($1=1,507.5 Lebanese pounds)."
UPDATE 1-Byblos says agrees to buy ABN in Lebanon. ,2002-11-09," BEIRUT, Nov 9 (Reuters) - Lebanon's Byblos Bank has agreed to buy out the local operations of Dutch bank ABN AMRO in a $36 million cash deal, Byblos chairman Francois Bassil said on Saturday. 

 ""There is some fine tuning on the contract, but we agreed on everything,"" Bassil told Reuters. ""We are on the eve of signing."" 

 He said Byblos would take over banking operations for ABN AMRO in Lebanon pending approval of the deal by the central bank, adding that ABN AMRO had six branches in Lebanon with around $600 million in deposits and $300 million in loans. 

 Bassil said the deal after several months of negotiations would expand Byblos' product base and portfolio in a market where ""good assets are not easy to get"". 

 ""ABN AMRO is very well established in Lebanon with high quality personnel and risk portfolio,"" he said. 

 Faced with a sluggish economy, Lebanon's monetary authorities have been intervening to force Lebanon's more than 60 banks to merge or raise their capital adequacy levels. 

 Bassil said that Byblos, with about $400 million in total equity, could easily finance the deal. But he added that Byblos was also planning to increase its capital by up to $150 million through the issue of preferred shares. 

 ""We are pre-launching the issuing of $50 to $150 million in preferred shares,"" he said, adding the issue was also subject to central bank approval. 

 He said he expected the shares to be issued in December or early January. 

 SEEKING MORE ACQUISITIONS 

 Asked if Byblos was still looking for more acquisitions, Bassil said: ""Yes, we are looking for others."" 

 He said the bank was currently in talks with a medium-sized bank in the region but ""outside of Lebanon"". 

 ""We are in negotiations,"" he said, adding that he expected talks to take several more months to complete. 

 He added that Byblos had not yet decided whether it was interested in actually acquiring the other bank or doing a joint venture. He declined to give further details. 

 ""We haven't fixed the way to do it. We are still in discussions,"" he said. ""We are not in a hurry because we have to digest what we have now. But this is digestible easily, this one."" 

 In addition to ABN AMRO, Byblos acquired investment bank ING Barings' Lebanon assets last year for an undisclosed amount. It also bought Wedge Bank in a deal market sources estimated was worth $23 million. 

 Byblos posted close to flat net income last month of 48.7 billion Lebanese pounds ($32.3 million) for the first nine months of 2002. 

 The profitability of Lebanese banks, which finance most of the country's $29 billion public debt, has been slowing as the economy has stagnated. 

 Many banks are adopting cautious lending and currency positions amid concern over state finances, to which they have significant exposure through treasury bill purchases. ($1=1,507.5 Lebanese pounds)."
Lebanese pound steady ahead of Francophone meet. ,2002-10-11," BEIRUT, Oct 11 (Reuters) - The Lebanese pound traded steady in the week ending Friday ahead of a Francophone conference dealers say they hope will pave the way for a donor meeting that could bring Lebanon financial support. 

 They said they hoped the conference would give Lebanese Prime Minister Rafik al-Hariri and French President Jacques Chirac the opportunity to work out the details of the Paris meeting, expected later this year. 

 Lebanon is hoping the Paris meeting of potential donors will help it borrow more cheaply and rein in a mounting public debt. 

 ""It (financial support) is on the way,"" one dealer said. ""During the Francophonie, Hariri and Chirac will have a clear idea for Paris 2."" 

 Dealers said the pound was trading around 1,513-1,514 pounds to the dollar, at the weaker end of the central bank's 1,501-1,514 intervention band. 

 They said the central bank was selling small amounts of dollars to support the pound amid slightly increased dollar demand, but one dealer called the intervention ""minimal"". Lebanon's currency has come under increasing pressure as concern has mounted in recent years over the government's ability to handle the country's public debt, expected to hit 178 percent of gross domestic product by year-end. 

 The government is hoping that planned sales of state assets such as mobile licences, as well as tighter public finances, will help it handle a $29 billion public debt. 

 The government is also counting on Gulf Arabs to direct their tourism and investments to Lebanon after the September 11 attacks on the United States. 

 Pressure on the pound fell in May after foreign investors, believed to include Malaysia and Gulf Arab states, bought over $500 million of Lebanese Eurobonds to raise the level of foreign currency reserves at the central bank."
Lebanon cbank says completes $3 bln debt swap. ,2002-08-21," BEIRUT, Aug 21 (Reuters) - Lebanon's central bank said on Wednesday that it had swapped 4.5 trillion Lebanese pounds ($2.985 billion) of 2002 paper for debt maturing in 2004, the most recent in a series of swaps to manage a hefty public debt. 

 Lebanon is struggling to service a $29 billion debt run up in reconstruction from its 1975-1990 civil war which is expected to reach 178 percent of GDP by the end of the year, and has placed heavy pressure on the currency over the last two years. 

 The country is converting high-yielding local currency debt into relatively cheap forex-denominated paper, and in May the central bank said it had managed to sell $950 million of its 2005 Lebanon Eurobond holding. 

 In a statement, central bank governor Riad Salameh said the swaps had been made possible by improved sentiment in local currency markets, where the bank has often had to intervene to maintain the Lebanese pound. 

Lebanon is counting on revenue from state asset sales and a new value-added tax, as well as tighter spending, to help it rein in the debt and eventually be able to borrow more cheaply on international capital markets."
Lebanese pound steady on progress in mobile sector. ,2002-08-09," BEIRUT, Aug 9 (Reuters) - The Lebanese pound remained firm in the week ending Friday as traders said progress towards an agreement with cellular phone operators aimed at privatisation of the sector improved sentiment in the market. 

 Dealers said the pound was trading around 1,512-1,513 pounds to the dollar on the interbank market, well within the central bank's intervention band of 1,501-1,514. 

Lebanon's cabinet approved a proposal on Thursday to offer cellular phone operators Cellis and LibanCell $36-$38 million each to run the sector ahead of privatisation, key to handling a $28.8 billion public debt. 

 Plans for a sell-off have been slowed by government infighting. 

 ""They are obliged to arrive at a solution for the cellular phones,"" said one trader, who saw the decision as one step toward resolving the government squabbling. 

 Mobile revenues are set to revert to the state at the end of the month as a step toward privatising the sector, which has been the site of long-running legal battles between the operators and successive Lebanese governments. 

 Traders said demand for the dollar remained low, and that the central bank, Banque du Liban, was buying dollars. 

 They said they expected the pound to stay at current levels for the rest of the summer without intervention. Overnight interbank rates were also steady at around eight percent. 

 Lebanon's central bank has tapped its reserves to prop up the pound over the past two years as fears mounted about Lebanon's ability to service its public debt, expected to reach 178 percent of GDP this year. 

 In the short term, the government hopes a conference of potential donors that France has offered to host can provide relief in the form of long-term low-interest loans. Dealers said optimism over that conference was also helping the pound. 

 Pressure on the pound fell in May after the central bank said it sold some $950 million of a sovereign Eurobond holding, helping replenish foreign currency reserves. 

 The central bank said gross forex reserves were $4.49 billion at end-July, down from about $7.6 billion in early 2000. The bank does not reveal net hard currency reserves, which most analysts believe are significantly lower. 

 ($1=1,507.5 Lebanese pounds)."
Lebanon says to seek long-term loans at aid talks. ,2002-07-03," BEIRUT, July 3 (Reuters) - Lebanese Prime Minister Rafik al-Hariri said on Wednesday he hoped to obtain longer-term loans with lower interest rates at a conference of rich nations in Paris later this year. 

 ""We hope to get from Paris financial means to obtain loans to replace the current short-term loans...with longer term loans of 10 to 15 years with lower interest,"" he told a banking conference on Wednesday. 

 France has said it will host the meeting to discuss lending financial support to Lebanon, which has public debt of around $28 billion, more than 165 percent of gross domestic product. 

 Much of the debt was run up during the decade after the 1975-1990 civil war due to the heavy cost of rebuilding the shattered capital Beirut. 

 Hariri has said he hoped the meeting could take place before the end of the year. Leading Gulf states, the members of the Group of Eight industrialised nations, the European Union and leading international organisations would take part. 

 Hariri also said on Wednesday he had no plans to devalue the Lebanese pound, which has been under increasing pressure as fears about the country's debt rise. 

 ""We have no intention to devalue our currency. We think it is bad for the economy and we don't see any benefit for the Lebanese or the economy in general,"" Hariri said. 

Lebanon's pound trades in a central bank intervention band of 1,510-1,514 to the dollar. 

 ""If we devalue the currency..., the interest rates will jump and it will be followed by high inflation, which will hurt the Lebanese,"" he added. 

 Hariri said he was also concerned a devaluation would hurt the ""credibility"" of the country, and said it would be unfair to Lebanese who have kept their money in pounds."
UPDATE 2-Bank of Beirut says buys Beirut Riyad. ,2002-05-30," BEIRUT, May 30 (Reuters) - Bank of Beirut, one of Lebanon's top 10 banks, has bought medium-sized Beirut Riyad Bank, officials of both banks said on Thursday, in a deal involving a share transfer but no cash. 

 ""It is a done deal,"" said an official of Bank of Beirut. ""Beirut Riyad is now fully owned by Bank of Beirut,"" the official said. 

 Talks on the deal were first reported by banking sources early this month. 

 An official at Beirut Riyad Bank, which has been asked by monetary authorities to improve its asset quality and raise capital, confirmed the news, saying that it would involve a transfer of shares. 

 ""This had to happen or Beirut Riyad would have been forced to find a capital increase,"" he said, adding that the deal was signed on Wednesday. 

 Beirut Riyad, which has $760 million of assets, has not declared profits for three years because its earnings went to loan provisioning. 

 The bank, which is partly owned by Saudi investors, has 12 branches, including one in London. 

 Doubtful loans comprised 150 billion Lebanese pounds ($99 million) out of 487.3 billion pounds in total loans in 2001. 

 Bank of Beirut has been expanding under new management since the mid-1990s. In 1997, it bought Transorient Bank, a Lebanese bank. Emirates Bank International bought a stake in Bank of Beirut the same year. 

 Bank of Beirut's share on the Beirut Stock Exchange was unchanged at $7.81 on the news. 

 FORCED CONSOLIDATION 

 Analysts said the buyout will swell Bank of Beirut's branch network and is a logical move for the largely retail-based bank. 

 ""It will boost the size of the bank and its market, which is what they're after,"" said one London-based analyst. ""That makes sense given that organic growth is difficult in the current environment."" 

 Habib Haddad, head of treasury at Beirut Riyad, said the buyout was ""good news for both banks."" 

 Faced with a retreating economy and rising bad loans, the monetary authorities have been intervening to force Lebanon's 67 banks to merge or raise their capital adequacy levels. 

 The central bank routinely enourages banks to merge by extending them soft loans and the Bank of Beirut official confirmed that his bank would recieve such a loan, although he did not disclose the amount. 

 Bank profits have also been sliding as falling confidence in the government's ability to control a public debt equivalent to more than 165 percent of gross domestic product has put pressure on the currency. Lebanese banks have a high exposure to sovereign risk through large treasury bill holdings. 

 According to the central bank, doubtful loans rose to more than 12 percent of total loans at the end of last year compared to 10 percent in 2000. 

 ""Given Beirut Riyad's problems, Bank of Beirut probably didn't have to splash out, but it's hard to tell if this is financially a good deal until we know what arrangements have been made for doubtful loans,"" said the analyst. ""And whether more bad loans are lurking in the background."""
Cellphone truce keeps Lebanon pound stable. ,2002-05-17," BEIRUT, May 17 (Reuters) - The Lebanese pound was stable in the week ending Friday, as traders said a truce in a government row over a telecoms privatisation that is a key to plans for handling crippling public debt reassured the market. 

 However, they said the central bank remained the only supplier of dollars on the market as overnight interest rates fluctuated at a relatively high 11-15 percent. Overnight rates usually hover around seven or eight percent. 

 The Lebanese pound changed hands at 1,514 to the dollar, the upper limit of the central bank's intervention band of 1,501-1,514 pounds to the dollar. 

 Pressure on the currency has mounted in recent weeks during a row between the president and prime minister over a planned sale of two cellular phone licences the government hopes will raise revenue to help handle its $27 billion public debt, which is expected to reach 178 percent of GDP by yearend. 

 The feuding leaders agreed this week on a broad plan to either auction those licences or rights to operate their networks by the end of August. 

 ""The market calmed a bit once a deal was reached,"" said one dealer, adding that any relief for the currency would ultimately depend on pushing ahead with those sales. 

 ""Only progress in privatisation can really ease the pressure,"" he said. 

Lebanon's central bank has been intervening to prop up the currency as public finances sour, seeing its gross forex reserves drop from the equivalent of $7.6 billion at the end of 2000 to $4.6 billion by mid-April. It does not disclose net hard currency reserves, which are thought to be much lower. 

 The bank raised deposit reserve requirements last year in a bid to give itself more space to defend the currency, and last month hiked interest rates on two-year t-bills to 16.14 percent from 14.14 percent in an attempt to lure people to the pound. ($1=1,507.5 Lebanese pounds)."
Lebanon 's c.bank  intervenes  to defend pound. ,2002-03-01," BEIRUT, March 1 (Reuters) - The Lebanese central bank supported the pound this week, selling dollars to maintain the interbank rate at 1,514 pounds to the dollar, the top of its intervention band of 1,501-1,514 to the dollar. 

 The pound has come under increasing pressure over the past year as fears mount over the government's ability to service a public debt that tops 165 percent of GDP. 

 The bank's gross forex reserves fell 20 percent in 2001 but were stabilised at the equivalent of $4.9 billion in the first half of February. 

 Traders said the market was waiting for evidence that a 10 percent value added tax introduced last month was helping repair government finances. 

 The government expects VAT to raise $500 million this year and plans to sell unprofitable state assets to finance a projected budget deficit of $2.5 billion in 2002. 

 ""We hear that some privatisation plans are nearly ready and this should bring some cash to the treasury and reduce the pressure (on the currency),"" said one dealer. 

 Traders have warned that investors are increasingly unwilling to take on pound assets despite attractive interest rate spreads compared to dollar holdings. 

 Lebanon offers a 14 percent yield on its longest-term treasury bill."
Lebanon  cbank  intervention  eases after reform steps. ,2002-02-15," BEIRUT, Feb 15 (Reuters) - The Lebanese pound was stable in the week ending Friday, as traders said a series of economic reform measures calmed the market and allowed the central bank to reduce intervention to defend to pound. 

 They said the currency spent much of the week at the top of the central bank's intervention band of 1,501-1,514 to the dollar, but that the bank's intervention was less extensive than it has been recently. 

 ""There was some demand for dollar this week, but the central bank is meeting that demand,"" said one dealer. ""It's definitely less than last week."" 

 Fears about Lebanon's ability to service a public debt that tops 165 percent of GDP have squeezed the currency, leaving the central bank the sole source of dollars for much of last year, and cutting gross reserves to the equivalent of $4.85 billion by end-January from some $5.9 billion at end-2000. 

 The bank does not disclose net forex reserves, and expresses gross reserves as a Lebanese pound figure. 

 Traders said pressure on the pound eased after introduction of a 10 percent value added tax that the government hopes will help repair its finances and a cabinet decision this week to cancel commercial monopolies that contradict a new economic partnership accord with the European Union. 

 But dealers said there was a limit to market confidence, noting that investors are increasingly unwilling to take on pound assets, despite attractive interest rates spreads compared to dollar holdings. 

 Lebanon offers a 14 percent yield on its longest-term treasury bill, a rate traders say has moved investors back into local currency following a series of interest rate cuts by the U.S. Federal Reserve last year. 

 ""From time to time some people still temporarily sell dollars and hold pounds, but there are fewer and fewer of them and more and more of those holding dollars,"" one dealer said."
"Lebanon pound stable, cenbank on sidelines. ",2002-01-11," BEIRUT, Jan 11 (Reuters) - Lebanon's central bank reduced its intervention in the market to maintain a stable exchange rate this week after demand rose for the Lebanese pound , dealers said on Friday. 

 They said the interbank exchange rate remained unchanged at 1,514 pounds to the dollar and the Banque du Liban stopped offering a 16 percent yield on Lebanese pound bonds instead of 14 percent to create demand for the pound. 

 Dealers said even without the premium offered by the central bank on the bills, the spread on pound holdings compared to dollars was high enough to create demand for the currency. 

 ""If the central bank sold dollars, it was in very small quantities,"" said a dealer at a large bank. 

 Wadih Sabbagh, chief dealer at Byblos Bank, said the pound had started 2002 on a better note. 

 ""We have clients who switched significant deposits to the pound. But they are freezing them for short periods - three months at most,"" Sabbagh added. 

 He expected pressure on the pound to resume if the government did not secure international assistance to control the public debt and did not work hard to streamline and sell loss-making state enterprises. 

 A public debt that exceeded 160 percent of gross domestic product last year has lessened confidence in the pound and forced the monetary authorities to defend it, by buying treasury bills and offering premiums to those already in the market. 

 The bank also has sold dollars from its reserves, which fell 20 percent to $4.72 billion at the end of 2001. 

 In a research note Banque Audi said that central bank holdings of Lebanese pound treasury bills had risen to 6,000 billion (about $4 billion) by the end of 2001. ($1=1,508 Lebanese pounds)."
Lebanese pound stable despite Argentine crisis. ,2001-12-21," BEIRUT, Dec 21 (Reuters) - The Lebanese pound remained stable this week despite the Argentine crisis and a similar high level of public debt in Lebanon, dealers said on Friday. 

 They said readiness by the monetary authorities to provide the market with liquidity and attractive 14 percent yields on Lebanese pound treasury bills maintained stability in the market. 

 The interbank exchange rate remained steady at 1,514 pounds to the dollar - the upper end of the central bank's intervention band. 

 ""There was no knock on effect in Lebanon,"" said a bond trader at a large bank. ""It was restricted to some of the few foreigners holding Lebanese Eurobonds. They exited weeks ago."" 

 Emerging market debt have been pushed lower by Argentina's eminent default on $132 billion of debt and what appears to be inevitable devaluation of its currency. 

 Local banks hold most of Lebanon's $26 billion public debt, equivalent to more than 160 percent of gross domestic product. The banks, which also account for most of the $4.3 billion of gross foreign currency reserves at Banque du Liban, have held to Lebanese bonds in times of pressure. 

 Risk of government default have put pressure on the Lebanese pound and forced the central bank to provide the market with dollars from its reserves, which were $5.9 billion at the beginning of year. 

 ""A solution must be found to control the debt. We are not seeing anything concrete,"" another dealer said."
"Lebanese pound remains steady, eyes on politics. ",2001-12-07," BEIRUT, Dec 7 (Reuters) - Lebanon's pound was steady against the dollar in quiet trade this week, as the market looked ahead to a cabinet meeting on a set of politically charged government appointments, dealers said on Friday. 

 They said the pound was trading off the top of the central bank's intervention band of 1,501-1,514 to the dollar at 1,513 during most of the week, with banks reversing the trend of much of the year and selling hard currency to the central bank. 

Lebanon's central bank has intervened heavily to defend the pound this year, as fears about the country's ability to service a public debt of $26 billion, equivalent to more than 160 percent of GDP, undermine confidence in the currency. 

 Dealers said the the pound, which local investors dump for hard currency at any sign of political strife, would take its cue next week from a Tuesday cabinet meeting at which a set of hotly contested administrative appointments will be made. 

 ""The political climate is not that bad, but we still have Tuesday to overcome. If it goes smoothly, there are better days ahead of us,"" said a currency trader at a major Lebanese bank. 

 Among the appointments the cabinet is set to discuss is the top job at the country's loss-making electricity company, which the government hopes to privatise to decrease its debt burden. 

 The cabinet meeting was scheduled after Lebanon's energy minister last week accused the head of the company - which collects only half its bills - of exacerbating power cuts in order to embarrass the government, and demanded he be sacked. 

 Sales of state assets including utilities and cellular phone operating licences are a key to Prime Minister Rafik al-Hariri's plan to slow the growth of the debt, which eats up the bulk of government revenue and chokes off growth. ($1=1,508 Lebanese pounds)."
Calm returns to Lebanese pound after U.S. row. ,2001-11-16," BEIRUT, Nov 16 (Reuters) - The Lebanese pound was steady this week as calm returned to the market following a recent political dispute with the United States over money laundering, dealers said on Friday. 

 They said the exchange rate was stable at near the upper end of Banque du Liban's intervention band of 1,514 pounds to the dollar with supply of hard currency coming from within the market. 

 ""The spreads are in the pound's favour. They are overshadowing the disagreement with Washington and encouraging depositors to switch to the local currency,"" said Nabil Chaya, head of treasury at Banque Audi, said. 

 The central bank intervened briefly in the market last week after Lebanon refused a U.S. demand to seize the assets of the Hizbollah guerrilla group. Washington said it would consider taking retaliatory action against Lebanese banks. 

 The banks do a large proportion of their business in or through the United States. Their health is crucial to the governments strategy of defending the pound. 

 The banks buy most of Lebanon's $26 billion public debt and contribute significantly to foreign currency reserves. 

 The central bank has increased demand for the pound with swap operations that raised the yield on the benchmark two-year treasury bill to 16 percent compared to the two percent federal funds rate. 

 Financiers said monetary authorities were buying time and that the government had to make reforms and succeed in receiving international support to control the debt. 

 Wadih Sabbagh, chief dealer at Byblos Bank, expected investors to switch to the pound as Lebanese banks start cutting interest rates on dollar deposits from 5-6 percent to 4.5-5.5 percent in response to the U.S. cuts. 

 ""The interest rates differential is the main factor driving the market at present,"" said Sabbagh. 

 ($1=1,507.5 Lebanese pounds)."
UPDATE 1-Lebanon reserves fall to $4.146 bln at end August. ,2001-09-03," BEIRUT, Sept 3 (Reuters) - Lebanon's gross foreign currency reserves fell to 6.251 trillion Lebanese pounds ($4.146 billion) at the end of August from 6.838 trillion pounds in mid-August, the central bank said on Monday. 

 Reserves stood at about $4.77 billion at the end of July compared with about $5.9 billion at the end of 2000 and $7.6 billion at the end of 1999. The reserve figure includes deposits by commercial banks and state agencies. 

 Bankers attributed the fall to a political storm that swept the country when the army arrested 200 members of Christian opposition groups in a crackdown against those opposed to Syrian influence in Lebanon. 

 The arrests sparked a feud between pro-Syrian President Emile Lahoud and Prime Minister Rafik al-Hariri who said his government had not been informed about the move. Politicians warned that cabinet had been handcuffed and that Lebanon was in danger of becoming a dictatorship run by Syria. 

 ""Lebanon lost millions of dollars because of the differences between officials while the country needs every dollar to face the huge public debt,"" a banker told Reuters. 

 Political tensions have taken their toll on the Lebanese pound on whose behalf the bank has intervened heavily to support. 

 They have also compounded anxiety about Lebanon's 25 billion public debt, which exceeds 155 percent of GDP, huge budget deficit and doubts about whether the government can deal with the problem at a time of zero economic growth. 

 ""The big fall of reserves is a warning to Lebanese officials to put their differences aside and deal with the political and economic problems facing their country,"" the banking source, who requested anonymity, added. 

 Both Lahoud and Hariri mended fences at the end of last month after the army released most detainees but investors' confidence has yet to be restored. 

 Syria has some 20,000 troops and hundreds of thousands of workers in Lebanon. Their presence rankles with many Lebanese, particularly Christians, who resent Syria's domination of Lebanese politics. 

 The central bank, which traders say is generally the only seller of hard currency locally, does not disclose net reserve levels. 

 ($1 = 1,507.5 Lebanese pounds since September 1999)."
Politics compounds pressure on Lebanon pound. ,2001-08-17," BEIRUT, Aug 17 (Reuters) - Pressure mounted on Lebanon's ailing currency this week as political tension added to anxiety over the country's massive debt and weak finances, traders said on Friday. 

 They said the pound traded at the top of the central bank's intervention band of 1,501-1,514 to the dollar, as a feud between the cabinet and Lebanon's pro-Syrian president over a crackdown on dissidents opposed to Syria's political domination of the country boosted dollar demand. 

 ""There was heavy dollar demand due to what happened, and the central bank was the only provider of dollars,"" said a currency trader with a major Lebanese bank. 

 Lebanese security forces last week rounded up about 200 Christian dissidents who want Syria to withdraw its 20,000 troops from Lebanon. 

 The cabinet said it had not been informed of the crackdown beforehand, leading opposition politicians to warn that government had been handcuffed and that the country is in danger of becoming a military dictatorship run by Syria. 

 The political tensions have compounded anxiety about Lebanon's $24 billion public debt, which exceeds 155 percent of GDP, huge budget deficit, and doubts whether the government can handle either problem while the country experiences virtually zero economic growth. 

Lebanon's central bank, which has intervened heavily to maintain the exchange rate for months, this week said its gross foreign currency reserves were $4.5 billion, compared to about $5.9 billion at the end of 2000. 

 The bank has also reported falling subscriptions in each of the last several t-bill auctions. This week said it sold no certificates of deposit. 

 The International Monetary Fund warned last month that local banks, long the main consumers of government debt, are recording slower deposit growth and may not be able to meet the government's financing needs. 

 Lebanon's government hopes to whittle down the public debt through a combination of politically sensitive spending cuts and sales of unwieldy state assets."
Lebanon pound squeezed as dollar demand stays high. ,2001-08-10," BEIRUT, Aug 10 (Reuters) - Pressure on the Lebanese pound stayed high this week, with the central bank the only seller of dollars, forex dealers said on Friday. 

 ""Nobody's selling (dollars) at all. It's a one-way market,"" said a trader with a large Lebanese bank, who said the pound had traded at the upper limit of the central bank intervention band of 1,501-1,514 against the dollar. 

Lebanon's central bank intervenes in the currency market heavily to defend the currency, which has been undermined by fears about the country's $24 billion public debt, stagnant economy and volatile southern border with Israel. 

 The government of Prime Minister Rafik al-Hariri is vowing to sell state assets to help whittle down the debt but faces stiff political opposition to planned redundancies at state firms and cuts in a budget bloated by political patronage."
"Beirut banks eye fee business as loan, debt risk high. ",2001-08-07," BEIRUT, August 7 (Reuters) - Lebanon's banks will turn to retail services and other fee-earning business to help make up for conservative lending policies forced on them by the country's economic woes, bankers and analysts said on Tuesday. 

 Many of the country's leading banks reported stagnant or falling first-half profits, and said that macroeconomic pressures were forcing them to adopt conservative lending strategies to reduce the ratio of bad loans in their portfolio. 

 The Lebanese government, with debt of over $24 billion or about 155 percent of GDP, is facing mounting pressure on the currency while it turns to politically sensitive plans for fiscal reform and privatisation to cope with the debt and end several years of recession. 

 Local banks, meanwhile, are major holders of Lebanese pound-denominated debt, whose prices would drop with a devaluation. While reducing lending, they are seeking to draw income from retail services, such as processing payments of mobile phone and utility bills and offering Internet bank accounts and services, said a strategist for one bank. 

 ""(The sector) is focusing on non-interest income and fee earning business, which is not affected as much by the economic sluggishness,"" said Marwan Barakat of Banque Audi , whose first half profits fell 9.5 percent year-on-year to $16.5 million. 

 Fellow leading bank Blom said cutting doubtful loans allowed it to increase first-half profits slightly from the previous year to $39.48 million, while Byblos Bank said conservative investment strategies helped bring its first-half profits down 7.8 percent year-on-year to $24 million. 

 An executive of one bank who asked not to be identified said the banking sector, traditionally a magnet for deposits from Lebanese living abroad and from Arab investors, was not crawling inside its shell completely but sought to manage its risk. 

 ""Essentially it's your still-traditional approach of trying to lend as much as possible with good risk in the private sector,"" he said. 

 The International Monetary Fund last month warned Lebanese authorities that a slowing growth in the deposit base of local banks suggested a looming crisis in their ability to finance the government's borrowing needs. 

 Banks have extended their wariness of risk to debt denominated in pounds, while Lebanon's central bank has been intervening in the market heavily for months to prop up prices, the unidentified banker said. 

 ""In the central bank's balance sheets you're seeing a big rise in T-bills (purchases), because the last few issues have not been fully subscribed. It indicates increasing awareness of the risk,"" he said."
Lebanon cenbank remains main supplier of dollars. ,2001-08-03," BEIRUT, Aug 3 (Reuters) - Demand for U.S. dollars was limited in the Lebanese market this week, with the central bank the main supplier of the hard currency, dealers said. 

 ""There is limited demand and very few suppliers other than the central bank,"" one dealer said. 

 They said the local unit was unchanged at the upper end of the central bankintervention band of 1,501-1,514 Lebanese pounds to the dollar. 

Lebanon's central bank has been intervening for months to defend the pound, which has been undermined by worries about $24 billion of public debt as well as tension on the country's southern border between Hizbollah guerrillas and Israel."
Lebanon pound pressured at top of cenbank band. ,2001-07-27," BEIRUT, July 27 (Reuters) - Pressure on the Lebanese pound stayed high this week, with the central bank the main supplier of dollars to the forex market, dealers said on Friday. 

 ""We've seen some sales of dollars for working capital purposes, but nothing on a major scale,"" said a dealer at one large bank. He said the pound traded at the top of the central bank's intervention band of 1,501-1,514 against the dollar. 

Lebanon's central bank has been intervening for months to defend the currency, which has been undermined by anxiety about the $24 billion of public debt and military tension on the southern border between Hizbollah guerrillas and Israel. 

 The government of Lebanese Prime Minister Rafik al-Hariri has vowed to sell state assets to help whittle down the debt, but faces opposition from state employees and an uphill battle to streamline unwieldy companies like the state power concern."
Business as usual in Lebanon despite Mideast tensions. ,2000-10-12," BEIRUT, Oct 12 (Reuters) - The currency is under pressure, state finances are shaky and many do not rule out war, but the Lebanese flair for doing business continues unscathed. 

 In a country were hotels and factories went up in the midst of the 1975-1990 civil war and banks kept operating from blast-proof rooms, the violence the Middle East is currently witnessing pales by comparison. 

 ""It's silly to say that people are not a bit edgy, but (property) business is going on almost as usual,"" said Raja Makarem, head of real estate consultancy Ramco. 

 Makarem said he was arranging a 20-year lease for a new shopping centre and the $10 million sale of a bank building in downtown Beirut. 

 ""The mall deal is being finalised and the other buyer is still strongly interested in the bank building,"" said Makarem. 

 ""A slowdown is inevitable, many people will wait and see, but Lebanon will not lose its resilience,"" he added. 

 The Israeli withdrawal from south Lebanon in May helped the real estate market recover from a sharp decline. There has been renewed interest in downtown Beirut, which is nearly monopolised by Solidere, the largest firm in the country. 

 Property was the main destination of foreign capital inflows after the end of the civil war. Some foreign investors are still reluctant to enter the market without peace between Lebanon and Israel. But others have no such qualms. Three Saudi businessmen are currently going ahead with a $70 million hotel on the Beirut seafront. 

 POSITIVE SPIN 

Lebanon's central bank has been forced to intervene to keep the exchange rate stable and has spent at least $160 million this week to defend the currency, according to dealers, who said depositors were switching their bank accounts to dollars. 

 But the newly changed dollars would be invested in Lebanese assets, said Habib Haddad, head of treasury at Bank Beirut Riyad. 

 He said the newly found dollar liquidity would be mostly invested in Lebanese eurobonds, which fell this week. The Republic's 2009 bond lost $1 and its spread rose by 40 basis points to 440. 

 ""There was no significant selling of bonds and they dropped on low volume,"" Haddad said. 

 He said Lebanon has never defaulted on its sovereign debt, which are mostly held by local banks, and the country has managed to launch eurobonds in the bleakest of times, such as during the 1998 Asian crisis and during the recent tensions. 

 ""In no time they found on Wednesday takers for a 250 million euros ($200 million) in an addition to their existing Eurobond,"" Haddad said. 

 On October 25 a new fund linked to Lebanese eurobonds and arranged by Bank of Beirut will be launched. Officials said a presentation to international investors is going ahead."
Lebanon foreign reserves down $14.9 mln in mid-Apr. ,2000-04-18," BEIRUT, April 18 (Reuters) - Lebanon's gross foreign reserves fell $14.99 million to $7.253 billion in mid-April from $7.268 billion at the end of March, the central bank said on Tuesday. 

 Gross foreign reserves, which include deposits by commercial banks and government agencies, were $7.352 billion in mid-March. 

 Bankers last week said the Bank of Lebanon intervened in the foreign exchange market for the first time in almost a year, selling dollars to shore up the pound. 

 Lebanon ended 1999 with gross reserves of $7.61 billion compared to $6.41 billion in 1998 and $5.93 billion in 1997. 

 The central bank does not disclose net reserves. 

 $1 = 1,507.5 Lebanese pounds. 

 ((Beirut newsroom + 9611 983 885/6 fax 983 889 

 beirut.newsroom@reuters.com)). 

 (C) Reuters Limited 2000."
INTERVIEW-Lebanese c.bank lowers GDP forecast. ,1999-08-24," BEIRUT, Aug 24 (Reuters) - Central Bank Governor Riad Salameh on Tuesday forecast Lebanon's economy to grow in 1999 by around one percent and said there would be virtually no inflation due to the slowdown. 

 Salameh had previously expected gross domestic product to increase by between two and three percent this year and inflation to hover around the three percent mark. 

 ""Based on the performance of the past seven months, we've changed our estimates (of GDP growth) so that it's closer to one percent. If activity gets better it might rise to two percent,"" he told Reuters by telephone. 

 According to government figures, GDP growth in 1998 was around three percent. 

 This year a contraction in investment and demand, estimated by Lebanon's leading Banque Audi at four percent and caused by the government's austerity measures, has driven the economy into recession. 

 The Banque Audi report said that a GDP growth of two percent required an increase in local and international demand to about $900 million, a figure the bank said would be near impossible to achieve in the second half of the year. 

 Tax and customs increases, part of the government's 1999 budget and five-year economic reform plan, have also contributed to the slowdown, which Salameh said would partially drive inflation to near zero percent. 

 He had earlier forecast a 2.5 percentage point rise in inflation this year due to the government's new tax policy. 

 In April, the government raised duties on income, corporate profits, imports, alcohol, tobacco and gasoline. The taxes aim at increasing revenues by 2.5 percent from 1998 levels to 4,990 billion pounds ($3.31 billion) and curbing the budget deficit to 40.5 percent from 43.6 percent a year ago. 

 ""Our firm monetary policy has also contributed to reducing inflation,"" Salameh added. ""It's below our five percent ceiling and also below the three percent we forecast earlier."" 

 The Bank of Lebanon manages the pound by an official intervention band of 1,508 to 1,514 pound to the dollar. Salameh has said he would cause the pound to appreciate if inflation crossed the five percent mark. 

 But changing the exchange rate is currently far from Salameh's mind. Dollar supply in the Lebanese foreign exchange market has been plentiful over the past two months, during which the central bank bought around $450 million, he said. 

 ""The market is anticipating lower rates and a stable pound which is why investors are shifting away from dollars. Also, they are locking in treasury-bill yields,"" he added. 

 The central bank has recently slashed interest rates on Lebanese pound paper, mainly two-year treasury bills which now yield 15.36 percent compared to about 16 percent a few weeks ago. Yields on one-year treasury bills have also been falling steadily and are now at 14.77 percent. 

 $1 = 1,508 pounds ((Beirut newsroom +9611 745 306/8 fax 745 336 beirut.newsroom@reuters.com)). 

 (C) Reuters Limited 1999."
Lebanon  forex  market calm despite violence. ,1999-05-07," BEIRUT, May 7 (Reuters) - The Lebanese pound traded calmly in the week ended on Friday despite a flare-up of violence in south Lebanon, dealers said. 

 ""There was nothing in the market. Demand for dollars was very little with also little supply. Interbank operations reached about $28 million,"" a dealer said. 

 One trader said Lebanon's central bank did not intervene in the market because there was no pressure on the pound, despite Israeli warplane raids into southern Lebanon almost every day this week in retaliation against attacks by pro-Iranian Hizbollah guerrillas. 

 Another dealer said interbank rates were steady at last week's range of 1,512.50-1,5013.5 for the dollar. 

 The range was inside the central bank's bid-offer intervention band which has stood at 1,502-1,514 since mid-October when army commander Emile Lahoud was elected president. 

 Dealers also blamed the stagnant market on the still outstanding 1999 budget, which is being discussed in parliament. 

 Last week, the central bank sold $6 million to $7 million in the market compared to $20 million a week earlier. 

 ((Beirut newsroom +9611 745 306/8 fax 745 336 

 beirut.newsroom@reuters.com)). 

 (C) Reuters Limited 1999."
Lebanon cen.bank supports pound in dull market. ,1999-04-30," BEIRUT, April 30 (Reuters) - Lebanon's central bank sold dollars this week to meet thin demand for the U.S. currency in a stagnant but tight foreign exchange market, dealers said. 

 ""The market was stable this week. There was light demand for dollars but there was no supply so the central bank sold $6 million to $7 million,"" one dealer said. 

 Dealers said light demand kept the interbank dealing range at 1,512.50-1,513.50 pounds to the dollar, which is on the upper range of the central bank's bid-offer intervention band. 

 The Bank of Lebanon has kept the band steady at between 1,502 and 1,514 pounds to the dollar since mid-October when army commander Emile Lahoud was elected president. 

 Violence in the south, where Israel occupies a 15 km (nine mile) wide zone, and economic indicators had put a damper on the market, the dealer said. 

 ""Investors see the tense situation in the south on one hand and the government's decision to start collecting donations and its budget on the other hand and they've decided to halt their investments,"" he said. 

 This week, seven Israeli soldiers, three pro-Israeli South Lebanon Army militiamen and three civilians were wounded in south Lebanon fighting. 

 The government on Wednesday decided to establish a fund for Lebanese emigrants to collect contributions while a parliamentary committee started discussing the 1999 budget bill, which targets a deficit of 40.2 percent. 

 ""Who will be encouraged to invest in a country that is collecting donations?"" another dealer said. 

 The central bank supplied the market with $20 million a week ago and with $50 million a week earlier. 

 ((Beirut newsroom +9611 745 306/8 fax 745 336 

 beirut.newsroom@reuters.com)). 

 (C) Reuters Limited 1999."
Lebanese  central bank  sells dollars to support pound. ,1999-04-23," BEIRUT, April 23 (Reuters) - Lebanon's central bank intervened in the foreign exchange market to meet light demand for the U.S. dollar in the week ended on Friday, dealers said. 

 ""The market was very calm this week. There was light demand for dollars but there was no supply so the central bank sold about $20 million,"" a dealer said. 

 The dealer said after Israel annexed the village of Arnoun to its south Lebanon occupation zone last week investors feared further Israeli military actions ahead of parliamentary elections in the Jewish state scheduled for May 17. 

 The previous week the central bank supplied the market with $50 million. 

 Another dealer said light demand for dollars kept interbank dealing on the upper edge of the central bank bid-offer intervention band, which has been steady at 1,502-1,514 pounds to the dollar since mid-October when army commander Emile Lahoud was elected president. 

 ((Beirut newsroom +9611 745 306/8 fax 745 336 

 beirut.newsroom@reuters.com)). 

 (C) Reuters Limited 1999."
Lebanese  central bank intervenes  in  forex  market. ,1999-04-08," BEIRUT, April 8 (Reuters) - Lebanon's central bank intervened in the foreign exchange market this week for the first time in over a month, injecting around $30 million to ease mounting demand pressures for the U.S. currency, bankers said. 

 ""Demand on the dollar rose in the start of the week. The central bank intervened, selling about $20 million on Tuesday only,"" said one banker who requested anonymity. 

 Another banker said demand for the dollar had eased later in the three-day working week. He also said the government's announcement of its 1999 budget figures had little effect on the forex market. 

 ""The budget did not really affect the market. It caused the demand to continue yet it was a smaller demand than that we saw at the beginning of the week after the Hariri issue,"" said another broker. 

 Political pressure mounted last week on former premier and billionaire Rafik al-Hariri who is blamed for spending beyond the country's financial means. At the end of his six-year term Lebanon's debt reached $18 billion. 

 The four-month-old government of Prime Minister Selim al-Hoss on Wednesday announced its 1999 draft budget with a deficit of 40.2 percent of spending, down from 43 percent last year. 

 The interbank trading ranged between 1,513-1,514 Lebanese pounds to the dollar compared with last week's range of 1,508-1,511 pounds. 

 The central bank range was steady at 1,502-1,514 pounds. 

 The market was closed until Tuesday for Easter. Thursday is the last working day before another four-day public holiday. 

 ((Beirut editorial (9611) 745 308 fax 745336 

 beirut.newsroom@reuters.com)). 

 (C) Reuters Limited 1999."
"Dlr demand wanes in Beirut, investors await budget. ",1999-03-19," BEIRUT, March 19 (Reuters) - Pressure on the Lebanese pound continued to ease this week in a lifeless foreign currency market which dealers said was awaiting the 1999 budget. 

 They said the pound ""comfortably"" traded within the official band set by the Bank of Lebanon, making central bank intervention in the market unnecessary. 

 The central bank has been largely supplying the market with dollars since December to prevent the pound from moving outside a range that has stood at between 1,502 pounds and 1,514 pounds to the dollar so far this year. 

 One dealer, who put the total size of the market at $50 to $60 million, said the lack of intervention by the central bank should not be interpreted much as a very positive sign. 

 ""The market is completely frozen. The mood is lingering ahead of the budget,"" he said. 

 Investors have been waiting to see the 1999 budget and the government's efforts to reduce a deficit that finished at around 14 percent of GDP last year. The budget was due by the beginning of March but has been delayed. 

 ((Beirut editorial (9611) 745 308 fax 745336 

 beirut.newsroom@reuters.com)). 

 (C) Reuters Limited 1999."
Lebanese presidential choice caused rush to pound. ,1998-10-09," BEIRUT, Oct 9 (Reuters) - Agreement on naming the head of the army as Lebanon's next president caused a rush into the Lebanese pound from U.S. dollars in the week ended on Friday, dealers said. 

 ""The heavy supply of dollars in the market this week made the central bank intervene, buying about $135 million,"" one dealer said. 

 ""This supply reflected the atmosphere of confidence in the near-term political future of the country,"" he said, echoing the feeling among other dealers feeling that a smooth transition to a new president would ensure stability. 

 Another dealer said: ""The Turkish-Syrian crisis made some people hestitate in getting rid of their dollars, otherwise the supply of the American currency would have been much higher. 

 ""Investors shifted towards Lebanese-pound denominated treasury bills,"" he added. 

 The Bank of Lebanon bid-offer official intervention band stood in the range of 1,502.50-1,515.50 Lebanese pounds per dollar against Friday's 1,503.00-1,516.00 - the usual appreciation set by the government. 

 Interbank trading stood on the lower edge of the central bank's bid-offer intervention band in the range of 1,502.40-1,502.60 from 1,503.00. 

 Earlier this week Syria, the main foreign power broker in Lebanon, backed army commander Emile Lahoud as the next president and on Thursday the Lebanese cabinet asked parliament to amend the constitution to pave Lahoud's way to the presidency. 

 Syria keeps 35,000 troops in Lebanon. They originally entered to help to restore order during the 1975-1990 civil war. 

 Regional tension rose this week when Turkey threatened Syria over its alleged support for the Kurdistan Workers Party (PKK). 

 ((Beirut editorial (9611) 745308 fax 745336 

 beirut.newsroom@reuters.com)). 

 (C) Reuters Limited 1998."
Lebanese pound gains as political tension eases. ,1998-10-02," BEIRUT, Oct 2 (Reuters) - The Lebanese pound gained against the U.S. dollar this week as political tension over the presidential election eased, dealers said on Friday. 

 The Bank of Lebanon bid-offer intervention band stood in the range of 1,503.00-1,516.00 against 1,503.50-1,516.50 last week, the standard rate of appreciation maintained by the central bank. 

 ""Contacts made by Lebanese officials abroad and the defusing of political tension related to the presidential election was behind the relaxed atmosphere in the market,"" a dealer said. 

 ""Supply and demand for U.S. currency were balanced on the first two days of the week. But supply outpaced demand in the rest of the week and the central bank intervened, buying about $40 million,"" another dealer said. 

 Interbank trading stood at 1,503.00 Lebanese pound for one dollar from a range of 1,505.50-1,507.50 in the first two days of the week against last week's 1,511-1512. 

 Prime Minister Rafik al-Hariri headed Lebanon's delegation to the United Nation's General Assembly meeting last month in New York where his contacts included talks with World Bank officials. 

 Lebanon's first presidential election since the 1975-1990 civil war had raised concerns in the market in recent weeks, but the political rhetoric subsided this week. The vote is to take place this month and is seen a test of the country's stability. ((Beirut editorial (9611) 745308 fax 745336 

 beirut.newsroom@reuters.com)). 

 (C) Reuters Limited 1998."
Central bank  helps Lebanese pound in quiet market. ,1998-09-11," BEIRUT, Sept 11 (Reuters) - The Lebanese pound made gains with the help of central bank intervention in a quiet market in the week ended on Friday, dealers said. 

 The Bank of Lebanon bid-offer intervention band stood in the range of 1,504.50-1,517.50 compared with 1,505.00-1,518.00 last Friday. 

 ""There was some commercial demand for U.S. dollars with little supply but the market was quiet,"" said a dealer who requested anonymity. 

 ""This week, the central bank sold between $35 million and $40 million to support the pound,"" the dealer said. 

 Another dealer said the demand for the U.S. currency was due to market anxiety over presidential elections due to be held next month. 

 ""Some investors prefer to wait until the presidential elections are over before they involve themselves in any new Lebanese pound-denominated treasury bills,"" another dealer said. 

 Lebanon is planning to have presidential elections in October. 

 The dealer said he expected Lebanon's successful placement of $350 million of new debt on international markets on Thursday to boost confidence in the country, 

 ""The placement of the bond issue took place on Thursday. So we have to wait for next week to see its results. But I think this issue represents a renewal of the international community's confidence in Lebanon,"" he said. 

 Interbank trading stood at 1,517.50-1,518.00 against last week's 1,517.75-1,518.25, he added. 

 ((Beirut editorial (9611) 745308 fax 745336 

 beirut.newsroom@reuters.com)). 

 (C) Reuters Limited 1998."
Bank of  Lebanon intervenes  to help pound. ,1998-08-21," BEIRUT, Aug 21 (Reuters) - Lebanon's central bank intervened in the currency market to ease pressure on the Lebanese pound in the week to Friday, dealers said. 

 ""There was some demand for the U.S. dollar because of various reasons such as the buying of dollars ahead of presidential elections,"" said a dealer who requested anonymity. 

 Lebanon is planning to hold presidential elections in October. The Beirut market is highly sensitive to political tensions. 

 Interbank trading stood at 1,518.50-1,519.50 Lebanese pounds for a dollar against last week's closing level of 1,519.50-1,520.00. 

 The Bank of Lebanon bid-offer intervention band was in the range of 1,506.00-1,519.00 Lebanese pounds for the dollar compared to last week's 1,506.50-1,519.50. 

 In recent weeks, relations between Prime Minister Rafik al-Hariri and Parliament Speaker Nabih Berri have been tense. 

 But the dealer said those political problems have not had an impact on the Lebanese pound over the last week. 

 ((Beirut editorial (9611) 745308 fax 745336 

 beirut.newsroom@reuters.com)). 

 (C) Reuters Limited 1998."
Lebanon political tension boosts USD demand. ,1998-08-14," BEIRUT, Aug 14 (Reuters) - Political uncertainty boosted demand for U.S. dollars in the week ending on Friday and the central bank intervened to sell the U.S. currency to ease pressure on the Lebanese pound, dealers said. 

 ""The central bank sold up to $25 million in the last two days to support the Lebanese pound,"" a dealer said. 

 Interbank trading climbed over the upper edge of the central bank bid-offer intervention band closing on Friday at 1,519.50-1,520.00 for a dollar against last week's range of 1,509.50-1,512.50, he said. 

 The Bank of Lebanon bid-offer intervention band stood at 1,506.50-1,519.50 Lebanese pounds for the dollar compared to last week's 1,507.50-1,519.50. 

 Another dealer attributed the high demand for dollars to rising political tension. ""The political tension still affects the market very much,"" he said. 

 Tension surfaced in July over differences between political leaders on a number of issues including a new salary scale for the public sector and uncertainties over planned presidential elections in October. 

 (Beirut editorial (9611) 745-308 fax 745336 

 beirut.newsroom@reuters.com)). 

 (C) Reuters Limited 1998."
Lebanese pound official rate up against dollar. ,1998-08-07," BEIRUT, Aug 7 (Reuters) - The Lebanese pound posted new gains against the U.S. dollar in the week to Friday, but the greenback gained some ground against the local currency in interbank dealings, dealers said. 

 The Bank of Lebanon bid-offer intervention band stood at 1,507.50-1,519.50 Lebanese pounds for the dollar compared WITH last week's 1,508.00-1,520.00. 

 Dealers attributed gains in interbank dealings to rising political tension. 

 Tension surfaced early in July as differences among political leaders over a number of issues, including a new salary scale for the public sector, and uncertainties over planned presidential election in October, came into the open. 

 Interbank trading closed on Friday at 1,512.5-1,509.50 to the dollar against last week's range of 1,508.00-1,508.15. 

 Another dealer said the week started with an excess supply of the U.S currency but was later balanced by improved demand. 

 He said demand exceeded supply towards the end of the week. 

 ""Offers emerged on Monday and the central bank intervened, buying about $8.0 million,"" he said, adding that market turnover reached some $50 million. ((Beirut editorial (9611) 745-308 fax 745336 

 beirut.newsroom@reuters.com)). 

 (C) Reuters Limited 1998."
"Lebanese pound faces pressure, then recovers. ",1998-07-31," BEIRUT, July 31 (Reuters) - The Lebanese pound faced a bout of mid-week pressure because of increased political tension, dealers said. 

 The Bank of Lebanon bid-offer intervention band stood at 1,508.00-1,520.00 Lebanese pounds for a dollar compared to last week's 1,508.50-1,520.50 - the rate of appreciation set by the government in the past couple of years. 

 ""The market was quiet at the beginning of the week. But under the impact of the political confusion we witnessed some artificial demand (for dollars) on Wednesday and Thursday,"" a dealer said. 

 ""On Friday, supply of the U.S. currency was much more than demand and the central bank bought about $8.0 million. The total volume of the market this week was about $50 million,"" the dealer said. 

 Interbank trading was 1,508.00-1,508.15 for a dollar against last week's range of 1,508.25-1,508.50, he said. 

 The powerful Parliament Speaker Nabih Berri and Prime Minister Rafik al-Hariri this week accused each other of violating the constitution. It reflected tension in advance of a presidential election expected in October. 

 (Beirut editorial (9611) 745-308 fax 745336 

 beirut.newsroom@reuters.com)). 

 (C) Reuters Limited 1998."
Lebanese pound continues to gain against dollar. ,1998-07-24," BEIRUT, July 24 (Reuters) - The Lebanese pound continued to gain against the U.S. dollar, with the central bank intervening to buy dollars in the week ended on Friday, dealers said. 

 ""There was some supply of dollar and the central bank was buying the U.S. currency in a range of $5.0 million to $15 million per day,"" a dealer, who asked for anonymity, told Reuters. 

 The Bank of Lebanon bid-offer intervention band stood at 1,508.50-1,520.50 Lebanese pounds against the dollar compared to last week's 1,509.00-1,521.00. 

 Interbank trading was 1,508.25-1,508.50 against last week's range of 1,508.50. 

 (Beirut newsroom (9611) 745-308 fax 745336 

 beirut.newsroom@reuters.com)) 

 SH. 

 (C) Reuters Limited 1998."
Lebanese pound boosted by dollar selling. ,1998-05-29," BEIRUT, May 29 (Reuters) - Lebanon's central bank bought dollars this week amid upward pressure on the Lebanese pound from a rush into local treasury bills, dealers said on Friday. 

 The Bank of Lebanon bid-offer intervention band stood at 1,512.50-1,524.50 Lebanese pounds to the dollar compared to last week's range of 1,513-1,525, continuing the steady appreciation of the official rate. 

 But a dealer said the rise this week reflected funadamentals in the market, with investors rushing to buy Lebanese treasury bills and lock in high annual interest rates that have begun to decline. 

 ""The central bank was buying dollars on an average of $15 million to $20 million a day in the last two weeks,"" said another dealer. 

 ""We saw a little demand for the dollar from two banks only, probably for some private operations. But this did not influence the trend of supply of the U.S. currency,"" the dealer said. 

 Interbank trading was in the range of 1,512.60-1,512.75 pounds to the dollar against last week's 1,513-1,513.25, he added. 

 ((Beirut editorial (9611) 745308 fax 745336 

 beirut.newsroom@reuters.com)). 

 (C) Reuters Limited 1998."
"Central bank , quiet Lebanese politics help pound. ",1998-05-22," BEIRUT, May 22 (Reuters) - Central bank intervention, investments in treasury bills and a quiet political scene ahead of the first local elections in 35 years strengthened the Lebanese pound in the week ended on Friday, dealers said. 

 The Bank of Lebanon bid-offer intervention band stood at 1,513.00-1,525.00 Lebanese pounds to the dollar compared to last week's range of 1,513.50-1,525.50. 

 Interbank trading was in the range of 1,513.00-1,513.25 pounds to the dollar against last week's 1,513.25-1,513.75. 

 Dealers said the Bank of Lebanon had intervened to help the pound. But they also noted that the pound had made gains because the Lebanese political scene was free of troubles ahead of local elections. 

 On Sunday, Lebanon will hold its first municipal elections in 35 years in a contest that analysts said could pose a challenge to the country's top leaders. 

 ""The quiet political situation has helped the pound,"" said one dealer. 

 Another dealer said banks were buying Lebanese pounds to invest in long-term Lebanese treasury bills, a development that also boosted the Lebanese currency. 

 ((Beirut editorial (9611) 745308 fax 745336 

 beirut.newsroom@reuters.com)). 

 (C) Reuters Limited 1998."
UAE deposit boosts Lebanese pound in week. ,1998-05-08," BEIRUT, May 8 (Reuters) - The Lebanese pound continued to gain against the U.S. dollar on the three working days of the week ended on Friday, with dealers reporting that a $100 million United Arab Emirates deposit in the central bank boosted the pound. 

 Lebanon's financial markets were closed on Wednesday and Thursday for holidays. 

 The Bank of Lebanon bid-offer intervention band stood at 1,514-1,526 pounds to the dollar on Friday from last Friday's 1,514-1,526.50. 

 Interbank trading was at the lower edge of the central bank intervention band and reached 1,514-1,514.50 Lebanese pounds to the dollar on Friday from last week's 1,515.50-1,516.50, a dealer said. 

 ""There was quite a good amount of supply of dollars in the market and the central bank intervened as a buyer for the U.S. currency,"" the dealer added. 

 Another dealer said the pound was boosted by the restored confidence in Lebanon caused by the $100 million UAE deposit in the central bank and the $1 billion bond issue in March. 

 ""There was a supply of dollar this week following reports about the $100 million UAE deposit in the central bank,"" the dealer said. 

 ""The UAE deposit and the previous Saudi and Kuwaiti deposits and the $1 billion Eurobond issue encouraged foreign investors to return to the treasury bills market,"" he added. 

 On Monday Lebanon said it had reached an agreement with UAE for a $100 million deposit for three years starting May 7. 

 In January, Kuwait deposited $100 million with Lebanon's central bank at five percent interest rate for three years. This followed a Saudi Arabian deposit of $500 million at the same interest rate for three years and $100 million to be spent on investment infrastructure. 

 In March, Lebanon raised $1.0 billion on the international market via two well-received bond issues with five-and three-year maturities. 

 ((Beirut newsroom (9611) 745308 fax 745336 

 beirut.newsroom@reuters.com)). 

 (C) Reuters Limited 1998."
United Arab Emirates Lends Lebanon $100 Million To Shore Up  Currency ,1998-05-05," BEIRUT -(Dow Jones)- The United Arab Emirates is to lend Lebanon $100 million in order to shore up the Lebanese pound, newspapers reported Tuesday. 

 Newspapers said the loan agreement was signed by the director-general of the Abu Dhabi National Bank, Sheik Mohammed Jarroush el-Sweidi, Lebanon's agriculture minister, Shawki Fakhoury, and the governor of the Bank of Lebanon, Riad Salameh, in Abu Dhabi on Monday. 

 The government is thought to be waiting for the money to enter Lebanon's accounts before announcing the loan. The deposit is expected Thursday. 

 The newspaper As-Safir quoted the central bank's deputy governor, Nasser al-Saidi, as saying the interest rate on the three-year loan was 5%. 

 Saudi Arabia and Kuwait lent Lebanon $600 million and $100 million respectively last year for the same purpose. Those loans were also for three years at 5% interest. 

 The Bank of Lebanon has intervened repeatedly in recent months to defend the pound against speculators on the currency markets. The pound currently trades at 1,520 pounds to the dollar. 

 Prime Minister Rafik Hariri has made it a pillar of his policies to maintain the value of the currency. 

 Financial experts in Beirut see the loans as expressing confidence in the pound. 

 Copyright (c) 1998 Dow Jones & Company, Inc. 

 All Rights Reserved."
UAE To Lend Lebanon $100 Mln To Shore Up  Currency -Newspapers ,1998-05-05," BEIRUT (AP)--The United Arab Emirates is to lend Lebanon $100 million in order to shore up the Lebanese pound, newspapers reported Tuesday. 

 Newspapers said the loan agreement was signed by the director-general of the Abu Dhabi National Bank, Sheik Mohammed Jarroush el-Sweidi, Lebanon's agriculture minister, Shawki Fakhoury, and the governor of the Bank of Lebanon, Riad Salameh, in Abu Dhabi on Monday. 

 The government is thought to be waiting for the money to enter Lebanon's accounts before announcing the loan. The deposit is expected Thursday. 

 The newspaper As-Safir quoted the central bank's deputy governor, Nasser al-Saidi, as saying the interest rate on the three-year loan was five percent. 

 Saudi Arabia and Kuwait lent Lebanon $600 million and $100 million respectively last year for the same purpose. Those loans were also for three years at five percent interest. 

 The Bank of Lebanon has intervened repeatedly in recent months to defend the pound against speculators on the currency markets. The pound currently trades at 1,520 pounds to the dollar. 

 Prime Minister Rafik Hariri has made it a pillar of his policies to maintain the value of the currency. 

 Financial experts in Beirut see the loans as expressing confidence in the pound. 

 (END) Dow Jones Newswires 05-05-98 

 1352GMT"
Lebanon central bank intervenes  to support pound. ,1997-11-14," BEIRUT, Nov 14 (Reuters) - Lebanon's central bank intervened in the currency market to support the pound on Friday amid talk of a possible near-term assault on the local currency, dealers said. 

 ""This is what we have been hearing,"" one dealer said. ""But I don't think there will be a catastrophe because the central bank always intervenes to back the pound."" 

 The central bank's bid-offer intervention band was 1525.00-1535.00 compared to last week's 1525.50-1535.50. 

 Inter-bank dollar trading was in the range of 1535.00-1535.50 compared to last week's 1535.50-1536.00. 

 The central bank said on Tuesday it was offering to swap Lebanese pound-denominated treasury bills at interest rates well above those on existing finance ministry T-bills. 

 A banking source said the move reflected the central bank's policy of supporting the Lebanese pound, which has come under pressure over the last two months. 

 The central bank had attributed growing pressure on the foreign exchange reserves to the currency crisis in Asia. But Lebanon has also been struggling with a large fiscal deficit that has pushed the level of debt close to the annual gross domestic product. 

 The central bank warned this year that interest rates, which have fallen in the past two years, could not ease further unless the government acted to control the deficit. 

 -- Beirut editorial (9611) 745308 745307 602057 

 (c) Reuters Limited 1997"
Lebanon  Central Banker/Pound -2:  Intervened  In Sept. ,1997-10-30," Salameh said that there is some risk of ""stagnation"" if foreign investors stay out of emerging markets for some time. But ""liquidity has to be placed somewhere,"" and the Middle East, which attracted little institutional money so far, could benefit, he said. 

 Last month, the Lebanese central bank had to buy a substantial amount of Lebanese pounds during a feud among the country's top officials, stemming from a proposed budget plan that would have raised gasoline taxes. 

 Salameh wouldn't specify the exact amount of the bank's purchases, but said the estimates of $1 billion to $1.5 billion mentioned in Lebanese political circles are exaggerated. 

 The Bank of Lebanon has said that its foreign exchange reserves stood at $6.35 billion at the end of September, down $89.37 million from the middle of that month. Mid-October figures are due out Monday. 

 Lebanon's parliament has begun considering a new budget proposal, calling for $800 million in new revenues from increased car-registration fees and other measures. Enactment of the budget would mean total debt will stand at 90% of gross domestic product by the end of next year, compared with 85% today, Salameh said. 

 Reduction of the budget deficit to 12% of GDP from the current 17% to 18% would be seen as a ""major change in behavior in the public sector,"" he said. 

 (END) DOW JONES EMERGING MARKETS REPORT  30-10-97 

 1625GMT 

 1196 1802"
Lebanon  Central Banker/Pound -2:  Intervened  In Sept. ,1997-10-30," Salameh said that there is some risk of 'stagnation' if foreign investors stay out of emerging markets for some time. But 'liquidity has to be placed somewhere,' and the Middle East, which attracted little institutional money so far, could benefit, he said. 

 Last month, the Lebanese central bank had to buy a substantial amount of Lebanese pounds during a feud among the country's top officials, stemming from a proposed budget plan that would have raised gasoline taxes. 

 Salameh wouldn't specify the exact amount of the bank's purchases, but said the estimates of $1 billion to $1.5 billion mentioned in Lebanese political circles are exaggerated. 

 The Bank of Lebanon has said that its foreign exchange reserves stood at $6.35 billion at the end of September, down $89.37 million from the middle of that month. Mid-October figures are due out Monday. 

 Lebanon's parliament has begun considering a new budget proposal, calling for $800 million in new revenues from increased car-registration fees and other measures. Enactment of the budget would mean total debt will stand at 90% of gross domestic product by the end of next year, compared with 85% today, Salameh said. 

 Reduction of the budget deficit to 12% of GDP from the current 17% to 18% would be seen as a 'major change in behavior in the public sector,' he said. 

 (END) AP-DOW JONES NEWS 30-10-97 

 1625GMT 

 1196"
Lebanon  Central Banker/Pound -2:  Intervened  In Sept. ,1997-10-30,"
   Salameh said that there is some risk of ""stagnation"" if
foreign investors stay out of emerging markets for some
time. But ""liquidity has to be placed somewhere,"" and the
Middle East, which attracted little institutional money so
far, could benefit, he said.
   Last month, the Lebanese central bank had to buy a
substantial amount of Lebanese pounds during a feud among
the country's top officials, stemming from a proposed
budget plan that would have raised gasoline taxes.
   Salameh wouldn't specify the exact amount of the bank's
purchases, but said the estimates of $1 billion to $1.5
billion mentioned in Lebanese political circles are
exaggerated.
   The Bank of Lebanon has said that its foreign exchange
reserves stood at $6.35 billion at the end of September,
down $89.37 million from the middle of that month.
Mid-October figures are due out Monday.



   Lebanon's parliament has begun considering a new budget
proposal, calling for $800 million in new revenues from
increased car-registration fees and other measures.
Enactment of the budget would mean total debt will stand at
90% of gross domestic product by the end of next year,
compared with 85% today, Salameh said.
   Reduction of the budget deficit to 12% of GDP from the
current 17% to 18% would be seen as a ""major change in
behavior in the public sector,"" he said.



(END) DOW JONES NEWS  10-30-97



1125EST


 1196 4117 4300"
Demand for dollar eases in Lebanon  forex  market. ,1997-10-24," BEIRUT, Oct 24 (Reuters) - The Lebanese central bank intervened to support the local pound in the foreign exchange market in the week ended on Friday but demand for the dollar eased, dealers said. 

 ""The central bank intervened but not as much as two weeks ago,"" said one dealer, referring to a period when political tensions raised demand for the dollar. 

 ""There were small tensions in the market. But there was not much demand for the dollar. The pound was a little bit stronger,"" he added. 

 The Bank of Lebanon's bid-offer intervention band was 1526.50-1536.50 compared to last week's 1527.00-1537.00. 

 Inter-bank dollar trading was in the range of 1536.00-1537.00 against last week's 1536.00-1538.50. 

 - Beirut editorial (9611) 745308 745307 602057 

 beirut.newsroom@reuters.com 

 (c) Reuters Limited 1997"
Lebanese pound gains by end of week on budget hopes. ,1997-10-17," BEIRUT, Oct 17 (Reuters) - The Lebanese pound gained ground by the close of the week ending on Friday after political leaders put aside their differences over the 1998 budget, dealers said. 

 They said demand for the dollar had eased at the end of the week after Prime Minister Rafik al-Hariri and Parliament Speaker Nabih Berri ended a dispute over the budget, which still needs parliamentary approval. 

 ""At the end of the week the market was much better after the two leaders came to an agreement,"" said one dealer. 

 The Lebanese pound has been more sensitive to events in the political arena since Hariri's plan to partly finance a controversial $800 million development plan by raising petrol prices was rejected by the cabinet on September 24. 

 Dealers said the Lebanese currency had recovered from the cabinet's decision last week. 

 The Bank of Lebanon's bid-offer intervention band was 1527.00-1537.00 Lebanese pounds compared to last week's 1527.50-1537.50. 

 ""The central bank intervened but not that much because demand for the dollar decreased by the end of the week,"" said another dealer. 

 Inter-bank dollar trading was in the range of 1536.00-1538.50 against last week's 1537.00-1538.50. 

 - Beirut editorial (9611) 745308 745307 602057 

 beirut.newsroom@reuters.com 

 (c) Reuters Limited 1997"
Lebanon central bank intervenes  on  forex  market. ,1997-09-19," BEIRUT, Sept 19 (Reuter) - Lebanon's central bank intervened to satisfy demand for the dollar which outpaced supply in the week ended on Friday, dealers said. 

 ""There was some dollar supply this week but demand was a little bit higher than that supply and the central bank intervened to satisfy the market,"" a dealer said. 

 ""The demand came from investors who had Lebanese pound denominated treasury bills which matured and were not renewed so they shifted to the U.S. currency,"" the dealer said. The Bank of Lebanon's bid-offer intervention band was 1529.00-1539.00 pounds against last week's 1529.50-1539.50. 

 Inter-bank dollar trading was in the range 1538.75-1539.25 Lebanese pounds compared to last week's 1539.25-1540.75, the dealer said. 

 -- Beirut editorial (9611) 745307 745308 

 (c) Reuters Limited 1997"
Bank of Lebanon  forex  reserves fall in mid-Sept. ,1997-09-17," BEIRUT, Sept 17 (Reuter) - The Bank of Lebanon's gross foreign exchange reserves fell in the first half of September for the first time in 17 months, dropping $160.44 million to $6.437 billion, the central bank said on Wednesday. 

 Banking sources said the drop in the foreign exchange reserves was mainly because commercial banks withdrew a total of $110.44 million from deposits at the central bank. 

 This was the first drop in the gross foreign reserves of the central bank since the second half of April 1996 when they dropped by $95.67 million to $4.683 billion. 

 On Friday, Central Bank Governor Riad Salameh said the bank would continue to intervene on foreign exchange markets, keeping a narrow bid-offer spread and ensuring a steady appreciation of the Lebanese pound which collapsed during the 1975-90 civil war. 

 Last week, the Bank of Lebanon lowered its bid-offer intervention band for the local currency to 1529.50-1539.50 pounds to the dollar against 1530.00-1540.00 a week earlier. 

 Gross reserves had risen by $1.5 million in the second half of August to $6.598 billion. They include commercial banks' net foreign exchange deposits with the central bank. 

 The bank gave no figure for net reserves but banking sources said they dropped to $4.350 billion in mid-September from $4.400 billion at the end of August. 

 According to the banking sources, net reserves stood at $4.015 billion at the end of 1996 compared with $2.858 a year earlier. 

 - Beirut editorial (961 1) 745307 745308 602057 

 (c) Reuters Limited 1997"
Dollar demand steady on  Lebanon  market. ,1997-09-05," BEIRUT, Sept 5 (Reuter) - Lebanon's central bank intervened to satisfy demand for the dollar on the foreign exchange market in the week ended on Friday, dealers said. 

 Inter-bank dollar trading was in a range of 1539.75-1540.25 Lebanese pounds compared to last week's 1539.25-1540.00, the dealers said. 

 The Bank of Lebanon's bid-offer intervention band was 1530.00-1540.00 pounds against last week's 1531.00-1540.00. 

 Dealers said there was steady demand for the dollar throughout the week. 

 ""There were not enough dollars supplied by the market. The central bank had to intervene,"" said one. 

 -- Beirut editorial (9611) 745307 745308 

 (c) Reuters Limited 1997"
Lebanese pound edges up in week. ,1997-08-29," BEIRUT, Aug 29 (Reuter) - Trading in the Lebanese pound remained close to the upper end of the central bank's bid-offer intervention band and the dollar lost ground in the week ended on Friday, dealers said. 

 Inter-bank dollar trading was in a range of 1539.25-1540.00 Lebanese pounds compared to last week's 1540.00-1540.20, the dealers said. 

 The Bank of Lebanon's bid-offer intervention band was 1531.00-1540.00 Lebanese pounds against last week's 1531.50-1540.50. 

 ""The dollar was in equilibrium between supply and demand at the start of the week and then demand eased,"" said one dealer. ""Demand eased even though there were problems in the south."" 

 Four Israeli troops and four guerrillas of the pro-Syrian Amal Movement were killed in violence in south Lebanon on Thursday, capping the region's bloodiest month in over a year. 

 A dealer said the central bank had intervened on the foreign exchange market but the market had satisfied demand for the dollar. - Beirut editorial (9611) 745307 745308 

 (c) Reuters Limited 1997"
Lebanese pound edges down on week. ,1997-08-14," BEIRUT, Aug 14 (Reuter) - The Lebanese pound traded at the upper end of the central bank's bid-offer intervention band in the week ended on Thursday amid continued demand for U.S. dollars on the Beirut foreign exchange market, dealers said. 

 The inter-bank trading of the dollar was in a range of 1541.00-1541.50 Lebanese pounds against last week's range of 1,535.00-1,541.50, dealers said. 

 The Bank of Lebanon's bid-offer intervention band was 1,532.00-1,541.00 Lebanese pounds compared to last week's 1,532.50-1,541.50, continuing the official policy of a slight pound appreciation. 

 Investors who did not renew subscription in Lebanese-pound-denominated treasury bills shifted to dollars, said a dealer, who asked not to be identified. 

 ""Demand for dollars was much higher than offer, which was very light because some matured treasury bills were not renewed,"" he added. 

 Banks and financial markets will close on Friday for the Assumption day holiday. 

 -- Beirut editorial (9611) 745307 745308 

 (c) Reuters Limited 1997"
Dollar supply climbs in Lebanon  forex  market. ,1997-08-01," BEIRUT, Aug 1 (Reuter) - The Bank of Lebanon intervened on the Beirut foreign exchange market for the fifth straight week to satisfy dollar demand before supply climbed near the end of the week, dealers said on Friday. 

 The bank's bid-offer intervention band was 1,533.00-1,542.00 over last week's 1,533.50-1,542.50. 

 Dealers said the dollar supply rose after the United States' decision on Wednesday to lift a 10-year-old ban on its citizens travelling to Lebanon. 

 ""Before the announcement on the ban there was demand for the dollar and low supply. But afterwards the dollar supply increased,"" said one dealer. 

 ""In the last two days, the dollar was traded between the central bank's range and not at the top of its band because there was a big supply of dollars after the travel ban news,"" said another. 

 In interbank trading, dealers said the dollar weakened and hit 1,538-1,539 Lebanese pounds by Friday, falling from 1,542-1,542.50 a few days earlier. -- Beirut editorial (9611) 745307, 745308 

 (c) Reuters Limited 1997"
Lebanese cen. bank sells small amount dlrs-dealers. ,1997-07-25," BEIRUT, July 25 (Reuter) - The Bank of Lebanon intervened on Beirut foreign exchange markets for the fourth straight week to meet demand for the dollar, keeping the price range almost unchanged, dealers said on Friday. 

 The bank's bid-offer intervention band was 1,533.50-1,542.50 Lebanese pounds, indicating a pound marginally stronger than last week's 1,534-1,543. ""The bank lowered its price range,"" said a broker. 

 ""There was a little bit of demand for the U.S. currency but not a dangerous amount,"" said another dealer. ""The bank did not sell a lot of dollars."" 

 In interbank trading, the dollar edged down to 1,542-1,542.50 Lebanese pounds from last week's 1,542.5-1,543 pounds, dealers said. 

 It was the fourth straight week that the central bank had intervened to satisfy demand for dollars, dealers said. 

 (c) Reuters Limited 1997"
Lebanese pound steady in c.bank's price range. ,1997-07-18," BEIRUT, July 18 (Reuter) - The Bank of Lebanon intervened on the Beirut foreign exchange for the third straight week to satisfy demand for dollars in the week ended on Friday, selling the dollars for 1,543 Lebanese pounds, dealers said. 

 The bank's bid-offer intervention band was 1,534-1,543 Lebanese pounds against last week's 1,534.5-1,543. 

 Interbank trading, meanwhile, climbed to 1,542.5-1,543 Lebanese pounds from last week's 1,542-1542.75 pounds. 

 ""There was demand from banks for dollars. The central bank was selling dollars. There was no change from last week. The market has the same sentiments,"" said a broker. 

 It was the third week that the central bank has intervened at the top of its bid-offer intervention band to sell dollars, dealers said. 

 Some dealers said the central bank was merely setting a price range to keep market forces at work. 

 ""The bank was not intervening. It set a price ceiling and floor in order to keep the dollar steady and let the market play its role,"" he said. 

 He added that the purchase of dollars was being fuelled by greater investor interest in buying shares on the Beirut Stock Exchange. 

 (c) Reuters Limited 1997"
B.of  Lebanon intervened  in past wk on  forex  market. ,1997-07-11," BEIRUT, July 11 (Reuter) - The Bank of Lebanon intervened on the Beirut foreign exchange market to meet demand for dollars in the week ended on Friday, selling the dollars for 1,543 Lebanese pounds, at the top of its intervention band, dealers said. 

 The central bank intervened at 1,543 from Monday to Thursday but stopped on Friday when dollar supply reappeared on the market and the pound climbed to 1,542-1,542.75 in interbank trading, dealers said. 

 It was the second week that the central bank has intervened at the top of its bid-offer intervention band to sell dollars. It sold at 1,543-1,543.5 last week. 

 The bank changed the intervention band during the past week to 1,534.5-1,543 from 1,535.5-1,543. 

 ""Yesterday and every day before that we were buying dollars at the Bank of Lebanon rate of 1,543 pounds, but today there was a bit of dollar supply on the market so we were dealing below the central bank rate at 1,542-1,542.75,"" a dealer who asked not to be identified told Reuters. 

 ""At the end of the week there were some good signs because I think there is some saturation on the market and there is a supply of dollars,"" he said. 

 Dealers last week said political problems were causing increased demand for dollars. 

 They cited a civil disobedience campaign launched in eastern Lebanon by a radical Shi'ite cleric, a dispute between President Elias Hrawi and Prime Minister Rafik al-Hariri over command of internal security troops and a flare-up of fighting in south Lebanon between Moslem guerrillas and Israeli troops. 

 -Beirut editorial (9611) 345723 345740 602057 

 (c) Reuters Limited 1997"
Lebanon pound falls on political ills-dealers. ,1997-07-04," BEIRUT, July 4 (Reuter) - The Bank of Lebanon intervened on the Beirut foreign exchange market in the week ended on Friday, selling dollars at the upper limit of its bid-offer intervention band to meet demand for the U.S. currency, dealers said. 

 They said the Lebanese pound fell to 1,543.5 to the dollar on Thursday and the central bank intervened on Friday to buy pounds at 1,543 -- the upper limit of the band. Dealers cited political uncertainties for the trend. 

 The central bank lowered the intervention band during the week to 1,535.5-1,543 pounds per dollar from last week's 1,535.5-1,544. 

 The pound traded in inter-bank trade last week in a range of 1,539-1,542.5. 

 Dealers said there was a small amount of inter-bank trade at prices 25 to 50 piastres below the central bank rate but most of the demand for dollars could not be met by commercial banks. 

 ""The central bank intervened and sold dollars in the market. Many banks bought from the central bank,"" a dealer who asked not to be identified said of this week's trade. 

 ""Last week there was a central bank selling price for dollars but the market was below this. This week the market reached the central bank rate and banks bought dollars from it,"" he said. 

 ""Many banks bought dollars directly from the Bank of Lebanon because there was some demand for dollars and no supply because of the political situation,"" he added. 

 He cited a civil disobedience campaign launched in eastern Lebanon on Friday by a radical Shi'ite cleric, a dispute between President Elias Hrawi and Prime Minister Rafic al-Hariri over command of internal security troops and fighting in south Lebanon between Moslem guerrillas and Israeli troops. 

 ""Because of all this there was some tension in the market and demand for dollars,"" the dealer said. 

 (c) Reuters Limited 1997"
Lebanese pound edges down on week. ,1997-06-27," BEIRUT, June 27 (Reuter) - The Lebanese pound edged closer to the upper end of the central bank's bid-offer intervention band in the week ended on Friday amid continued demand for U.S. dollars on the Beirut foreign exchange market, dealers said. 

 The dollar traded in inter-bank trade in a range of 1,539-1,542.5 pounds compared with 1,538-1,541 last week and 1,536-1,537.5 the week before, they said. 

 This was near the upper end of the intervention band which the Bank of Lebanon lowered during the week to 1,535.5-1,544 pounds per dollar from last week's 1,535.5-1,545. 

 ""I think the highest deal during the week was 1,542.5, but 1,543 was the highest price quoted,"" a dealer who asked not to be identified told Reuters. 

 He said there was some supply of dollars and the market was balanced. 

 ""We didn't reach (top end of) the Bank of Lebanon rate. I don't think anyone bought dollars from the central bank,"" he said. 

 Dealers said last week restrictions of allocations of shorter-term pound-denominated treasury bills by the central bank were helping to boost demand for dollars as investors who were allowed to buy only a small fraction of the bills they bid for changed their excess funds back to dollars. 

 On Friday, dealers said there was no change of trend on the market on which the Lebanese pound has steadily appreciated against the U.S. currency for the past five years. 

 However, the dollar was routinely in over-supply for several months until early June and traded for weeks in a tight range of a few dozen piastres at the bottom of the central bank's intervention rate. 

 Asked why the dollar was now more in demand, a dealer said restrictions on t-bill allocations were still affecting the market and there was some political tension. 

 This appeared a reference to controversy over the government's June 10 decision to raise import duties on cars and ban imports of some food products from October in a bid to reduce the heavy trade deficit and stimulate local agriculture. 

 -Beirut editorial (9611) 345723 345740 602057 

 (c) Reuters Limited 1997"
Bank of Lebanon buys dollars - Governor. ,1997-05-21," BEIRUT, May 21 (Reuter) - The Bank of Lebanon has bought more than $900 million on the Beirut foreign exchange market since the start of 1997, Governor Riad Salameh said on Wednesday. 

 ""The Bank of Lebanon has intervened as a buyer of more than $900 million since the beginning of the year,"" Salameh told Arab bankers and financiers at a conference in Beirut. 

 The rate of dolarisation of bank deposits fell to 55 percent in April, he added. 

Foreign exchange dealers told Reuters the central bank had consistently bought dollars on the market this year. 

 ""There have only been about 20 days on which the Bank of Lebanon did not take dollars from the market,"" Talal Abou Zaki, forex manager at Bank of Beirut and the Arab Countries, said. 

 ""There are still people offering dollars and switching to Lebanese pounds, and I think there are also outside investors taking advantage of high interest rates on the Lebanese pound who are buying treasury bills,"" Abou Zaki said. 

 The Lebanese pound has continued its steady appreciation against the U.S. dollar during 1997. 

 It is currently at 1,542.5 to the dollar compared with 1,552 at the end of December 1996. 

 - Beirut editorial (9611) 345723 345740 602057 

 (c) Reuters Limited 1997"
Lebanese pound up on dollar in week. ,1997-05-15," BEIRUT, May 15 (Reuter) - The Lebanese pound continued to rise against the dollar in the week ended on Thursday, and dealers said there was heavy supply of U.S. currency during the the four working days. 

 The Bank of Lebanon lowered its bid-offer intervention band during the week to 1,538-1,547.5 pounds per dollar from 1,538.5-1,548 and the dollar traded at the bottom of the band throughout the week, dealers said. 

 Shadi Hanna, Treasurer at Byblos Bank, said the dollar's supply was high and trade was restricted to a tight range of 75 piasters at the bid end of the intervention band, putting it at 1,538.25-1,539. 

 Last week the dollar closed at 1,538.5-1,539 pound in interbank trading. 

 ""All demand for dollars was met by commercial banks and the Central Bank bought between $5 million to $10 million,"" Hanna told Reuters. 

 Markets will be closed on Friday for Moslem Ashoura holiday. 

 (c) Reuters Limited 1997"
Lebanese pound firms against dollar. ,1997-04-14," BEIRUT, April 14 (Reuter) - The Lebanese pound regained ground against the U.S. dollar in quiet interbank trade in Beirut on Monday and dealers said the market was calming down after a flurry of activity last week. 

 The market opened at 1,546-1,549 pounds to the dollar from 1,548.5 on Friday, but the Lebanese currency firmed steadily during the morning to 1,543-1,545, a dealer who asked not to be identified told Reuters. 

 The pound moved at the close to 1,545-1,548 per dollar as some banks closed their positions, the dealer added. He estimated trade at $4-$5 million. 

 The Bank of Lebanon's bid-offer intervention band was unchanged from last week's 1,540-1549.5 pounds per dollar. 

 ""All trade was within the Bank of Lebanon's intervention rate and there was some selling of dollars by banks due to treasury bill purchases and the Eid al-Adha holiday on Thursday,"" the dealer added. 

 ""I think it is a matter of time before we have a calm market again. There was nothing special today,"" he said. 

 Last week the pound fell six points against the dollar within the central bank's intervention band in interbank trade as one commercial bank bought a large amount of the U.S. currency, putting pressure on the Lebanese pound. 

 - Beirut editorial (961 1) 345723 345740 602057 

 (c) Reuters Limited 1997"
Lebanese pound eases against dollar. ,1997-04-11," BEIRUT, April 11 (Reuter) - The Lebanese pound fell back against the dollar in interbank trade in the week ended on Friday amid heavy demand for U.S. currency, dealers said. 

 They said commercial banks traded the pound at 1548.5 per dollar -- six pounds stronger than the previous week's interbank rate of 1,542.5 and 2.5 pounds above Thursday's 1,546. 

 The Bank of Lebanon lowered its bid-offer intervention band during the week to 1,540-1549.5 pounds per dollar from 1,540.5-1,550 last week. 

 Dealers said a large dollar order by one commercial bank created pressure at the beginning of the week. 

 ""Demand for dollars continued as a result of political uncertainty arising from the issue of municipal elections,"" Nabil Abou Jaoude, Treasury and Forex manager for Banque Libanaise pour le Commerce told Reuters. 

 The government's withdrawal of the elections bill last week angered President Elias Hrawi, Christian and leftist opposition and caused concern that the government might delay the elections which are due in June. 

 ""Another factor is the restrictions imposed by the central bank on short term treasury bills which led non-resident investors to shift to U.S. currency,"" he said. 

 Pressure on the market slowed down trading operations on Friday, dealers said. 

 ""Despite many questions asked on the market, trade was thin today. It seems everyone was in a wait-and-see state after the bid-offer margin was close to one pound,"" Abou Jaoude said. 

 All demand for dollars was met by commercial banks without central bank intervention, Shadi Hanna Treasurer for Bank Byblos told Reuters. 

 ""The market was very normal and the central bank is in full control. The rise of the U.S. dollar is a technical matter,"" Hanna said. 

 -Beirut editorial (961 1) 602057 745307 745308 

 (c) Reuters Limited 1997"
Lebanese pound wobbles on political uncertainty. ,1997-04-04," BEIRUT, April 4 (Reuter) - The Lebanese pound initially continued its steady rise against the U.S. dollar for the first three days of the week but fell back slightly in interbank trade on Friday due to political uncertainties, dealers said. 

 The Bank of Lebanon lowered its bid-offer intervention band during the week to 1,540.5-1550 pounds per dollar from 1,541-1,550.5. 

 Dealers said commercial banks traded the pound from Tuesday to Thursday after the long Easter weekend at 1,541.5 per dollar -- one pound stronger than the previous week's interbank rate of 1,542.5. 

 However, Thursday's resignation of Constitutional Council chief Wajdi al-Mallat and the government's withdrawal of a bill to amend the municipal elections law sparked increased dollar demand on Friday and the pound fell back to 1,542.5 per dollar. 

 All demand for dollars was met by commercial banks without central bank intervention, dealers said. 

 The withdrawal of the elections bill caused concern among politicians and the media that the government might delay the first local elections since 1963 which are due in June. 

 ""Trade among banks was quiet in the first three days of the week at one pound above the bid end of the intervention band,"" Talal Abou Zaki, Forex Manager for Bank Beirut and the Arab Countries said, ""but due to political confusion on Thursday the dollar was traded two pounds above the bid end."" 

 ""The resignation of the head of Constitutional Council and indications of a postponement of municipal elections had some effect on the currency trade in the market,"" Abou Zaki said. 

 Mallat resigned amid reports that the Constitutional Council was facing heavy political pressures over appeals it is handling against the results of last year's parliamentary elections. 

 The withdrawal of the elections bill raised expectations of a possible dispute between Prime Minister Rafik al-Hariri and President Elias Hrawi who has made clear that he opposes any delay in holding the elections. 

 -Beirut editorial (961 1) 602057 745307 745308 

 (c) Reuters Limited 1997"
Lebanese pound continues rise against dollar. ,1997-03-27," BEIRUT, March 27 (Reuter) - The Lebanese pound continued its rise against the U.S. dollar in the week ended on Thursday despite heavy demand for U.S. dollars which dealers said was met by commercial banks. 

 The market will be closed on Friday and Monday for the Good Friday and Easter Monday holidays. 

 The Bank of Lebanon lowered its bid-offer intervention band to 1,541-1,550.5 pounds per dollar from 1,541.5-1,551 and dealers said commercial banks traded the U.S. currency during the week at 1,541-1,542.5 pounds. 

 ""The dollar traded in heavy demand among banks at 1.5 pounds above the bid end of the intervention band due to the maturity of the three- and six-month treasury bills that were not renewed by the central bank,"" Nabil Abou Jaoude, Treasury and Forex manager for Banque Libanaise pour le Commerce said. 

 Foreign investors unable to renew their matured t-bill subscriptions had changed their money back into dollars, Abou Jaoude said. 

 -Beirut editorial (961 1) 602057 745307 745308 

 (c) Reuters Limited 1997"
Lebanese pound continues rise against dollar. ,1997-03-14," BEIRUT, March 14 (Reuter) - The Lebanese pound continued rising against the U.S. dollar in the week ended on Friday, and dealers said the latest central bank decision to exempt banks from mandatory t-bill subscriptions relaxed the market. 

 The Bank of Lebanon lowered its bid-offer intervention band to 1,542-1,551.5 pounds per dollar from last week's 1,542-1,552.5, and the dollar traded at the bottom of the band throughout the week, dealers said. 

 Nabil Abou Jaoude, Treasury and Forex Manager at Banque Libanaise pour Le Commerce, said trade was restricted to a tight range of up to 65 piastres at the bid end of the intervention band. 

 There was some demand for dollars, but all was met by the banks, he said. 

 Market sentiment was positively affected by Wednesday's central bank decision to exempt commercial banks from compulsory subscription of 40 percent of their Lebanese pound deposits in treasury bills, Abou Jaoude said. 

 ""This decision left a positive psychological influence on the market, and we still await for more relaxing decisions from the central bank,"" he added. 

 -Beirut editorial (961 1) 602057 745307 745308 

 (c) Reuters Limited 1997"
Lebanese pound continues rise against dollar. ,1997-03-07," BEIRUT, March 7 (Reuter) - The Lebanese pound continued its rise against the U.S. dollar in an active market in the week ended on Friday, and dealers said there was some demand for dollars that was met by commercial banks. 

 The Bank of Lebanon lowered its bid-offer intervention band to 1,542-1,552.5 pounds per dollar from 1,543-1,552.5 and the dollar traded at the bottom of the band throughout the week, dealers said. 

 Talal Abou Zaki, Manager of Forex and Money market for Bank of Beirut and the Arab Countries, said trade was restricted to a tight range of 25 to 75 piastres at the bid end of the intervention band. 

 There was some demand for dollars by foreign investors but all were met by the banks without intervention by the central bank, a dealer said. 

 ""Foreign investors whose Lebanese pound-denominated treasury bills matured and did not want to buy new bills were demanding dollars, but their demands were met by the banks with no intervention from the central bank,"" the dealer added. 

 -Beirut editorial (961 1) 602057 745307 745308 

 (c) Reuters Limited 1997"
Lebanese pound continues slight rise on dollar. ,1997-02-07," BEIRUT, Feb 7 (Reuter) - The Lebanese pound continued to strengthen slightly against the U.S. dollar in the week ended Friday in a quiet market despite the heated parliamentary debate on the 1997 state budget, dealers said. 

 The Bank of Lebanon lowered its bid-offer intervention band to 1,544.5-1,554 pounds per dollar from 1,545-1,554.5 and the dollar continued to trade at the bottom of the band throughout the week, dealers said. 

 ""The heated parliamentary debate did not leave any influence on the market as investors knew that this debate will not affect the budget figures,"" Talal Abou Zaki, manager of forex and money market for Bank of Beirut and the Arab Countries, told Reuters. 

 After five days of heated debate, parliament approved on Monday a 6,433 billion pounds ($4.15 billion) state budget for 1997 with a 36 percent deficit of income against expenditure. 

 Abou Zaki said investors are still interested in Lebanese pound-denominated treasury bills as their yields continued to fall. 

 ""The trend is still the same, there is dollar offer and pound demand orders because investors see the trend of the Lebanese pound interest rates decreasing,"" he added. 

 Yields on Lebanese pound-denominated treasury bills continued to fall during the week. They now stand at 13.96 percent for three-month maturities, and 14.98 percent, 15.37 percent and 16.34 percent for six-month, one-year and two-year bills respectively. 

 Trade on the Beirut foreign exchange market was restricted to a very tight range of 10-20 piastres at the bid end of the central bank's intervention band, Abou Zaki said. All the offer of dollars was taken up by commercial banks, he added. 

 -Beirut editorial (961 1) 602057 345740 345723 

 (c) Reuters Limited 1997"
Lebanese pound continues rise against dollar. ,1997-01-31," BEIRUT, Jan 31 (Reuter) - The Lebanese pound continued its rise against the U.S. dollar in the week ended Friday on a quiet market despite falling interest rates, dealers said. 

 The Bank of Lebanon lowered its bid-offer intervention band to 1,545-1,554.5 pounds per dollar from 1,545.5-1,555 and the dollar continued to trade at the bottom of the band throughout the week, dealers said. 

 ""It is still the same trend, there is dollar offer and pound demand orders because investors see the trend of the Lebanese pound interest rates decreasing,"" Talal Abou Zaki, manager of forex and money market for Bank of Beirut and The Arab Countries, told Reuters. 

 Yields on Lebanese pound-denominated treasury bills continued to fall during the week. They now stand at 14.08 percent for three month bills, 15.56 percent for six months, 15.84 percent for 12 months and 17.14 percent for 24-month bills. 

 Trade on the foreign exchange market was restricted to a very tight range of 10-15 and maximum 20 piastres at the bid end of the central bank's intervention band, Abou Zaki said. All the offers of dollars were taken up by commercial banks, he added. 

 -Beirut editorial (961 1) 602057 345740 345723 

 (c) Reuters Limited 1997"
Exotic  Currency  Focus: Lebanon Pays For Strong Pound ,1997-01-28," New York (AP-Dow Jones)--High hopes are being pinned on a comprehensive Middle East peace settlement and Lebanon's multi-billion dollar reconstruction program to ensure the continued stability of the Lebanese pound. 

 With the combined economic benefits of a peace agreement and a restored infrastructure, the Bank of Lebanon might be able to abandon its policy of heavy interventions and high interest rates that it has used to support the currency, some analysts said. 

 This in turn could relieve the country's yawning fiscal deficit, a result of spending for reconstruction programs and debt servicing, which some analysts warn is inflationary and could subvert the government's efforts to maintain a stable currency. 

 Suha Najjar, a Middle East analyst at Nomura Research in London, said the central bank isn't expected to relax its monetary policy until the country enjoys greater political and economic stability. 

 The pound has appreciated 18% against the U.S. dollar since the beginning of 1993 and was quoted at a dollar rate of 1550 Tuesday by Banque Saradar S.A.L. in Lebanon. 

 In 1992, as Lebanon was beginning its recovery from a 16-year civil war that left damages estimated at $30 billion, the pound was at a dollar rate of 2,000. 

 Since then, the government of Prime Minister Rafik al-Hariri has maintained a steadfast policy of strengthening the pound as a means to restoring investor confidence in the post-war economy. 

 (MORE) AP-DOW JONES NEWS 28-01-97 

 2100GMT 

 1106 1838"
Lebanese pound continues rise against dollar. ,1997-01-24," BEIRUT, Jan 24 (Reuter) - The Lebanese pound continued to rise against the U.S. dollar in the week ended Friday in quiet trade, despite falling interest rates on the currency, dealers said. 

 The Bank of Lebanon lowered its bid-offer intervention band to 1,545.5-1,555 pounds per dollar from 1,546-1,555.50, with the dollar continuing to trade at the bottom of the band throughout the week, dealers said. 

 ""People are still interested in investing in the Lebanese pound despite the decrease in interest rates,"" Nabil Abou Jaoude, treasurer and chief dealer for Banque Libanaise pour le Commerce, told Reuters. 

 Trade on the foreign exchange market was restricted to a very tight range of 20-25 piastres at the bid end of the central bank's intervention band, Abou Jaoude said. All dollar offers were taken up by commercial banks, he added. 

 Yields on Lebanese pound-denominated treasury bills also continued to fall during the week. They now stand at 14.17 percent for three-month bills, 15.89 percent for six months, 16.38 percent for 12 months and 18.12 percent for 24-month bills. 

 The Lebanese Banks Association also reduced the pound prime lending rate last week to 18 percent from 24 percent to catch up with the downward trend in t-bill yields. 

 -Beirut editorial (961 1) 602057 345740 345723 

 (c) Reuters Limited 1997"
Lebanese pound strengthens further during week. ,1997-01-17," BEIRUT, Jan 17 (Reuter) - The Lebanese pound continued its steady appreciation against the U.S. dollar in the week ended Friday on a quiet market with a continued oversupply of dollars, dealers said. 

 The Bank of Lebanon lowered its bid-offer intervention band to 1,546-1,555.50 pounds per dollar from 1,546.5-1,556 and the dollar again traded at the bottom of the band throughout the week, dealers said. 

 The central bank bought most of the dollars on offer and commercial banks absorbed only 15-20 percent, dealers said. 

 ""People are not buying dollars and the amounts offered are above the banks' commercial requirements,"" Talal Abou Zaki, forex manager for Bank of Beirut and the Arab Countries, told Reuters. 

 Trade was limited to a very tight band of 10-25 piastres at the bid end of the central bank's intervention band, Abou Zaki said. 

 After the Bank lowered its bid rate to 1,546 pounds on Tuesday, the dollar traded at 1,546-1,546.25 or 1,546.05-1,546.15, he added. 

 ""The mood is still in favour of the Lebanese pound because people are convinced by the high interest rates on the pound and have no fears about the political or security situation,"" Abou Zaki said. 

 -Beirut editorial (961 1) 602057 345740 345723 

 (c) Reuters Limited 1997"
Dollar well offered on Beirut  forex  market. ,1997-01-10," BEIRUT, Jan 10 (Reuter) - The dollar was well offered on the Beirut foreign exchange market in the week ending on Friday with trading restricted to a very narrow band at the bottom of the central bank's intervention band, dealers said. 

 The Bank of Lebanon continued its steady reduction of the intervention rate, lowering its offer rate by one Lebanese pound to 1,546.5-1,556 from last Friday's 1,546.5-1,557. 

 ""Trading was at the bid side of the central bank's intervention rate with dollars offered at as little as five or 10 piastres above it,"" a dealer told Reuters. 

 He said that in terms of percentages the bid-offer spread on the interbank market was one of the lowest in the world. 

 The dollar supply to the market came from normal commercial requirements as well as from foreign interest in the local treasury bill market in the New Year, the dealer added. -- Beirut newsroom (961 1) 602057 345740 345723 

 (c) Reuters Limited 1997"
Lebanese pound strengthens in quiet market. ,1996-11-29," BEIRUT, Nov 29 (Reuter) - The Lebanese pound strengthened against the dollar in the week ended on Friday with trade confined to a tight 15-25 piastres spread at the bottom of the Bank of Lebanon's intervention band, dealers said. 

 The market was not very active, they said. 

 The central bank twice adjusted its bid-offer intervention band by 50 piastres during the week to reach 1,550-1,558 Lebanese pounds per dollar from 1,551-1,558 at last Friday's close. 

 Political events, including a sometimes hard-hitting parliamentary confidence debate on Prime Minister Rafik al-Hariri's new government followed by a partially effective general strike on Thursday against Hariri's policies, had no impact on the market, dealers said. 

 ""The political events did not affect the market in the least,"" a dealer with a Beirut bank told Reuters. ""The market was very calm."" 

 Most banks ignored Thursday's strike and financial markets including foreign exchange dealers stayed open during the stoppage. 

 One dealer said the pound traded throughout the week at 1,550.05-1,550.20 per dollar and another said the range was 1,550.0-1,550.25. 

 ""There was good offer of dollars. People were buying Lebanese pounds. It is all because of the expectation of falling interest rates on Lebanese pound treasury bills,"" the dealer said. 

 -Beirut editorial (961 1) 864148 353078 861723 

 (c) Reuters Limited 1996"
Beirut  forex  market quiet during week. ,1996-11-15," BEIRUT, Nov 15 (Reuter) - Beirut's foreign exchange market was quiet during the week ending on Friday, with trading mostly confined to a very narrow spread at the lower end of the Bank of Lebanon's intervention band, dealers said. 

 The central bank widened its bid-offer intervention band to 1,551-1,559 Lebanese pounds per dollar from 1,552-1,559 on the previous Friday. 

 ""Interbank trade was very light during the week. Nothing to mention,"" Wadih Sabbagh, chief dealer at Byblos Bank said. 

 This was due to the market quieting down after the installation of Prime Minister Rafik al-Hariri's new government and to the economic situation, he said. 

 ""As there is no speculation, the market was left to commercial transactions. And most merchants say they have no deals because there are no commercial transactions,"" Sabbagh added. 

 Talal Abou Zaki, foreign exchange manager at Bank of Beirut and the Arab Countries, said there was slight dollar demand on Monday, but banks offered dollars for the rest of the week. 

 The market traded at 1,552.5-1,553.5 on Monday, but the spread narrowed by the end of the week to 25 piastres or even 15 piastres, Abou Zaki said. 

 ""Today, I gave quotes to some banks for 1,551.10-1,551.25,"" he said. 

 He believed the central bank intervened on Wednesday and Thursday to buy dollars at 1,551.50. 

 ""I don't think there is going to be much change in the market or in the central bank's intervention policy in the near future because we have got over the worst -- the change of government and all that,"" Abou Zaki said. 

 Andrew Tarnowski-Beirut editorial (961 1) 602057 353078 

 (c) Reuters Limited 1996"
Bank of  Lebanon  changes  forex intervention  method. ,1996-09-26," BEIRUT, Sept 26 (Reuter) - The Bank of Lebanon has changed its intervention mechanism on the Beirut foreign exchange market by shifting from a single mid-price quotation to a bid-offer system, foreign exchange dealers said on Thursday. 

 The Bank has since Tuesday set a difference of three Lebanese pounds between the prices at which it intervenes to buy and sell dollars, the dealers said. 

 This replaces a single mid-price at which it either bought or sold dollars in the past, depending on the market. 

 Dealers said the change would stimulate interbank trading, making the market less dependent on the central bank and more on supply and demand. 

 ""This gives us dealers the opportunity to quote between each other. I believe it's very good,"" Wadih Sabbagh, chief foreign exchange dealer at Byblos Bank, told Reuters. 

 The central bank offered on Thursday to buy dollars at 1,557 pounds and to sell at 1,560. The dollar closed at 1,558.75. 

 Sabbagh said the Forex Club-Liban had asked central bank governor Riad Salameh nine months ago to set buying and selling prices to allow a spread for foreign exchange dealers to quote, and the World Bank had recommended the change. 

 ""We expected this earlier, but now they have responded,"" Sabbagh said. 

 The central bank's practice of setting a single price for the past few years had idled Beirut dealers by making the market dependent on the Bank of Lebanon for buying and selling dollars, he said. 

 Another Beirut dealer who asked not to be identified said the Bank of Lebanon had set the band very narrow to maintain stability while giving leeway for commercial banks to make a market within those boundaries. 

 ""It's not very significant because they are setting the boundaries in a very narrow band,"" the dealer said, ""but in the longer term I think it's a step in the right direction because it will make the market more affected by supply and demand rather than just by the central bank."" 

 Dealers said the central bank was taking advantage of a surge of confidence in the pound on the Beirut market during the past four weeks. 

 ""I think it's a very clear sign of confidence in the pound,"" the dealer said. 

 He said investors were selling dollars to buy pounds, but if tension developed in the system the central bank would narrow the band. 

 ""But I think with time, if we remain in a stable scenario, the band will tend to widen....Bit by bit we are moving more towards supply and demand in the interbank market."" 

 -- Andrew Tarnowski - Beirut editorial (961 1) 602057 353078 

 (c) Reuters Limited 1996"
Lebanese buy dollars as Israeli blitz continues. ,1996-04-16," BEIRUT, April 16 (Reuter) - Lebanon's central bank faced demand for dollars on Tuesday because of Israel's six-day blitz on the country, but the Lebanese pound held steady at 1,581.5 to the dollar with the help of central bank intervention, dealers said. 

 ""In Lebanon, the political situation always manifests itself on the foreign exchange market,"" a banker told Reuters. 

 Dealers who asked not to be identified estimated that the Bank of Lebanon sold between $50 million and $70 million to institutions and individuals exchanging Lebanese pounds. 

 This contrasted with the more usual pattern in recent weeks of the Bank buying up to $10 million a day to meet demand for Lebanese pounds from customers investing in high-yielding Lebanese treasury bills. 

 Tuesday's rate of 1,581.5 Lebanese pounds to the dollar was unchanged from last Thursday when the Israeli blitz began and the market closed for the four-day Greek Orthodox Easter weekend. 

 The central bank's net foreign exchange reserves currently stand at a record level of about $3 billion and a banking source said it was able to meet the demand ""pretty easily."" 

 ""But the scope, length and term of the crisis, nobody can tell,"" the source said. 

 Dealers said there was no panic on the market. ""The Bank of Lebanon has been intervening in a very good way, selling and buying at 1,581.5 pounds to the dollar. 

 ""So the exchange rate is not being affected because the Bank can control it,"" a dealer told Reuters. 

 The Lebanese pound has appreciated steadily against the dollar since billionaire construction tycoon Rafik al-Hariri became prime minister in October 1992, vowing to rebuild the country from the 1975-90 civil war. 

 Political crises in the past three-and-a-half years have regularly caused runs on the pound but the central bank has defended it each time and averted any depreciation of the currency. 

 - Andrew Tarnowski, Beirut editorial (961 1) 864148 353078 

 (c) Reuters Limited 1996"
Bank of Lebanon to continue defending pound. ,1995-09-16," BEIRUT, Sept 16 (Reuter) - Lebanon's central bank will continue its policy of defending the Lebanese pound on the Beirut foreign exchange market, Bank of Lebanon governor Riad Salameh was quoted on Saturday as saying. 

 ""The Bank will stay in the foreign exchange market to defend the Lebanese pound's exchange rate,"" as-Safir daily quoted Salameh as saying at a meeting on Friday with officials of Lebanon's Banks Association grouping Beirut's 82 banks. 

 Salameh's remark came a day after a grouping of Lebanese businessmen said in a report that the Bank should stop intervening regularly on the foreign exchange market as soon as possible to allow for a real market to emerge. 

 The Bank of Lebanon often intervenes on the market selling U.S. dollars to defend the pound, especially in times of political crisis which usually witness a flight from the local to the American currency. 

 The policy of defending the pound depleted the central bank's net foreign exchange reserves by more than $1 billion between January and June. 

 Asked about the usefulness of such a policy that was depleting the Bank's reserves, Salameh replied: 

 ""I am not afraid of more defence of the pound if the 1996 public budget comes out as it should come out, especially as there will be remittances (from abroad) that have begun to flow again"". 

 Salameh said there was an agreement with the ministry of finance on lowering all items in the 1996 budget draft ""so that the deficit would not exceed 40 percent for any reason"". 

 He said he was relieved for the disappearance of selling pressure on the pound witnessed recently. The run was caused by a political crisis between Prime Minister Rafik al-Hariri and Parliament Speaker Nabih Berri that was solved last week. 

 In a second step to boost the pound, Salameh said he was in contact with the ministries of finance, and economy and trade, to take measures forcing merchants to use the local currency in transactions. 

 (c) Reuters Limited 1995"
Lebanon Bank urged to alter  forex  policy. ,1995-09-15," BEIRUT, Sept 15 (Reuter) - Lebanon's central bank should stop intervening regularly on the Beirut foreign exchange market as soon as possible to allow for a real market to emerge, Lebanese businessmen said in a report. 

 ""The central bank should at the first available chance re-orient its current policy to allow for a market that reflects the reality of supply and demand in the (foreign exchange) market,"" the Lebanese Businessmen's Association report said. 

 An LBA delegation handed a copy of the report to billionaire Prime Minister Rafik al-Hariri on Thursday. 

 The central bank, Bank of Lebanon, often intervenes on the foreign exchange market to defend the Lebanese pound, especially in times of political crisis which usually witness a flight from the local currency to U.S. dollars. 

 The policy of defending the Lebanese pound depleted the Bank's net foreign exchange reserves by more that $1 billion between January and June. 

 (c) Reuters Limited 1995"
Top banker urges Lebanese to defend  currency . ,1995-09-11," BEIRUT, Sept 11 (Reuter) - A top Lebanese banker urged the Lebanese to have confidence in their leaders and work together to maintain the value of the Lebanese pound. 

 ""We must have confidence in our leaders in order to preserve the pound,"" Francois Bassile, president of the Banks Association, told reporters after a weekend meeting with acting Finance Minister Fouad Siniora. 

 ""The value of the currency cannot be preserved by a single man but by the effort of all the Lebanese and their confidence in the government,"" he was quoted by newspapers as saying. 

 Basile's remarks followed the settlement last week of the latest political crisis between Prime Minister Rafik al-Hariri and his chief rival, parliament Speaker Nabih Berri which caused a brief flight from the pound by some Lebanese who took refuge in dollars. 

 Maintaining the stability of the currency since he took power in October 1992 is widely seen as the foremost achievement of the billionaire Hariri. 

 The pound has come under pressure several times this year due to political crises, economic uncertainties and concern about labour unrest but determined central bank intervention to sell dollars has maintained its steady appreciation against the U.S. dollar. 

 However, the interventions have helped reduce the Bank of Lebanon's foreign exchange reserves to less than $1.5 billion from $2.7 billion last December and Lebanon has experienced a net foreign exchange outflow during the year. 

 Economists and politicians have also expressed concern that the large budget deficit -- which currently shows a shortfall of more than 50 percent of income against expenditure -- is inflationary and could also undermine the currency. 

 Bassile said after his talks with Siniora that he was now convinced that measures had been taken to improve public finances and that Berri and Hariri had agreed that in future they will settle their differences through dialogue. 

 - Beirut editorial (961 1) 864148 602056 353078 861723 

 (c) Reuters Limited 1995"
Lebanon reserves fall for sixth successive month. ,1995-08-03," BEIRUT, Aug 3 (Reuter) - Central bank net foreign reserves fell $44 million in June to $1.654 billion from $1.698 billion in May, the Bank of Lebanon said on Thursday in its new monthly report. 

 It was the sixth successive month net reserves have declined, after strong growth in 1994. 

 It brought Lebanon's loss of foreign exchange reserves in the year to date to $1.078 billion, according to Bank figures. 

 The fall was due to the central bank's continued financing of public sector imports for infrastructure rehabilitation. 

 The Bank of Lebanon said the fall in reserves in June was due to its continued financing of public sector imports for infrastructure rehabilitation. The BoP shortfall that month was ""largely due to a high level of public and private imports."" 

 Net foreign reserves fell sharply by $550 million in May due to a run on the Lebanese pound that month caused by political and economic uncertainties, which prompted the Bank to intervene in the market to support the local currency. 

Lebanon's economic activity registered a tiny improvement in June for the fourth consecutive month, the Bank said, due to the continued expansion in the construction and transportation sectors, as well as imports. 

 The central bank's coincident indicator of economic activity rose slightly in June to 156.9 from 156.8 a month earlier. 

 Lebanon's exports were 117 billion pounds ($72 million) in June, up from 95 billion in May and 38.66 percent up on a year earlier, the Bank said. Imports rose slightly to 480 billion pounds in June from 478 billion in May and registered a 42.4 percent rise on 1994. 

 The Bank said Lebanon's external debt rose $4.5 million in June to $851.8 million from $847.3 million at the end of May. Net domestic debt reached 8,094 billion Lebanese pounds up from 7,753 billion at the end of May. 

 (c) Reuters Limited 1995"
Lebanese pound under renewed selling pressure. ,1995-05-18," BEIRUT, May 18 (Reuter) - The Lebanese pound came under renewed selling pressure on Thursday after remarks by political leaders in a dispute over presidential elections due in November, dealers said. 

 ""There was demand for dollars today due to the political tension resulting from yesterday's statements,"" Wadih Sabbagh, chief dealer at Byblos Bank, told Reuters. 

 The selling revived pressure on the pound which has already cost the central bank nearly $300 million and aroused concern among dealers who say the next few days will be critical for the currency. 

 A dealer who declined to be named said the central bank sold $35 million on Thursday to meet demand for the U.S. currency. A second dealer put the figure nearer $45 million. 

 Beirut bankers estimate that the central bank has sold up to $280 million in the past three weeks to cover a run on the pound caused by uncertainty over the election and economic and social pressures, including a teachers' strike. 

 ""There is no panic in the market but the next days are critical,"" Sabbagh said. 

 The pound closed unchanged at 1,627 to the dollar for the third day running after strengthening earlier thanks to the Bank of Lebanon's intervention. 

 In the political dispute Prime Minister Rafik al-Hariri said on Wednesday he wants parliament to amend the constitution this month to allow a renewal or extension of President Elias Hrawi's term or to let army chief General Emile Lahoud to run for president. 

 But Parliament Speaker Nabih Berri said he wants to delay any amendments to October -- a step Hariri said his government will oppose as it keeps Lebanon in a state of uncertainty. 

 Nabil Chaya, treasurer at Credit Lyonnais Liban, said the central bank has enough reserves -- about $2.4 billion -- to meet demand for dollars but warned against a prolonged political dispute over the elections. 

 ""The tension remains...Any political crisis in Lebanon has to be short-lived so as not to have an adverse effect on the financial situation, especially the foreign exchange rate of the pound,"" Chaya said. 

 (c) Reuters Limited 1995"
