title,date,text
The country that is pushing hardest for military  intervention  in Niger cannot afford it.,2023-08-17,"Nigeria's new president, Bola Tinubu, has had a hectic few months. On May 29, he was sworn in as Nigeria's president after winning the elections in February. A little over a month later, he took over the one-year rotating presidency of Ecowas, the regional organization of 15 West African countries. In his speech, he was forceful in restoring democracy in an area decimated by coups d'état.

""To our soldiers we did not give resources, we did not invest in them, in their boots, in their training to violate the freedom of the people. To point their weapons against civilian authorities is a violation of the principles for which they were hired, which is to defend the sovereignty of their nations. We should not sit in Ecowas like toothless bulldogs,"" he said in Bissau.

Well, then, just two weeks and two days later, it was his turn to experience a coup d'état in his northern neighbor, Niger. Tinubu knew he could not let the opportunity pass him by. He called the rest of the Ecowas presidents together and convinced them of an unprecedented measure in recent years: threatening to intervene militarily to restore power. If in seven days they did not return power to Bazoum, they would go in to restore his power. Their firmness caught everyone by surprise: it is not that Ecowas had not done it before, the last time was when they managed to remove Yahyah Jammeh from power in Gambia in 2017, but the organization did not dare to do it neither with Mali, nor Burkina Faso or Guinea Conakry in recent years.

It is often said that, from words to deeds, there is a stretch. Niger's military junta has not budged, and Tinubu has had to swallow his words after the deadline passed and in the face of rejection at home. The Nigerian Senate rejected his request to intervene, something technically necessary to send troops to another country, while senators from northern Nigeria, bordering Niger, warned him against it as it could bring war to their homes.

""We must engage all parties in serious discussions to convince them to relinquish power and reinstate Bazoum.""

At the new extraordinary Ecowas summit, he was already changing the tone.""It is crucial that we prioritize diplomatic negotiations and dialogue as the basis of our approach. We must engage all parties, including the coup leaders, in serious discussions to convince them to relinquish power and reinstate President Bazoum.""

The resolution still leaves open the possibility of intervention, but it notes a change of heart from a president who has gone from being emboldened to intervene militarily in another country to being reminded by his own politicians that he suffers enough problems at home and that, if he did so, they would worsen, worsening still the possibility he fears most: that the wave of coups will come to him in Nigeria as well.

The main problem facing Nigeria's leaders is how to pay for a war when your own citizens have nothing to eat. Africa's most populous country is experiencing a record inflationary spurt and traders tell them they can't even breathe, but, meanwhile, its leader is thinking of starting a war that could cost the public coffers $2 billion a year, according to estimates by an independent economic organization.

If we had to categorize his little more than 50 days in government, it would be a disaster. In his inauguration speech, the septuagenarian announced that he was going to implement a controversial maneuver that had been tried for 10 years without success in the face of public rejection, but which rating agencies such as Moody's saw as necessary for the health of the public coffers: to end the system of gasoline subsidies.

The new government tried to defend itself by saying that it could not afford the 10 billion dollars it meant for the public coffers, a monthly bill of 867 million dollars, but the solution has been worse than the disease. Two days after his inauguration, the public oil company NNPC had already tripled the price from 26 cents to 70 cents a liter , and the price has not stopped rising, reaching 78 cents a liter in mid-July.

Two weeks later, Tinubu decided to take another decision to put an end to the naira black market and increase dollar reserves, which had been falling for months. In February, the previous government's order to introduce a new banknote and withdraw the old one from the market with the intention of curbing vote-buying during the campaign led to an unprecedented shortage, which they had to retract after the elections.

Upon his arrival, Tinubu ordered the Central Bank to eliminate the fixed rate and switch to a floating exchange rate against the dollar, dictated by the market. Overnight, the official value of the Nigerian currency plummeted by 36% to $750 per naira on June 14 from $447 per naira the previous day. The currency has continued to fall and was exchanged at 853 naira to the dollar on July 19. This new exchange rate was the one that was being used on the parallel market, but the fall has pushed it even lower, to the 862 dollars at which it is currently trading.

The two measures had a clear objective: to attract investors by making rating companies happy and to increase the availability of dollars in circulation. Now, the situation has been quite the opposite: in the month and a half since its flagship measures, the Nigerian government has had to declare a state of emergency because of the rebound in food prices.

Inflation soared in June to 25.5% y/y, up two points from the previous month in the face of rising prices. In July, it is expected to rise further, affected in parallel by the Russian blockade on grain exports. Nigeria imports 23% of its wheat from these countries and is among its top five importing countries, worth close to $1 billion.

The 1999 constitution states that the government can declare a state of emergency when the country is threatened, there is a breakdown of law and order or ""there is some danger which clearly constitutes a threat to the existence of Nigeria."" This is the first time in decades that this has been done for lack of food, having done so in 2020 for a rise in cases of rape of women and in 2013 in northern states for insecurity, as well as previously for other cases of political violence.

In Nigeria, 25 million people are food insecure every day, according to UN data. The government's decision to declare a state of emergency seeks to mitigate the impact by offering subsidies to farmers on fertilizer and rice grains.

Jollof rice is part of the daily diet of millions of Nigerians as a supplement. What for a Spaniard is bread, for a Nigerian is sweet potato or rice. However, several economists criticize that the current measure will not lower the price of the grain in the face of lack of supply. In 2015, the government decided to ban imports of certain products, including rice, to boost local production. Although a production record of 5.29 million tons was reached in 2021, that same year the country consumed 7.96 million tons, there being a deficit. In other words, another of the Government's measures intended to reduce public spending and boost the local economy caused the opposite: shortages and price increases.

The Government seeks to stop with one more measure an economic free fall that is shaking Africa's largest economy. Even so, it will be difficult to remedy some of the underlying structural problems that cause food insecurity for millions of Nigerians. Boko Haram jihadist violence in the north of the country and the effects of climate change. Recurrent droughts in the north are compounded by torrential rains. In 2022, Nigeria suffered its worst floods in a decade, which left more than 600 dead and 1.4 million people displaced in the southeast of the country.

For the moment, inflation and the state of emergency have not brought major protests across Nigeria among citizens simply trying to get by day to day. Now, inflation has shown that in fragile contexts it can bring chaos. In Sudan, the rise in the price of bread was the fuse that ignited the protests that brought down the dictatorial regime of Omar Al-Bashir and, four years later, have plunged the country into a state of civil war. No one envisions or wants that for Nigeria, but the government's actions are only sinking the continent's largest economy and testing the patience of Nigeria's more than 200 million people.

Nigeria's new president, Bola Tinubu, has had a frantic few months. On May 29, he was sworn in as Nigeria's president after winning the elections in February. A little more than a month later, he took over the one-year rotating presidency of Ecowas, the regional organization of 15 West African countries. In his speech, he was forceful in his efforts to restore democracy in an area decimated by coups d'état."
*S&PGR Revises Nigeria Otlk To Stable From Neg; Afrms At 'B-/B',2023-08-04,"4 Aug 2023 16:08 ET  Press Release: S&PGR Revises Nigeria Otlk To Stable From Neg; Afrms At 'B-/B'


 
 
The following is a press release from S&P Global Ratings: 
 
OVERVIEW 
     -- On May 29, 2023, Nigeria inaugurated former Governor of Lagos State, 
Bola Tinubu, as its 16th president, after he won the presidential elections. 
     -- The new administration has announced reforms, including exchange-rate 
liberalization and the end of fuel subsidies, which will benefit public 
finances. 
     -- In early May, the ministry of finance and central bank agreed to 
securitize long-standing central bank financing, which will reduce interest 
expenses, further supporting fiscal consolidation. 
     -- Nevertheless, planned fiscal spending remains elevated and inflation 
is high. 
     -- Remaining challenges include relatively low (albeit rising) oil 
production, continued weak fiscal revenue mobilization, and high local and 
foreign currency borrowing costs. 
     -- The West African region could face heightened geopolitical risks tied 
to the recent coup in neighboring Niger. 
     -- We revised our outlook on our 'B-/B' long- and short-term ratings on 
Nigeria to stable from negative on increased reform momentum. We also raised 
our national scale ratings to 'ngBBB+/ngA-2' from 'ngBBB-/ngA-3'. 
 
RATING ACTION 
On Aug. 4, 2023, S&P Global Ratings revised the outlook on Nigeria to stable 
from negative. At the same time, we affirmed our 'B-/B' long- and short-term 
foreign and local currency sovereign credit ratings on Nigeria. 
 
We also raised our long- and short-term Nigeria national scale ratings to 
'ngBBB+/ngA-2' from 'ngBBB-/ngA-3'. The higher national scale rating reflects 
the improving reform momentum as well as our view of the sovereign as the most 
creditworthy entity in the domestic markets. 
 
The transfer and convertibility assessment remains 'B-'. 
 
OUTLOOK 
The stable outlook indicates balanced risks to the rating. Relatively low oil 
production and modest revenue mobilization pose risks to public finances and 
external liquidity. However, the new government is moving ahead with a series 
of reforms that could, if delivered, benefit growth and fiscal outcomes. 
 
Downside scenario 
We could lower the ratings over the next 12 months if we see increasing risks 
to Nigeria's capacity to repay commercial obligations, either because of 
declining external or domestic liquidity. This could arise, for instance, from 
much higher fiscal deficits or debt-servicing needs alongside significantly 
reduced net foreign currency (FX) reserves, or because domestic financial 
markets are unwilling to absorb additional local currency debt issuance. 
 
Upside scenario 
We could raise our ratings over the next 12 months if economic performance 
significantly exceeds our forecasts, and fiscal and external imbalances 
improve significantly. 
 
RATIONALE 
In February of this year, former Lagos State Governor, Bola Tinubu, won the 
presidential elections. Upon assuming office on May 29, 2023, the new 
administration announced a series of reforms including the removal of fuel 
subsidies, the liberalization of the exchange rate regime, and governance 
changes at the Central Bank of Nigeria (CBN). Earlier in May, the previous 
national assembly had already signed into law the securitization of Ways and 
Means advances (direct central bank lending by the central bank to the 
government to finance deficits) into long-term, lower-cost instruments. We 
believe these measures will gradually benefit Nigeria's public finances and 
its balance of payments. 
 
However, challenges remain. Inflation is high and despite the recent 
introduction of offsetting measures to counterbalance the removal of fuel 
subsidies, labor unions have ramped up protests against their elimination. 
Interest costs on government debt are elevated and absorb a large share of 
government spending (over 30% of revenue last year, although we project this 
will gradually fall toward 23% by 2026). At the same time, government tax 
revenue collection, as a percentage of GDP, remains very low when compared 
with peers. 
 
Institutional and economic profile: Despite short-term inflation-related 
obstacles, the new government's reform initiatives should support medium-term 
growth 
     -- After being sworn into power in late May, the new president's 
administration has delivered a series of reforms. 
     -- We expect the oil sector to pick up over 2023-2026 as crude oil 
production levels improve slightly, while significant oil refining (and 
petrochemical) capacity is launched. 
     -- In the medium term, exchange-rate liberalization should benefit the 
non-oil sector as domestic goods become more competitive. 
 
Nigeria's newly elected government has moved quickly to implement a series of 
fiscal and monetary reforms, which we believe will gradually benefit public 
finances and the balance of payments. New measures include the decision to 
eliminate untargeted fuel subsidies, in an effort to contain spending 
pressures, and reduce the regressivity of fuel policy (where the majority of 
spending on fuel subsidies has historically benefited middle and upper income 
groups). 
 
Despite the clear fiscal benefits of fuel subsidy reform (which has been 
attempted in the past), labor unions have threatened to strike in protest 
against their removal. The risk of such protests is likely to increase during 
periods of exchange rate depreciation or rising international oil prices. In 
order to mitigate inflationary pressures, in late July, the new government 
passed a supplementary fiscal package of ""palliative measures,"" which is also 
being supported by World Bank funding. With this package, the government aims 
to offset the effect of subsidy elimination on lower-income households, by 
providing them with cash transfers tied to their incomes. Via this targeted 
support, the government is attempting to ensure that the fuel subsidy removal 
does not impact the poorest sections of society. 
 
S&P Global Ratings projects considerable fiscal savings from the elimination 
of fuel subsidies, and other recent reforms. Taken together, the elimination 
of subsidies and the securitization of the Ways and Means advances will 
generate fiscal savings of around 2.5% of GDP in 2023. We also believe the 
government will gradually improve tax intake: by as much as 2 percentage 
points of GDP by 2026, according to our forecasts. 
 
Nigeria is the most populous economy in Africa. It is a sizable producer and 
exporter of hydrocarbons, ranking among the world's top 15 exporters. However, 
most Nigerians work in the non-oil economy, with 45% of the labor force 
employed in relatively low productivity agriculture, which accounts for an 
estimated 26% of total output. According to IMF data, another 37% of the labor 
force works in household enterprises outside of the agricultural sector, with 
just 11% of Nigerian workers engaged in wage employment, primarily in the 
public sector. Given the composition of the labor force, and high informality, 
increasing tax pressure is a key fiscal challenge, and explains the relative 
dependency on hydrocarbon production for tax revenue. 
 
Complicating this fiscal challenge, Nigeria has struggled to maintain 
hydrocarbon production levels over the past several years. During 2022, due to 
technical and security issues, oil production (including about 230,000 barrels 
per day [b/d] equivalent of condensates) averaged about 1.3 million barrels 
per day (mbpd), down from 1.6 mbpd in 2021. Militancy in the Niger Delta and 
high incidents of theft and vandalism are the primary causes of dips in oil 
production. Technical and regulatory issues, as well as divestments by some 
large international oil companies, tied to environmental considerations, are 
also deterring new investments. However, a series of projects are in the 
pipeline and the Nigerian National Petroleum Company (NNPC) is confident that 
volumes will increase in the near future. 
 
Crude oil production levels improved to 1.2 mbpd (excluding condensates) in 
May 2023, partly due to improved security surveillance tied to the 
establishment of a new security task force. Via the task force, oil producers 
have enhanced collaboration with government and defense forces, who are taking 
a more zero-tolerance stance to theft. Moreover, oil producers are also 
beginning to work on alternative evacuation methods and shutdown optimization, 
to reduce the loss of oil during episodes of pipeline and facility breaches. 
As a result of these efforts, we expect oil production to slowly recover but 
remain below Nigeria's OPEC quota of 1.74 mbpd. An overhaul of the governance 
structure and fiscal terms in the oil sector under the Petroleum Investment 
Act, should, over time, unlock further investment in the hydrocarbon sector, 
despite environmental considerations. 
 
We also anticipate that refining capacity will substantially increase as a 
large refinery (and petrochemicals facility), owned by the private-sector 
Dangote group, with capacity of 650,000 b/d, starts large-scale production by 
late 2023. In addition, several other refineries--such as at Port Harcourt, 
Warri, and Kaduna--are being rehabilitated, which will significantly 
contribute to the country's refining capacity in the next few years. This new 
refining capacity made it easier for the new president to stick to the removal 
of the petroleum subsidies as pledged in the 2023 budget. 
 
Given recent reforms and exchange rate liberalization, we now expect Nigerian 
economic growth to average 3.5% over 2023-2026, up from our previous estimate 
of average 3%. Growth in terms of GDP per capita will, nevertheless, remain 
low, partly reflecting the country's high population growth as well as the 
recent depreciation of the Nigerian naira (NGN). Increasing digitization tied 
to the pandemic boosted growth rates in sectors like insurance, finance, and 
information and communication; innovation and entrepreneurship is relatively 
high in these areas. However, severe floods in large parts of the country 

4 Aug 2023 16:09 ET 
Press Release: S&PGR Revises Nigeria Otlk To -2-


constrained growth within the agriculture sector (which contributes around 20% 
of nominal GDP) in the second and third quarters of 2022. The economy expanded 
slowly in the first quarter of 2023 as a CBN-imposed change to the naira notes 
in circulation (whereby old notes were replaced with higher denomination new 
ones, and old notes were no longer permitted as legal tender) led to a severe 
cash shortage, while the oil sector contracted. 
 
The recent Nigerian elections were the first in Nigeria's history where 
electronic voting machines were used. This led to significant issues, with 
many voters denied a vote because they did not possess a voter card. 
Consequently, the turnout was exceptionally low at 27% of the 93 million 
eligible voters. This resulted in the president being elected with the support 
of only 8.8 million votes in a country with a population of over 220 million. 
Legal challenges to his win are still going through the courts, but, in our 
view, are unlikely to lead to significant changes to the overall outcome. The 
new president has not yet named his cabinet, but has submitted a list of names 
to be vetted and approved by the senate, and the cabinet, including the new 
finance minister, is likely to be announced soon. 
 
Nigeria's internal security has deteriorated over the past several years, with 
banditry, kidnappings, and general instability having increased. Police and 
military forces tend to be overstretched and forced to deal with a multitude 
of security crises. The militant groups Boko Haram and Islamic State West 
Africa Province (ISWAP) are active in the northern regions. In the Middle 
Belt, tensions between farmers and herdsmen have increased, notably over 
scarce land and water resources, which is affecting food supplies. In the 
southern oil-producing states, Niger Delta militants have disrupted oil 
production when conditions have not worked in their favor. The security 
situation worsened in the run up to the elections, but reforms pledged by the 
new government should help improve the situation somewhat, and the new 
president has appointed a new Chief of Army Staff, other service chiefs, and a 
national security advisor. Nevertheless, we do not expect the overall security 
situation to immediately improve, as high unemployment, inflation, and rising 
poverty levels have stagnated social development, fueling militancy. 
 
Nigeria's president currently holds the rotating position of chairperson for a 
regional body, the Economic Community of West African States (ECOWAS). ECOWAS 
has imposed sanctions and warned of possible military intervention against 
Nigeria's northern neighbour, Niger, if, following a military coup in Niger on 
July 26, the former democratic government is not reinstated. ECOWAS has also 
suspended Niger's membership. If ECOWASintervenes, it would likely involve 
Nigerian troops alongside other ECOWAS troops, and could complicate 
anti-militancy efforts already underway in Northern Nigeria. The issue is 
further complicated by Niger being a large uranium producer and hosting 
anti-insurgency military forces from both France and the U.S., and the coup 
follows four other coups in the region, with some regimes supported by 
Russia's Wagner mercenaries. 
 
Flexibility and performance profile: Fiscal and external metrics have 
deteriorated in recent years, but liberalization efforts should support fiscal 
consolidation 
 
     -- We forecast increased oil volume production and higher oil prices, 
improved collection of non-oil revenue, and exchange rate liberalization, 
which lead us to expect some modest fiscal consolidation over the next few 
years. 
     -- We expect interest payments will still consume about a quarter of 
general government revenue over 2023-2026. 
     -- We project usable foreign currency reserves (gross reserves minus 
encumbered reserves and FX borrowed from domestic residents) will remain 
around $28 billion over 2023-2026, covering over three months of current 
account payments, which is sufficient to cover external debt repayment needs. 
 
Over 2023-2026, we project modest fiscal consolidation to continue. 
Consolidation will be supported by savings via the elimination of the 
petroleum subsidies and an increase in collection of non-oil taxes and other 
revenue owing to ongoing digitization and improved compliance, savings on 
interest costs due to the securitization of the central bank's Ways and Means 
advances, as well reasonably strong oil prices. There could also be an upside 
to oil revenue projections if oil production meets NNPC's expectations over 
the next two-to-three years. We project the general government deficit--which 
includes the federal government, states, and local governments combined--will 
stand at 5.4% of GDP in 2023 and average 4.6% in 2024-2026. 
 
After running a very tightly managed exchange-rate regime, the new government 
cited a long-standing policy of a misaligned exchange rate, announced the 
suspension of the governor of the central bank (with one of the deputy 
governors, Folashodun Shonubi, taking the role of acting governor), and 
permitted the liberalization of the FX market. The CBN ended trading band 
limits and permitted a move to a ""willing buyer-willing seller"" model at the 
investor and exporter window, which soon led to a significant depreciation of 
the currency to N780/US$1 from N460/US$1. While the exchange rate is now 
trading significantly more in-line with market demand and supply fundamentals, 
the regime still more closely resembles a managed-float rather than a full 
free floating currency. 
 
Given that roughly half of the federal budget revenue reflects 
dollar-denominated crude oil export revenue, converted into naira, the 
exchange rate and monetary policy have historically had a material impact on 
Nigeria's fiscal performance. The naira's fall from its official rate of 
N460/US$1 in early June to close to N780/US$1 currently, has improved the 
outlook for tax receipts over the next few years. Following the 
liberalization, the Ministry of Finance's Budget Office has adopted an 
exchange rate of N700/US$1 for its accounts for the second half of the year 
(compared to the initial budgeted exchange rate of N460/US$1) thereby boosting 
revenue in naira. In April, S&P Global Ratings also revised upward its Brent 
oil price forecast to an average $83 per barrel (/b) in 2023, and $85/b in 
2024-2026 (compared with our forecast of $90/b in 2023, $80/b in 2024, and 
$55/b in both 2025 and 2025) pointing to improving oil-related revenue in 
dollar terms as well, in particular in 2025 and 2026. 
 
The 2023 federal budget (central government; excluding state budgets) has 
planned for a fiscal deficit of NGN11.34 trillion, which represents 5% of GDP. 
The budget is based on a reasonable oil price estimate of $75/bbl, but an 
ambitious oil production volume target of 1.69 mbpd. The 2023 budget assumed 
the removal of refined petrol subsidies by mid-2023, which cost around NGN4 
trillion (2% of GDP) in 2022, and the new president followed through on his 
pledge to remove them. The removal of fuel subsides from late June, savings on 
debt service on Ways and Means, as well as the liberalization of the exchange 
rate, will compensate for lower-than-budgeted oil receipts achieved during the 
first half of the year. 
 
The government is currently reforming the Federal Inland Revenue Service, 
which should engender more transparency and improvement in fiscal governance. 
Nevertheless, general government revenue as a percentage of GDP in Nigeria 
average only about 8%--very low even by African and frontier market standards. 
This highlights the limited tax-generation capacity, partly explained by the 
high level of informality in the economy, and partly by the two-tiered federal 
and state tax system in which the states lack the institutional capacity to 
garner taxes. Nevertheless, the authorities have made recent efforts to 
increase revenue streams, especially non-oil revenue. The new administration 
has approved the establishment of a Presidential Committee on Fiscal Policy 
and Tax Reform. This will be chaired by a tax specialist and will comprise 
experts from both the private and public sectors. It will have the 
responsibility to push tax law reform with a view to increasing the tax take. 
We forecast fiscal revenue to GDP to increase to 10% by 2026 due to the 
aforementioned efforts and continued strong collection of VAT and corporation 
income tax. Nevertheless, high debt-servicing costs and security-related 
spending will continue to weigh on fiscal dynamics, leaving reduced funds for 
capital investment, infrastructure development, or social safety nets. 
 
Nigeria benefits from its relatively deep domestic financial markets. For the 
remainder of 2023, the government plans to issue domestic naira-denominated 
Federal Government of Nigeria (FGN) bonds to finance over 75% of the 2023 
deficit, with the rest in foreign financing split between concessional 
multilateral and bilateral external financing, and commercial borrowing. 
Between January and June 2023, the Debt Management Office managed to raise 
NGN3.59 trillion of the annual budgeted NGN7.04 trillion in FGN bonds, largely 
at rates between 13.9% and 16.0%, below the central bank's Monetary Policy 
Rate (MPR), with subscription levels remaining high. On the external front, 
the government will likely only issue Eurobonds if market conditions change, 
due to the current prohibitively high yields demanded in the international 
markets, and may opt for either syndicated loans or more multilateral funding, 
if available. On July 12, 2023, the government repaid its $500 million 
Eurobond in full and on time and the next Eurobond maturity (of $1.1 billion) 
is due in 2025; the external commercial debt repayment profile is relatively 
low compared with FX reserve levels. 
 
The government restructured several years of debt amassed via borrowing from 
the central bank (under the Ways and Means facility) amounting to NGN22.7 

4 Aug 2023 16:09 ET 
Press Release: S&PGR Revises Nigeria Otlk To -3-


trillion (12% of GDP). The Ministry of Finance and CBN agreed to the 
securitization of this debt into an instrument with 40 years tenure, with a 
moratorium on principal repayment for three years and a 9% interest rate. The 
government was previously amassing dues at an interest rate of about 20% on 
this debt (MPR + 1%-3%). We incorporate the impact of this securitization deal 
in our interest expenditure, which along with the projected revenue increase, 
reduces interest cost as a percentage of revenue to 20% of general government 
revenue in 2023, compared with 31% in 2022. We do not consider the 
securitization of the obligations to the central bank as a default under our 
criteria, as our ratings speak to the timely repayment of commercial debt 
obligations--and we classify borrowing from the central bank as inherently 
noncommercial. 
 
We forecast Nigeria's net general government debt stock (consolidating debt at 
the federal, state, and local government levels, and net of liquid assets) 
will average 40% of GDP for 2023-2026. This level of indebtedness is 
relatively low compared with what we typically observe for 'B' category rated 
peers. We include the Asset Management Corporation of Nigeria (created to 
resolve Nigerian banks' nonperforming loans) debt in our calculation of gross 
and net debt. We also include CBN open-market-operation (OMO) bill issuance, 
as well as central bank lending to the federal government (via the Ways and 
Means advances), in our debt stock calculations. From 2020, the CBN sharply 
reduced the number of OMO bills that it rolled over, but this was partly 
counterbalanced by the increase in the Ways and Means advances. The 
depreciation of the naira has continued to inflate foreign currency debt, 
which makes up approximately 40% of the total debt stock. We include interest 
payments on CBN bills and Ways and Means in our calculation of current total 
interest costs, with the latter having fallen due to the recent securitization 
deal. 
 
Despite being a sizable hydrocarbon exporter (close to 90% of exports receipts 
are from crude oil and gas exports), we project that Nigeria will post only 
small current account surpluses for 2023-2026 due to uncertainties regarding 
oil production volumes, alongside high demand for imports. Relatively high oil 
prices (we revised our forecast Brent oil prices for 2025 and 2026 upward to 
$85/b), and robust remittances will support current account receipts (CARs) 
while the country's increase in refining capacity will help to reduce the 
import bill from 2024 onward, in our view. Overall, we now project current 
account surpluses averaging 0.6% of GDP, following a small surplus of 0.2% in 
2022. 
 
Under our projections, costlier imports and the clearance of FX arrears will 
limit the rise in FX reserves. We also deduct $10 billion from gross FX 
reserves to account for reserves held for forward sale, which makes them 
unavailable for meeting external financing needs. We project usable reserves 
(gross reserves minus reserves held for forward) to remain steady at around 
$28 billion over 2023-2026. Relatively high imports and the reduced level of 
usable reserves will keep our estimate of gross external financing needs (all 
payments to nonresidents) averaging 106% of CARs plus usable reserves during 
2023-2026. 
 
Surging fuel, utility, and food prices caused inflation to hit 18.8% 
year-on-year in 2022, versus the CBN's 6%-9% target. Due to fast-paced 
increase in consumer price index (CPI) inflation, CBN raised its benchmark 
rate by a cumulative 500 basis points in 2022 to 16.5%, followed by further 
rises to 18.75% currently. The removal of fuel subsidies and the exchange rate 
depreciation, alongside global inflationary pressures, will ensure that 
double-digit headline inflation will persist in 2023, but will gradually 
decline to 15% by 2026 owing to the monetary tightening and improvement in 
supply of refined crude products in line with increasing refining capacity. 
 
The banking sector's sensitivity to oil prices and currency depreciation 
exposes it to short credit cycles and high credit risks. The sector has a 
material exposure to the oil and gas sector, averaging about 30% of total 
loans, which leads to concentration and exposure to energy transition risks. 
Banks have converted part of their foreign currency loans to naira loans amid 
U.S. dollar scarcity that affected manufacturers. That said, the naira 
depreciation will result in an increase of the sector exposure in foreign 
currency loans, estimated at about 40% in 2022. 
 
High inflation and interest rates will likely constrain real lending 
expansion, as will banks' high cash reserve ratios (CRRs). The CBN's CRRs 
imposed on banks stand at a high statutory minimum of 32.5%, but for some 
banks these are significantly higher at around 45% of deposits. These elevated 
CRRs have also constrained lending. We expect credit losses will average 2% in 
2023, while the nonperforming loan ratio deteriorates to 5.7% in 2023, above 
the 5.0% regulatory limit, amid high inflation and interest rates. 
 
KEY STATISTICS 
 
RELATED CRITERIA 
 
     -- General Criteria: Environmental, Social, And Governance Principles In 
Credit Ratings, Oct. 10, 2021 
     -- General Criteria: Methodology For National And Regional Scale Credit 
Ratings, June 25, 2018 
     -- Criteria | Governments | Sovereigns: Sovereign Rating Methodology, 
Dec. 18, 2017 
     -- General Criteria: Methodology For Linking Long-Term And Short-Term 
Ratings, April 7, 2017 
     -- General Criteria: Principles Of Credit Ratings, Feb. 16, 2011 
     -- General Criteria: Methodology: Criteria For Determining Transfer And 
Convertibility Assessments, May 18, 2009 
 
RELATED RESEARCH 
     -- Sovereign Risk Indicators, July 10, 2023. An interactive version is 
available at www.spratings.com/sri 
     -- Sovereign Ratings List, July 10, 2023 
     -- Sovereign Ratings History, July 10, 2023 
 
In accordance with our relevant policies and procedures, the Rating Committee 
was composed of analysts that are qualified to vote in the committee, with 
sufficient experience to convey the appropriate level of knowledge and 
understanding of the methodology applicable (see 'Related Criteria And 
Research'). At the onset of the committee, the chair confirmed that the 
information provided to the Rating Committee by the primary analyst had been 
distributed in a timely manner and was sufficient for Committee members to 
make an informed decision. 
 
After the primary analyst gave opening remarks and explained the 
recommendation, the Committee discussed key rating factors and critical issues 
in accordance with the relevant criteria. Qualitative and quantitative risk 
factors were considered and discussed, looking at track-record and forecasts. 
 
The committee's assessment of the key rating factors is reflected in the 
Ratings Score Snapshot above. 
 
The chair ensured every voting member was given the opportunity to articulate 
his/her opinion. The chair or designee reviewed the draft report to ensure 
consistency with the Committee decision. The views and the decision of the 
rating committee are summarized in the above rationale and outlook. The 
weighting of all rating factors is described in the methodology used in this 
rating action (see 'Related Criteria And Research'). 
 
Certain terms used in this report, particularly certain adjectives used to 
express our view on rating relevant factors, have specific meanings ascribed 
to them in our criteria, and should therefore be read in conjunction with such 
criteria. Please see Ratings Criteria at www.standardandpoors.com for further 
information. A description of each of S&P Global Ratings' rating categories is 
contained in ""S&P Global Ratings Definitions"" at 
https://www.standardandpoors.com/en_US/web/guest/article/-/view/sourceId/504352 
Complete ratings information is available to subscribers of RatingsDirect at 
www.capitaliq.com. All ratings affected by this rating action can be found on 
S&P Global Ratings' public website at www.standardandpoors.com. Use the 
Ratings search box located in the left column.  Alternatively, call one of the 
following S&P Global Ratings numbers: Client Support Europe (44) 20-7176-7176; 
London Press Office (44) 20-7176-3605; Paris (33) 1-4420-6708; Frankfurt (49) 
69-33-999-225; or Stockholm (46) 8-440-5914 
 
Primary Credit Analyst: Ravi Bhatia, London +  44 20 7176 7113; 
                        ravi.bhatia@spglobal.com 
Secondary Contacts: Samira Mensah, Johannesburg +  27 11 214 4869; 
                    samira.mensah@spglobal.com 
                    Juili Pargaonkar, Dubai +971-4-372-7167; 
                    juili.pargaonkar@spglobal.com 
 
 
The article with statistical information is available in full 
at www.spglobal.com. Registration is free. To access the full article, 
select ""Ratings Actions"" in the left navigation under Ratings Resources, 
then choose the Press Releases tab. 
 
 
 
No content (including ratings, credit-related analyses and data, valuations, 
model, software, or other application or output therefrom) or any part thereof 
(Content) may be modified, reverse engineered, reproduced, or distributed in 
any form by any means, or stored in a database or retrieval system, without 
the prior written permission of Standard & Poor's Financial Services LLC or 
its affiliates (collectively, S&P). The Content shall not be used for any 
unlawful or unauthorized purposes. S&P and any third-party providers, as well 
as their directors, officers, shareholders, employees, or agents (collectively 
S&P Parties) do not guarantee the accuracy, completeness, timeliness, or 
availability of the Content. S&P Parties are not responsible for any errors 
or omissions (negligent or otherwise), regardless of the cause, for the 
results obtained from the use of the Content, or for the security or 
maintenance of any data input by the user. The Content is provided on an ""as 
is"" basis. S&P PARTIES DISCLAIM ANY AND ALL EXPRESS OR IMPLIED WARRANTIES, 

4 Aug 2023 16:09 ET 
Press Release: S&PGR Revises Nigeria Otlk To -4-


INCLUDING, BUT NOT LIMITED TO, ANY WARRANTIES OF MERCHANTABILITY OR FITNESS 
FOR A PARTICULAR PURPOSE OR USE, FREEDOM FROM BUGS, SOFTWARE ERRORS OR 
DEFECTS, THAT THE CONTENT'S FUNCTIONING WILL BE UNINTERRUPTED, OR THAT THE 
CONTENT WILL OPERATE WITH ANY SOFTWARE OR HARDWARE CONFIGURATION. In no event 
shall S&P Parties be liable to any party for any direct, indirect, incidental, 
exemplary, compensatory, punitive, special or consequential damages, costs, 
expenses, legal fees, or losses (including, without limitation, lost income or 
lost profits and opportunity costs or losses caused by negligence) in 
connection with any use of the Content even if advised of the possibility of 
such damages. 
 
Credit-related and other analyses, including ratings, and statements in the 
Content are statements of opinion as of the date they are expressed and not 
statements of fact. S&P's opinions, analyses, and rating acknowledgment 
decisions (described below) are not recommendations to purchase, hold, or sell 
any securities or to make any investment decisions, and do not address the 
suitability of any security. S&P assumes no obligation to update the Content 
following publication in any form or format.  The Content should not be relied 
on and is not a substitute for the skill, judgment, and experience of the 
user, its management, employees, advisors, and/or clients when making 
investment and other business decisions. S&P does not act as a fiduciary or 
an investment advisor except where registered as such. While S&P has obtained 
information from sources it believes to be reliable, S&P does not perform an 
audit and undertakes no duty of due diligence or independent verification of 
any information it receives. 
 
To the extent that regulatory authorities allow a rating agency to acknowledge 
in one jurisdiction a rating issued in another jurisdiction for certain 
regulatory purposes, S&P reserves the right to assign, withdraw, or suspend 
such acknowledgement at any time and in its sole discretion. S&P Parties 
disclaim any duty whatsoever arising out of the assignment, withdrawal, or 
suspension of an acknowledgment as well as any liability for any damage 
alleged to have been suffered on account thereof. 
 
S&P keeps certain activities of its business units separate from each other in 
order to preserve the independence and objectivity of their respective 
activities. As a result, certain business units of S&P may have information 
that is not available to other S&P business units. S&P has established 
policies and procedures to maintain the confidentiality of certain nonpublic 
information received in connection with each analytical process. 
 
S&P may receive compensation for its ratings and certain analyses, normally 
from issuers or underwriters of securities or from obligors. S&P reserves the 
right to disseminate its opinions and analyses. S&P's public ratings and 
analyses are made available on its Web sites, www.spglobal.com/ratings (free 
of charge), and www.ratingsdirect.com (subscription), and may be distributed 
through other means, including via S&P publications and third-party 
redistributors. Additional information about our ratings fees is available at 
www.spglobal.com/usratingsfees(""http://www.spglobal.com/usratingsfees""). 
 
Any Passwords/user IDs issued by S&P to users are single user-dedicated and 
may ONLY be used by the individual to whom they have been assigned. 
No sharing of passwords/user IDs and no simultaneous access via the same 
password/user ID is permitted. To reprint, translate, or use the data or 
information other than as provided herein, contact Client Services, 
55 Water Street, New York, NY 10041; (1) 212-438-7280 or by e-mail to: 
research_request@spglobal.com. 
 
Copyright (c) 2023 by Standard & Poor's Financial Services LLC. 
All rights reserved. 
 
 

(END) Dow Jones Newswires

August 04, 2023 16:09 ET (20:09 GMT)"
West African Leaders Threaten Force Against Niger Plotters -- WSJ,2023-07-30,"West African leaders said that they would consider a military intervention to oust coup plotters in Niger and restore democratic rule in a vast Saharan country that they worry could become Russia's newest security partner in the region.

At an emergency summit in Nigeria's capital Abuja on Sunday, leaders from the Economic Community of West African States said Niger's new military junta had one week to return the country's elected president, Mohamed Bazoum, to power. The regional group, called Ecowas, also laid out banking and economic sanctions to squeeze the military junta, which on Wednesday detained Bazoum and his family and suspended the country's constitution.

""In the event the authorities' demands are not met within one week [Ecowas will] take all measures necessary to restore constitutional order in the Republic of Niger,"" Omar Alieu Touray, the president of the Ecowas commission, said after the meeting. ""Such measures may include the use of force.""

Earlier in the day, thousands of protesters in Niger's capital Niamey marched to the embassy of France -- the country's former colonial ruler -- waving Russian flags, throwing stones and lighting a fire. ""FRANCE LEAVE,"" read several of the crowd's homemade placards. The French military keeps about 1,500 troops in Niger, part of a yearslong campaign against Islamist insurgents in an expansive desert country about twice the size of France itself.

The threat of several West African countries intervening with military force in Niger presents an escalation after years of coups that have brought Russian-friendly governments to power in several other nations in the region.

Since 2020, military leaders have seized power in Mali and Burkina Faso -- once two of France and the U.S.'s closest counterterrorism partners in West Africa -- shifting those countries' allegiances toward Moscow. Coup leaders have benefited from local frustration that Western militaries, which once parked thousands of troops in the two countries, failed to defeat jihadist insurgencies gaining ground in the region.

The coup in Niger verges on a step too far for Nigeria, Africa's most populous country and biggest economy, which shares a 1,000 long-mile border with its northern neighbor. Nigeria's war on its own internal Islamist insurgencies depends on cross-border coordination with Niger.

Washington, which has spent more than $500 million dollars equipping and training the local military, also risks losing a partner in the region; U.S. laws restrict such aid to countries under military rule. The European Union, which has pledged more than 1.5 billion euros, equivalent to about $1.7 billion, in aid for the country since 2017, stands to lose the cooperation of a country that has helped slow the movement of asylum seekers north to Libya and on toward Italy. On Saturday, the EU said it would freeze some of its support to Niger.

Aside from threatening military force, the West African leaders announced a series of banking and trade restrictions that reflected their hope that the junta around Gen. Omar Tchiani, who earlier this week declared himself Niger's new leader, doesn't have the full support of the country's military.

The new government of Nigerian President Bola Tinubu is hoping economic pressure, combined with the threat of force, can get the coup leaders to climb down, a senior Nigerian official said. They are also, the official said, deeply worried about Russia expanding its presence in countries that once looked to their former colonizer France for direction.

""It is right now a big power game,"" he said. ""It's between France and Russia.""

On Saturday, the spokesman for the junta, Col. Maj. Amadou Abdramane, appeared on state TV, saying he wanted to remind ""Ecowas, or any other adventurer, of our fierce determination to defend our homeland.""

Both the U.S. and Europe have made Niger the centerpiece of their fight against the spread of Islamic State and al Qaeda in Africa's Sahel, the semiarid southern shore of the Sahara. The country hosts American drones and American commandos, who have trained Nigerien special forces, advised them during combat missions, and equipped them with everything from tents and radios to surveillance planes and armored personnel carriers.

By contrast, Mali in 2021 hired mercenaries from Russia's Wagner group, while Burkina Faso earlier this year kicked out French troops

French President Emmanuel Macron condemned the violence at his country's embassy and warned France would respond ""immediately and uncompromisingly"" to any attack on its citizens, military, diplomats and diplomatic compounds. Immediately after the coup, other protesters in Niamey also came up in support of Bazoum, according to footage posted of his political party's social-media accounts.

U.S. and European officials have accused Russia of using disinformation to foster anti-Western sentiment across the Sahel.

Beyond threatening a possible military intervention, the Nigeria-led group of 15 countries said it would with immediate effect freeze the government's bank accounts in the region's central banks, and in commercial lenders. It also imposed a freeze on all energy-related transactions between Niger and its neighbors. Niger imports more than two-thirds of its electricity from Nigeria.

The country uses the same currency as seven of its West African neighbors, who keep their reserves under a Dakar, Senegal-based central bank. Those assets should be immediately frozen, Ecowas said.

The bloc would also impose a no-fly zone, and travel bans and asset freezes targeting the plotters if they don't restore Bazoum to power, it said. The measures are similar to those imposed on Mali in 2021 after it failed to respect a plan to move the country toward democratic elections.

The banking sanctions will likely have limited impact on Niger, where the overwhelming majority of citizens are unbanked, and could backfire by allowing Russia to step in as a new patron for the country's coup leaders, said Bismarck Rewane, managing director of Lagos research firm Financial Derivatives Co.

""It will have an impact ostracizing them, but it doesn't do that much,"" he said. ""It's a nice sound bite...The big fear is what it opens up for the Russians.""

Some African nations, however, still hope the standoff in Niger could end peacefully.

Mahamat Deby, the transitional president of Chad, met Salifou Modi, one of the Niger junta leaders, in Niamey Sunday, in an attempt to resolve the crisis, Chad's information minister Aziz Mahamat Saleh said. The Chadian official said the visit followed consultations with Nigeria.

Bazoum has refused to step down or leave his residence, where he has been held hostage for five days by the coup plotters. ""He is serene and says he had no intention to resign,"" says Ange Barou Chekaraou, a leader in Bazoum's Nigerien Party for Democracy and Socialism, who has spoken to him on the phone.

--Gbenga Akingbule and Noemie Bisserbe contributed to this article.

Write to Drew Hinshaw at drew.hinshaw@wsj.com and Benoit Faucon at benoit.faucon@wsj.com

(END) Dow Jones Newswires

July 30, 2023 14:22 ET (18:22 GMT)"
"After inauguration fanfare, immense economic challenges await Nigeria's Tinubu",2023-05-26,"*

Debt servicing costs surpassed revenue in 2022

*

Complicated currency policies make investing locally tough

*

Foreign direct investment slid 79% since from 2014-2022 - NBS

*

Oil production hit three-decade low, remains under pressure

By MacDonald Dzirutwe and Libby George

LAGOS, May 26 (Reuters) - Nigeria's incoming President Bola Tinubu will inherit anaemic economic growth, record debt and shrinking oil output, but before he can start fixing these pressing problems he will need to secure public support for painful decisions.

Life is tough for citizens of Africa's biggest economy, and a tangle of protectionist economic policies and foreign currency interventions have spooked investors.

An attempt by Nigeria to reduce hugely expensive fuel subsidies a decade ago met with mass public protests and had to be dropped.

Tinubu, a member of President Muhammadu Buhari's All Progressives Congress, helped propel the outgoing president to power in 2015.

Now, businesses, international investors and citizens are hoping he can use his experience as governor of Lagos state to recharge Nigeria's struggling economy and finally confront its most difficult challenges.

IN DEBT, IN TROUBLE

Nigeria's debt has ballooned by nearly 60% since 2015, hitting $103 billion last year, according to the Debt Management Office. Its growth is outstripping GDP expansion, and the government has warned that once off-book loans from the central bank are added to the tally, it could hit 77 trillion naira ($167 billion).

While Nigeria's debt-to-GDP ratio is a modest 23.2%, compared with 60% in fellow oil producer Angola, experts say the portion of revenue needed to service the debt is alarming.

In January, ratings agency Moody's downgraded Nigeria, citing those figures. According to some calculations, debt servicing costs surpassed revenue last year.

Gregory Smith, emerging markets fund manager with M&G Investments said Nigeria's ""shockingly low levels of government revenue"" also raised questions around its ability to spend to boost growth.

""The debt pressures are symptomatic of that lack of government revenue,"" Smith said.

Increasing tax collection, Smith said, would be key for Tinubu.

OIL THEFT, SUBSIDIES

Some of the revenue troubles stem from rampant, industrial-scale theft that last year pressed oil output to its lowest in more than 30 years. Oil and gas typically fund half of Nigeria's budget and 90% of its foreign exchange. Continued theft, underinvestment and industrial disputes, hinder output.

On top of this, crippling fuel subsidies drain what is left from oil sales. Fitch Ratings estimates that the implicit petrol subsidy has cost the government approximately 2.4% of GDP in foregone revenue. Experts say taming the subsidy, and boosting oil output, are key.

""The market appears quite myopic in focusing on those two things in particular: the FX policy and the removal of fuel subsidies in addition to broader change at the CBN,"" said Yvette Babb of fund manager William Blair.

Buhari's government created a complicated web of official and parallel exchange rates in an effort to support the embattled naira. It also created a long list of items banned from using central bank foreign exchange.

Businesses say resulting widespread dollar shortages are crushing, while investors say the difficulty in getting money out of the country has strangled investment.

Smith and Babb said naira bonds, and investing locally, are virtually impossible as a result.

""The main thing is problems with being able to exit the market even if you felt like you could make a return,"" Smith said.

Government data showed that foreign direct investment dropped from $2.2 billion in 2014, the year before Buhari took office, to $468 million last year.

CHANGES ARE HARD SELL

Getting Nigerians to stomach painful reforms hinges on convincing them that they will make life better - and that will be a tough sell.

Inflation is at a nearly two-decade high, eating into savings and salaries. Unemployment is at a record 33%, prompting a punishing brain drain. Additionally, Tinubu's 8.79 million votes are the fewest won by a Nigerian president since the country returned to democracy in 1999, limiting his goodwill.

""He may need to demonstrate what he can deliver for the Nigerian people before he can take something away that is obviously reducing the cost of living for a large share of the population,"" Babb said of fuel subsidies. Allowing the naira to weaken, she added, also ""comes at a cost."" ($1 = 460.0000 naira)

(Editing by Toby Chopra) 

Released: 2023-5-26T11:10:56.000Z"
*S&PGR Revises Nigeria Outlook To Negative From Stable,2023-02-03,"3 Feb 2023 16:07 ET  Press Release: S&PGR Revises Nigeria Outlook To Negative From Stable


 
 
The following is a press release from S&P Global Ratings: 
 
OVERVIEW 
     -- Low (albeit recently rising) crude oil production, large 
refined-petroleum subsidy costs, high debt service expenditure, and associated 
sizable fiscal deficits are exacerbating Nigeria's fiscal and external 
imbalances. 
     -- In addition, limited and expensive access to international capital 
markets, and a consequent increasing reliance on significant domestic funding 
at relatively high interest rates, is further weighing on net interest costs 
and the government's fiscal position. 
     -- Nigeria will hold general elections on Feb. 25, and a close three-way 
presidential race is being fought. All three leading presidential candidates 
have pledged significant reforms, but they will inherit a deteriorating fiscal 
story. 
     -- We therefore revised our outlook to negative from stable and affirmed 
our 'B-/B' sovereign credit ratings on Nigeria. 
 
RATING ACTION 
On Feb. 3, 2023, S&P Global Ratings revised its outlook on Nigeria to negative 
from stable. At the same time, we affirmed our 'B-/B' long- and short-term 
foreign and local currency sovereign credit ratings on the country. 
 
We also lowered our long - and short-term Nigeria national scale ratings to 
'ngBBB-/ngA-3' from 'ngBBB/ngA-2'. 
 
The transfer and convertibility assessment remains 'B-'. 
 
OUTLOOK 
The negative outlook reflects increasing risks to Nigeria's debt servicing 
capacity over the next one-to-two years due to intensifying fiscal and 
external pressures. 
 
Downside scenario 
We could lower the ratings if risks to Nigeria's capacity to repay commercial 
obligations continue to worsen, either because of declining external liquidity 
or a reduction in fiscal flexibility. This could occur, for instance, if we 
see higher fiscal expenditure, higher debt servicing costs, or significantly 
reduced liquid foreign exchange reserve levels. 
 
Upside scenario 
We could revise the outlook to stable if Nigeria experiences significantly 
stronger economic performance than we expect, and external and domestic 
financing pressures prove to be contained, while fiscal deficits decrease 
faster than we project. 
 
RATIONALE 
The outlook revision reflects our view that Nigeria's debt servicing capacity 
has weakened due to high fiscal deficits and increased external pressures. 
These stresses stem from low (albeit recently rising) oil production volumes, 
large refined-petroleum subsidy costs, high debt service expenditure, and a 
relatively large planned fiscal deficit in the 2023 budget. 
 
The economy is estimated to have expanded by about 2.8% in 2022 and we 
forecast real GDP to average 3.1% in 2023-2026. Below-capacity oil production 
will likely continue to affect export growth, while inflationary pressure, 
fiscal constraints, and sluggish investment will weigh on consumption and 
investment growth. However, these factors are likely to be partially 
counterbalanced by a new, potentially more business-friendly administration 
after the elections. 
 
Oil production (including condensates) averaged about 1.37 million barrels per 
day (mbpd) in 2022, below the budgeted 1.60 mbpd, and below Nigeria's OPEC 
production quota of 1.8 mbpd. Low volumes more than offset relatively high 
average oil prices (at $98, compared with a budgeted $73) in 2022, keeping the 
general government fiscal deficit at 6.2% of GDP. Significant underperformance 
of oil revenue in 2022 and higher debt service expenditure support our view 
that the government's financial commitments appear strained unless there is 
credible fiscal consolidation after the elections. 
 
External buffers are also under pressure. Rising prices of imported goods, 
payments to clear foreign exchange (FX) backlogs, the Central Bank of 
Nigeria's (CBN's) intervention in the FX market to stabilize the naira (NGN), 
and low oil volume exports reduced gross foreign exchange reserves by about $3 
billion in 2022, reaching $38 billion by year-end. We also lowered our 
estimate of usable reserves to $28 billion for 2023 to account for what S&P 
Global Ratings estimates to be encumbered reserves of about $10 billion. 
 
The 2023 federal budget (excluding that of the states) estimates a fiscal 
deficit of NGN11.34 trillion, 5% of GDP for this year. Debt service 
expenditure is budgeted at NGN6.3 trillion, 57% of federal revenue of an 
estimated NGN11.9 trillion. The budget is based on the assumption that petrol 
subsidies will be removed by mid-2023. At the general government level 
(federal budget plus states), we forecast a fiscal deficit of 5.9% of GDP in 
2023 before averaging about 5.4% over 2024-2026, on the assumption a new 
government will pursue a degree of fiscal consolidation. 
 
Alongside fiscal and external imbalances, expensive access to external capital 
markets (due to currently high global interest rates demanded from emerging 
market issuers) and an increasing reliance on significant domestic funding at 
higher interest rates will weigh on ratios, with average annual interest as a 
share of general government revenue rising to a high average of 31% in 
2023-2026, while the federal tax take--general government revenue as a 
percentage of GDP--will average only 10%, significantly lower than among 
peers. The government will largely rely on domestic borrowings to finance its 
deficit in 2023, with limited planned external issuance. 
 
Despite increasing external and fiscal pressures, we think the government has 
sufficient debt-servicing capacity to pay the Eurobond maturity of $500 
million due in July 2023. Parliamentary debates on a draft bill aiming at 
restructuring debt accumulated under the CBN's Ways and Means facility (an 
overdraft facility provided to the ministry of finance) are underway in the 
National Assembly. If implemented, it will not constitute a default as per S&P 
Global Ratings' criteria because we do not classify central bank financing as 
a commercial debt obligation, and will deliver significant interest-cost 
savings. We already include the Ways and Means facility in our debt stock 
calculations. 
 
There may be some sporadic violence in the run-up to and during the 
presidential elections in February, but we expect a broadly smooth democratic 
transition between the governments as President Muhammadu Buhari will complete 
his second term in May and stand down. We expect the new government to 
undertake structural reforms, but these will likely take time. 
 
Institutional and economic profile: Lively elections will deliver a new 
president, and we expect the new government to launch structural reforms 
     -- After elections in February, we expect a transition of power in May, 
followed by some positive reform momentum and a potentially more 
business-friendly president. 
     -- We forecast that the Nigerian economy will grow 3.3% in 2023, 
supported by non-oil growth, followed by average 3% annual growth over 
2024-2026. 
     -- We expect the oil sector's prospects to improve over 2023-2026 as 
crude oil production levels increase, while significant refining capacity 
(classified as non-oil) is launched. 
 
Presidential elections will take place on Feb. 25, and despite some likely 
sporadic violence during the election process, we expect a democratic 
transition to a new president. Incumbent president Muhammadu Buhari is 
completing his second term and, as per the constitutional two-term limit, will 
have to stand down. Bola Tinubu, the national leader of President Buhari's 
ruling All Progressives Congress party and former governor of Lagos state, has 
been selected as the party's presidential candidate. He will face Atiku 
Abubakar of the opposition Peoples Democratic Party, while the Labor party's 
Peter Obi has emerged as a strong third contender, especially among younger 
voters, who are shunning the traditional two parties. All three candidates are 
viewed as fairly business-friendly and have cited stimulating GDP growth, 
exchange rate liberalization, fiscal consolidation, revenue mobilization, and 
the removal of oil subsidies as top priorities. 
 
In the past decade, notwithstanding sporadic violence, Nigeria, has achieved 
reasonably peaceful transfers of power via elections despite its large size, 
ethnic and religious diversity, and complex federal structure. However, 
relatively weak checks and balances, strained public finances (including 
frequent use of CBN funds to finance fiscal deficits), and a myriad of 
security issues underscore significant institutional and economic weaknesses. 
 
Nigeria is a sizable producer and exporter of hydrocarbons, ranking among the 
world's top 15 exporters. However, oil production (including condensates) in 
2022 averaged about 1.37 mbpd due to technical and security issues. Militancy 
in the Niger Delta (which some commentators view as tied to largess ahead of 
the elections) and incidents of vandalism caused oil production to fall in 
2002, although the situation has improved in the past few months. In addition, 
technical and regulatory issues and divestments by big international companies 
are holding back oil production levels and investments. Long-stalled liquefied 
natural gas (LNG) projects like Brass and Olakola are also delaying planned 
expansions of LNG production. 
 
Crude oil production levels improved in late 2022 and early 2023, partly due 
to improved security surveillance tied to the establishment of a new security 
task force and security command and control center, while repairs at the 
Forcados terminal added to production. Via the task force, oil producers have 
enhanced collaboration with government and defense forces to improve the 
security situation. Moreover, oil producers are beginning to work on 
alternative evacuation methods and shutdown optimization to reduce the loss of 
oil and shutdowns via thefts and vandalism. Following these efforts, we expect 
oil production to slowly recover. However, production levels will still be 
below Nigeria's current OPEC quota of 1.79 mbpd. An overhaul of the governance 

3 Feb 2023 16:07 ET 
Press Release: S&PGR Revises Nigeria Outlook To -2-


structure and fiscal terms in the oil sector under the Petroleum Investment 
Act (PIA) should unlock further investment in the hydrocarbon sector. We 
assume Brent oil prices will average $90 per barrel (/bbl) in 2023 followed by 
$80 in 2024 (higher than the $85/bbl in 2023, $55/bbl in 2024 that we had at 
our most recent review), before falling in 2025-2026. 
 
We anticipate a substantial increase in refining capacity: a large refinery, 
owned by the Dangote group, is to start large-scale production by March 2023. 
It has capacity of 650,000 barrels per day. In addition, several refineries 
such as those at Port Harcourt, Warri, and Kaduna are being rehabilitated, 
which will materially contribute to the country's refining capacity in the 
next couple of years. This new refining capacity should make it easier for any 
new president to cut refined-petroleum subsidies, currently budgeted to end in 
mid-2023. 
 
We expect the Nigerian economy to maintain annual growth of about 3.1% over 
2023-2026. Although we expect the economy to recover and exceed its 
pre-pandemic size in 2023, growth in GDP per capita terms will remain low, 
partly reflecting the country's high population growth. Increasing 
digitization tied to the pandemic has worked well for growth in sectors like 
insurance, finance, and information and communication. However, severe floods 
in large parts of the country constrained agricultural growth in the second- 
and third-quarters of 2022. Agriculture contributes about 20% of nominal GDP. 
Due to the sharp fall in oil production, the oil sector is estimated to have 
declined almost 15%. 
 
Nigeria's internal security deteriorated over the past several years with 
violence, kidnappings, and general instability having increased. Police and 
military forces tend to be overstretched and are forced to deal with a 
multitude of security crises. The militant groups Boko Haram and Islamic State 
West Africa Province are active in the northern regions. In the Middle Belt, 
tensions between farmers and herdsmen have increased, notably over scarce land 
and water resources, and this is affecting food supplies. In the southern 
oil-producing states, Niger Delta militants have historically disrupted oil 
production when conditions have not worked in their favor, but since late 2022 
volumes have risen slightly. We expect the Election Commission, supported by 
the security services, to manage a broadly democratic transition via the 
election. This will be the first election in Nigeria's history that will use 
electronic voting machines and will require voter IDs, the rollout of which 
has faced delays and could cause issues if a significant section of voters do 
not receive voter IDs before election day. We do not expect an immediate 
improvement to the security situation after the election because high 
unemployment, high inflation, and rising poverty levels have stagnated social 
development. 
 
A recent exercise by the Central Bank of Nigeria (CBN) calling for the 
withdrawal of high value Naira notes (NGN 200, 500 and 1,000 notes) has led to 
significant issues and bottlenecks owing to a shortage of new notes across the 
country. The note withdrawal deadline was extended to Feb. 10 from Jan. 31 
(with a likely seven day grace period to Feb. 17) to give the public more time 
to exchange old notes, which will not be valid or exchangeable after the Feb. 
10 deadline. A number of state governors have called on the administration and 
CBN to extend the deadline further. 
 
Flexibility and performance profile: Fiscal and external metrics have 
deteriorated, necessitating credible fiscal consolidation efforts post-election 
     -- We expect interest payments to consume more than a quarter of general 
government revenue over 2023-2026, indicating a strained debt trajectory. 
     -- Despite higher oil prices and improved collection of non-oil revenue, 
we estimate the consolidated fiscal deficit (federal and state) at a 
relatively high 6.2% of GDP in 2022, but post-election, fiscal consolidation 
efforts will see it average 5.5% a year in 2023-2026. 
     -- We expect usable foreign currency reserves will remain near $29 
billion over 2023-2026, covering over three months of current account payments 
and sufficient to cover planned upcoming external debt repayment needs. 
 
Despite higher oil prices and better non-oil revenue collection, we estimate 
that the general government fiscal deficit increased to 6.2% of GDP in 2022 
from 6.1% in 2021. This reflected low oil production volume and a 
supplementary budget approved in December 2022 to accommodate additional 
expenditure to repair flood-related damage and interest payments of about 
NGN1.5 trillion on Ways and Means funding, which was not included in the 
initial 2022 budget. Furthermore, oil revenue underperformed by about 60% of 
budget due to a fall in oil production volumes. 
 
The 2023 federal budget (central government; excluding state budgets) 
envisages a fiscal deficit of NGN11.34 trillion, or 5% of GDP. The budget is 
based on a reasonable oil price estimate of $75/bbl (S&P Global Ratings 
estimates Brent at $90/bbl for 2023) but an ambitious oil production volume 
target of 1.69 mbpd. We project the general government deficit, which includes 
that of the federal government, states, and local governments, will stand at 
5.9% of GDP in 2023 and average 5.4% in 2024-2026. The 2023 budget assumes 
removal of refined petroleum subsidies by mid-2023, which cost about NGN4 
trillion (2% of GDP) in 2022. Subsidy removal might be done in a phased manner 
to avoid inflationary pressures. We account for modest fiscal slippage in 2023 
at the state and central government levels during the election cycle. 
 
For 2024-2026, we expect modest fiscal consolidation through the elimination 
of the petroleum subsidies and an increase in collection of non-oil taxes and 
other revenue owing to ongoing digitization and improved compliance, as well 
as the restructuring of the CBN's Ways and Means advances, which will reduce 
interest expenditure. 
 
The government has been attempting to reform the Fiscal Responsibility Act 
2007 and is reforming the Federal Inland Revenue Service (FIRS) to improve 
transparency and increase the tax take. General government revenue averaged 
only about 8% of GDP--very low even by African and frontier market standards. 
This highlights the limited tax-generation capacity, partly explained by the 
high level of informality in the economy and the two-tiered federal and state 
tax system. The states are particularly poor at garnering taxes. Nevertheless, 
authorities have recently made efforts to increase revenue streams, especially 
non-oil revenue. The Finance Bill 2022 includes increases in the Tertiary 
Education Tax, a new corporate tax rate of 50% on companies engaged in gas 
flaring, a new import levy for goods imported from outside Africa, and an 
increase in scope of services liable for excise duty. We forecast fiscal 
revenue to GDP to increase to 10% by 2024 due to efforts and continued strong 
collection of value-added and corporate income tax. Nevertheless, high debt 
servicing costs and security-related spending will continue to weigh on fiscal 
dynamics, leaving less flexibility in allocating funds for capital investment, 
infrastructure development, or social safety nets. 
 
In 2023, the Debt Management Office plans to finance the bulk of the budget 
via domestic issuances; of the NGN10.6 trillion due to be raised, NGN7.0 
trillion is planned to be raised domestically, with only NGN3.5 trillion 
borrowed externally. External borrowing will constitute NGN1.8 trillion in 
multilateral borrowing (largely already granted), and NGN1.76 trillion ($4.1 
billion) in commercial external borrowing--either Eurobonds or syndicated 
loans--down from NGN2.6 billion in the 2022 budget. The government will likely 
only issue Eurobonds if market conditions improve, due to high yields in the 
international markets, and could resort to syndicated loans in lieu. Nigeria 
last issued Eurobonds in March 2022. While issuance conditions for emerging 
and frontier markets have deteriorated since then, they recently improved 
somewhat. On the domestic market interest rates have also gone up sharply, 
partly due to a 600 basis point (bp) hike of the monetary policy rate (MPR) 
rate by the CBN. So far, the market remains liquid, with recent auctions 
significantly oversubscribed (473% oversubscribed at the most recent auction 
on Jan. 25), partially due to the growing level of deposits and funds under 
management in the domestic pension and banking sector. 
 
We forecast Nigeria's net general government debt stock (consolidating debt at 
the federal, state, and local government levels, and net of liquid assets) 
will continue rising and average about 45% of GDP for 2023-2026. We include 
debt issued by the Asset Management Corp. of Nigeria (created to resolve 
Nigerian banks' nonperforming loans) in our calculation of gross and net debt. 
We also include CBN open-market-operation (OMO) bill issuance and central bank 
lending to the federal government (via the Ways and Means advances) in our 
debt stock calculations. From 2020 onward, the CBN sharply reduced rolling 
over its OMO bills, but this was partly counterbalanced by the increase in the 
Ways and Means advances. Naira depreciation has continued to inflate foreign 
currency debt, which makes up approximately 40% of total debt. However, the 
majority of external debt is concessional in nature, at very low interest 
rates. 
 
Overall, government debt servicing costs as a percentage of revenue are high. 
We include interest payments on CBN bills and Ways and Means in our 
calculation of total interest costs. The government is looking to restructure 
debt amassed under Ways and Means amounting to about NGN23 trillion (12% of 
GDP). The ministry of finance and CBN have proposed the securitization of this 
debt for 40 years, with a moratorium on principal repayment for three years 

3 Feb 2023 16:07 ET 
Press Release: S&PGR Revises Nigeria Outlook To -3-


and a 9% interest rate. The president recently submitted this proposal to the 
National Assembly for ratification. The government currently pays interest 
rate of almost 20.5% on this debt (MPR plus 3%). 
 
Despite being a sizable hydrocarbon exporter (close to 90% of exports receipts 
are from crude oil and gas exports), we project only small current account 
surpluses of 0.2% of GDP for 2023-2024. Relatively high oil prices, and robust 
remittances will strengthen current account receipts (CARs) in 2023 and 2024 
while the increase in the country's refining capacity owing to the new Dangote 
refinery will help reduce the import bill beyond 2023, in our view. 
 
Despite the continued increase in CARs, costlier imports and clearance of FX 
arrears, CBNintervention in the Investors and Exporters window will limit the 
proportionate increase in FX reserves. We also deduct $10 billion from gross 
FX reserves to account for what we estimate as encumbered reserves, which 
could make them unavailable for meeting external financing needs. We project 
usable reserves (gross reserves minus encumbered reserves) to average about 
$28 billion over 2023-2026. Relatively high imports and reduced level of 
usable reserves will keep our estimate of gross external financing needs (all 
payments to nonresidents) averaging 110% of CARs plus usable reserves for 
2023-2026. Nevertheless, currently, external liquidity remains sufficient for 
upcoming external redemptions, including the Eurobond maturity of $500 million 
due in July 2023. Over the past several years, Eurobond interest and 
redemptions have been paid on time and in full. 
 
After running a very tightly managed exchange-rate regime, in May 2021, the 
CBN devalued the currency (by only 7.6%) and ostensibly abandoned its official 
exchange rate, adopting the Nigerian Autonomous Foreign Exchange Fixing 
Mechanism rate, which currently stands at NGN460 against the U.S. dollar. 
However, the naira continues to trade at a significant discount in the 
parallel market, where it stands at NGN750 per dollar. 
 
Inflation hit 18.8% year on year in 2022--versus the CBN's 6%-9% target--on 
surging fuel, utility, and food prices. Due to the spike in consumer price 
index inflation, the CBN raised its benchmark rate by a cumulative 500 bps in 
2022 to 16.5%, followed by another 100 bps rise in January 2023. We project 
17% headline inflation will persist in 2023 but will gradually decline to 12% 
by 2026 owing to monetary tightening and improvement in supply of refined 
crude products in line with increasing refining capacity. The government plans 
to remove petroleum subsidies by mid-2023, which will weigh on inflation for 
2023. We understand that World Bank financing will partially fund social 
spending intended to offset the impact of subsidy elimination on the 
population. 
 
The banking sector's earnings resilience to economic downturns has improved 
over the past few years, supported by efforts to expand digital channels and 
noninterest income. The system's dollarization has moderated as banks continue 
to de-risk their credit portfolios in a tight FX market. Still, credit risks 
stemming from sensitivity to currency depreciation, concentration, and energy 
transition risks persist because lending to the hydrocarbon sector still forms 
a sizable share of banks' lending (30% of total loans). This leaves banks 
vulnerable to asset price shocks, resulting in asset quality problems. The 
nonperforming loan ratio fell to 5% in 2021 and breached the 5% regulatory 
limit in 2022, when it fell to 4.2%. Nevertheless, we think pressure on asset 
quality metrics could re-emerge amid high inflation and interest rates. 
Similarly, we expect credit losses will increase in line with that trend to a 
moderate 1.2% of total loans. Moreover, the CBN's naira and U.S dollar 
liquidity management creates some distortions in the banking sector, which in 
turn have negative implications for banks' cost of funding and risk-adjusted 
returns. Overall, we expect the sector will remain profitable. Banks' earnings 
will come under pressure in 2023 because of higher cost of funds amid elevated 
cash reserve requirements. Banking sector assets stand at about 35% of GDP, 
while the sector's exposure to government (and the CBN) constitute a 
relatively high share of of banks' total exposure (approximately 40%). 
 
KEY STATISTICS 
 
RELATED CRITERIA 
 
     -- General Criteria: Environmental, Social, And Governance Principles In 
Credit Ratings, Oct. 10, 2021 
     -- General Criteria: Methodology For National And Regional Scale Credit 
Ratings, June 25, 2018 
     -- Criteria | Governments | Sovereigns: Sovereign Rating Methodology, 
Dec. 18, 2017 
     -- General Criteria: Methodology For Linking Long-Term And Short-Term 
Ratings, April 7, 2017 
     -- General Criteria: Principles Of Credit Ratings, Feb. 16, 2011 
     -- General Criteria: Methodology: Criteria For Determining Transfer And 
Convertibility Assessments, May 18, 2009 
 
RELATED RESEARCH 
     -- Sovereign Ratings Score Snapshot, Jan. 18, 2023 
     -- Sovereign Ratings List, Jan. 4, 2023 
     -- Sovereign Ratings History, Jan. 4, 2023 
     -- Sovereign Risk Indicators, Dec. 12, 2022. Interactive version 
available at ""http://www.spratings.com/sri"" 
     -- Banking Industry Country Risk Assessment: Nigeria, Dec. 5, 2022 
     -- S&P Global Ratings Revises Its Oil And Gas Price Assumptions On 
Supply/Demand Fundamentals, Nov. 18, 2022 
     -- Global Sovereign Rating Trends: Third-Quarter 2022, Oct. 19, 2022 
     -- 2021 Annual Global Sovereign Default And Rating Transition Study, May 
4, 2022 
     -- Sovereign Debt 2022: EMEA Emerging Markets' Heavy Borrowing Aims At 
Fiscal Shocks, April 5, 2022 
 
In accordance with our relevant policies and procedures, the Rating Committee 
was composed of analysts that are qualified to vote in the committee, with 
sufficient experience to convey the appropriate level of knowledge and 
understanding of the methodology applicable (see 'Related Criteria And 
Research'). At the onset of the committee, the chair confirmed that the 
information provided to the Rating Committee by the primary analyst had been 
distributed in a timely manner and was sufficient for Committee members to 
make an informed decision. 
 
After the primary analyst gave opening remarks and explained the 
recommendation, the Committee discussed key rating factors and critical issues 
in accordance with the relevant criteria. Qualitative and quantitative risk 
factors were considered and discussed, looking at track-record and forecasts. 
 
The committee's assessment of the key rating factors is reflected in the 
Ratings Score Snapshot above. 
 
The chair ensured every voting member was given the opportunity to articulate 
his/her opinion. The chair or designee reviewed the draft report to ensure 
consistency with the Committee decision. The views and the decision of the 
rating committee are summarized in the above rationale and outlook. The 
weighting of all rating factors is described in the methodology used in this 
rating action (see 'Related Criteria And Research'). 
 
Certain terms used in this report, particularly certain adjectives used to 
express our view on rating relevant factors, have specific meanings ascribed 
to them in our criteria, and should therefore be read in conjunction with such 
criteria. Please see Ratings Criteria at www.standardandpoors.com for further 
information. A description of each of S&P Global Ratings' rating categories is 
contained in ""S&P Global Ratings Definitions"" at 
https://www.standardandpoors.com/en_US/web/guest/article/-/view/sourceId/504352 
Complete ratings information is available to subscribers of RatingsDirect at 
www.capitaliq.com. All ratings affected by this rating action can be found on 
S&P Global Ratings' public website at www.standardandpoors.com. Use the 
Ratings search box located in the left column.  Alternatively, call one of the 
following S&P Global Ratings numbers: Client Support Europe (44) 20-7176-7176; 
London Press Office (44) 20-7176-3605; Paris (33) 1-4420-6708; Frankfurt (49) 
69-33-999-225; or Stockholm (46) 8-440-5914 
 
Primary Credit Analyst: Ravi Bhatia, London +  44 20 7176 7113; 
                        ravi.bhatia@spglobal.com 
Secondary Contacts: Samira Mensah, Johannesburg +  27 11 214 4869; 
                    samira.mensah@spglobal.com 
                    Juili Pargaonkar, Dubai +971-4-372-7167; 
                    juili.pargaonkar@spglobal.com 
Additional Contact: Sovereign and IPF EMEA; 
                    SOVIPF@spglobal.com 
 
 
The article with statistical information is available in full 
at www.spglobal.com. Registration is free. To access the full article, 
select ""Ratings Actions"" in the left navigation under Ratings Resources, 
then choose the Press Releases tab. 
 
 
 
No content (including ratings, credit-related analyses and data, valuations, 
model, software, or other application or output therefrom) or any part thereof 
(Content) may be modified, reverse engineered, reproduced, or distributed in 
any form by any means, or stored in a database or retrieval system, without 
the prior written permission of Standard & Poor's Financial Services LLC or 
its affiliates (collectively, S&P). The Content shall not be used for any 
unlawful or unauthorized purposes. S&P and any third-party providers, as well 
as their directors, officers, shareholders, employees, or agents (collectively 
S&P Parties) do not guarantee the accuracy, completeness, timeliness, or 
availability of the Content. S&P Parties are not responsible for any errors 
or omissions (negligent or otherwise), regardless of the cause, for the 
results obtained from the use of the Content, or for the security or 
maintenance of any data input by the user. The Content is provided on an ""as 
is"" basis. S&P PARTIES DISCLAIM ANY AND ALL EXPRESS OR IMPLIED WARRANTIES, 
INCLUDING, BUT NOT LIMITED TO, ANY WARRANTIES OF MERCHANTABILITY OR FITNESS 
FOR A PARTICULAR PURPOSE OR USE, FREEDOM FROM BUGS, SOFTWARE ERRORS OR 

3 Feb 2023 16:07 ET 
Press Release: S&PGR Revises Nigeria Outlook To -4-


DEFECTS, THAT THE CONTENT'S FUNCTIONING WILL BE UNINTERRUPTED, OR THAT THE 
CONTENT WILL OPERATE WITH ANY SOFTWARE OR HARDWARE CONFIGURATION. In no event 
shall S&P Parties be liable to any party for any direct, indirect, incidental, 
exemplary, compensatory, punitive, special or consequential damages, costs, 
expenses, legal fees, or losses (including, without limitation, lost income or 
lost profits and opportunity costs or losses caused by negligence) in 
connection with any use of the Content even if advised of the possibility of 
such damages. 
 
Credit-related and other analyses, including ratings, and statements in the 
Content are statements of opinion as of the date they are expressed and not 
statements of fact. S&P's opinions, analyses, and rating acknowledgment 
decisions (described below) are not recommendations to purchase, hold, or sell 
any securities or to make any investment decisions, and do not address the 
suitability of any security. S&P assumes no obligation to update the Content 
following publication in any form or format.  The Content should not be relied 
on and is not a substitute for the skill, judgment, and experience of the 
user, its management, employees, advisors, and/or clients when making 
investment and other business decisions. S&P does not act as a fiduciary or 
an investment advisor except where registered as such. While S&P has obtained 
information from sources it believes to be reliable, S&P does not perform an 
audit and undertakes no duty of due diligence or independent verification of 
any information it receives. 
 
To the extent that regulatory authorities allow a rating agency to acknowledge 
in one jurisdiction a rating issued in another jurisdiction for certain 
regulatory purposes, S&P reserves the right to assign, withdraw, or suspend 
such acknowledgement at any time and in its sole discretion. S&P Parties 
disclaim any duty whatsoever arising out of the assignment, withdrawal, or 
suspension of an acknowledgment as well as any liability for any damage 
alleged to have been suffered on account thereof. 
 
S&P keeps certain activities of its business units separate from each other in 
order to preserve the independence and objectivity of their respective 
activities. As a result, certain business units of S&P may have information 
that is not available to other S&P business units. S&P has established 
policies and procedures to maintain the confidentiality of certain nonpublic 
information received in connection with each analytical process. 
 
S&P may receive compensation for its ratings and certain analyses, normally 
from issuers or underwriters of securities or from obligors. S&P reserves the 
right to disseminate its opinions and analyses. S&P's public ratings and 
analyses are made available on its Web sites, www.spglobal.com/ratings (free 
of charge), and www.ratingsdirect.com (subscription), and may be distributed 
through other means, including via S&P publications and third-party 
redistributors. Additional information about our ratings fees is available at 
www.spglobal.com/usratingsfees(""http://www.spglobal.com/usratingsfees""). 
 
Any Passwords/user IDs issued by S&P to users are single user-dedicated and 
may ONLY be used by the individual to whom they have been assigned. 
No sharing of passwords/user IDs and no simultaneous access via the same 
password/user ID is permitted. To reprint, translate, or use the data or 
information other than as provided herein, contact Client Services, 
55 Water Street, New York, NY 10041; (1) 212-438-7280 or by e-mail to: 
research_request@spglobal.com. 
 
Copyright (c) 2023 by Standard & Poor's Financial Services LLC. 
All rights reserved. 
 
 

3 Feb 2023 16:08 ET *S&P Revises Nigeria Outlook to Negative From Stable, Cites Issues Including Low Crude Oil Production and High Debt Service Costs

3 Feb 2023 16:09 ET *S&P Affirms Nigeria B-/B Ratings

3 Feb 2023 16:10 ET *S&P: Nigeria Economy Is Estimated to Have Expanded by About 2.8% in 2022 and S&P Forecasts Real GDP Growth to Avg 3.1% in 2023-2026

(MORE TO FOLLOW) Dow Jones Newswires

February 03, 2023 16:10 ET (21:10 GMT)"
"2023, A Year of Victories and Accomplishments",2023-01-30,"2023, A Year of Victories and Accomplishments

Dear Esteemed Client,

As we set off on another 365 days of breaking boundaries and achieving new milestones, let me wish you all a happy and healthy new year. Celebrating the end of one year and the beginning of another often fills one with a lot of hope and excitement.

Without a doubt, 2022 shocked, rocked, and rolled global markets. The year began with cautious optimism, given the 6.1% GDP growth of 2021, that the global economy would consolidate on its post-COVID recovery as lingering concerns – weak supply chain recovery, new COVID variants, and geopolitical tensions – formed the early negative signals. As such, the IMF in January 2022 lowered its earlier growth expectation for the year from 4.9% to 4.4%.

By late February, Russia’s invasion of Ukraine further dented the growth outlook. This development negatively impacted financial markets and worsened inflationary conditions globally, leading to a major surge in commodity prices. This new reality sparked an aggressive hawkish policy stance by global systemic Central Banks. It is noteworthy that there were more than 60 increases in benchmark rates by global Central Banks to curb inflation which had risen to unprecedented highs. Consequently, the IMF was compelled to further revise its global growth projection downward for the year by a cumulative of 1.2% to 3.2%.

In Nigeria, while the domestic economy remained resilient through H1:2022, the combined effect of year-long structural challenges, monetary-fiscal policy mismatch, and negative externalities dampened growth momentum in the 3rd quarter. Real GDP growth slowed to 2.3% in the 3rd quarter of 2022 from 3.1% and 3.5% in the first and second quarters, respectively. Inflationary pressures also mounted, rising from 16.9% at the start of the year to 21.3% by year-end. On the fiscal side, sustained revenue underperformance and bourgeoning expenditure took Nigeria’s debt profile up by 18.7% to ₦67.8tn inclusive of the CBN’s ways & means of N22.8tn. This further worsened key debt sustainability metrics such as debt-to-GDP at 35.2% and debt service-to-revenue at 80.7% in the 3rd quarter of 2022 from 32.0% and 76.1%, respectively, at the end of 2021. Consequently, global credit rating agency, Fitch Ratings downgraded Nigeria’s long-term credit rating to B- from B with stable outlook. As if this was not enough, the National Bureau of Statistics reported that the number of people living in multidimensional poverty is now 132.9m, which translates to 63.0% of the population.

On the monetary policy front, the Central Bank of Nigeria successively hiked rates four times by a cumulative of 500bps to 16.5% in a bid to combat inflation. However, this policy action underperformed expectations due to the counter-effect of CBN’s large-scale liquidity injection through ways & means advancement and other interventions. In addition, despite continuous attempts to harmonise the rate in the FX market, the parallel market rate rose by 31.0% in 2022 to ₦740.00/$1.00 by year-end, while the I&E rate rose 6.1% to N461.50/$1.00 translating to a spread of N279.53/$1.00 between the parallel and I&E FX market.

The spillover effect of these macroeconomic challenges impacted Naira-denominated assets in different ways. In the equity market, bullish momentum dominated proceedings in H1:2022 (NGX-ASI gained 21.3%) supported by relatively low fixed-income yield, positive corporate actions (listing of BUAFOODS & GEREGU and DANGOTE share buy-back programme), and impressive earnings. However, by mid-November, the return on the market had dropped to 2.6% following aggressive rotation into fixed-income assets due to an improved yield environment. Nevertheless, year-end portfolio rebalancing and positioning for full-year dividend payments helped rally the market in December, as the NGX-ASI closed 2022 up 20.0% in line with Afrinvest Research forecast of 19.1%. In the fixed-income market, yield momentum picked up noticeably in H2:2022 following four successive episodes of MPR hikes by the CBN, which prompted the repricing of yields across the ends of the curve. However, bond yields rose less steeply than T-bills due largely to the tight liquidity environment and sustained backdoor financing of FG’s deficit through CBN’s ways & means facility.

Looking ahead, the outlook for the global economy in 2023 remains bleak with the IMF projecting growth of about 2.7%. At the same time, we believe the possibility of a global economic recession is less likely, although we do not rule out the possibility of some European countries sliding into a recession due to the heavy knock-on effect of the Russian-Ukraine War. Additionally, with global inflationary pressures expected to ease, we opine that global Central Banks are likely to reduce the magnitude of policy rate increases going forward.

In Nigeria, we expect the lingering structural inefficiencies to weigh in on economic growth in 2023 because of the political transition and the time it would take policy reforms (if any) by the incoming administration to manifest gains. Hence, Afrinvest Research projects a modest 3.0% GDP growth for the year. We also expect unfavourable external pricing conditions to keep the Federal Government active in the domestic debt market in 2023. In the face of expected wide budget financing gaps relative to the depth of the local market, we do not rule out the possibility of continued ways & means financing despite plans to securitise the liability which stands today at N22.0 trillion. Importantly, we expect monetary policy to be less aggressive in 2023 while inflation should soften, providing the basis for fixed income yields to taper.

Our Key Highlights and Milestones

For us at Afrinvest, the year 2022 was a pivotal one. Pivotal because, after nearly three decades of operations, we evolved into a Capital Market Holding Company by restructuring some of our existing businesses whilst adding extra layers to our bouquet of financial service offerings.

Among the restructuring was the morphing of our Investment Research unit into a full-fledged consultancy with the internal capacity to solve all your business needs, setting up a Trusteeship as a business offering, and establishing Andromeda – our Fintech arm that will create a pathway for Afrinvest to become Africa's preferred digital investment bank. We also changed our brand identity into an agile, futuristic, and innovative logo that will remain relevant to your wealth-building journey as the world evolves.

Our new identity was officially unveiled at the Afrinvest Sparkle event, where we also celebrated 27 years of excellence in the Nigerian financial industry and many other milestones, including new business expansion initiatives, new leadership team, the launch of our 2022 Nigerian Banking Sector Report, and the launch of the Optimus – our digital investment and savings app.

Please permit me – for the umpteenth time – to gush over our new digital investment platform, Optimus. It excites me so much because we are now better positioned to be a part of your financial journey. With Optimus, you can now do more with money – save, invest and spend – on one simple and secure app. Future iterations of the app will have loads of amazing features, as our goal is to make all our financial service offerings available on the platform. If you're looking for a way to invest in Naira or Dollars, click HERE to take Optimus for a spin!

AAA Infrastructure Nigeria Limited (“3AInfra”), an infrastructure-focused, asset management company, was also established during the year by the trio of Afrinvest, Africa Plus Partners, and ARC Asset Management Limited. 3AInfra is one of four asset managers selected by Infrastructure Company of Nigeria Limited (“InfraCorp”) to harness opportunities for infrastructure development in Nigeria by originating, structuring, executing and managing end-to-end bankable projects in partnership with public and private sector participants. InfraCorp was established by the Central Bank of Nigeria, the Africa Finance Corporation, and the Nigerian Sovereign Investment Authority who have seeded the vehicle with N1 trillion to intervene aggressively across all sectors of Nigeria’s infrastructure space. 3AInfra will take part in the active co-management of InfraCorp to invest a targeted N15 trillion across infrastructure assets in Nigeria. This appointment again reaffirms Afrinvest's position as a first-in-class solutions-driven organization.

Afrinvest Asset Management Limited received an investment manager's rating from Agusto & Co and Global Credit Ratings (GCR), two major rating agencies in Nigeria. The ratings – A-(IM) from Agusto, BBB(NG) and A3(NG) from GCR – were awarded based on our operational track record, good governance structure, good asset quality, experienced management team, and liquidity profile, amongst other considerations.

Our mutual funds also performed excellently, with Afrinvest Equity Fund and Afrinvest Plutus Fund ranking 1st and the Nigerian International Debt Fund holding the 2nd spot, in terms of returns for the most part of 2022. 

Afrinvestor, our online trading app, received a facelift! After much reengineering and retooling, Afrinvestor 2.0 finally launched in 2022. This improved version offers the latest personal investment technology, a wide variety of investment options, and a more user-friendly interface.  You can click HERE to download it on your mobile device and enjoy the new trading experience.

So, what should you expect from Afrinvest in 2023?

1. Business Expansion

As our digital presence continues to grow across various channels, we also plan to physically spread our tentacles to other areas of Nigeria. Last year, we officially opened our Onitsha office, our first-ever service point in the Southeast. In the same fashion, we will establish another office in a yet-to-be-disclosed location where clients can have physical access to all our service offerings, including investment banking, securities trading, asset management, trust services, and investment research.

2. More Technology-led Financial Solutions

Following the launch of Optimus by Afrinvest last year, an app that allows you to save and invest in Naira and Dollar, we are constantly working on bringing all your financial needs to your fingertip. This year, we expect to include other features such as trading US stocks, Mutual Funds, and Payments (virtual cards - Naira and Dollar) to the Optimus platform.

As we begin to consolidate on the strides achieved last year, we solicit your continued patronage and partnership. Just as you have kept faith in us since 1995, we pledge to continue providing all the support you need to reach your financial goals.

Our 27-year history has indeed been a series of innovations. We have kicked off this year with renewed zeal to further leverage the power of technology in driving wealth creation, protection and sustenance for YOU, our amazing clients.

Whether it's 2023 or 2050, our goal will always be to simplify wealth for you. That for us means offering the best possible investment advice with our vast experience, digital capabilities and rich bouquet of financial services.

We very much appreciate the opportunity to serve you, and I personally thank you, once again, for choosing to be a part of the Afrinvest Story!

I wish you a prosperous new year full of victories and accomplishments.

Yours sincerely,

Ike Chioke

Group Managing Director

*****

SeeNews does not endorse in any way, the views, opinions or recommendations expressed above. The use of the Information is subject to the terms and conditions as published by the original source, which you have to read and accept in full prior to the execution of any actions taken in reliance on Information contained herein."
African Markets - Factors to watch on July 28,2022-07-28,"
    NAIROBI, July 28 (Reuters) - The following company announcements, scheduled economic
indicators, debt and currency market moves and political events may affect African markets on
Thursday.
                     - - - - -
 EVENTS:
 ETHIOPIA - State-owned Ethio Telecom releases financial results for the year to end-June.
 
 GLOBAL MARKETS
 Asian shares made cautious gains on Thursday as investors scented a possible slowdown in
 the pace of U.S. rate hikes, comforting bond markets and sending the dollar to a
 three-week low on the yen.                       
 
 WORLD OIL PRICES
 Oil gained more than $1 a barrel on Thursday, extending gains from the previous session,
 buoyed by improved risk appetite among investors while lower crude inventories and a
 rebound in gasoline demand in the United States supported prices.                 
 
 EMERGING MARKETS
 For the top emerging markets news, double click on            
 
 AFRICA STOCKS
 For the latest news on African stocks, click on     
 
 SOUTH AFRICA MARKETS
 South Africa's rand firmed on Wednesday ahead of an interest rate hike decision by the
 U.S. Federal Reserve due later in the day.            
 
 NIGERIA CENTRAL BANK
 Nigeria's Senate passed a motion on Wednesday to summon Central Bank Governor Godwin
 Emefiele over the ""free fall of the naira"" and called on the central bank to urgently
 intervene.            
 
 NIGERIA CRUDE OIL REVENUES
 Nigeria has had no accretion to its rainy day oil savings account in the past four years,
 Finance Minister Zainab Ahmed said on Wednesday, citing volatility on oil
 markets.            
 
 NIGERIA POLITICS
 Nigerian opposition Senators pushed for President Muhammadu Buhari to face impeachment,
 10-months before the end of his second term in office, over the country's spreading
 security problems, the Senate minority leader said on Wednesday.            
 
 KENYA MARKETS
 Kenya's shilling        was little-changed on Wednesday, and traders said they expected
 it to weaken due to increased dollar demand from various sectors, especially oil
 importers.            
 
 KENYA CENTRAL BANK LENDING RATE
 Kenya's central bank held its benchmark lending rate              at 7.5% on Wednesday to
 allow May's hike to transmit its way through the economy, its monetary policy committee
 (MPC) said.                  
 
 KENYA EAST AFRICAN BREWERIES RESULTS
 Kenya's East African Breweries           said on Thursday its pretax profit for the year
 to end-June more than doubled, helped by improving sales as COVID-19 curbs eased in its
 markets.             
 
 RIO TINTO GUINEA
 Rio Tinto        ,          said on Thursday that its Guinea subsidiary has formed a
 joint venture with the government and the Winning Consortium Simandou (WCS), paving the
 way for work to resume at the world’s largest underdeveloped iron ore
 deposit.                   
 
 BOTSWANA TAX
 Botswana has cut value added tax (VAT) by 2 percentage points to 12% for a six-month
 period as part of measures to cushion consumers from the prevailing high inflation rate,
 Finance Minister Peggy Serame told parliament on Wednesday.            
 
     For the latest precious metals report click on        
     For the latest base metals report click on         
     For the latest crude oil report click on

Released: 2022-7-28T05:42:09.000Z"
Mtn Group Limited Quarterly Update For The Period Ended 31 March 2022 And B-BBEE Annual Compliance Report,2022-05-13,"
TIDM10CM 
Mtn Group Limited Quarterly Update For The Period Ended 31 March 2022 And B-BBEE Annual Compliance ReportQuarterly update for the period ended 31 March 2022 and B-BBEE annual compliance report 
 
MTN Group Limited  
(Incorporated in the Republic of South Africa) 
(Registration number 1994/009584/06) 
(Share code MTN) 
(ISIN: ZAE000042164) 
(MTN  or the Company or the Group) 
 
Quarterly update for the period ended 31 March 2022 and B-BBEE annual 
compliance report 
 
MTN  is a pan-African mobile operator with the strategic intent of 'Leading digital solutions for Africa's 
progress'. We have 276 million customers in 19 markets and are inspired by our belief that everyone 
deserves the benefits of a modern connected life. 
 
 
Highlights 
-    Group service revenue grew by 15.9% 
         o Group voice revenue up by 2.6% 
         o Group data revenue up by 37.3% 
         o Group fintech revenue up by 21.2% 
-    Group earnings before interest, tax, depreciation and amortisation (EBITDA) up by 21.1% 
-    Group EBITDA margin improved to 46.4% (from 44.2%) 
-    MTN South Africa service revenue up by 4.6%, with an EBITDA margin of 39.9% (from 39.8%) 
-    MTN Nigeria service revenue up by 22.0%, with an EBITDA margin of 54.6% (from 53.1%) 
-    Subscribers increased by 3.2% to 276.2 million, impacted by new SIM registration regulations in 
     Nigeria (excluding Nigeria, subscribers were up by 3.9%) 
-    Active data subscribers increased by 13.1% to 125.6 million 
-    Active Mobile Money (MoMo) customers increased by 25.9% to 58.7 million 
-    MoMo value of transactions up by 12.6% to US$59.9 billion (up by 18.9% in constant currency) 
-    Medium-term guidance is maintained 
 
Unless otherwise stated, financial and non-financial growth rates are presented on a constant currency basis and are year-on-year (YoY, 
3M to March 2022 vs 3M to March 2021). To enable like-for-like comparability, all growth rates for non-financials have been restated to 
exclude MTN Syria  and MTN Yemen, which were deconsolidated from 25 February 2021 and 31 October 2021 respectively. 
 
Service revenue excludes device and SIM card revenue. Data revenue is mobile and fixed access data and excludes roaming and wholesale. 
Fintech includes MoMo, insurance, airtime lending and e-commerce. Active data users is a count of all subscribers at a point in time which 
had a revenue generating event in the specified period of time (90 days) prior to that point in time and also during the past 30 days had data 
usage greater than or equal to 5 megabytes. MoMo users are 30-day active users. 
 
 
 
Group President and CEO Ralph Mupita  comments: 
Challenging operating environment 
""The MTN Group  delivered a solid Q1 2022 performance, with double-digit service revenue growth and 
the expansion of EBITDA margins supported by the focused execution of our Ambition 2025 strategy. 
 
This was delivered in a challenging macroeconomic environment in which we continued to navigate 
the impacts of COVID-19. Many of our markets have also experienced rising inflation and interest rates, 
and pressure on consumer spending driven by recent global events impacting food and energy prices 
in particular. 
 
Monetary and fiscal positions in many of the countries we operate in were challenged during the 
period, resulting in currency weakness against the US dollar. Additionally supply chains experienced 
disruptions, and to mitigate the risks of network rollout we accelerated capital expenditure in the 
quarter under review. 
 
In South Africa, loadshedding from the national grid has impacted network availability and we have 
had to increase investment in batteries ahead of the winter period when we anticipate that the risk of 
loadshedding may remain high. 
 
Solid financial and operational performance in Q1 
MTN Group 's service revenue came in ahead of medium-term targets and grew by 15.9%. Group 
EBITDA increased by 21.1%, with the EBITDA margin expanding by 2.2 percentage points (pp) to 46.4%. 
This performance was supported by service revenue growth at our large operations, which was 
delivered in line with medium-term targets, and the disciplined execution of our expense efficiency 
programme. 
 
In the quarter, the Group grew subscriber numbers by 3.2% YoY to 276.2 million, which was impacted 
by new SIM registration regulations in Nigeria. Excluding this impact, subscribers increased by 3.9%. 
MTN Nigeria, however, added 1.7 million subscribers during Q1, demonstrating good momentum on 
the 1 million in net additions reported for Q4 2021. MTN Nigeria is assisting with providing IT hardware 
resources to support the National Identity Management Commission (NIMC) with accelerating 
National Identity Number (NIN) validations. 
 
In driving our industry-leading connectivity business, we recorded voice revenue growth of 2.6%. 
Data revenue grew by 37.3% driven by structurally higher demand for data services evidenced by the 
growth in data usage and active data users of 45.4% and 13.1% YoY, respectively. 
 
In terms of our platforms, fintech revenue rose by 21.2% YoY. MoMo active monthly users grew by 
25.9% YoY and the volume of transactions processed through our fintech platform was up 32.5% in Q1 
2022 YoY to 2.9 billion transactions. The value of transactions increased by 12.6% YoY to US$59.9 
billion (up 18.9% in constant currency). New commission-earning rules were implemented in Ghana 
during Q3 2021 to improve margins, which impacted transaction value. Adjusting for this, the 
underlying transaction value grew by 34.0% in constant currency terms. 
 
The number of active merchants accepting MoMo payments increasing by 46.8% YoY to 765 211 and 
the total value of MoMo merchant payments rose by 125.2% YoY to US$4.3 billion. The total value of 
remittances grew by 7.4% YoY to US$573.9 million in Q1 2022; in addition, we facilitated a total loan 
value of US$280.4 million, a 27.8% increase YoY. At the end of Q1 2022, our InsurTech platform had 
17.4 million registered aYo policies, reflecting growth of 37.8% YoY 
 
In April 2022, our fintech subsidiary in Nigeria received final approval of a MoMo Payment Service Bank 
(PSB) licence from the Central Bank of Nigeria (CBN) . This will enable us to invest in the launch and 
rollout of PSB and offer a broader range of services in line with the CBN 's guidelines. We are committed 
 
 
to supporting the government of Nigeria to fulfil its agenda of driving digital and financial inclusion. 
We plan to commercially launch PSB services before the end of Q2 2022. 
 
Strong balance sheet and liquidity positions 
The further deleveraging of our balance sheet is progressing well. Group leverage of 0.3x, was down 
from 0.4x as at 31 December 2021, comfortably within covenant limits. Holding company (Holdco) 
leverage remained within our medium-term target and improved further to 0.9x, from 1.0x as at 31 
December 2021. We maintained a strong liquidity position, with headroom of R53.2 billion (R20.6 
billion in cash, and R32.6 billion in committed undrawn facilities) as at 31 March 2021. 
 
We upstreamed dividends and management fees amounting to R2.9 billion in Q1, including 
R643 million from Nigeria. Post the period-end, we upstreamed an additional R708 million of proceeds 
from the MTN Nigeria Series 1 public offer. This is a key milestone in the execution of our asset 
realisation programme (ARP), as we pursue our commitment to further localise the shareholding in 
MTN Nigeria. 
 
We were pleased to note Moody's  Investor Services' recent upgrade, on 6 April 2022, to our credit 
rating outlook to 'stable' from 'negative' reflecting our strong financial performance and reduction in 
leverage. 
 
We continued to invest in our 'second-to-none' networks and technology platforms, deploying 
R7.0 billion of capex in Q1. We were pleased to secure permanent high-demand spectrum in MTN 
South Africa (MTN SA) and paid R3.3 billion in April 2022 for the mid-band allotment of spectrum. This 
will enable us to ramp up investment to increase coverage, including 5G offering, and to support data 
traffic growth. 
 
MTN Group  achieves Level 1 B-BBEE Contributor Status 
We are pleased that, in a major transformation milestone, MTN Group  has for the first time achieved 
Level 1 Broad-Based Black Economic Empowerment (B-BBEE) Contributor Status. This is up from Level 
2 in 2020. The rating, dated 10 May 2022, was for the financial year ended 31 December 2021. MTN 
SA maintained its Level 1 Contributor Status, for the third year running. 
 
Group medium-term guidance maintained 
Looking ahead, we anticipate that our markets will be impacted by the global trends of higher interest 
rates and energy and food price inflation. Geopolitical volatility exacerbated by the conflict in Ukraine 
is further impacting these trends and affecting currencies, asset prices and supply chains 
 
On current macro-economic and operating assumptions, we anticipate these factors to slightly 
moderate our EBITDA margin evolution in the short-term. This is particularly when considering the 
additional investment in Nigeria to accelerate NIN enrolment and verification, the launch of PSB 
services in Nigeria and higher energy related expenses where we have pass-through costs in Towerco 
agreements. 
 
We remain focused on executing our Ambition 2025 strategy to drive growth, continue implementing 
our expense efficiency programme, deleverage the Holdco balance sheet faster and unlock value for 
our stakeholders. Our capex guidance for FY 2022 is unchanged at R34.4 billion and we are maintaining 
our Group enhanced medium-term guidance framework. 
 
The Group's results and segmental report are presented in line with the Group's operational structure. The Group's underlying operations 
are clustered as follows: South Africa (SA), Nigeria, the Southern and East Africa (SEA) region, the West and Central Africa (WECA) region and 
the Middle East and North Africa (MENA) region and their respective underlying operations. 
 
The SEA region includes Uganda, Zambia, Rwanda, South Sudan, Botswana (joint venture-equity accounted), eSwatini (joint venture-equity 

13 May 2022 01:07 ET 
Mtn Group Limited Quarterly Update For The Period -2-


accounted) and Business Group. The WECA region includes Ghana, Cameroon, Côte d'Ivoire, Benin, Congo-Brazzaville, Liberia, Guinea 
Conakry and Guinea Bissau. The MENA region includes Iran (joint venture-equity accounted), Sudan and Afghanistan. 
 
In line with the Group's strategy announced in March 2021, MTN Ghana  results have been reported under the WECA region effective 1 
January 2021 (previously included in the SEAGHA region). Prior year numbers have been restated for SEA and WECA accordingly. 
 
Although Iran, Botswana and eSwatini form part of their respective regions geographically and operationally, they are excluded from their 
respective regional results because they are equity accounted for by the Group. 
 
MTN Syria  results have been disclosed up to February for 2021; as a result of loss of control effective February 2021, following MTN Syria  
being placed under judicial guardianship. MTN Yemen results have been disclosed up to end of October 2021, as a result of MTN 's decision 
to exit the operation. 
 
Certain information presented in this quarterly update constitutes pro forma financial information. The responsibility for preparing and 
presenting the pro forma financial information and for the completeness and accuracy of the pro forma financial information is that of the 
directors of MTN . This is presented for illustrative purposes only. Because of its nature, the pro forma financial information may not fairly 
present MTN 's financial position, changes in equity, and results of operations or cash flows. It has not been audited or reviewed or otherwise 
reported on by our external joint auditors. The financial information on which this quarterly update is based, including constant currency 
information, has not been reviewed and reported on by MTN 's external auditors. Constant currency information has been presented to 
remove the impact of movement in currency rates on the Group's results and has been calculated by translating the prior financial reporting 
period's results at the current period's average rates. The measurement has been performed for each of the Group's currencies, materially 
being that of the US dollar and Nigerian naira. The constant currency growth percentage has been calculated based on the prior period 
constant currency results compared to the current year results. In addition, in respect of MTN Irancell, MTN Sudan and MTN South Sudan the 
constant currency information has been prepared excluding the impact of hyperinflation. The economies of Sudan, South Sudan and Iran 
were assessed to be hyperinflationary for the period under review and hyperinflation accounting was applied. 
 
This quarterly update may contain forward-looking information. Any forecast information on which the quarterly update may be based has 
not been reviewed or reported on by the Group's external auditors. 
 
 
Navigating an increasingly volatile macroeconomic environment 
We continue to navigate the impacts of COVID-19 in our markets with our response plan in place which 
focuses on the same areas that we have extensively reported on previously. These areas are social 
(our people, communities and stakeholders); commercial (including our customers); network and 
supply chain; and funding and liquidity. 
 
We have seen an increase in macroeconomic volatility with rising fuel and food inflation, as well as 
local currency depreciation, feeding into many of our markets and compounding the pressure being 
felt by consumers. The Russia-Ukraine war has exacerbated these effects with additional stress on 
supply chains. 
 
In terms of social impacts, we are working on interventions and support in addition to our ongoing 
programmes. To safeguard our operations, we continue to manage inflationary risks through our 
expense efficiency programme and disciplined capital allocation. We had to increase pricing slightly in 
some markets, such as South Africa, to ensure the sustainability of the business. We will continue to 
offer competitive, quality services to our customers. 
 
In terms of supply chain, comprehensive risk mitigation strategies have been in place for a number of 
years. We continue to enhance these to ensure that orders for equipment and supplies are secured 
early, with enhancements to procurement agreements to ensure availability across all our markets. 
These include discussions with our Towerco partners to manage the resilience of our networks; we 
have put in place plans to advance capex and fuel orders. 
 
We have reduced foreign debt in our markets and at Holdco, which remains a focus, to insulate our 
balance sheet from exchange rate volatility. Deleveraging is a core objective of Ambition 2025 and we 
have also built up a strong liquidity position to provide us with flexibility to withstand any further 
shocks. 
 
 
Operational review 
MTN South Africa 
MTN SA recorded a healthy performance in Q1 with service revenue increasing by 4.6% in line with 
our medium-term guidance. This result was supported by solid commercial and operational execution 
yielding service revenue growth in all the core business units: the prepaid consumer business unit 
(CBU) up 1.5%; the postpaid CBU up 4.4%; the enterprise business unit (EBU) up 23.1%; and the 
wholesale business up 1.9%. 
 
This performance shows the resilience of the business, against the backdrop of a challenging 
macroeconomic environment, with a rapidly rising unemployment rate, and increased pressure on 
consumer disposable income. This environment has contributed to a notable shift in customer 
spending patterns and greater competition for share of the consumer's wallet. 
 
MTN SA closed the quarter with a total of 34.5 million subscribers, an increase of 7.1%, driven by 
higher gross additions. The postpaid subscriber base continued to expand, with an increase of 7.4% to 
7.5 million on the back of solid growth in integrated voice and data-centric plans. There was a 7.0% 
increase in prepaid subscribers to 27.0 million. 
 
 
MTN SA's drive to grow mobile data revenue led to data traffic growth of 46.7% and a 14.1% increase 
in active data users to 17.3 million. This underpinned a 14.3% increase in overall mobile data revenue. 
 
Data was made more affordable in the quarter with a 22.8% YoY reduction in the effective data tariff. 
An active prepaid data subscriber now consumes an average of 4.0GB of data a month, up 37% YoY, 
and an active postpaid data subscriber uses nearly 11.8GB per month, an increase of 20%. 
 
The consumer postpaid business delivered a resilient performance with service revenue growth of 
4.4% benefiting from data-oriented packages. 
 
The strong growth in data revenue also supported the consumer prepaid business' performance with 
service revenue up by 1.5%. Pressure from the offset of voice substitution remains a challenge and 
MTN SA continues to focus on ERM optimisation initiatives to reduce this impact. MTN SA's prepaid 
segment was also impacted by economic pressure, including job losses, particularly in the lower- 
income consumer segment. 
 
The enterprise business recorded a 23.1% increase in service revenue, driven by sustained growth in 
data deals, Bulk SMS and the ICT business. The core mobile business continues to gain market share, 
with sustained distribution channel expansion and strong products propositions. In 2021, MTN SA was 
appointed as a service provider to the national government under the national treasury transversal 
contracts, enabling an expansion of our mobile service offerings to public sector entities through the 
leveraging of MTN 's strong network quality. 
 
Wholesale revenue increased by 1.9%, supported by national roaming deals with Cell C and Telkom . 
For Cell C, revenue recognition remains on a cash basis as Cell C works towards its recapitalisation. 
MTN SA recognised R643 million (down 4.7% YoY) in national roaming revenue from Cell C and a 
balance of R400 million remained unrecognised, as at 31 March 2022. 
 
The new multi-year national roaming agreement with Telkom , which came into effect on 1 November 
2021, continues to scale steadily and MTN SA is focused on further enablement of infrastructure 
sharing through our investment in the expansion of network capacity. 
 
The performance of the fintech business was encouraging with approximately 5.0 million registered 
MoMo users and 840 043 monthly active users by 31 March 2022. MTN SA also progressed work on 
MoMo partnerships to accelerate the growth of the business. The platform continues to grow 
transactions driven by innovative and relevant solutions. 
 
MTN SA reported EBITDA of R4.9 billion (up 3.7% YoY) with as slight increase in the EBITDA margin to 
39.9% (up 0.1pp), supported by a solid service revenue performance and disciplined execution of the 
expense efficiency programme. 
 
Network availability and quality has been affected by loadshedding from the national grid, as well as 
ongoing theft and vandalism of towers since Q4 2021. To mitigate these impacts, MTN SA rolled out a 
comprehensive resilience plan including additional batteries, generators and enhanced security 
features. We are committed to ensuring the quality of our customers' connectivity experience. 
 
Pleasingly, MTN SA secured high-demand spectrum to support the expansion of 4G and 5G services, 
with total permanent spectrum holdings rising from 76MHz to 176MHz and payment of R3.3 billion 
was made in April 2022 for mid-band spectrum. The spectrum has been allotted for a 20-year period 
on a technology-neutral basis. 
 
Since the award of temporary spectrum in 2020, MTN SA has ramped up its investment to increase 
network coverage, improve speeds and enhance the overall customer experience. MTN SA has also 
invested in an expansion drive into rural and peri-urban areas and a major 5G rollout, reaching a 
population coverage of 15%. 
 
MTN SA will continue to use the spectrum to expand 4G and 5G connectivity, as well as capacity, to 
entrench its position as South Africa's best network while further enhancing rural, peri-urban, and 
urban network coverage. The spectrum allocation will allow for greater value for customers, 

13 May 2022 01:07 ET 
Mtn Group Limited Quarterly Update For The Period -3-


supporting a lower cost to communicate as we work to bridge the digital divide. 
 
MTN SA retained its top position as the country's most valuable brand in the 2022 Brand Finance  
South Africa survey. For the eighth consecutive year, MTN SA maintained its leadership position with 
its brand value increasing by 34% to R59.8 billion. 
 
In mid-April 2022, the province of KwaZulu-Natal (KZN) in South Africa felt the effects of heavy rainfall 
causing floods in many parts of KZN. In addition to the impact on lives and livelihoods, the floods 
caused extensive damage to infrastructure and power outages. A total of more than 500 MTN  sites 
were down in the province. MTN SA activated contingency plans and has since restored to full capacity 
around 90% of the affected sites. We continue to work to fully restore connectivity. 
 
To support the people and municipalities in KZN hit the hardest by the floods, MTN SA donated a total 
of R1 million in of food parcels and blankets. To assist families and friends to keep in touch during this 
difficult time, MTN SA also provided free three-day SMS bundles to over seven million customers in 
KZN. 
 
MTN SA's performance outlook will be shaped by macroeconomic conditions in the country such as 
loadshedding as well as current global macroeconomic uncertainties which are expected to add to 
inflationary pressures, including on costs and availability of food and fuel. This will further impact 
consumer spending power and patterns. 
 
MTN SA is focused on accelerating its high growth business areas, with ongoing emphasis on the 
overall expense efficiency programme to deliver strong EBITDA and cash flow growth. 
 
MTN Nigeria 
MTN Nigeria recorded a solid Q1 2022 performance, tracking positively against its medium-term 
targets, with 22.0% growth in service revenue and the expansion of EBITDA margins. This was 
delivered through solid commercial momentum and execution in challenging trading conditions. 
 
Voice revenue grew by 8.6%, driven by an increase in gross connections and higher usage from the 
active SIM base. This was enabled by expanded customer acquisition touchpoints, rural telephony 
initiatives and an enhanced customer value management (CVM) toolkit, reducing the impact of the 
SIM registration and activation restrictions. 
 
Data revenue rose by 54.0%, maintaining the accelerated growth trajectory through growth in the 
subscriber base and data usage. This was sustained by an aggressive 4G network expansion and 
enhanced quality and capacity of our network to support rising data traffic. Data traffic rose by 84.8% 
YoY and usage (MB per user) was up by 69.8%. 
 
In addition, MTN Nigeria added about a million new smartphones to its network in Q1, bringing 
smartphone penetration to 50.0%. The 4G network now covers 71.7% of the population, up from 
70.3% in December 2021. 
 
Home broadband penetration remains a focus for MTN Nigeria, reaching over 775 000 users, up by 
over 160 000 in Q1. The goal is to Own the Home through differentiated value propositions, creating 
experiences that position MTN Nigeria as the broadband service provider of choice. This will be 
achieved by leveraging its unique assets and capabilities to capture a significant share of market 
growth. 
 
Fintech revenue rose by 46.7% on the back of the growing adoption of fintech services and an 
expanded user base. The MoMo agent network continues to widen with more than 800k registered 
agents and over 166k active agents (agents who perform a minimum of ten revenue-generating 
transactions within 30 days). 
 
Having established a significant foundation of registered agent network, the focus is now on scaling 
the active base. Agent services have been extended to include card withdrawal services by deploying 
point of sales (POS) terminals to the agent network. This has contributed to growing total volume of 
transactions to over 56.1 million, up 132.7% YoY, by more than 10.7 million active users (up 135.2%). 
 
MTN Nigeria's fintech subsidiary received final approval of a MoMo PSB licence from the CBN . This 
will enable the Operating company (Opco) to invest in the launch and rollout of PSB and offer a 
broader range of services, with a planned commercial launch before the end of Q2 2022. 
 
Digital revenue grew by 37.4% as penetration of digital products continued to deepen, driven by 
increased usage from the active base. Digital subscriptions were up by 164.1% YoY to 7.4 million, with 
ayoba accounting for 45% of the subscriptions and Rich Media accounting for 55%. 
 
Revenue from digital services was driven by Rich Media, Mobile Advertising and Content VAS. The 
Y'ello Digital Platforms are being transformed into a one-stop destination that caters to all consumer 
segments. 
 
Revenue from the enterprise business rose by 34.0%, underpinned by the onboarding of new 
customers across segments and the uptake of our enhanced services. The enterprise business is 
transitioning from product to platform while leveraging core mobile and fixed connectivity to serve 
customers across all segments better. 
 
MTN Nigeria has commenced executing programmes to digitise and transform micro, small and 
medium enterprises (MSMEs) in Nigeria. Key among these is developing a cloud technology 
marketplace to empower, educate and enrich MSMEs. The goal is to drive further adoption of 
enterprise platforms (internet of things and cloud), creating additional value for our customers and 
enabling them to innovate while remaining profitable. 
 
MTN Nigeria progressed with the expense efficiency programme and remained disciplined with capital 
allocation. As a result, the Opco contained the 18.3% increase in operating expenses below the rate 
of inflation in Nigeria. This was achieved despite the continued effects of naira depreciation on lease 
rental costs and acceleration in site rollout. Consequently, MTN Nigeria's ability to drive operating 
leverage has enabled EBITDA growth of 25.7% and the expansion of EBITDA margin by 1.5pp to 54.6%. 
 
Southern and East Africa (SEA) 
The SEA region delivered service revenue growth of 12.7% for the quarter, supported by top-line 
growth in most markets despite challenging trading conditions including muted economic recovery 
and higher inflation. The region's performance reflected strong growth in data revenue (up 35.6%) 
and fintech revenue (up 26.8%). The SEA region increased subscriber numbers by 2.8% YoY to 34.8 
million. 
 
MTN Uganda recorded service revenue growth of 11.1%. This was driven by solid growth in data 
revenue (up 45.1%) and fintech revenue (up 21.0%) resulting from increased usage and subscriber 
base growth. Voice revenue (down 4.6%) was adversely impacted by customers' disposable incomes 
coming under pressure from rising inflation. Despite the tough trading conditions, the Opco delivered 
EBITDA margin expansion of 0.4pp to 51.6% on the back of revenue growth and the effective 
implementation of expense efficiencies. 
 
MTN Rwanda  delivered strong service revenue growth of 24.5%, supported by healthy growth in 
fintech revenue (up 56.8%), data revenue (up 13.2%) and voice revenue (up 11.8%). MTN Rwanda  
reported an EBITDA margin of 47.7%, down 3.7pp. This was impacted mainly by higher data cost of 
sales from higher 4G uptake as well as the introduction of an outsourced modernised Network 
Operating Centre to manage the monitoring of our network, boost the user experience and reduce 
the volume of customer complaint calls. 
 
Overall the SEA portfolio reported a 1.3pp decrease in the blended EBITDA margin to 46.0% in Q1 
2022. 
 
The results of our associate investment in eSwatini reflected increased pressure on voice and data in 
a challenging economic environment, amid increased competition and return-to-office work, which 
reduced demand for data. Plans are in place to accelerate demand through CVM and competitive 
offers. 
 
West and Central Africa (WECA) 
Despite the challenging trading environment, the WECA region delivered a pleasing performance for 
the quarter with service revenue growth of 17.0%. The strong performance was enabled by an uptake 
of data services. Fintech revenue remained resilient despite aggressive pricing strategies from 
competitors in some markets. The region's performance also benefitted from a 8.2% increase in the 
subscriber base to 70.2 million. WECA delivered a blended EBITDA margin of 43.5%, up by 2.3pp, 
mainly driven by MTN Ghana . 
 
MTN Ghana 's Q1 performance is testament to the resilience of the business to withstand a challenging 
macro-economic environment including increases in fuel prices and general inflation as well as local 
currency depreciation. 
 
Service revenue grew by 34.7%, largely attributable to growth in voice, data and fintech. This 
performance was underpinned by the continued execution of the Ambition 2025 strategy and 
sustained investments to support improvements in service quality and the expansion of network 
capacity and coverage. 
 
An increase in active data users and usage led to an increase of 65.3% in data revenue. Fintech revenue 
grew by 27.1%, supported by higher active MoMo users. The EBITDA margin increased by 5.0pp to 
59.7% on the back of the strong growth in the topline and the implementation of the expense 
efficiency programme. 
 
MTN Côte d'Ivoire's performance came under pressure with service revenue slightly down by 0.7% 
largely impacted by the decline in fintech revenue (down 38.4%) due to zero-rating of person-to- 
person (P2P) and price reductions for withdrawals driven by intensified competition in the market 
during H2 2021. This helped to accelerate user and usage growth in Q4 2021, with that momentum 
continuing Q1 2022 during which over 506 000 users were added in Côte d'Ivoire. The business 
remains on a strong foundation to grow over the medium-term. 
 
The decline in fintech revenue in Q1 was mitigated by a strong performance in data revenue, which 
grew by 24.9%, underpinned by initiatives to accelerate data penetration and usage. Encouragingly, 
the Opco continued to gain value share in the market. The EBITDA margin declined by 1.3pp to 33.0% 

13 May 2022 01:07 ET 
Mtn Group Limited Quarterly Update For The Period -4-


due to the decline in the topline while maintaining the same commissions to the distribution network 
in fintech. 
 
MTN Cameroon recorded service revenue growth of 12.9% in a challenging environment where the 
Opco leads on market and value share. This performance was supported by sustained growth in active 
data users and ongoing CVM initiatives which led to growth in data revenue (up 30.8%). Revenue 
growth in fintech (up 19.9%) and digital (up 28.1%) also aided overall service revenue growth. The 
EBITDA margin declined by 2.7pp to 33.7%, impacted by management fees and provisions for taxes 
on MoMo transfers and withdrawals. 
 
Excluding MTN Ghana , the WECA markets grew service revenue by 6.7%, which remained ahead of 
blended inflation of 4.7%, with a 1.8pp decline in EBITDA margin to 31.5% in Q1 2022 largely reflecting 
the pressure in MTN Côte d'Ivoire and MTN Cameroon. 
 
Middle East and North Africa (MENA) 
The MENA region delivered a strong performance with service revenue growth of 83.4% (excluding 
MTN Irancell) notwithstanding tough macroeconomic conditions including currency devaluation, 
inflationary impacts, sustained higher oil prices and higher food prices as well as food shortages. The 
region's performance was mainly supported by strong growth in data revenue and an increase in 
active data users. The total number of subscribers (excluding MTN Irancell) was 15.2 million. 
 
MTN Sudan increased service revenue by 261.9%, underpinned by growth in voice (up 200.8%) and 
data (up 387.9%) revenue on the back of increased voice and data prices. The EBITDA margin 
expanded by 17.4pp to 51.4%, driven by strong growth in revenue as well as savings in maintenance 
costs. 
 
MTN  Irancell, our equity-accounted joint venture, delivered solid results through strong commercial 
execution of various initiatives. Service revenue grew by 26.6%, supported by increased data revenue. 
The EBITDA margin expanded by 3.6pp to 42.8% driven by strong revenue growth and expense 
efficiencies. 
 
This result was delivered in a challenging environment where the Russia-Ukraine war is impacting the 
growth and economic development of the country. While the GDP of the country stands to benefit 
from the increased oil and gas prices, rising inflation will place pressure on the consumer. 
 
The Iran Internet Group's ride-hailing app, Snapp, remained the market leader, ranking among the 
top ride-hailing apps globally with over three million daily rides. Snapp Box is the leading last-mile 
delivery network in the country. Market-leading food delivery app Snappfood orders grew by 61.0% 
YoY to almost 260 000 daily orders. Snapp Market orders grew by 88.9% YoY and remains the leading 
supermarket delivery app in the country. 
 
Building the largest and most valuable fintech platform 
We continue to scale and accelerate our fintech ecosystem across our markets with a 32.5% increase 
in transaction volumes to 2.9 billion transactions in Q1, with the value of transactions up by 12.6% to 
US$59.9 billion (up 18.9% in constant currency). This includes the impact of new commission-earning 
rules which were implemented in Ghana during Q3 2021, adjusting for which, underlying transaction 
value growth would have been 34.0% in constant currency terms. 
 
We responded to competitive pressures in Cote d'Ivoire by reducing P2P and withdrawals pricing, 
which affected service revenue development. However we are encouraged by the user growth 
recovery we have seen in Q1 2022 in that market. We remain confident of our recovery plan in Cote 
d'Ivoire where we anticipate fintech service revenue to be back in growth by Q4 2022 driven by user 
growth and the launch of advanced services. Overall fintech service revenue grew by 21.1% in 
Q1 2022. We are driving recurring usage with a focus on new product launches to grow advanced 
services in line with our strategy. 
 
There was strong traction in growing our payments and e-commerce ecosystem, leveraging our 
strength in distribution. The number of active merchants accepting MoMo payments increased by 
46.8% to 765 211 and the total value of MoMo merchant payments rose by 125.2% US$4.3 billion. We 
will continue the roll-out of self-onboarding of merchants to entrench the momentum and growth in 
our payments and e-commerce vertical. 
 
We facilitated a total loan value of US$280.4 million, a 27.8% YoY increase, taking advantage of our 
scaled mobile wallet business and customer footprint. The total value of remittances grew by 7.4% 
YoY to US$573.9 million in Q1 2022. 
 
At the end of Q1 2022, our InsurTech platform had 17.4 million registered aYo policies, reflecting 
growth of 37.8% YoY. Active policies reduced by 31.1% YoY due to a shift in the strategy to focus on a 
higher average revenue per policy and new revenue streams, particularly in Uganda, resulting in the 
termination of free policies. Active policy growth was also impacted by platform migration and 
integration challenges as we shifted to a proprietary infrastructure. In the year ahead we anticipate a 
return to growth in active paid policies with higher average revenue per policy. 
 
The final approval of a MoMo PSB licence in Nigeria by the CBN  will enable us to invest in the launch, 
before the end of Q2 2022, and rollout of PSB and offer a broader range of services. In terms of 
partnerships, our joint venture (JV) with Sanlam  is undergoing regulatory approvals across the various 
markets we operate in and we anticipate launching the JV in early H2 2022. 
 
Asset realisation programme (ARP) and portfolio transformation 
Our ARP aims to reduce debt, simplify our portfolio, reduce risk and improve returns. MTN 's broader 
portfolio transformation plan is to accelerate these goals in line with our focus on pan-Africa, support 
our shared value objectives and structure the business to unlock value. 
 
To date, the Group has received net proceeds of R708 million, post the period-end, from the Series 1 
MTN Nigeria public offer. For the sale of MTN SA passive tower infrastructure, we are expecting to 
receive R5.2 billion in net proceeds from the transaction in Q2 2022. 
 
The further localisation of MTN Ghana  is in progress and we have increased our localisation from 
17.5% to 18.7% in Q1, with new participation from some local pension funds. The Group has received 
cash proceeds of R272 million from this transaction. Post the quarter-end, we concluded a transaction 
to localise a further 5% of MTN Ghana , bringing the total localisation to 23.7%. We are committed to 
deepen local participation to achieve 30% localisation for MTN Ghana . 
 
We continue to explore options to exit Afghanistan in an orderly manner. 
 
Update on regulatory and legal considerations 
High-demand radio frequency in South Africa 
To support its 4G and 5G expansion drive, in March 2022, MTN SA secured high-demand radio 
frequency spectrum in the Independent Communications Authority of South Africa 's (ICASA ) landmark 
auction. This increased MTN SA's total permanent spectrum holdings from 76MHz to 176MHz. 
 
MTN  secured 2 x 10MHz of 800MHz, 4 x 10MHz of 2 600MHz and 4 x 10MHz of 3 500MHz for 
R5.2 billion, comparing favourably with global benchmark averages. This was the first time in 17 years 
that ICASA  had released spectrum on a permanent basis, allotting it for 20 years on a technology- 
neutral basis. A payment of R3.3 billion was made in April 2022, for the mid-band spectrum. A 
payment of R1.9 billion is expected to be made in Q3 2022 for the low-band spectrum. 
 
MTN SA will use the spectrum to expand 4G and 5G connectivity and capacity and further enhance 
rural, peri-urban and urban network coverage. The spectrum will also support our work to lower the 
cost to communicate. 
 
SIM registration in Nigeria 
Following the Nigeria Communications Commission 's (NCC) directive on 4 April 2022 that all operators 
in Nigeria should restrict outgoing calls for subscribers whose SIMs are not associated with NINs, MTN 
Nigeria implemented the directive on approximately 19 million affected subscribers at that date. 
However, subscribers whose outgoing calls were restricted for non-submission of their NINs require 
their NINs to be verified before being reactivated. 
 
As at 25 April 2022, about 8.7 million of those restricted submitted their NINs for verification, of which 
approximately 1.2 million have been reactivated, many of whom are high-value customers. Outgoing 
voice revenue from the subscribers who are yet to be reactivated therefore contributed approximately 
7.8% of total service revenue based on FY 2021 for MTN Nigeria. 
 
In terms of how general traffic trends have evolved since the implementation of the directive, MTN 
Nigeria saw a drop in traffic following its compliance with the directive. However, as we execute our 
NIN recovery initiatives, there has been a gradual turnaround as the affected subscribers are 
reconnected to resume voice calls. Data revenue has continued a steady increase but has currently 
not fully compensated for the decline in voice revenue of restricted subscribers. Encouragingly, there 
has been an acceleration in new connections. 
 
MTN Nigeria continues to engage affected subscribers while providing hardware support for the NIMC 
to accelerate the verification of NINs submitted. It has taken significant steps to help drive NIN 
enrolment for subscribers who do not yet have a NIN, deploying over 4 200 points of enrolment across 
the country. MTN Nigeria has also provided multiple channels to enable customers to submit their 
NIN for verification and linkage. 
 
MTN Ghana  e-levy 
On 29 March 2022, Ghana's parliament approved the Electronic Transfer Levy Bill. From 1 May 2022, 
a 1.5% e-levy will apply to selected electronic transactions of more than GHS100 per customer per day 
on Mobile Money, bank transfers, merchant payments and inward remittances. 
 
The levy is a reduction from the 1.75% communicated previously through the 2022 Budget Statement 
and Economic Policy of Ghana. To reduce the impact of the levy on customers, from May 2022, MTN 
Ghana  is reducing fees on P2P transactions by 25%. 
 

13 May 2022 01:07 ET 
Mtn Group Limited  Quarterly Update For The Period -5-

MTN Ghana  classification as a significant market power 
Following the National Communications Authority 's (NCA) 2020 classification of MTN Ghana  as a 
significant market power, the Opco has now implemented four of the seven 'SMP remedies' being 
national roaming. MTN Ghana  remains in constructive discussions with the NCA on the outstanding 
remedies. 
 
Outlook 
We are encouraged by the healthy performance delivered across our markets in Q1 2022, despite 
challenging macro-economic conditions and new regulatory developments. Looking ahead, our 
markets will be impacted by rising inflation, currency volatility, increased pressure on disposable 
income for consumers and further potential supply chain disruptions. 
 
In this context, our medium-term outlook remains supported by the structurally higher demand for 
data and fintech services and MTN  is uniquely positioned to capture that growth. Our priority is to 
execute on the Ambition 2025 strategy to drive this growth as well as deleverage the Holdco balance 
sheet faster and unlock value, as we manage the rising risks and macroeconomic uncertainties we are 
seeing. 
 
We are focused on accelerating growth in MTN SA and MTN Nigeria as we drive to be the industry- 
leading connectivity business. In addition to the macroeconomic pressures, MTN SA remains impacted 
by the continued disruptions to power supply from Eskom  and the residual effects of the recent floods 
in the KZN province. . The SA prepaid consumer is under pressure, but we remain committed to drive 
overall service revenue growth in line with our medium-term guidance for MTN SA. 
 
The focus in Nigeria will be on driving ongoing growth in the subscriber and revenue base in the 
context of prevailing SIM registration restrictions, as well as launching PSB services. While the EBITDA 
margin may be impacted in the near-term by these effects, we anticipate continued growth in service 
revenue of 'at least 20%', as per our medium-term guidance. 
 
Within fintech, during Q1, we implemented new mobile money taxes in Benin and Cameroon; we also 
made further P2P pricing adjustments in response to ongoing competition in Côte d'Ivoire to continue 
to stimulate user and usage growth. We also implemented the E-levy tax in Ghana and adjusted our 
pricing to limit the impact on usage in that market. 
 
While these factors will have an impact on our performance, we remain on course to fulfil our fintech 
ambitions and our mission to drive financial inclusion by leveraging our platform data and capabilities. 
The final award of the PSB licence in Nigeria is a major milestone and will be key in driving our fintech 
growth over the medium-term. We are planning the commercial launch of PSB services before the end 
of Q2 2022. 
 
On current macroeconomic conditions and operating assumptions, rising inflation in our markets and 
specific interventions and operational investment in markets like Nigeria (NIN enrolments and the 
launch of PSB services), are anticipated to slightly dampen our EBITDA margin expansion in the near- 
term. 
 
The expense efficiency programme is ongoing and supporting the overall profitability of the business. 
We will thus continue to execute on this programme to complement our topline growth in achieving 
our objective to drive further EBITDA margin expansion and return improvement over the medium- 
term. 
 
In terms of some of our key strategic programmes, the work to structurally separate our fintech and 
fibre businesses is ongoing and remains on track. 
 
To achieve the accelerated growth across our operations, the investment in sustaining our 'second- 
to-none' networks and platforms will remain a priority. To support our objectives, we plan to spend 
R34.4 billion in capex in FY 2022, which is unchanged from our previous guidance. 
 
With the outlook for global economic growth remaining uncertain amid the increased geopolitical 
volatility, we will remain focused on delivering on our strategy and maintaining our position as a 
partner of choice to stakeholders across our markets. Our strategy is robust and we have adequate 
adaptability and resilience built into our operating model to weather the uncertainties. We maintain 
our enhanced Group medium-term guidance. 
 
B-BBEE annual compliance report -- MTN Group  and subsidiaries: MTN Group  achieves 
Level 1 B-BBEE Contributor Status 
We are pleased that, in a major transformation milestone, MTN Group  has for the first time achieved 
Level 1 Broad-Based Black Economic Empowerment (B-BBEE) Contributor Status. This is up from Level 
2 in 2020. The rating, dated 10 May 2022, was for the financial year ended 31 December 2021. The B- 
BBEE Contributor Status for MTN Group  considers both the South African operating entities as well as 
the South African group function. MTN SA maintained its Level 1 Contributor Status, for the third year 
running. 
 
In accordance with paragraph 16.21(g) and Appendix 1 to Section 11 of the JSE Listings Requirements 
and Section 13G(2) of the Broad Based Black Economic Empowerment Act, the Company's B-BBEE 
compliance certificate and compliance report is available on the Company's website at 
 https://www.mtn.com/investors-shareholders/?tablink=b-bbee-certificate . 
 
 
The full financial results are available on the MTN 's website at: 
 https://www.mtn.com/investors/financial-results/?report_cat=quarterly-results (""https://www.mtn.com/investors/financial-results/?report_cat=quarterly-results"") 
 
 
Abbreviations: 
SIM: Subscriber Identity/Identification Module 
Business Group: Consist of internet service providers in Namibia, Kenya and Botswana 
Towerco: Tower companies 
Holdco leverage: Holdco net debt (including MTN GC)/SA EBITDA + cash upstreaming 
PSB: Payment service bank 
CVM: Customer value management 
ERM: Effective rate per minute 
MB: Megabyte 
GB: Gigabyte 
 
 
 
13 May 2022 
Fairland 
 
Lead sponsor 
 
Tamela Holdings Proprietary Limited 
 
Joint sponsor 
 
JP Morgan Equities (SA) Proprietary Limited 
 
 
 
 
 
 
Date: 13-05-2022 07:05:00 
Produced by the JSE SENS Department. The SENS service is an information dissemination service administered by the JSE Limited  ('JSE '). 
The JSE  does not, whether expressly, tacitly or implicitly, represent, warrant or in any way guarantee the truth, accuracy or completeness of 
 the information published on SENS. The JSE , their officers, employees and agents accept no liability for (or in respect of) any direct, 
indirect, incidental or consequential loss or damage of any kind or nature, howsoever arising, from the use of SENS or the use of, or reliance on, 
 information disseminated through SENS. 

13 May 2022 01:08 ET *MTN GROUP LIMITED  1Q Service Revenue Up 15.9%

13 May 2022 01:09 ET *MTN Group  1Q Ebitda Up 21.1%

13 May 2022 01:09 ET *MTN Group  Ebitda Margin Improved to 46.4%

13 May 2022 01:10 ET *MTN Group  Maintains Medium-term Guidance

13 May 2022 01:11 ET *MTN Group  Grew Subscriber Numbers by 3.2% On-year

13 May 2022 01:26 ET 
MTN Group  1Q Revenue Grew 16%; Maintains Medium-Term Guidance

By Ian Walker

MTN Group Ltd . on Friday reported a 16% rise in group revenue for the first quarter and backed its medium-term guidance.

The South Africa-based telecommunications group said that voice revenue for the quarter ended March 31 grew 2.6%, while data revenue rose 37%. Group fintec revenue rose 21% during the quarter.

Group earnings before interest, tax, depreciation and amortization rose 21%, while Ebitda margin improved to 46.4%, from 44.2%.

MTN said that subscriber numbers grew 3.2% to 276.2 million, although this was hurt by new SIM registration regulations in Nigeria.

""Looking ahead, we anticipate that our markets will be impacted by the global trends of higher interest rates and energy and food price inflation. Geopolitical volatility exacerbated by the conflict in Ukraine is further impacting these trends and affecting currencies, asset prices and supply chains,"" the company said.

Write to Ian Walker at ian.walker@wsj.com

(END) Dow Jones Newswires

May 13, 2022 01:26 ET (05:26 GMT)"
MTN Group Limited - Quarterly update for the period ended 31 March 2022 and B-BBEE annual compliance report,2022-05-13,"Quarterly update for the period ended 31 March 2022 and B-BBEE annual compliance report

MTN Group Limited

(Incorporated in the Republic of South Africa)

(Registration number 1994/009584/06)

(Share code MTN)

(MTN or the Company or the Group)

Quarterly update for the period ended 31 March 2022 and B-BBEE annual

compliance report

MTN is a pan-African mobile operator with the strategic intent of ‘Leading digital solutions for Africa’s

progress’. We have 276 million customers in 19 markets and are inspired by our belief that everyone

deserves the benefits of a modern connected life.

Highlights

- Group service revenue grew by 15.9%

o Group voice revenue up by 2.6%

o Group data revenue up by 37.3%

o Group fintech revenue up by 21.2%

- Group earnings before interest, tax, depreciation and amortisation (EBITDA) up by 21.1%

- Group EBITDA margin improved to 46.4% (from 44.2%)

- MTN South Africa service revenue up by 4.6%, with an EBITDA margin of 39.9% (from 39.8%)

- MTN Nigeria service revenue up by 22.0%, with an EBITDA margin of 54.6% (from 53.1%)

- Subscribers increased by 3.2% to 276.2 million, impacted by new SIM registration regulations in

Nigeria (excluding Nigeria, subscribers were up by 3.9%)

- Active data subscribers increased by 13.1% to 125.6 million

- Active Mobile Money (MoMo) customers increased by 25.9% to 58.7 million

- MoMo value of transactions up by 12.6% to US$59.9 billion (up by 18.9% in constant currency)

- Medium-term guidance is maintained

Unless otherwise stated, financial and non-financial growth rates are presented on a constant currency basis and are year-on-year (YoY,

3M to March 2022 vs 3M to March 2021). To enable like-for-like comparability, all growth rates for non-financials have been restated to

exclude MTN Syria and MTN Yemen, which were deconsolidated from 25 February 2021 and 31 October 2021 respectively.

Service revenue excludes device and SIM card revenue. Data revenue is mobile and fixed access data and excludes roaming and wholesale.

Fintech includes MoMo, insurance, airtime lending and e-commerce. Active data users is a count of all subscribers at a point in time which

had a revenue generating event in the specified period of time (90 days) prior to that point in time and also during the past 30 days had data

usage greater than or equal to 5 megabytes. MoMo users are 30-day active users.

Group President and CEO Ralph Mupita comments:

Challenging operating environment

“The MTN Group delivered a solid Q1 2022 performance, with double-digit service revenue growth and

the expansion of EBITDA margins supported by the focused execution of our Ambition 2025 strategy.

This was delivered in a challenging macroeconomic environment in which we continued to navigate

the impacts of COVID-19. Many of our markets have also experienced rising inflation and interest rates,

and pressure on consumer spending driven by recent global events impacting food and energy prices

in particular.

Monetary and fiscal positions in many of the countries we operate in were challenged during the

period, resulting in currency weakness against the US dollar. Additionally supply chains experienced

disruptions, and to mitigate the risks of network rollout we accelerated capital expenditure in the

quarter under review.

In South Africa, loadshedding from the national grid has impacted network availability and we have

had to increase investment in batteries ahead of the winter period when we anticipate that the risk of

loadshedding may remain high.

Solid financial and operational performance in Q1

MTN Group’s service revenue came in ahead of medium-term targets and grew by 15.9%. Group

EBITDA increased by 21.1%, with the EBITDA margin expanding by 2.2 percentage points (pp) to 46.4%.

This performance was supported by service revenue growth at our large operations, which was

delivered in line with medium-term targets, and the disciplined execution of our expense efficiency

programme.

In the quarter, the Group grew subscriber numbers by 3.2% YoY to 276.2 million, which was impacted

by new SIM registration regulations in Nigeria. Excluding this impact, subscribers increased by 3.9%.

MTN Nigeria, however, added 1.7 million subscribers during Q1, demonstrating good momentum on

the 1 million in net additions reported for Q4 2021. MTN Nigeria is assisting with providing IT hardware

resources to support the National Identity Management Commission (NIMC) with accelerating

National Identity Number (NIN) validations.

In driving our industry-leading connectivity business, we recorded voice revenue growth of 2.6%.

Data revenue grew by 37.3% driven by structurally higher demand for data services evidenced by the

growth in data usage and active data users of 45.4% and 13.1% YoY, respectively.

In terms of our platforms, fintech revenue rose by 21.2% YoY. MoMo active monthly users grew by

25.9% YoY and the volume of transactions processed through our fintech platform was up 32.5% in Q1

2022 YoY to 2.9 billion transactions. The value of transactions increased by 12.6% YoY to US$59.9

billion (up 18.9% in constant currency). New commission-earning rules were implemented in Ghana

during Q3 2021 to improve margins, which impacted transaction value. Adjusting for this, the

underlying transaction value grew by 34.0% in constant currency terms.

The number of active merchants accepting MoMo payments increasing by 46.8% YoY to 765 211 and

the total value of MoMo merchant payments rose by 125.2% YoY to US$4.3 billion. The total value of

remittances grew by 7.4% YoY to US$573.9 million in Q1 2022; in addition, we facilitated a total loan

value of US$280.4 million, a 27.8% increase YoY. At the end of Q1 2022, our InsurTech platform had

17.4 million registered aYo policies, reflecting growth of 37.8% YoY

In April 2022, our fintech subsidiary in Nigeria received final approval of a MoMo Payment Service Bank

(PSB) licence from the Central Bank of Nigeria (CBN). This will enable us to invest in the launch and

rollout of PSB and offer a broader range of services in line with the CBN’s guidelines. We are committed

to supporting the government of Nigeria to fulfil its agenda of driving digital and financial inclusion.

We plan to commercially launch PSB services before the end of Q2 2022.

Strong balance sheet and liquidity positions

The further deleveraging of our balance sheet is progressing well. Group leverage of 0.3x, was down

from 0.4x as at 31 December 2021, comfortably within covenant limits. Holding company (Holdco)

leverage remained within our medium-term target and improved further to 0.9x, from 1.0x as at 31

December 2021. We maintained a strong liquidity position, with headroom of R53.2 billion (R20.6

billion in cash, and R32.6 billion in committed undrawn facilities) as at 31 March 2021.

We upstreamed dividends and management fees amounting to R2.9 billion in Q1, including

R643 million from Nigeria. Post the period-end, we upstreamed an additional R708 million of proceeds

from the MTN Nigeria Series 1 public offer. This is a key milestone in the execution of our asset

realisation programme (ARP), as we pursue our commitment to further localise the shareholding in

MTN Nigeria.

We were pleased to note Moody’s Investor Services’ recent upgrade, on 6 April 2022, to our credit

rating outlook to ‘stable’ from ‘negative’ reflecting our strong financial performance and reduction in

leverage.

We continued to invest in our ‘second-to-none’ networks and technology platforms, deploying

R7.0 billion of capex in Q1. We were pleased to secure permanent high-demand spectrum in MTN

South Africa (MTN SA) and paid R3.3 billion in April 2022 for the mid-band allotment of spectrum. This

will enable us to ramp up investment to increase coverage, including 5G offering, and to support data

traffic growth.

MTN Group achieves Level 1 B-BBEE Contributor Status

We are pleased that, in a major transformation milestone, MTN Group has for the first time achieved

Level 1 Broad-Based Black Economic Empowerment (B-BBEE) Contributor Status. This is up from Level

2 in 2020. The rating, dated 10 May 2022, was for the financial year ended 31 December 2021. MTN

SA maintained its Level 1 Contributor Status, for the third year running.

Group medium-term guidance maintained

Looking ahead, we anticipate that our markets will be impacted by the global trends of higher interest

rates and energy and food price inflation. Geopolitical volatility exacerbated by the conflict in Ukraine

is further impacting these trends and affecting currencies, asset prices and supply chains

On current macro-economic and operating assumptions, we anticipate these factors to slightly

moderate our EBITDA margin evolution in the short-term. This is particularly when considering the

additional investment in Nigeria to accelerate NIN enrolment and verification, the launch of PSB

services in Nigeria and higher energy related expenses where we have pass-through costs in Towerco

agreements.

We remain focused on executing our Ambition 2025 strategy to drive growth, continue implementing

our expense efficiency programme, deleverage the Holdco balance sheet faster and unlock value for

our stakeholders. Our capex guidance for FY 2022 is unchanged at R34.4 billion and we are maintaining

our Group enhanced medium-term guidance framework.

The Group’s results and segmental report are presented in line with the Group’s operational structure. The Group’s underlying operations

are clustered as follows: South Africa (SA), Nigeria, the Southern and East Africa (SEA) region, the West and Central Africa (WECA) region and

the Middle East and North Africa (MENA) region and their respective underlying operations.

The SEA region includes Uganda, Zambia, Rwanda, South Sudan, Botswana (joint venture-equity accounted), eSwatini (joint venture-equity

accounted) and Business Group. The WECA region includes Ghana, Cameroon, Côte d’Ivoire, Benin, Congo-Brazzaville, Liberia, Guinea

Conakry and Guinea Bissau. The MENA region includes Iran (joint venture-equity accounted), Sudan and Afghanistan.

In line with the Group’s strategy announced in March 2021, MTN Ghana results have been reported under the WECA region effective 1

January 2021 (previously included in the SEAGHA region). Prior year numbers have been restated for SEA and WECA accordingly.

Although Iran, Botswana and eSwatini form part of their respective regions geographically and operationally, they are excluded from their

respective regional results because they are equity accounted for by the Group.

MTN Syria results have been disclosed up to February for 2021; as a result of loss of control effective February 2021, following MTN Syria

being placed under judicial guardianship. MTN Yemen results have been disclosed up to end of October 2021, as a result of MTN’s decision

to exit the operation.

Certain information presented in this quarterly update constitutes pro forma financial information. The responsibility for preparing and

presenting the pro forma financial information and for the completeness and accuracy of the pro forma financial information is that of the

directors of MTN. This is presented for illustrative purposes only. Because of its nature, the pro forma financial information may not fairly

present MTN’s financial position, changes in equity, and results of operations or cash flows. It has not been audited or reviewed or otherwise

reported on by our external joint auditors. The financial information on which this quarterly update is based, including constant currency

information, has not been reviewed and reported on by MTN’s external auditors. Constant currency information has been presented to

remove the impact of movement in currency rates on the Group’s results and has been calculated by translating the prior financial reporting

period’s results at the current period’s average rates. The measurement has been performed for each of the Group’s currencies, materially

being that of the US dollar and Nigerian naira. The constant currency growth percentage has been calculated based on the prior period

constant currency results compared to the current year results. In addition, in respect of MTN Irancell, MTN Sudan and MTN South Sudan the

constant currency information has been prepared excluding the impact of hyperinflation. The economies of Sudan, South Sudan and Iran

were assessed to be hyperinflationary for the period under review and hyperinflation accounting was applied.

This quarterly update may contain forward-looking information. Any forecast information on which the quarterly update may be based has

not been reviewed or reported on by the Group’s external auditors.

Navigating an increasingly volatile macroeconomic environment

We continue to navigate the impacts of COVID-19 in our markets with our response plan in place which

focuses on the same areas that we have extensively reported on previously. These areas are social

(our people, communities and stakeholders); commercial (including our customers); network and

supply chain; and funding and liquidity.

We have seen an increase in macroeconomic volatility with rising fuel and food inflation, as well as

local currency depreciation, feeding into many of our markets and compounding the pressure being

felt by consumers. The Russia-Ukraine war has exacerbated these effects with additional stress on

supply chains.

In terms of social impacts, we are working on interventions and support in addition to our ongoing

programmes. To safeguard our operations, we continue to manage inflationary risks through our

expense efficiency programme and disciplined capital allocation. We had to increase pricing slightly in

some markets, such as South Africa, to ensure the sustainability of the business. We will continue to

offer competitive, quality services to our customers.

In terms of supply chain, comprehensive risk mitigation strategies have been in place for a number of

years. We continue to enhance these to ensure that orders for equipment and supplies are secured

early, with enhancements to procurement agreements to ensure availability across all our markets.

These include discussions with our Towerco partners to manage the resilience of our networks; we

have put in place plans to advance capex and fuel orders.

We have reduced foreign debt in our markets and at Holdco, which remains a focus, to insulate our

balance sheet from exchange rate volatility. Deleveraging is a core objective of Ambition 2025 and we

have also built up a strong liquidity position to provide us with flexibility to withstand any further

shocks.

Operational review

MTN South Africa

MTN SA recorded a healthy performance in Q1 with service revenue increasing by 4.6% in line with

our medium-term guidance. This result was supported by solid commercial and operational execution

yielding service revenue growth in all the core business units: the prepaid consumer business unit

(CBU) up 1.5%; the postpaid CBU up 4.4%; the enterprise business unit (EBU) up 23.1%; and the

wholesale business up 1.9%.

This performance shows the resilience of the business, against the backdrop of a challenging

macroeconomic environment, with a rapidly rising unemployment rate, and increased pressure on

consumer disposable income. This environment has contributed to a notable shift in customer

spending patterns and greater competition for share of the consumer’s wallet.

MTN SA closed the quarter with a total of 34.5 million subscribers, an increase of 7.1%, driven by

higher gross additions. The postpaid subscriber base continued to expand, with an increase of 7.4% to

7.5 million on the back of solid growth in integrated voice and data-centric plans. There was a 7.0%

increase in prepaid subscribers to 27.0 million.

MTN SA’s drive to grow mobile data revenue led to data traffic growth of 46.7% and a 14.1% increase

in active data users to 17.3 million. This underpinned a 14.3% increase in overall mobile data revenue.

Data was made more affordable in the quarter with a 22.8% YoY reduction in the effective data tariff.

An active prepaid data subscriber now consumes an average of 4.0GB of data a month, up 37% YoY,

and an active postpaid data subscriber uses nearly 11.8GB per month, an increase of 20%.

The consumer postpaid business delivered a resilient performance with service revenue growth of

4.4% benefiting from data-oriented packages.

The strong growth in data revenue also supported the consumer prepaid business’ performance with

service revenue up by 1.5%. Pressure from the offset of voice substitution remains a challenge and

MTN SA continues to focus on ERM optimisation initiatives to reduce this impact. MTN SA’s prepaid

segment was also impacted by economic pressure, including job losses, particularly in the lower-

income consumer segment.

The enterprise business recorded a 23.1% increase in service revenue, driven by sustained growth in

data deals, Bulk SMS and the ICT business. The core mobile business continues to gain market share,

with sustained distribution channel expansion and strong products propositions. In 2021, MTN SA was

appointed as a service provider to the national government under the national treasury transversal

contracts, enabling an expansion of our mobile service offerings to public sector entities through the

leveraging of MTN’s strong network quality.

Wholesale revenue increased by 1.9%, supported by national roaming deals with Cell C and Telkom.

For Cell C, revenue recognition remains on a cash basis as Cell C works towards its recapitalisation.

MTN SA recognised R643 million (down 4.7% YoY) in national roaming revenue from Cell C and a

balance of R400 million remained unrecognised, as at 31 March 2022.

The new multi-year national roaming agreement with Telkom, which came into effect on 1 November

2021, continues to scale steadily and MTN SA is focused on further enablement of infrastructure

sharing through our investment in the expansion of network capacity.

The performance of the fintech business was encouraging with approximately 5.0 million registered

MoMo users and 840 043 monthly active users by 31 March 2022. MTN SA also progressed work on

MoMo partnerships to accelerate the growth of the business. The platform continues to grow

transactions driven by innovative and relevant solutions.

MTN SA reported EBITDA of R4.9 billion (up 3.7% YoY) with as slight increase in the EBITDA margin to

39.9% (up 0.1pp), supported by a solid service revenue performance and disciplined execution of the

expense efficiency programme.

Network availability and quality has been affected by loadshedding from the national grid, as well as

ongoing theft and vandalism of towers since Q4 2021. To mitigate these impacts, MTN SA rolled out a

comprehensive resilience plan including additional batteries, generators and enhanced security

features. We are committed to ensuring the quality of our customers’ connectivity experience.

Pleasingly, MTN SA secured high-demand spectrum to support the expansion of 4G and 5G services,

with total permanent spectrum holdings rising from 76MHz to 176MHz and payment of R3.3 billion

was made in April 2022 for mid-band spectrum. The spectrum has been allotted for a 20-year period

on a technology-neutral basis.

Since the award of temporary spectrum in 2020, MTN SA has ramped up its investment to increase

network coverage, improve speeds and enhance the overall customer experience. MTN SA has also

invested in an expansion drive into rural and peri-urban areas and a major 5G rollout, reaching a

population coverage of 15%.

MTN SA will continue to use the spectrum to expand 4G and 5G connectivity, as well as capacity, to

entrench its position as South Africa’s best network while further enhancing rural, peri-urban, and

urban network coverage. The spectrum allocation will allow for greater value for customers,

supporting a lower cost to communicate as we work to bridge the digital divide.

MTN SA retained its top position as the country’s most valuable brand in the 2022 Brand Finance

South Africa survey. For the eighth consecutive year, MTN SA maintained its leadership position with

its brand value increasing by 34% to R59.8 billion.

In mid-April 2022, the province of KwaZulu-Natal (KZN) in South Africa felt the effects of heavy rainfall

causing floods in many parts of KZN. In addition to the impact on lives and livelihoods, the floods

caused extensive damage to infrastructure and power outages. A total of more than 500 MTN sites

were down in the province. MTN SA activated contingency plans and has since restored to full capacity

around 90% of the affected sites. We continue to work to fully restore connectivity.

To support the people and municipalities in KZN hit the hardest by the floods, MTN SA donated a total

of R1 million in of food parcels and blankets. To assist families and friends to keep in touch during this

difficult time, MTN SA also provided free three-day SMS bundles to over seven million customers in

KZN.

MTN SA’s performance outlook will be shaped by macroeconomic conditions in the country such as

loadshedding as well as current global macroeconomic uncertainties which are expected to add to

inflationary pressures, including on costs and availability of food and fuel. This will further impact

consumer spending power and patterns.

MTN SA is focused on accelerating its high growth business areas, with ongoing emphasis on the

overall expense efficiency programme to deliver strong EBITDA and cash flow growth.

MTN Nigeria

MTN Nigeria recorded a solid Q1 2022 performance, tracking positively against its medium-term

targets, with 22.0% growth in service revenue and the expansion of EBITDA margins. This was

delivered through solid commercial momentum and execution in challenging trading conditions.

Voice revenue grew by 8.6%, driven by an increase in gross connections and higher usage from the

active SIM base. This was enabled by expanded customer acquisition touchpoints, rural telephony

initiatives and an enhanced customer value management (CVM) toolkit, reducing the impact of the

SIM registration and activation restrictions.

Data revenue rose by 54.0%, maintaining the accelerated growth trajectory through growth in the

subscriber base and data usage. This was sustained by an aggressive 4G network expansion and

enhanced quality and capacity of our network to support rising data traffic. Data traffic rose by 84.8%

YoY and usage (MB per user) was up by 69.8%.

In addition, MTN Nigeria added about a million new smartphones to its network in Q1, bringing

smartphone penetration to 50.0%. The 4G network now covers 71.7% of the population, up from

70.3% in December 2021.

Home broadband penetration remains a focus for MTN Nigeria, reaching over 775 000 users, up by

over 160 000 in Q1. The goal is to Own the Home through differentiated value propositions, creating

experiences that position MTN Nigeria as the broadband service provider of choice. This will be

achieved by leveraging its unique assets and capabilities to capture a significant share of market

growth.

Fintech revenue rose by 46.7% on the back of the growing adoption of fintech services and an

expanded user base. The MoMo agent network continues to widen with more than 800k registered

agents and over 166k active agents (agents who perform a minimum of ten revenue-generating

transactions within 30 days).

Having established a significant foundation of registered agent network, the focus is now on scaling

the active base. Agent services have been extended to include card withdrawal services by deploying

point of sales (POS) terminals to the agent network. This has contributed to growing total volume of

transactions to over 56.1 million, up 132.7% YoY, by more than 10.7 million active users (up 135.2%).

MTN Nigeria’s fintech subsidiary received final approval of a MoMo PSB licence from the CBN. This

will enable the Operating company (Opco) to invest in the launch and rollout of PSB and offer a

broader range of services, with a planned commercial launch before the end of Q2 2022.

Digital revenue grew by 37.4% as penetration of digital products continued to deepen, driven by

increased usage from the active base. Digital subscriptions were up by 164.1% YoY to 7.4 million, with

ayoba accounting for 45% of the subscriptions and Rich Media accounting for 55%.

Revenue from digital services was driven by Rich Media, Mobile Advertising and Content VAS. The

Y’ello Digital Platforms are being transformed into a one-stop destination that caters to all consumer

segments.

Revenue from the enterprise business rose by 34.0%, underpinned by the onboarding of new

customers across segments and the uptake of our enhanced services. The enterprise business is

transitioning from product to platform while leveraging core mobile and fixed connectivity to serve

customers across all segments better.

MTN Nigeria has commenced executing programmes to digitise and transform micro, small and

medium enterprises (MSMEs) in Nigeria. Key among these is developing a cloud technology

marketplace to empower, educate and enrich MSMEs. The goal is to drive further adoption of

enterprise platforms (internet of things and cloud), creating additional value for our customers and

enabling them to innovate while remaining profitable.

MTN Nigeria progressed with the expense efficiency programme and remained disciplined with capital

allocation. As a result, the Opco contained the 18.3% increase in operating expenses below the rate

of inflation in Nigeria. This was achieved despite the continued effects of naira depreciation on lease

rental costs and acceleration in site rollout. Consequently, MTN Nigeria’s ability to drive operating

leverage has enabled EBITDA growth of 25.7% and the expansion of EBITDA margin by 1.5pp to 54.6%.

Southern and East Africa (SEA)

The SEA region delivered service revenue growth of 12.7% for the quarter, supported by top-line

growth in most markets despite challenging trading conditions including muted economic recovery

and higher inflation. The region’s performance reflected strong growth in data revenue (up 35.6%)

and fintech revenue (up 26.8%). The SEA region increased subscriber numbers by 2.8% YoY to 34.8

million.

MTN Uganda recorded service revenue growth of 11.1%. This was driven by solid growth in data

revenue (up 45.1%) and fintech revenue (up 21.0%) resulting from increased usage and subscriber

base growth. Voice revenue (down 4.6%) was adversely impacted by customers’ disposable incomes

coming under pressure from rising inflation. Despite the tough trading conditions, the Opco delivered

EBITDA margin expansion of 0.4pp to 51.6% on the back of revenue growth and the effective

implementation of expense efficiencies.

MTN Rwanda delivered strong service revenue growth of 24.5%, supported by healthy growth in

fintech revenue (up 56.8%), data revenue (up 13.2%) and voice revenue (up 11.8%). MTN Rwanda

reported an EBITDA margin of 47.7%, down 3.7pp. This was impacted mainly by higher data cost of

sales from higher 4G uptake as well as the introduction of an outsourced modernised Network

Operating Centre to manage the monitoring of our network, boost the user experience and reduce

the volume of customer complaint calls.

Overall the SEA portfolio reported a 1.3pp decrease in the blended EBITDA margin to 46.0% in Q1

2022.

The results of our associate investment in eSwatini reflected increased pressure on voice and data in

a challenging economic environment, amid increased competition and return-to-office work, which

reduced demand for data. Plans are in place to accelerate demand through CVM and competitive

offers.

West and Central Africa (WECA)

Despite the challenging trading environment, the WECA region delivered a pleasing performance for

the quarter with service revenue growth of 17.0%. The strong performance was enabled by an uptake

of data services. Fintech revenue remained resilient despite aggressive pricing strategies from

competitors in some markets. The region’s performance also benefitted from a 8.2% increase in the

subscriber base to 70.2 million. WECA delivered a blended EBITDA margin of 43.5%, up by 2.3pp,

mainly driven by MTN Ghana.

MTN Ghana’s Q1 performance is testament to the resilience of the business to withstand a challenging

macro-economic environment including increases in fuel prices and general inflation as well as local

currency depreciation.

Service revenue grew by 34.7%, largely attributable to growth in voice, data and fintech. This

performance was underpinned by the continued execution of the Ambition 2025 strategy and

sustained investments to support improvements in service quality and the expansion of network

capacity and coverage.

An increase in active data users and usage led to an increase of 65.3% in data revenue. Fintech revenue

grew by 27.1%, supported by higher active MoMo users. The EBITDA margin increased by 5.0pp to

59.7% on the back of the strong growth in the topline and the implementation of the expense

efficiency programme.

MTN Côte d’Ivoire’s performance came under pressure with service revenue slightly down by 0.7%

largely impacted by the decline in fintech revenue (down 38.4%) due to zero-rating of person-to-

person (P2P) and price reductions for withdrawals driven by intensified competition in the market

during H2 2021. This helped to accelerate user and usage growth in Q4 2021, with that momentum

continuing Q1 2022 during which over 506 000 users were added in Côte d’Ivoire. The business

remains on a strong foundation to grow over the medium-term.

The decline in fintech revenue in Q1 was mitigated by a strong performance in data revenue, which

grew by 24.9%, underpinned by initiatives to accelerate data penetration and usage. Encouragingly,

the Opco continued to gain value share in the market. The EBITDA margin declined by 1.3pp to 33.0%

due to the decline in the topline while maintaining the same commissions to the distribution network

in fintech.

MTN Cameroon recorded service revenue growth of 12.9% in a challenging environment where the

Opco leads on market and value share. This performance was supported by sustained growth in active

data users and ongoing CVM initiatives which led to growth in data revenue (up 30.8%). Revenue

growth in fintech (up 19.9%) and digital (up 28.1%) also aided overall service revenue growth. The

EBITDA margin declined by 2.7pp to 33.7%, impacted by management fees and provisions for taxes

on MoMo transfers and withdrawals.

Excluding MTN Ghana, the WECA markets grew service revenue by 6.7%, which remained ahead of

blended inflation of 4.7%, with a 1.8pp decline in EBITDA margin to 31.5% in Q1 2022 largely reflecting

the pressure in MTN Côte d’Ivoire and MTN Cameroon.

Middle East and North Africa (MENA)

The MENA region delivered a strong performance with service revenue growth of 83.4% (excluding

MTN Irancell) notwithstanding tough macroeconomic conditions including currency devaluation,

inflationary impacts, sustained higher oil prices and higher food prices as well as food shortages. The

region’s performance was mainly supported by strong growth in data revenue and an increase in

active data users. The total number of subscribers (excluding MTN Irancell) was 15.2 million.

MTN Sudan increased service revenue by 261.9%, underpinned by growth in voice (up 200.8%) and

data (up 387.9%) revenue on the back of increased voice and data prices. The EBITDA margin

expanded by 17.4pp to 51.4%, driven by strong growth in revenue as well as savings in maintenance

costs.

MTN Irancell, our equity-accounted joint venture, delivered solid results through strong commercial

execution of various initiatives. Service revenue grew by 26.6%, supported by increased data revenue.

The EBITDA margin expanded by 3.6pp to 42.8% driven by strong revenue growth and expense

efficiencies.

This result was delivered in a challenging environment where the Russia-Ukraine war is impacting the

growth and economic development of the country. While the GDP of the country stands to benefit

from the increased oil and gas prices, rising inflation will place pressure on the consumer.

The Iran Internet Group’s ride-hailing app, Snapp, remained the market leader, ranking among the

top ride-hailing apps globally with over three million daily rides. Snapp Box is the leading last-mile

delivery network in the country. Market-leading food delivery app Snappfood orders grew by 61.0%

YoY to almost 260 000 daily orders. Snapp Market orders grew by 88.9% YoY and remains the leading

supermarket delivery app in the country.

Building the largest and most valuable fintech platform

We continue to scale and accelerate our fintech ecosystem across our markets with a 32.5% increase

in transaction volumes to 2.9 billion transactions in Q1, with the value of transactions up by 12.6% to

US$59.9 billion (up 18.9% in constant currency). This includes the impact of new commission-earning

rules which were implemented in Ghana during Q3 2021, adjusting for which, underlying transaction

value growth would have been 34.0% in constant currency terms.

We responded to competitive pressures in Cote d’Ivoire by reducing P2P and withdrawals pricing,

which affected service revenue development. However we are encouraged by the user growth

recovery we have seen in Q1 2022 in that market. We remain confident of our recovery plan in Cote

d’Ivoire where we anticipate fintech service revenue to be back in growth by Q4 2022 driven by user

growth and the launch of advanced services. Overall fintech service revenue grew by 21.1% in

Q1 2022. We are driving recurring usage with a focus on new product launches to grow advanced

services in line with our strategy.

There was strong traction in growing our payments and e-commerce ecosystem, leveraging our

strength in distribution. The number of active merchants accepting MoMo payments increased by

46.8% to 765 211 and the total value of MoMo merchant payments rose by 125.2% US$4.3 billion. We

will continue the roll-out of self-onboarding of merchants to entrench the momentum and growth in

our payments and e-commerce vertical.

We facilitated a total loan value of US$280.4 million, a 27.8% YoY increase, taking advantage of our

scaled mobile wallet business and customer footprint. The total value of remittances grew by 7.4%

YoY to US$573.9 million in Q1 2022.

At the end of Q1 2022, our InsurTech platform had 17.4 million registered aYo policies, reflecting

growth of 37.8% YoY. Active policies reduced by 31.1% YoY due to a shift in the strategy to focus on a

higher average revenue per policy and new revenue streams, particularly in Uganda, resulting in the

termination of free policies. Active policy growth was also impacted by platform migration and

integration challenges as we shifted to a proprietary infrastructure. In the year ahead we anticipate a

return to growth in active paid policies with higher average revenue per policy.

The final approval of a MoMo PSB licence in Nigeria by the CBN will enable us to invest in the launch,

before the end of Q2 2022, and rollout of PSB and offer a broader range of services. In terms of

partnerships, our joint venture (JV) with Sanlam is undergoing regulatory approvals across the various

markets we operate in and we anticipate launching the JV in early H2 2022.

Asset realisation programme (ARP) and portfolio transformation

Our ARP aims to reduce debt, simplify our portfolio, reduce risk and improve returns. MTN’s broader

portfolio transformation plan is to accelerate these goals in line with our focus on pan-Africa, support

our shared value objectives and structure the business to unlock value.

To date, the Group has received net proceeds of R708 million, post the period-end, from the Series 1

MTN Nigeria public offer. For the sale of MTN SA passive tower infrastructure, we are expecting to

receive R5.2 billion in net proceeds from the transaction in Q2 2022.

The further localisation of MTN Ghana is in progress and we have increased our localisation from

17.5% to 18.7% in Q1, with new participation from some local pension funds. The Group has received

cash proceeds of R272 million from this transaction. Post the quarter-end, we concluded a transaction

to localise a further 5% of MTN Ghana, bringing the total localisation to 23.7%. We are committed to

deepen local participation to achieve 30% localisation for MTN Ghana.

We continue to explore options to exit Afghanistan in an orderly manner.

Update on regulatory and legal considerations

High-demand radio frequency in South Africa

To support its 4G and 5G expansion drive, in March 2022, MTN SA secured high-demand radio

frequency spectrum in the Independent Communications Authority of South Africa’s (ICASA) landmark

auction. This increased MTN SA’s total permanent spectrum holdings from 76MHz to 176MHz.

MTN secured 2 x 10MHz of 800MHz, 4 x 10MHz of 2 600MHz and 4 x 10MHz of 3 500MHz for

R5.2 billion, comparing favourably with global benchmark averages. This was the first time in 17 years

that ICASA had released spectrum on a permanent basis, allotting it for 20 years on a technology-

neutral basis. A payment of R3.3 billion was made in April 2022, for the mid-band spectrum. A

payment of R1.9 billion is expected to be made in Q3 2022 for the low-band spectrum.

MTN SA will use the spectrum to expand 4G and 5G connectivity and capacity and further enhance

rural, peri-urban and urban network coverage. The spectrum will also support our work to lower the

cost to communicate.

SIM registration in Nigeria

Following the Nigeria Communications Commission’s (NCC) directive on 4 April 2022 that all operators

in Nigeria should restrict outgoing calls for subscribers whose SIMs are not associated with NINs, MTN

Nigeria implemented the directive on approximately 19 million affected subscribers at that date.

However, subscribers whose outgoing calls were restricted for non-submission of their NINs require

their NINs to be verified before being reactivated.

As at 25 April 2022, about 8.7 million of those restricted submitted their NINs for verification, of which

approximately 1.2 million have been reactivated, many of whom are high-value customers. Outgoing

voice revenue from the subscribers who are yet to be reactivated therefore contributed approximately

7.8% of total service revenue based on FY 2021 for MTN Nigeria.

In terms of how general traffic trends have evolved since the implementation of the directive, MTN

Nigeria saw a drop in traffic following its compliance with the directive. However, as we execute our

NIN recovery initiatives, there has been a gradual turnaround as the affected subscribers are

reconnected to resume voice calls. Data revenue has continued a steady increase but has currently

not fully compensated for the decline in voice revenue of restricted subscribers. Encouragingly, there

has been an acceleration in new connections.

MTN Nigeria continues to engage affected subscribers while providing hardware support for the NIMC

to accelerate the verification of NINs submitted. It has taken significant steps to help drive NIN

enrolment for subscribers who do not yet have a NIN, deploying over 4 200 points of enrolment across

the country. MTN Nigeria has also provided multiple channels to enable customers to submit their

NIN for verification and linkage.

MTN Ghana e-levy

On 29 March 2022, Ghana’s parliament approved the Electronic Transfer Levy Bill. From 1 May 2022,

a 1.5% e-levy will apply to selected electronic transactions of more than GHS100 per customer per day

on Mobile Money, bank transfers, merchant payments and inward remittances.

The levy is a reduction from the 1.75% communicated previously through the 2022 Budget Statement

and Economic Policy of Ghana. To reduce the impact of the levy on customers, from May 2022, MTN

Ghana is reducing fees on P2P transactions by 25%.

MTN Ghana classification as a significant market power

Following the National Communications Authority’s (NCA) 2020 classification of MTN Ghana as a

significant market power, the Opco has now implemented four of the seven ‘SMP remedies’ being

national roaming. MTN Ghana remains in constructive discussions with the NCA on the outstanding

remedies.

Outlook

We are encouraged by the healthy performance delivered across our markets in Q1 2022, despite

challenging macro-economic conditions and new regulatory developments. Looking ahead, our

markets will be impacted by rising inflation, currency volatility, increased pressure on disposable

income for consumers and further potential supply chain disruptions.

In this context, our medium-term outlook remains supported by the structurally higher demand for

data and fintech services and MTN is uniquely positioned to capture that growth. Our priority is to

execute on the Ambition 2025 strategy to drive this growth as well as deleverage the Holdco balance

sheet faster and unlock value, as we manage the rising risks and macroeconomic uncertainties we are

seeing.

We are focused on accelerating growth in MTN SA and MTN Nigeria as we drive to be the industry-

leading connectivity business. In addition to the macroeconomic pressures, MTN SA remains impacted

by the continued disruptions to power supply from Eskom and the residual effects of the recent floods

in the KZN province. . The SA prepaid consumer is under pressure, but we remain committed to drive

overall service revenue growth in line with our medium-term guidance for MTN SA.

The focus in Nigeria will be on driving ongoing growth in the subscriber and revenue base in the

context of prevailing SIM registration restrictions, as well as launching PSB services. While the EBITDA

margin may be impacted in the near-term by these effects, we anticipate continued growth in service

revenue of ‘at least 20%’, as per our medium-term guidance.

Within fintech, during Q1, we implemented new mobile money taxes in Benin and Cameroon; we also

made further P2P pricing adjustments in response to ongoing competition in Côte d’Ivoire to continue

to stimulate user and usage growth. We also implemented the E-levy tax in Ghana and adjusted our

pricing to limit the impact on usage in that market.

While these factors will have an impact on our performance, we remain on course to fulfil our fintech

ambitions and our mission to drive financial inclusion by leveraging our platform data and capabilities.

The final award of the PSB licence in Nigeria is a major milestone and will be key in driving our fintech

growth over the medium-term. We are planning the commercial launch of PSB services before the end

of Q2 2022.

On current macroeconomic conditions and operating assumptions, rising inflation in our markets and

specific interventions and operational investment in markets like Nigeria (NIN enrolments and the

launch of PSB services), are anticipated to slightly dampen our EBITDA margin expansion in the near-

term.

The expense efficiency programme is ongoing and supporting the overall profitability of the business.

We will thus continue to execute on this programme to complement our topline growth in achieving

our objective to drive further EBITDA margin expansion and return improvement over the medium-

term.

In terms of some of our key strategic programmes, the work to structurally separate our fintech and

fibre businesses is ongoing and remains on track.

To achieve the accelerated growth across our operations, the investment in sustaining our ‘second-

to-none’ networks and platforms will remain a priority. To support our objectives, we plan to spend

R34.4 billion in capex in FY 2022, which is unchanged from our previous guidance.

With the outlook for global economic growth remaining uncertain amid the increased geopolitical

volatility, we will remain focused on delivering on our strategy and maintaining our position as a

partner of choice to stakeholders across our markets. Our strategy is robust and we have adequate

adaptability and resilience built into our operating model to weather the uncertainties. We maintain

our enhanced Group medium-term guidance.

B-BBEE annual compliance report – MTN Group and subsidiaries: MTN Group achieves

Level 1 B-BBEE Contributor Status

We are pleased that, in a major transformation milestone, MTN Group has for the first time achieved

Level 1 Broad-Based Black Economic Empowerment (B-BBEE) Contributor Status. This is up from Level

2 in 2020. The rating, dated 10 May 2022, was for the financial year ended 31 December 2021. The B-

BBEE Contributor Status for MTN Group considers both the South African operating entities as well as

the South African group function. MTN SA maintained its Level 1 Contributor Status, for the third year

running.

In accordance with paragraph 16.21(g) and Appendix 1 to Section 11 of the JSE Listings Requirements

and Section 13G(2) of the Broad Based Black Economic Empowerment Act, the Company’s B-BBEE

compliance certificate and compliance report is available on the Company’s website at

https://www.mtn.com/investors-shareholders/?tablink=b-bbee-certificate.

The full financial results are available on the MTN’s website at:

https://www.mtn.com/investors/financial-results/?report_cat=quarterly-results(""https://www.mtn.com/investors/financial-results/?report_cat=quarterly-results"")

Abbreviations:

SIM: Subscriber Identity/Identification Module

Business Group: Consist of internet service providers in Namibia, Kenya and Botswana

Towerco: Tower companies

Holdco leverage: Holdco net debt (including MTN GC)/SA EBITDA + cash upstreaming

PSB: Payment service bank

CVM: Customer value management

ERM: Effective rate per minute

MB: Megabyte

GB: Gigabyte

13 May 2022

Fairland

Lead sponsor

Tamela Holdings Proprietary Limited

Joint sponsor

JP Morgan Equities (SA) Proprietary Limited

Date: 13-05-2022 07:05:00

Produced by the JSE SENS Department. The SENS service is an information dissemination service administered by the JSE Limited ('JSE').

The JSE does not, whether expressly, tacitly or implicitly, represent, warrant or in any way guarantee the truth, accuracy or completeness of

the information published on SENS. The JSE, their officers, employees and agents accept no liability for (or in respect of) any direct,

indirect, incidental or consequential loss or damage of any kind or nature, howsoever arising, from the use of SENS or the use of, or reliance on,

information disseminated through SENS."
*Fitch Affirms Wema Bank PLC at 'B-'; Outlook Stable,2021-09-30,"30 Sep 2021 07:27 ET  Press Release: Fitch Affirms Wema Bank PLC at 'B-'; Outlook Stable


 
 
The following is a press release from Fitch Ratings : 
      Fitch Ratings -London-30 September 2021: 

Fitch Ratings has affirmed Wema Bank PLC 's Long-Term Issuer Default Rating (IDR) at 'B-' with a Stable Outlook. The National Long-Term Rating has been upgraded to 'BBB(nga)' from 'BBB-(nga)', reflecting the bank's increased creditworthiness relative to that of other issuers in Nigeria. A full list of rating actions is below.

Key Rating Drivers

IDR AND VIABILITY RATING

The IDRs of Wema are driven by its standalone creditworthiness, as expressed by its Viability Rating (VR) of 'b-'. The VR reflects the concentration of the bank's activities within Nigeria's challenging operating environment, a small franchise, high credit concentrations, aggressive loan and balance-sheet growth - which we expect to continue over the medium term - and weaknesses in the bank's funding profile. It also reflects our expectation of a significant improvement in capitalisation and leverage, due to a material rights issue due to be concluded by end-2021.

The Stable Outlook reflects Fitch's view that risks to Wema's credit profile are captured by the current rating, with sufficient headroom under our base case to absorb the fallout from operating-environment pressures.

Operating conditions in Nigeria are gradually stabilising. Fitch forecasts 1.9% GDP growth in 2021, following a 1.8% contraction in 2020. Our baseline scenario is that business volumes and earnings should continue to rebound in 2021, while the rally in oil prices is also a positive factor. Nevertheless, downside risks linger, given inherently volatile market conditions, with banks still exposed to foreign currency (FC) shortages, potential further currency devaluation, rising inflation and regulatory intervention by the Central Bank of Nigeria (CBN) .

Wema has a small franchise, representing 2% of domestic banking-system assets at end-2020. Its market shares have improved slightly in recent years, reflecting aggressive growth, which has resulted in a significant increase in leverage.

Wema's impaired loans (Stage 3 loans under IFRS 9) ratio increased to 5.2% at end-2020 from 3% at end-2019, as a result of the pandemic, but declined to 3.5% at end-1H21 on higher customer cash flows amid an economic recovery. Stage 2 loans were a fairly low 5%. However, restructured loans represented a high 35% of gross loans, mainly relating to loans to small companies that were restructured during the pandemic. The majority of restructured loans are classified as Stage 1. Low specific loan loss allowance (LLA) coverage of impaired loans (41% at end-1H21) is mitigated by reasonable collateral coverage.

Aggressive loan growth in recent years has flattered asset-quality metrics and creates seasoning risks. Single-borrower concentration is high, with the 20-largest loans representing 35% of gross loans or 329% of Fitch Core Capital (FCC ) at end-1H21. The oil and gas sector represented 17% of gross loans (165% of FCC ) but exposure to the higher-risk upstream segment is limited. Our asset-quality assessment also considers substantial non-loan assets (64% of total assets at end-1H21) that largely comprise Nigeria sovereign (B/Stable) securities and cash reserves at the CBN.

Wema delivers adequate profitability, despite a high cost base reflecting its limited economies of scale. Margins are reasonable but in line with peers', underpinned by naira lending to higher-margin segments and, in 1H21, deposit-cost optimisation. Loan impairment charges (LICs) have weighed on performance in recent years but absorbed a more moderate 17% of pre-impairment profit in 1H21.

Wema's FCC ratio (13.9% at end-1H21) should be considered in view of the bank's very low risk-weighted asset density (29%). Rapid balance-sheet growth has also resulted in a sharp reduction in the tangible leverage ratio to below-sector-average levels (a low 4.1% at end-1H21). However, Fitch expects growth to slow in the short term while the expected rights issue in 4Q21 - which has yet to receive full regulatory approval - would have a material positive impact on the tangible leverage ratio, if it goes ahead as planned, bringing it more in line with peers'. Wema's capital adequacy ratio (CAR; 13.2% at end-1H21) is comfortably above its 10% minimum regulatory requirement.

Funding is mainly in the form of customer deposits. The funding structure is weakened by a high reliance on expensive but less stable term deposits (49% of customer deposits at end-1H21). Single-depositor concentration is moderate, with the 20-largest depositors accounting for 25% of customer deposits at end-1H21. The loans/deposits ratio is a low 48%. Liquidity coverage in both local and foreign currencies is adequate.

SUPPORT RATING AND SUPPORT RATING FLOOR

Sovereign support to commercial banks cannot be relied on given Nigeria's weak ability to provide support, particularly in foreign currency. The Support Rating Floor of all Nigerian banks is 'No Floor' and all Support Ratings are '5'. This reflects our view that senior creditors cannot rely on receiving full and timely extraordinary support from the Nigerian sovereign if any of the banks become non-viable.

NATIONAL RATINGS

Wema's National Ratings are driven by the bank's standalone strength. The upgrade of the National Long-Term Rating reflects Wema's increased creditworthiness relative to that of other Nigerian issuers. Its National Short-Term Rating is the lower of two possible options for a 'BBB(nga)' National Long-Term Rating under Fitch's criteria, reflecting weaknesses in the bank's funding and liquidity profile, which increases the vulnerability of default on its short-term local-currency obligations within Nigeria.

RATING SENSITIVITIES

Factors that could, individually or collectively, lead to negative rating action/downgrade:

- The ratings will likely be downgraded if the planned rights issue fails to proceed in a timely manner or proves insufficient to restore the bank's capitalisation and leverage to levels that are more in line with peers' and commensurate with the bank's growth appetite.

- Erosion of capital buffers to levels close to or below the bank's minimum regulatory requirements, which could result from a significant increase in impaired loans that lead to losses.

Factors that could, individually or collectively, lead to a positive rating action/upgrade:

- Upside to the ratings is unlikely at present unless the bank's franchise, capitalisation and funding and liquidity profile materially strengthen.

NATIONAL RATINGS

The National Ratings are sensitive to Fitch's view of the entity's creditworthiness relative to other Nigerian issuers'.

Best/Worst Case Rating Scenario

International scale credit ratings of Financial Institutions and Covered Bond issuers have a best-case rating upgrade scenario (defined as the 99th percentile of rating transitions, measured in a positive direction) of three notches over a three-year rating horizon; and a worst-case rating downgrade scenario (defined as the 99th percentile of rating transitions, measured in a negative direction) of four notches over three years. The complete span of best- and worst-case scenario credit ratings for all rating categories ranges from 'AAA' to 'D'. Best- and worst-case scenario credit ratings are based on historical performance. For more information about the methodology used to determine sector-specific best- and worst-case scenario credit ratings, visit https://www.fitchratings.com/site/re/10111579 

REFERENCES FOR SUBSTANTIALLY MATERIAL SOURCE CITED AS KEY DRIVER OF RATING The principal sources of information used in the analysis are described in the Applicable Criteria. ESG Considerations

Unless otherwise disclosed in this section, the highest level of ESG credit relevance is a score of '3'. This means ESG issues are credit-neutral or have only a minimal credit impact on the entity, either due to their nature or the way in which they are being managed by the entity. For more information on Fitch's ESG Relevance Scores, visit www.fitchratings.com/esg

Wema Bank PLC ; Long Term Issuer Default Rating; Affirmed; B-; Rating Outlook Stable

; Short Term Issuer Default Rating; Affirmed; B

; National Long Term Rating; Upgrade; BBB(nga)

; National Short Term Rating; Affirmed; F3(nga)

; Viability Rating; Affirmed; b-

; Support Rating; Affirmed; 5

; Support Rating Floor; Affirmed; NF

Contacts:

Primary Rating Analyst

Vincent Martin,

Director

+44 20 3530 1828

vincent.martin@fitchratings.com

Fitch Ratings Ltd

30 North Colonnade, Canary Wharf

London E14 5GN

Secondary Rating Analyst

Tim Slater,

Associate Director

+44 20 3530 1791

tim.slater@fitchratings.com

Committee Chairperson

Lindsey Liddell,

Senior Director

+44 20 3530 1008

lindsey.liddell@fitchratings.com

MEDIA RELATIONS: Louisa Williams, London, Tel: +44 20 3530 2452, Email: louisa.williams@thefitchgroup.com

Additional information is available on www.fitchratings.com

ADDITIONAL DISCLOSURES

Dodd-Frank Rating Information Disclosure Form

Solicitation Status

Additional Disclosures For Unsolicited Credit Ratings

Endorsement Status

Endorsement Policy

30 Sep 2021 07:27 ET  Press Release: Fitch Affirms Wema Bank PLC at -2-

ALL FITCH CREDIT RATINGS ARE SUBJECT TO CERTAIN LIMITATIONS AND DISCLAIMERS. PLEASE READ THESE LIMITATIONS AND DISCLAIMERS BY FOLLOWING THIS LINK: HTTPS://WWW.FITCHRATINGS.COM/UNDERSTANDINGCREDITRATINGS. IN ADDITION, THE FOLLOWING HTTPS://WWW.FITCHRATINGS.COM/RATING-DEFINITIONS-DOCUMENT DETAILS FITCH'S RATING DEFINITIONS FOR EACH RATING SCALE AND RATING CATEGORIES, INCLUDING DEFINITIONS RELATING TO DEFAULT. PUBLISHED RATINGS, CRITERIA, AND METHODOLOGIES ARE AVAILABLE FROM THIS SITE AT ALL TIMES. FITCH'S CODE OF CONDUCT, CONFIDENTIALITY, CONFLICTS OF INTEREST, AFFILIATE FIREWALL, COMPLIANCE, AND OTHER RELEVANT POLICIES AND PROCEDURES ARE ALSO AVAILABLE FROM THE CODE OF CONDUCT SECTION OF THIS SITE. DIRECTORS AND SHAREHOLDERS RELEVANT INTERESTS ARE AVAILABLE AT HTTPS://WWW.FITCHRATINGS.COM/SITE/REGULATORY. FITCH MAY HAVE PROVIDED ANOTHER PERMISSIBLE SERVICE OR ANCILLARY SERVICE TO THE RATED ENTITY OR ITS RELATED THIRD PARTIES. DETAILS OF PERMISSIBLE SERVICE(S) FOR WHICH THE LEAD ANALYST IS BASED IN AN ESMA- OR FCA-REGISTERED FITCH RATINGS COMPANY (OR BRANCH OF SUCH A COMPANY) OR ANCILLARY SERVICE(S) CAN BE FOUND ON THE ENTITY SUMMARY PAGE FOR THIS ISSUER ON THE FITCH RATINGS WEBSITE.

Copyright © 2021 by Fitch Ratings, Inc ., Fitch Ratings Ltd . and its subsidiaries. 33 Whitehall Street, NY, NY 10004. Telephone: 1-800-753-4824, (212) 908-0500. Fax: (212) 480-4435. Reproduction or retransmission in whole or in part is prohibited except by permission. All rights reserved. In issuing and maintaining its ratings and in making other reports (including forecast information), Fitch relies on factual information it receives from issuers and underwriters and from other sources Fitch believes to be credible. Fitch conducts a reasonable investigation of the factual information relied upon by it in accordance with its ratings methodology, and obtains reasonable verification of that information from independent sources, to the extent such sources are available for a given security or in a given jurisdiction. The manner of Fitch's factual investigation and the scope of the third-party verification it obtains will vary depending on the nature of the rated security and its issuer, the requirements and practices in the jurisdiction in which the rated security is offered and sold and/or the issuer is located, the availability and nature of relevant public information, access to the management of the issuer and its advisers, the availability of pre-existing third-party verifications such as audit reports, agreed-upon procedures letters, appraisals, actuarial reports, engineering reports, legal opinions and other reports provided by third parties, the availability of independent and competent third- party verification sources with respect to the particular security or in the particular jurisdiction of the issuer, and a variety of other factors. Users of Fitch's ratings and reports should understand that neither an enhanced factual investigation nor any third-party verification can ensure that all of the information Fitch relies on in connection with a rating or a report will be accurate and complete. Ultimately, the issuer and its advisers are responsible for the accuracy of the information they provide to Fitch and to the market in offering documents and other reports. In issuing its ratings and its reports, Fitch must rely on the work of experts, including independent auditors with respect to financial statements and attorneys with respect to legal and tax matters. Further, ratings and forecasts of financial and other information are inherently forward-looking and embody assumptions and predictions about future events that by their nature cannot be verified as facts. As a result, despite any verification of current facts, ratings and forecasts can be affected by future events or conditions that were not anticipated at the time a rating or forecast was issued or affirmed.

The information in this report is provided ""as is"" without any representation or warranty of any kind, and Fitch does not represent or warrant that the report or any of its contents will meet any of the requirements of a recipient of the report. A Fitch rating is an opinion as to the creditworthiness of a security. This opinion and reports made by Fitch are based on established criteria and methodologies that Fitch is continuously evaluating and updating. Therefore, ratings and reports are the collective work product of Fitch and no individual, or group of individuals, is solely responsible for a rating or a report. The rating does not address the risk of loss due to risks other than credit risk, unless such risk is specifically mentioned. Fitch is not engaged in the offer or sale of any security. All Fitch reports have shared authorship. Individuals identified in a Fitch report were involved in, but are not solely responsible for, the opinions stated therein. The individuals are named for contact purposes only. A report providing a Fitch rating is neither a prospectus nor a substitute for the information assembled, verified and presented to investors by the issuer and its agents in connection with the sale of the securities. Ratings may be changed or withdrawn at any time for any reason in the sole discretion of Fitch. Fitch does not provide investment advice of any sort. Ratings are not a recommendation to buy, sell, or hold any security. Ratings do not comment on the adequacy of market price, the suitability of any security for a particular investor, or the tax-exempt nature or taxability of payments made in respect to any security. Fitch receives fees from issuers, insurers, guarantors, other obligors, and underwriters for rating securities. Such fees generally vary from US$1,000 to US$750,000 (or the applicable currency equivalent) per issue. In certain cases, Fitch will rate all or a number of issues issued by a particular issuer, or insured or guaranteed by a particular insurer or guarantor, for a single annual fee. Such fees are expected to vary from US$10,000 to US$1,500,000 (or the applicable currency equivalent). The assignment, publication, or dissemination of a rating by Fitch shall not constitute a consent by Fitch to use its name as an expert in connection with any registration statement filed under the United States securities laws, the Financial Services and Markets Act of 2000 of the United Kingdom, or the securities laws of any particular jurisdiction. Due to the relative efficiency of electronic publishing and distribution, Fitch research may be available to electronic subscribers up to three days earlier than to print subscribers.

For Australia, New Zealand, Taiwan and South Korea only: Fitch Australia Pty Ltd holds an Australian financial services license (AFS license no. 337123) which authorizes it to provide credit ratings to wholesale clients only. Credit ratings information published by Fitch is not intended to be used by persons who are retail clients within the meaning of the Corporations Act 2001

Fitch Ratings, Inc . is registered with the U.S. Securities and Exchange Commission as a Nationally Recognized Statistical Rating Organization (the ""NRSRO""). While certain of the NRSRO's credit rating subsidiaries are listed on Item 3 of Form NRSRO and as such are authorized to issue credit ratings on behalf of the NRSRO (see https://www.fitchratings.com/site/regulatory (""https://www.fitchratings.com/site/regulatory"") ), other credit rating subsidiaries are not listed on Form NRSRO (the ""non-NRSROs"") and therefore credit ratings issued by those subsidiaries are not issued on behalf of the NRSRO. However, non-NRSRO personnel may participate in determining credit ratings issued by or on behalf of the NRSRO.

(END) Dow Jones Newswires

September 30, 2021 07:27 ET (11:27 GMT)"
*Fitch Affirms Coronation Merchant Bank at 'B-'; Outlook Stable,2021-09-30,"30 Sep 2021 12:33 ET  Press Release: Fitch Affirms Coronation Merchant Bank at 'B-'; Outlook Stable


 
 
The following is a press release from Fitch Ratings : 
      Fitch Ratings -London-30 September 2021: 

Fitch Ratings has affirmed Nigeria-based Coronation Merchant Bank Limited's (CMB) Long-Term Issuer Default Rating (IDR) at 'B-' with a Stable Outlook. The National Long-Term Rating has been upgraded to 'BBB+(nga)' from 'BBB(nga)', reflecting the bank's improved creditworthiness relative to that of other issuers in Nigeria.

Fitch has also withdrawn the Long-Term Local Currency IDR due to a publishing error.

A full list of rating actions is below.

Key Rating Drivers

IDRS AND VIABILITY RATING (VR)

The Long- and Short-Term IDRs of CMB are driven by its standalone credit profile as expressed by its VR of 'b-'. Its VR reflects the bank's concentration in and sensitivity to Nigerian operating environment risks and is also constrained by the bank's niche franchise and structural funding and liquidity weaknesses resulting from the absence of a retail deposit license. This is balanced by the bank's sound asset-quality record and adequate capitalisation and performance, which constitute rating strengths.

The Stable Outlook reflects Fitch's view that risks to CMB's credit profile are captured in the current rating, with sufficient headroom under our base case to absorb the fallout from operating-environment pressures.

Operating conditions in Nigeria are gradually stabilising and Fitch forecasts 1.9% GDP growth in 2021, following a 1.8% decline in 2020. Our baseline scenario is that business volumes and earnings should continue to rebound in 2021, while the rally in oil prices is also a positive factor. Nevertheless, downside risks linger, given inherently volatile market conditions, with banks still exposed to foreign-currency (FC) shortages, potential further currency devaluation, rising inflation and regulatory intervention by the Central Bank of Nigeria (CBN) .

CMB's company profile is a constraint on, and a factor of high importance to, the rating, reflecting the bank's niche - but leading - franchise as an independent Nigerian merchant bank engaged in corporate and trade finance, domestic capital markets and investment banking. It also considers CMB's small size (under 1% of banking-sector assets) and reliance on expensive, short-term and concentrated wholesale deposit and market funding. Management quality is a rating strength.

CMB has recorded zero Stage 3 loans since converting to a merchant bank in 2015, despite volatile market conditions, reflecting its prudent underwriting standards and risk controls. It reports no Stage 2 loans nor loans benefiting from Covid-19-related debt relief measures. Nevertheless, asset quality is sensitive to very high borrower concentrations (the 20 largest exposures equalled 2.6x equity at end-1H21) and FC-linked loans (51% of total loans). However, non-loan earning assets are large (43% of assets at end-1H21) - comprising mainly Nigerian government securities (B/Stable) held for liquidity and revenue purposes - and support asset quality.

CMB's profitability remains adequate, as indicated by operating returns on risk-weighted assets of 2.2% in 1H21 (four-year average: 4.7%), supported by fairly diversified revenue streams (non-interest income comprised 80% of operating income in 1H21), solid asset quality and good cost control (1H21: cost-to-income ratio of 57%, outperforming small-bank peers'). However, its fairly short performance record and potential for earnings volatility - resulting from high exposure to market-sensitive income - increases risks to profitability. Trading-related income made up a high 53% of operating income in 1H21.

The bank's profitability has also been negatively affected by margin pressure from low yield government securities (including special bills) and zero-earning restricted deposits with the CBN (equal to a combined 27% of total assets at end-1H21). In addition, its net interest margin (0.7% in 1H21) is inherently much lower than commercial banks' as CMB does not have a license to attract retail deposits - a cheaper source of funding.

CMB's Fitch Core Capital (FCC ) ratio of 15.6% at end-1H21 is adequate but has more than halved since 2017, due to rapid loan growth. Its tangible equity/assets ratio fell to 7.7% at end-1H21 (end-2020: 8.3%; end-2019: 11.4%). CMB's total capital adequacy ratio (CAR) of 18.5% at end-1H21 is well above its minimum regulatory requirement of 10%, supported by an NGN25 billion five-year Tier 2 debt issue in 2020. We expect the CAR to stabilise between 12.5% and 15% over the medium term as asset growth outpaces internal capital generation.

CMB's capital base also remains small in absolute terms, resulting in high single-name concentration risk and increasing the bank's sensitivity to individual credit events or unforeseen losses. Capitalisation remains sensitive to naira depreciation.

As a merchant bank, CMB relies on short-term wholesale funding, including a large share of corporate deposits (42% of funding), but also bank borrowings and commercial paper, which are price- and confidence-sensitive. Corporate deposits are concentrated by name, with the top 20 deposits forming 65% of total deposits at end-1H21. FC liabilities comprised 32% of CMB's liabilities at end-1H21, and are sensitive to investor sentiment and operating conditions, increasing refinancing and liquidity risks.

SUPPORT RATING AND SUPPORT RATING FLOOR

Sovereign support to CMB cannot be relied on given Nigeria's weak ability to provide support, particularly in FC. The Support Rating Floor of all Nigerian banks is 'No Floor' and all Support Ratings are '5'. This reflects our view that senior creditors cannot rely on receiving full and timely extraordinary support from the Nigerian sovereign if any of the banks become non-viable. Sovereign propensity to provide support to CMB is weak, in our view, given the bank's very low systemic importance.

Rating Sensitivities Factors that could, individually or collectively, lead to negative rating action/downgrade:

CMB's ratings are sensitive to a weakening in capitalisation, including a further increase in leverage, likely resulting from further rapid loan growth or material asset-quality deterioration (given its high borrower concentrations) that significantly erode its capital buffers. Tightening FC funding and liquidity due to adverse market conditions could be negative for its ratings given its wholesale-funding reliance.

A strategic shift towards higher-risk exposures, increased borrower concentrations or material operational-risk losses could also trigger a negative rating action, although this is not our base case.

Factors that could, individually or collectively, lead to positive rating action/upgrade:

A rating upgrade is unlikely at present given the bank's limited, niche franchise and constraints on its funding and liquidity profile.

OTHER DEBT AND ISSUER RATINGS: KEY RATING DRIVERS

NATIONAL RATINGS

The National Ratings of CMB reflect its creditworthiness relative to that of other issuers in Nigeria and are driven by its standalone strength. The upgrade of CMB's National Long-Term Rating reflects its increased creditworthiness relative to other Nigerian issuers'. Its National Short-Term Rating is the lower of two possible options for a 'BBB+(nga)' National Long-Term Rating under Fitch's criteria, reflecting weaknesses in the bank's funding and liquidity profile, which increase the vulnerability of default on its short-term local-currency obligations within Nigeria.

OTHER DEBT AND ISSUER RATINGS: RATING SENSITIVITIES Factors that could, individually or collectively, lead to negative rating action/downgrade:

NATIONAL RATINGS

The National Ratings are sensitive to a negative change in Fitch's view of the entity's creditworthiness relative to other Nigerian issuers.

Factors that could, individually or collectively, lead to positive rating action/upgrade:

NATIONAL RATINGS

The National Ratings are sensitive to a positive change in Fitch's view of the entity's creditworthiness relative to other Nigerian issuers.

Best/Worst Case Rating Scenario

International scale credit ratings of Financial Institutions and Covered Bond issuers have a best-case rating upgrade scenario (defined as the 99th percentile of rating transitions, measured in a positive direction) of three notches over a three-year rating horizon; and a worst-case rating downgrade scenario (defined as the 99th percentile of rating transitions, measured in a negative direction) of four notches over three years. The complete span of best- and worst-case scenario credit ratings for all rating categories ranges from 'AAA' to 'D'. Best- and worst-case scenario credit ratings are based on historical performance. For more information about the methodology used to determine sector-specific best- and worst-case scenario credit ratings, visit https://www.fitchratings.com/site/re/10111579 

REFERENCES FOR SUBSTANTIALLY MATERIAL SOURCE CITED AS KEY DRIVER OF RATING The principal sources of information used in the analysis are described in the Applicable Criteria. ESG Considerations

Unless otherwise disclosed in this section, the highest level of ESG credit relevance is a score of '3'. This means ESG issues are credit-neutral or have only a minimal credit impact on the entity, either due to their nature or the way in which they are being managed by the entity. For more information on Fitch's ESG Relevance Scores, visit www.fitchratings.com/esg

Coronation Merchant Bank Limited; Long Term Issuer Default Rating; Affirmed; B-; Rating Outlook Stable

; Short Term Issuer Default Rating; Affirmed; B

; National Long Term Rating; Upgrade; BBB+(nga)

; National Short Term Rating; Upgrade; F2(nga)

; Viability Rating; Affirmed; b-

; Support Rating; Affirmed; 5

; Support Rating Floor; Affirmed; NF

Contacts:

Primary Rating Analyst

Kurt Boere,

Associate Director

+44 20 3530 2707

kurt.boere@fitchratings.com

Fitch Ratings Ltd

30 North Colonnade, Canary Wharf

30 Sep 2021 12:33 ET  Press Release: Fitch Affirms Coronation Merchant -2-

London E14 5GN

Secondary Rating Analyst

Christopher Ogunleye,

Senior Analyst

+44 20 3530 1192

christopher.ogunleye@fitchratings.com

Committee Chairperson

Lindsey Liddell,

Senior Director

+44 20 3530 1008

lindsey.liddell@fitchratings.com

MEDIA RELATIONS: Louisa Williams, London, Tel: +44 20 3530 2452, Email: louisa.williams@thefitchgroup.com

Additional information is available on www.fitchratings.com

ADDITIONAL DISCLOSURES

Dodd-Frank Rating Information Disclosure Form

Solicitation Status

Additional Disclosures For Unsolicited Credit Ratings

Endorsement Status

Endorsement Policy

ALL FITCH CREDIT RATINGS ARE SUBJECT TO CERTAIN LIMITATIONS AND DISCLAIMERS. PLEASE READ THESE LIMITATIONS AND DISCLAIMERS BY FOLLOWING THIS LINK: HTTPS://WWW.FITCHRATINGS.COM/UNDERSTANDINGCREDITRATINGS. IN ADDITION, THE FOLLOWING HTTPS://WWW.FITCHRATINGS.COM/RATING-DEFINITIONS-DOCUMENT DETAILS FITCH'S RATING DEFINITIONS FOR EACH RATING SCALE AND RATING CATEGORIES, INCLUDING DEFINITIONS RELATING TO DEFAULT. PUBLISHED RATINGS, CRITERIA, AND METHODOLOGIES ARE AVAILABLE FROM THIS SITE AT ALL TIMES. FITCH'S CODE OF CONDUCT, CONFIDENTIALITY, CONFLICTS OF INTEREST, AFFILIATE FIREWALL, COMPLIANCE, AND OTHER RELEVANT POLICIES AND PROCEDURES ARE ALSO AVAILABLE FROM THE CODE OF CONDUCT SECTION OF THIS SITE. DIRECTORS AND SHAREHOLDERS RELEVANT INTERESTS ARE AVAILABLE AT HTTPS://WWW.FITCHRATINGS.COM/SITE/REGULATORY. FITCH MAY HAVE PROVIDED ANOTHER PERMISSIBLE SERVICE OR ANCILLARY SERVICE TO THE RATED ENTITY OR ITS RELATED THIRD PARTIES. DETAILS OF PERMISSIBLE SERVICE(S) FOR WHICH THE LEAD ANALYST IS BASED IN AN ESMA- OR FCA-REGISTERED FITCH RATINGS COMPANY (OR BRANCH OF SUCH A COMPANY) OR ANCILLARY SERVICE(S) CAN BE FOUND ON THE ENTITY SUMMARY PAGE FOR THIS ISSUER ON THE FITCH RATINGS WEBSITE.

Copyright © 2021 by Fitch Ratings, Inc ., Fitch Ratings Ltd . and its subsidiaries. 33 Whitehall Street, NY, NY 10004. Telephone: 1-800-753-4824, (212) 908-0500. Fax: (212) 480-4435. Reproduction or retransmission in whole or in part is prohibited except by permission. All rights reserved. In issuing and maintaining its ratings and in making other reports (including forecast information), Fitch relies on factual information it receives from issuers and underwriters and from other sources Fitch believes to be credible. Fitch conducts a reasonable investigation of the factual information relied upon by it in accordance with its ratings methodology, and obtains reasonable verification of that information from independent sources, to the extent such sources are available for a given security or in a given jurisdiction. The manner of Fitch's factual investigation and the scope of the third-party verification it obtains will vary depending on the nature of the rated security and its issuer, the requirements and practices in the jurisdiction in which the rated security is offered and sold and/or the issuer is located, the availability and nature of relevant public information, access to the management of the issuer and its advisers, the availability of pre-existing third-party verifications such as audit reports, agreed-upon procedures letters, appraisals, actuarial reports, engineering reports, legal opinions and other reports provided by third parties, the availability of independent and competent third- party verification sources with respect to the particular security or in the particular jurisdiction of the issuer, and a variety of other factors. Users of Fitch's ratings and reports should understand that neither an enhanced factual investigation nor any third-party verification can ensure that all of the information Fitch relies on in connection with a rating or a report will be accurate and complete. Ultimately, the issuer and its advisers are responsible for the accuracy of the information they provide to Fitch and to the market in offering documents and other reports. In issuing its ratings and its reports, Fitch must rely on the work of experts, including independent auditors with respect to financial statements and attorneys with respect to legal and tax matters. Further, ratings and forecasts of financial and other information are inherently forward-looking and embody assumptions and predictions about future events that by their nature cannot be verified as facts. As a result, despite any verification of current facts, ratings and forecasts can be affected by future events or conditions that were not anticipated at the time a rating or forecast was issued or affirmed.

The information in this report is provided ""as is"" without any representation or warranty of any kind, and Fitch does not represent or warrant that the report or any of its contents will meet any of the requirements of a recipient of the report. A Fitch rating is an opinion as to the creditworthiness of a security. This opinion and reports made by Fitch are based on established criteria and methodologies that Fitch is continuously evaluating and updating. Therefore, ratings and reports are the collective work product of Fitch and no individual, or group of individuals, is solely responsible for a rating or a report. The rating does not address the risk of loss due to risks other than credit risk, unless such risk is specifically mentioned. Fitch is not engaged in the offer or sale of any security. All Fitch reports have shared authorship. Individuals identified in a Fitch report were involved in, but are not solely responsible for, the opinions stated therein. The individuals are named for contact purposes only. A report providing a Fitch rating is neither a prospectus nor a substitute for the information assembled, verified and presented to investors by the issuer and its agents in connection with the sale of the securities. Ratings may be changed or withdrawn at any time for any reason in the sole discretion of Fitch. Fitch does not provide investment advice of any sort. Ratings are not a recommendation to buy, sell, or hold any security. Ratings do not comment on the adequacy of market price, the suitability of any security for a particular investor, or the tax-exempt nature or taxability of payments made in respect to any security. Fitch receives fees from issuers, insurers, guarantors, other obligors, and underwriters for rating securities. Such fees generally vary from US$1,000 to US$750,000 (or the applicable currency equivalent) per issue. In certain cases, Fitch will rate all or a number of issues issued by a particular issuer, or insured or guaranteed by a particular insurer or guarantor, for a single annual fee. Such fees are expected to vary from US$10,000 to US$1,500,000 (or the applicable currency equivalent). The assignment, publication, or dissemination of a rating by Fitch shall not constitute a consent by Fitch to use its name as an expert in connection with any registration statement filed under the United States securities laws, the Financial Services and Markets Act of 2000 of the United Kingdom, or the securities laws of any particular jurisdiction. Due to the relative efficiency of electronic publishing and distribution, Fitch research may be available to electronic subscribers up to three days earlier than to print subscribers.

For Australia, New Zealand, Taiwan and South Korea only: Fitch Australia Pty Ltd holds an Australian financial services license (AFS license no. 337123) which authorizes it to provide credit ratings to wholesale clients only. Credit ratings information published by Fitch is not intended to be used by persons who are retail clients within the meaning of the Corporations Act 2001

Fitch Ratings, Inc . is registered with the U.S. Securities and Exchange Commission as a Nationally Recognized Statistical Rating Organization (the ""NRSRO""). While certain of the NRSRO's credit rating subsidiaries are listed on Item 3 of Form NRSRO and as such are authorized to issue credit ratings on behalf of the NRSRO (see https://www.fitchratings.com/site/regulatory (""https://www.fitchratings.com/site/regulatory"") ), other credit rating subsidiaries are not listed on Form NRSRO (the ""non-NRSROs"") and therefore credit ratings issued by those subsidiaries are not issued on behalf of the NRSRO. However, non-NRSRO personnel may participate in determining credit ratings issued by or on behalf of the NRSRO.

(END) Dow Jones Newswires

September 30, 2021 12:33 ET (16:33 GMT)"
*Fitch Affirms Sterling Bank at 'B-'; Outlook Stable,2021-09-30,"30 Sep 2021 12:45 ET  Press Release: Fitch Affirms Sterling Bank at 'B-'; Outlook Stable


 
 
The following is a press release from Fitch Ratings : 
      Fitch Ratings -London-30 September 2021: 

Fitch Ratings has affirmed Sterling Bank Plc 's Long-Term Issuer Default Rating (IDR) at 'B-' with a Stable Outlook. The National Long-Term Rating has been upgraded to 'BBB+(nga)' from 'BBB(nga)', reflecting the bank's increased creditworthiness relative to that of other issuers in Nigeria. A full list of rating actions is below.

Key Rating Drivers

ISSUER DEFAULT RATINGS AND VIABILITY RATING

The IDRs of Sterling are driven by its standalone creditworthiness, as expressed by its Viability Rating (VR) of 'b-'. The VR reflects the concentration of the bank's activities within Nigeria's challenging operating environment, a fairly small franchise, high credit concentrations, and foreign currency (FC) funding and liquidity weaknesses resulting from high depositor concentration. This is balanced against adequate asset quality and capitalisation for the bank's risk profile.

The Stable Outlook reflects Fitch's view that risks to Sterling's credit profile are captured by the current rating, with sufficient headroom under our base case to absorb the fallout from operating-environment pressures.

Operating conditions in Nigeria are gradually stabilising. Fitch forecasts 1.9% GDP growth in 2021, following a 1.8% contraction in 2020. Our baseline scenario is that business volumes and earnings should continue to rebound in 2021, while the rally in oil prices is also a positive factor. Nevertheless, downside risks linger, given inherently volatile market conditions, with banks still exposed to FC shortages, potential further currency devaluation, rising inflation and regulatory intervention by the Central Bank of Nigeria (CBN) .

Sterling has a fairly small franchise, representing 3% of domestic banking-system assets at end-2020. Single-borrower concentration is high, with the 20-largest customer loans representing 53% of gross loans or 286% of Fitch Core Capital (FCC ) at end-1H21. Its oil and gas exposure has reduced in recent years but remains material, representing 26% of gross loans or 139% of FCC at end-1H21, and is concentrated in the upstream and services segments, posing a significant risk to asset quality in the event of a prolonged period of low oil prices and production cuts.

Sterling's impaired loans (Stage 3 loans under IFRS 9) ratio increased to 2.9% at end-3Q20 from 2.2% at end-2019, as a result of the pandemic, but declined to 1.8% by end-1H21 on write-offs and robust loan growth. Specific loan loss allowance (LLA) coverage of impaired loans (96% at end-1H21) is high and above peers'. Stage 2 loans (20% of gross loans at end-1H21; average LLA coverage of 3.6%) have increased significantly as a result of the pandemic, and are concentrated, but are not expected to lead to a material increase in impaired loans.

Sterling delivers adequate profitability - as indicated by operating returns on risk-weighted assets that have averaged 1.4% over the past four full years - notwithstanding its high cost base reflecting its limited economies of scale. Margins are reasonable and in line with peers', underpinned by lending to higher-margin segments and, in 2020 and 1H21, growth in low-cost deposits. Loan impairment charges (LICs) continue to weigh on performance (1H21: equal to 35% of pre-impairment operating profit).

Sterling's FCC ratio (14.5% at end-1H21) is a rating strength at the current rating level, underpinned by moderate pre-impairment operating profit (equal to 2.6% of average gross loans over the past four full years) and full LLA coverage of impaired loans. Its capital adequacy ratio (CAR; 15%) is comfortably above its 10% minimum requirement.

Funding is mainly in the form of customer deposits (78% in naira; 22% in FC at end-2020). The share of current and savings accounts (82% of customer deposits at end-1H21) has increased in recent years, reducing reliance on more price-sensitive and concentrated term deposits. Single-depositor concentration is moderate, with the 20-largest deposits representing 20% of customer deposits at end-1H21. However, FC single-depositor concentration is exceptionally high, with the two-largest depositors representing 34% of FC customer deposits. Its loans/deposits ratio is a low 66%. Liquidity coverage is strong in local currency but weak in FC in the context of high concentration risk.

SUPPORT RATING AND SUPPORT RATING FLOOR

Sovereign support to commercial banks cannot be relied on given Nigeria's weak ability to provide support, particularly in FC. The Support Rating Floor of all Nigerian banks is 'No Floor' and all Support Ratings are '5'. This reflects our view that senior creditors cannot rely on receiving full and timely extraordinary support from the Nigerian sovereign if any of the banks become non-viable.

NATIONAL RATINGS

Sterling's National Ratings are driven by the bank's standalone strength. The upgrade of Sterling's National Long-Term Rating reflects the bank's increased creditworthiness relative to other Nigerian issuers'. Sterling's National Short-Term Rating of 'F2(nga)' is the lower of two possible options for a National Long-Term Rating of 'BBB+(nga)' under Fitch's criteria, reflecting weaknesses in the bank's funding and liquidity profile, which increases the vulnerability of default on its short-term local-currency obligations within Nigeria.

RATING SENSITIVITIES

Factors that could, individually or collectively, lead to negative rating action/downgrade:

- Erosion of capital buffers to levels close to or below the bank's minimum regulatory requirements, which could result from a significant increase in impaired loans leading to losses.

- A significant tightening in FC liquidity, most likely due to single-depositor concentration risk.

Factors that could, individually or collectively, lead to positive rating action/upgrade:

- Upside to the ratings is unlikely at present unless the bank's franchise and funding and liquidity profile materially strengthen.

NATIONAL RATINGS

The National Ratings are sensitive to Fitch's view of the entity's creditworthiness relative to other Nigerian issuers'.

Best/Worst Case Rating Scenario

International scale credit ratings of Financial Institutions and Covered Bond issuers have a best-case rating upgrade scenario (defined as the 99th percentile of rating transitions, measured in a positive direction) of three notches over a three-year rating horizon; and a worst-case rating downgrade scenario (defined as the 99th percentile of rating transitions, measured in a negative direction) of four notches over three years. The complete span of best- and worst-case scenario credit ratings for all rating categories ranges from 'AAA' to 'D'. Best- and worst-case scenario credit ratings are based on historical performance. For more information about the methodology used to determine sector-specific best- and worst-case scenario credit ratings, visit https://www.fitchratings.com/site/re/10111579 

REFERENCES FOR SUBSTANTIALLY MATERIAL SOURCE CITED AS KEY DRIVER OF RATING The principal sources of information used in the analysis are described in the Applicable Criteria. ESG Considerations

Unless otherwise disclosed in this section, the highest level of ESG credit relevance is a score of '3'. This means ESG issues are credit-neutral or have only a minimal credit impact on the entity, either due to their nature or the way in which they are being managed by the entity. For more information on Fitch's ESG Relevance Scores, visit www.fitchratings.com/esg

Sterling Bank Plc ; Long Term Issuer Default Rating; Affirmed; B-; Rating Outlook Stable

; Short Term Issuer Default Rating; Affirmed; B

; National Long Term Rating; Upgrade; BBB+(nga)

; National Short Term Rating; Upgrade; F2(nga)

; Viability Rating; Affirmed; b-

; Support Rating; Affirmed; 5

; Support Rating Floor; Affirmed; NF

Contacts:

Primary Rating Analyst

Vincent Martin,

Director

+44 20 3530 1828

vincent.martin@fitchratings.com

Fitch Ratings Ltd

30 North Colonnade, Canary Wharf

London E14 5GN

Secondary Rating Analyst

Tim Slater,

Associate Director

+44 20 3530 1791

tim.slater@fitchratings.com

Committee Chairperson

Lindsey Liddell,

Senior Director

+44 20 3530 1008

lindsey.liddell@fitchratings.com

MEDIA RELATIONS: Louisa Williams, London, Tel: +44 20 3530 2452, Email: louisa.williams@thefitchgroup.com

Additional information is available on www.fitchratings.com

ADDITIONAL DISCLOSURES

Dodd-Frank Rating Information Disclosure Form

Solicitation Status

Additional Disclosures For Unsolicited Credit Ratings

Endorsement Status

Endorsement Policy

ALL FITCH CREDIT RATINGS ARE SUBJECT TO CERTAIN LIMITATIONS AND DISCLAIMERS. PLEASE READ THESE LIMITATIONS AND DISCLAIMERS BY FOLLOWING THIS LINK: HTTPS://WWW.FITCHRATINGS.COM/UNDERSTANDINGCREDITRATINGS. IN ADDITION, THE FOLLOWING HTTPS://WWW.FITCHRATINGS.COM/RATING-DEFINITIONS-DOCUMENT DETAILS FITCH'S RATING DEFINITIONS FOR EACH RATING SCALE AND RATING CATEGORIES, INCLUDING DEFINITIONS RELATING TO DEFAULT. PUBLISHED RATINGS, CRITERIA, AND METHODOLOGIES ARE AVAILABLE FROM THIS SITE AT ALL TIMES. FITCH'S CODE OF CONDUCT, CONFIDENTIALITY, CONFLICTS OF INTEREST, AFFILIATE FIREWALL, COMPLIANCE, AND OTHER RELEVANT POLICIES AND PROCEDURES ARE ALSO AVAILABLE FROM THE CODE OF CONDUCT SECTION OF THIS SITE. DIRECTORS AND SHAREHOLDERS RELEVANT INTERESTS ARE AVAILABLE AT HTTPS://WWW.FITCHRATINGS.COM/SITE/REGULATORY. FITCH MAY HAVE PROVIDED ANOTHER PERMISSIBLE SERVICE OR ANCILLARY SERVICE TO THE RATED ENTITY OR ITS RELATED THIRD PARTIES. DETAILS OF PERMISSIBLE SERVICE(S) FOR WHICH THE LEAD ANALYST IS BASED IN AN ESMA- OR FCA-REGISTERED FITCH RATINGS COMPANY (OR BRANCH OF SUCH A COMPANY) OR ANCILLARY SERVICE(S) CAN BE FOUND ON THE ENTITY SUMMARY PAGE FOR THIS ISSUER ON THE FITCH RATINGS WEBSITE.

30 Sep 2021 12:45 ET  Press Release: Fitch Affirms Sterling Bank at -2-

Copyright © 2021 by Fitch Ratings, Inc ., Fitch Ratings Ltd . and its subsidiaries. 33 Whitehall Street, NY, NY 10004. Telephone: 1-800-753-4824, (212) 908-0500. Fax: (212) 480-4435. Reproduction or retransmission in whole or in part is prohibited except by permission. All rights reserved. In issuing and maintaining its ratings and in making other reports (including forecast information), Fitch relies on factual information it receives from issuers and underwriters and from other sources Fitch believes to be credible. Fitch conducts a reasonable investigation of the factual information relied upon by it in accordance with its ratings methodology, and obtains reasonable verification of that information from independent sources, to the extent such sources are available for a given security or in a given jurisdiction. The manner of Fitch's factual investigation and the scope of the third-party verification it obtains will vary depending on the nature of the rated security and its issuer, the requirements and practices in the jurisdiction in which the rated security is offered and sold and/or the issuer is located, the availability and nature of relevant public information, access to the management of the issuer and its advisers, the availability of pre-existing third-party verifications such as audit reports, agreed-upon procedures letters, appraisals, actuarial reports, engineering reports, legal opinions and other reports provided by third parties, the availability of independent and competent third- party verification sources with respect to the particular security or in the particular jurisdiction of the issuer, and a variety of other factors. Users of Fitch's ratings and reports should understand that neither an enhanced factual investigation nor any third-party verification can ensure that all of the information Fitch relies on in connection with a rating or a report will be accurate and complete. Ultimately, the issuer and its advisers are responsible for the accuracy of the information they provide to Fitch and to the market in offering documents and other reports. In issuing its ratings and its reports, Fitch must rely on the work of experts, including independent auditors with respect to financial statements and attorneys with respect to legal and tax matters. Further, ratings and forecasts of financial and other information are inherently forward-looking and embody assumptions and predictions about future events that by their nature cannot be verified as facts. As a result, despite any verification of current facts, ratings and forecasts can be affected by future events or conditions that were not anticipated at the time a rating or forecast was issued or affirmed.

The information in this report is provided ""as is"" without any representation or warranty of any kind, and Fitch does not represent or warrant that the report or any of its contents will meet any of the requirements of a recipient of the report. A Fitch rating is an opinion as to the creditworthiness of a security. This opinion and reports made by Fitch are based on established criteria and methodologies that Fitch is continuously evaluating and updating. Therefore, ratings and reports are the collective work product of Fitch and no individual, or group of individuals, is solely responsible for a rating or a report. The rating does not address the risk of loss due to risks other than credit risk, unless such risk is specifically mentioned. Fitch is not engaged in the offer or sale of any security. All Fitch reports have shared authorship. Individuals identified in a Fitch report were involved in, but are not solely responsible for, the opinions stated therein. The individuals are named for contact purposes only. A report providing a Fitch rating is neither a prospectus nor a substitute for the information assembled, verified and presented to investors by the issuer and its agents in connection with the sale of the securities. Ratings may be changed or withdrawn at any time for any reason in the sole discretion of Fitch. Fitch does not provide investment advice of any sort. Ratings are not a recommendation to buy, sell, or hold any security. Ratings do not comment on the adequacy of market price, the suitability of any security for a particular investor, or the tax-exempt nature or taxability of payments made in respect to any security. Fitch receives fees from issuers, insurers, guarantors, other obligors, and underwriters for rating securities. Such fees generally vary from US$1,000 to US$750,000 (or the applicable currency equivalent) per issue. In certain cases, Fitch will rate all or a number of issues issued by a particular issuer, or insured or guaranteed by a particular insurer or guarantor, for a single annual fee. Such fees are expected to vary from US$10,000 to US$1,500,000 (or the applicable currency equivalent). The assignment, publication, or dissemination of a rating by Fitch shall not constitute a consent by Fitch to use its name as an expert in connection with any registration statement filed under the United States securities laws, the Financial Services and Markets Act of 2000 of the United Kingdom, or the securities laws of any particular jurisdiction. Due to the relative efficiency of electronic publishing and distribution, Fitch research may be available to electronic subscribers up to three days earlier than to print subscribers.

For Australia, New Zealand, Taiwan and South Korea only: Fitch Australia Pty Ltd holds an Australian financial services license (AFS license no. 337123) which authorizes it to provide credit ratings to wholesale clients only. Credit ratings information published by Fitch is not intended to be used by persons who are retail clients within the meaning of the Corporations Act 2001

Fitch Ratings, Inc . is registered with the U.S. Securities and Exchange Commission as a Nationally Recognized Statistical Rating Organization (the ""NRSRO""). While certain of the NRSRO's credit rating subsidiaries are listed on Item 3 of Form NRSRO and as such are authorized to issue credit ratings on behalf of the NRSRO (see https://www.fitchratings.com/site/regulatory (""https://www.fitchratings.com/site/regulatory"") ), other credit rating subsidiaries are not listed on Form NRSRO (the ""non-NRSROs"") and therefore credit ratings issued by those subsidiaries are not issued on behalf of the NRSRO. However, non-NRSRO personnel may participate in determining credit ratings issued by or on behalf of the NRSRO.

(END) Dow Jones Newswires

September 30, 2021 12:45 ET (16:45 GMT)"
Fitch Affirms Coronation Merchant Bank at 'B-'; Outlook Stable,2021-09-30,"Fitch Ratings-London-30 September 2021: Fitch Ratings has affirmed Nigeria-based Coronation Merchant Bank Limited's (CMB) Long-Term Issuer Default Rating (IDR) at 'B-' with a Stable Outlook. The National Long-Term Rating has been upgraded to 'BBB+(nga)' from 'BBB(nga)', reflecting the bank's improved creditworthiness relative to that of other issuers in Nigeria.

Fitch has also withdrawn the Long-Term Local Currency IDR due to a publishing error.

A full list of rating actions is below.

Key Rating Drivers

IDRS AND VIABILITY RATING (VR)

The Long- and Short-Term IDRs of CMB are driven by its standalone credit profile as expressed by its VR of 'b-'. Its VR reflects the bank's concentration in and sensitivity to Nigerian operating environment risks and is also constrained by the bank's niche franchise and structural funding and liquidity weaknesses resulting from the absence of a retail deposit license. This is balanced by the bank's sound asset-quality record and adequate capitalisation and performance, which constitute rating strengths.

The Stable Outlook reflects Fitch's view that risks to CMB's credit profile are captured in the current rating, with sufficient headroom under our base case to absorb the fallout from operating-environment pressures.

Operating conditions in Nigeria are gradually stabilising and Fitch forecasts 1.9% GDP growth in 2021, following a 1.8% decline in 2020. Our baseline scenario is that business volumes and earnings should continue to rebound in 2021, while the rally in oil prices is also a positive factor. Nevertheless, downside risks linger, given inherently volatile market conditions, with banks still exposed to foreign-currency (FC) shortages, potential further currency devaluation, rising inflation and regulatory intervention by the Central Bank of Nigeria (CBN)Central Bank of Nigeria (CBN).

CMB's company profile is a constraint on, and a factor of high importance to, the rating, reflecting the bank's niche - but leading - franchise as an independent Nigerian merchant bank engaged in corporate and trade finance, domestic capital markets and investment banking. It also considers CMB's small size (under 1% of banking-sector assets) and reliance on expensive, short-term and concentrated wholesale deposit and market funding. Management quality is a rating strength.

CMB has recorded zero Stage 3 loans since converting to a merchant bank in 2015, despite volatile market conditions, reflecting its prudent underwriting standards and risk controls. It reports no Stage 2 loans nor loans benefiting from Covid-19-related debt relief measures. Nevertheless, asset quality is sensitive to very high borrower concentrations (the 20 largest exposures equalled 2.6x equity at end-1H21) and FC-linked loans (51% of total loans). However, non-loan earning assets are large (43% of assets at end-1H21) - comprising mainly Nigerian government securities (B/Stable) held for liquidity and revenue purposes - and support asset quality.

CMB's profitability remains adequate, as indicated by operating returns on risk-weighted assets of 2.2% in 1H21 (four-year average: 4.7%), supported by fairly diversified revenue streams (non-interest income comprised 80% of operating income in 1H21), solid asset quality and good cost control (1H21: cost-to-income ratio of 57%, outperforming small-bank peers'). However, its fairly short performance record and potential for earnings volatility - resulting from high exposure to market-sensitive income - increases risks to profitability. Trading-related income made up a high 53% of operating income in 1H21.

The bank's profitability has also been negatively affected by margin pressure from low yield government securities (including special bills) and zero-earning restricted deposits with the CBN (equal to a combined 27% of total assets at end-1H21). In addition, its net interest margin (0.7% in 1H21) is inherently much lower than commercial banks' as CMB does not have a license to attract retail deposits - a cheaper source of funding.

CMB's Fitch Core Capital (FCC) ratio of 15.6% at end-1H21 is adequate but has more than halved since 2017, due to rapid loan growth. Its tangible equity/assets ratio fell to 7.7% at end-1H21 (end-2020: 8.3%; end-2019: 11.4%). CMB's total capital adequacy ratio (CAR) of 18.5% at end-1H21 is well above its minimum regulatory requirement of 10%, supported by an NGN25 billion five-year Tier 2 debt issue in 2020. We expect the CAR to stabilise between 12.5% and 15% over the medium term as asset growth outpaces internal capital generation.

CMB's capital base also remains small in absolute terms, resulting in high single-name concentration risk and increasing the bank's sensitivity to individual credit events or unforeseen losses. Capitalisation remains sensitive to naira depreciation.

As a merchant bank, CMB relies on short-term wholesale funding, including a large share of corporate deposits (42% of funding), but also bank borrowings and commercial paper, which are price- and confidence-sensitive. Corporate deposits are concentrated by name, with the top 20 deposits forming 65% of total deposits at end-1H21. FC liabilities comprised 32% of CMB's liabilities at end-1H21, and are sensitive to investor sentiment and operating conditions, increasing refinancing and liquidity risks.

SUPPORT RATING AND SUPPORT RATING FLOOR

Sovereign support to CMB cannot be relied on given Nigeria's weak ability to provide support, particularly in FC. The Support Rating Floor of all Nigerian banks is 'No Floor' and all Support Ratings are '5'. This reflects our view that senior creditors cannot rely on receiving full and timely extraordinary support from the Nigerian sovereign if any of the banks become non-viable. Sovereign propensity to provide support to CMB is weak, in our view, given the bank's very low systemic importance.

Rating Sensitivities

Factors that could, individually or collectively, lead to negative rating action/downgrade:

CMB's ratings are sensitive to a weakening in capitalisation, including a further increase in leverage, likely resulting from further rapid loan growth or material asset-quality deterioration (given its high borrower concentrations) that significantly erode its capital buffers. Tightening FC funding and liquidity due to adverse market conditions could be negative for its ratings given its wholesale-funding reliance.

A strategic shift towards higher-risk exposures, increased borrower concentrations or material operational-risk losses could also trigger a negative rating action, although this is not our base case.

Factors that could, individually or collectively, lead to positive rating action/upgrade:

A rating upgrade is unlikely at present given the bank's limited, niche franchise and constraints on its funding and liquidity profile.

OTHER DEBT AND ISSUER RATINGS: KEY RATING DRIVERS

NATIONAL RATINGS

The National Ratings of CMB reflect its creditworthiness relative to that of other issuers in Nigeria and are driven by its standalone strength. The upgrade of CMB's National Long-Term Rating reflects its increased creditworthiness relative to other Nigerian issuers'. Its National Short-Term Rating is the lower of two possible options for a 'BBB+(nga)' National Long-Term Rating under Fitch's criteria, reflecting weaknesses in the bank's funding and liquidity profile, which increase the vulnerability of default on its short-term local-currency obligations within Nigeria.

OTHER DEBT AND ISSUER RATINGS: RATING SENSITIVITIES

Factors that could, individually or collectively, lead to negative rating action/downgrade:

NATIONAL RATINGS

The National Ratings are sensitive to a negative change in Fitch's view of the entity's creditworthiness relative to other Nigerian issuers.

Factors that could, individually or collectively, lead to positive rating action/upgrade:

NATIONAL RATINGS

The National Ratings are sensitive to a positive change in Fitch's view of the entity's creditworthiness relative to other Nigerian issuers.

Best/Worst Case Rating Scenario

International scale credit ratings of Financial Institutions and Covered Bond issuers have a best-case rating upgrade scenario (defined as the 99th percentile of rating transitions, measured in a positive direction) of three notches over a three-year rating horizon; and a worst-case rating downgrade scenario (defined as the 99th percentile of rating transitions, measured in a negative direction) of four notches over three years. The complete span of best- and worst-case scenario credit ratings for all rating categories ranges from 'AAA' to 'D'. Best- and worst-case scenario credit ratings are based on historical performance. For more information about the methodology used to determine sector-specific best- and worst-case scenario credit ratings, visit https://www.fitchratings.com/site/re/10111579

REFERENCES FOR SUBSTANTIALLY MATERIAL SOURCE CITED AS KEY DRIVER OF RATING

The principal sources of information used in the analysis are described in the Applicable Criteria.

ESG Considerations

Unless otherwise disclosed in this section, the highest level of ESG credit relevance is a score of '3'. This means ESG issues are credit-neutral or have only a minimal credit impact on the entity, either due to their nature or the way in which they are being managed by the entity. For more information on Fitch's ESG Relevance Scores, visit www.fitchratings.com/esg

Coronation Merchant Bank Limited; Long Term Issuer Default Rating; Affirmed; B-; Rating Outlook Stable

; Short Term Issuer Default Rating; Affirmed; B

; Local Currency Long Term Issuer Default Rating; Withdrawn; WD

; National Long Term Rating; Upgrade; BBB+(nga)

; National Short Term Rating; Upgrade; F2(nga)

; Viability Rating; Affirmed; b-

; Support Rating; Affirmed; 5

; Support Rating Floor; Affirmed; NF

Contacts:

Primary Rating Analyst

Kurt Boere,

Associate Director

+44 20 3530 2707

kurt.boere@fitchratings.com

Fitch Ratings Ltd

30 North Colonnade, Canary Wharf

London E14 5GN

Secondary Rating Analyst

Jamal El Mellali,

Associate Director

+44 20 3530 1969

jamal.elmellali@fitchratings.com

Committee Chairperson

Lindsey Liddell,

Senior Director

+44 20 3530 1008

lindsey.liddell@fitchratings.com

MEDIA RELATIONS: Louisa Williams, London, Tel: +44 20 3530 2452, Email: louisa.williams@thefitchgroup.com

Additional information is available on www.fitchratings.com

ADDITIONAL DISCLOSURES

Dodd-Frank Rating Information Disclosure Form: https://www.fitchratings.com/site/dodd-frank-disclosure/10179145

Solicitation Status: https://www.fitchratings.com/site/pr/10179145#solicitation-status

Additional Disclosures For Unsolicited Credit Ratings: https://www.fitchratings.com/site/pr/10179145#unsolicited-credit-ratings-disclosures

Endorsement Status: https://www.fitchratings.com/site/pr/10179145#endorsement-status

Endorsement Policy: https://www.fitchratings.com/site/pr/10179145#endorsement-policy

ALL FITCH CREDIT RATINGS ARE SUBJECT TO CERTAIN LIMITATIONS AND DISCLAIMERS. PLEASE READ THESE LIMITATIONS AND DISCLAIMERS BY FOLLOWING THIS LINK:

https://WWW.FITCHRATINGS.COM/UNDERSTANDINGCREDITRATINGS: https://WWW.FITCHRATINGS.COM/UNDERSTANDINGCREDITRATINGS. IN ADDITION, THE FOLLOWING

https://WWW.FITCHRATINGS.COM/RATING-DEFINITIONS-DOCUMENT: https://www.fitchratings.com/rating-definitions-document

DETAILS FITCH'S RATING DEFINITIONS FOR EACH RATING SCALE AND RATING CATEGORIES, INCLUDING DEFINITIONS RELATING TO DEFAULT. PUBLISHED RATINGS, CRITERIA, AND METHODOLOGIES ARE AVAILABLE FROM THIS SITE AT ALL TIMES. FITCH'S CODE OF CONDUCT, CONFIDENTIALITY, CONFLICTS OF INTEREST, AFFILIATE FIREWALL, COMPLIANCE, AND OTHER RELEVANT POLICIES AND PROCEDURES ARE ALSO AVAILABLE FROM THE CODE OF CONDUCT SECTION OF THIS SITE. DIRECTORS AND SHAREHOLDERS RELEVANT INTERESTS ARE AVAILABLE AT

https://WWW.FITCHRATINGS.COM/SITE/REGULATORY: https://www.fitchratings.com/site/regulatory. FITCH MAY HAVE PROVIDED ANOTHER PERMISSIBLE SERVICE OR ANCILLARY SERVICE TO THE RATED ENTITY OR ITS RELATED THIRD PARTIES. DETAILS OF PERMISSIBLE SERVICE(S) FOR WHICH THE LEAD ANALYST IS BASED IN AN ESMA- OR FCA-REGISTERED FITCH RATINGS COMPANY (OR BRANCH OF SUCH A COMPANY) OR ANCILLARY SERVICE(S) CAN BE FOUND ON THE ENTITY SUMMARY PAGE FOR THIS ISSUER ON THE FITCH RATINGS WEBSITE.

Copyright © 2022 by Fitch Ratings, Inc., Fitch Ratings Ltd. and its subsidiaries. 33 Whitehall Street, NY, NY 10004. Telephone: 1-800-753-4824, (212) 908-0500. Fax: (212) 480-4435. Reproduction or retransmission in whole or in part is prohibited except by permission. All rights reserved. In issuing and maintaining its ratings and in making other reports (including forecast information), Fitch relies on factual information it receives from issuers and underwriters and from other sources Fitch believes to be credible. Fitch conducts a reasonable investigation of the factual information relied upon by it in accordance with its ratings methodology, and obtains reasonable verification of that information from independent sources, to the extent such sources are available for a given security or in a given jurisdiction. The manner of Fitch's factual investigation and the scope of the third-party verification it obtains will vary depending on the nature of the rated security and its issuer, the requirements and practices in the jurisdiction in which the rated security is offered and sold and/or the issuer is located, the availability and nature of relevant public information, access to the management of the issuer and its advisers, the availability of pre-existing third-party verifications such as audit reports, agreed-upon procedures letters, appraisals, actuarial reports, engineering reports, legal opinions and other reports provided by third parties, the availability of independent and competent third- party verification sources with respect to the particular security or in the particular jurisdiction of the issuer, and a variety of other factors. Users of Fitch's ratings and reports should understand that neither an enhanced factual investigation nor any third-party verification can ensure that all of the information Fitch relies on in connection with a rating or a report will be accurate and complete. Ultimately, the issuer and its advisers are responsible for the accuracy of the information they provide to Fitch and to the market in offering documents and other reports. In issuing its ratings and its reports, Fitch must rely on the work of experts, including independent auditors with respect to financial statements and attorneys with respect to legal and tax matters. Further, ratings and forecasts of financial and other information are inherently forward-looking and embody assumptions and predictions about future events that by their nature cannot be verified as facts. As a result, despite any verification of current facts, ratings and forecasts can be affected by future events or conditions that were not anticipated at the time a rating or forecast was issued or affirmed.

The information in this report is provided ""as is"" without any representation or warranty of any kind, and Fitch does not represent or warrant that the report or any of its contents will meet any of the requirements of a recipient of the report. A Fitch rating is an opinion as to the creditworthiness of a security. This opinion and reports made by Fitch are based on established criteria and methodologies that Fitch is continuously evaluating and updating. Therefore, ratings and reports are the collective work product of Fitch and no individual, or group of individuals, is solely responsible for a rating or a report. The rating does not address the risk of loss due to risks other than credit risk, unless such risk is specifically mentioned. Fitch is not engaged in the offer or sale of any security. All Fitch reports have shared authorship. Individuals identified in a Fitch report were involved in, but are not solely responsible for, the opinions stated therein. The individuals are named for contact purposes only. A report providing a Fitch rating is neither a prospectus nor a substitute for the information assembled, verified and presented to investors by the issuer and its agents in connection with the sale of the securities. Ratings may be changed or withdrawn at any time for any reason in the sole discretion of Fitch. Fitch does not provide investment advice of any sort. Ratings are not a recommendation to buy, sell, or hold any security. Ratings do not comment on the adequacy of market price, the suitability of any security for a particular investor, or the tax-exempt nature or taxability of payments made in respect to any security. Fitch receives fees from issuers, insurers, guarantors, other obligors, and underwriters for rating securities. Such fees generally vary from US$1,000 to US$750,000 (or the applicable currency equivalent) per issue. In certain cases, Fitch will rate all or a number of issues issued by a particular issuer, or insured or guaranteed by a particular insurer or guarantor, for a single annual fee. Such fees are expected to vary from US$10,000 to US$1,500,000 (or the applicable currency equivalent). The assignment, publication, or dissemination of a rating by Fitch shall not constitute a consent by Fitch to use its name as an expert in connection with any registration statement filed under the United States securities laws, the Financial Services and Markets Act of 2000 of the United Kingdom, or the securities laws of any particular jurisdiction. Due to the relative efficiency of electronic publishing and distribution, Fitch research may be available to electronic subscribers up to three days earlier than to print subscribers.

For Australia, New Zealand, Taiwan and South Korea only: Fitch Australia Pty Ltd holds an Australian financial services license (AFS license no. 337123) which authorizes it to provide credit ratings to wholesale clients only. Credit ratings information published by Fitch is not intended to be used by persons who are retail clients within the meaning of the Corporations Act 2001

Fitch Ratings, Inc. is registered with the U.S. Securities and Exchange Commission as a Nationally Recognized Statistical Rating Organization (the ""NRSRO""). While certain of the NRSRO's credit rating subsidiaries are listed on Item 3 of Form NRSRO and as such are authorized to issue credit ratings on behalf of the NRSRO (see

https://www.fitchratings.com/site/regulatory: https://www.fitchratings.com/site/regulatory(""https://www.fitchratings.com/site/regulatory"")

), other credit rating subsidiaries are not listed on Form NRSRO (the ""non-NRSROs"") and therefore credit ratings issued by those subsidiaries are not issued on behalf of the NRSRO. However, non-NRSRO personnel may participate in determining credit ratings issued by or on behalf of the NRSRO."
Fitch Affirms First City Monument Bank at 'B-'/Stable,2021-09-30,"Fitch Ratings-London-30 September 2021: Fitch Ratings has affirmed First City Monument Bank (FCMB) Limited's Long-Term Issuer Default Rating (IDR) at 'B-' with a Stable Outlook. The National Long-Term Rating has been upgraded to 'BBB+(nga)' from 'BBB(nga)', reflecting the bank's increased creditworthiness relative to that of other issuers in Nigeria. A full list of rating actions is below.

Key Rating Drivers

IDRS and Viability Rating (VR)

The IDRs of FCMB are driven by its intrinsic creditworthiness, as defined by its 'b-' VR. The VR reflects FCMB's exposure to Nigeria's volatile operating environment, a small franchise and high credit concentrations. This is balanced by the bank's adequate capitalisation and asset quality for the rating, the latter partly reflecting large non-loan assets comprising mainly Nigerian government securities (B/Stable), and cash placements.

The Stable Outlook reflects Fitch's view that risks to FCMB's credit profile are captured by the current rating, with sufficient headroom under our base case to absorb the fallout from operating-environment pressures.

Operating conditions in Nigeria are gradually stabilising. Fitch forecasts 1.9% GDP growth in 2021, following a 1.8% contraction in 2020. Our baseline scenario is that business volumes and earnings should continue to rebound in 2021, while the rally in oil prices is also a positive factor. Nevertheless, downside risks linger, given inherently volatile market conditions, with banks still exposed to foreign currency (FC) shortages, potential further currency devaluation, rising inflation and regulatory intervention by the Central Bank of Nigeria (CBN).

FCMB's franchise is moderate (4% market share of total banking-system assets), resulting in limited pricing power compared with larger banks, and driving the bank's focus on higher-margin segments such as mid-sized corporates, retail and SME borrowers.

FCMB's impaired loans (stage 3 IFRS 9) ratio has improved in recent years. It fell to 3% at end-1H21 (end-2019: 3.6%), due primarily to improved economic conditions, loan growth and write-offs. However, FCMB has a large stock of stage 2 loans (22%), which are mostly restructured. The total restructured book amounts to 25% of total loans, slightly above the sector average. Reserves coverage of non-performing loans (NPLs) is solid (179% at end-1H21), although reserves against Stage 2 loans are fairly low.

Credit concentrations are significant with the 20-largest loans accounting for half of gross loans at end-1H21, or 2.2x Fitch core capital (FCC), exposing FCMB to event risk. Its oil and gas exposure - mainly relating to the high-risk upstream segment - represented a high 30% of loans.

Our asset-quality assessment also considers substantial non-loan assets - net loans comprised only 41% of total assets at end-1H21 - largely comprising investments in Nigerian government securities, and cash placements.

FCMB's profitability metrics typically lag behind those of small bank peers, despite the bank's reasonable net interest margin (NIM). The bank reported an annualised operating profit/risk-weighted assets (RWA) ratio of 1% in 1H21. Loan impairment charges (LICs) consumed 34% of pre-impairment profits in 1H21. FCMB's profitability is also affected negatively by a high cost base with a cost-income ratio of 83% in 1H21, higher than the peer average.

The bank's FCC ratio (15.2% at end-1H21) is in line with small bank peers'. Capitalisation is a strength at current rating level, but should be viewed against high credit concentration risks and balance-sheet dollarisation. At end-1H21, FCMB's capital adequacy ratio of 15.9% provided only limited headroom above the minimum regulatory requirement of 15%.

FCMB is largely funded by granular retail and SME deposits (70% of total funding at end-1H21, 73% in the form of current and saving accounts). Deposit growth has been rapid in recent years, driving a reduction in the Fitch-calculated loans/customers deposits ratio to 70% at end-1H21 (a level still above peers') from 77% at end-2019. FCMB is more reliant on wholesale funding (26% of total funding at end-1H21) than peers - mostly comprising borrowings from development financial institutions, on-lending facilities and a local-currency bond programme.

Local-currency liquidity is ample, with excess liquidity placed in government securities. FCMB's funding in FC largely comprises contractually short-term customer deposits, resulting in maturity mismatches, though behavioural data suggests that FC funding is fairly stable. FC liquidity largely relies on FC loan repayments but is also underpinned by access to committed lines.

SUPPORT RATING AND SUPPORT RATING FLOOR

Sovereign support to banks cannot be relied on given Nigeria's weak ability to provide support, particularly in FC. The Support Rating Floor (SRF) of all Nigerian banks is 'No Floor' and all Support Ratings (SR) are '5'. This reflects our view that senior creditors cannot rely on receiving full and timely extraordinary support from the Nigerian sovereign if any of the banks become non-viable.

Rating Sensitivities

Factors that could, individually or collectively, lead to negative rating action/downgrade:

Erosion of capital buffers to levels close to or below the bank's minimum regulatory requirements, which could result from a significant increase in impaired loans leading to losses.

Factors that could, individually or collectively, lead to positive rating action/upgrade:

An upgrade of the Long-Term IDR would require a strengthening of the bank's company profile, franchise and funding and liquidity position.

OTHER DEBT AND ISSUER RATINGS: KEY RATING DRIVERS

FCMB's National Ratings are driven by the bank's standalone strength. FCMB's National Short-Term Rating is the lower of two possible options for a 'BBB+(nga)' National Long-Term Rating under Fitch's criteria, reflecting weaknesses in the bank's funding and liquidity profile, which increase the vulnerability of default on its short-term local-currency obligations within Nigeria.

OTHER DEBT AND ISSUER RATINGS: RATING SENSITIVITIES

Factors that could, individually or collectively, lead to negative rating action/downgrade:

NATIONAL RATING

The National Ratings are sensitive to a negative change in Fitch's view of the entity's creditworthiness relative to other Nigerian issuers'.

Factors that could, individually or collectively, lead to positive rating action/upgrade:

The National Ratings are sensitive to a positive change in Fitch's view of the entity's creditworthiness relative to other Nigerian issuers'.

Best/Worst Case Rating Scenario

International scale credit ratings of Financial Institutions and Covered Bond issuers have a best-case rating upgrade scenario (defined as the 99th percentile of rating transitions, measured in a positive direction) of three notches over a three-year rating horizon; and a worst-case rating downgrade scenario (defined as the 99th percentile of rating transitions, measured in a negative direction) of four notches over three years. The complete span of best- and worst-case scenario credit ratings for all rating categories ranges from 'AAA' to 'D'. Best- and worst-case scenario credit ratings are based on historical performance. For more information about the methodology used to determine sector-specific best- and worst-case scenario credit ratings, visit https://www.fitchratings.com/site/re/10111579

REFERENCES FOR SUBSTANTIALLY MATERIAL SOURCE CITED AS KEY DRIVER OF RATING

The principal sources of information used in the analysis are described in the Applicable Criteria.

ESG Considerations

Unless otherwise disclosed in this section, the highest level of ESG credit relevance is a score of '3'. This means ESG issues are credit-neutral or have only a minimal credit impact on the entity, either due to their nature or the way in which they are being managed by the entity. For more information on Fitch's ESG Relevance Scores, visit www.fitchratings.com/esg

First City Monument Bank Limited; Long Term Issuer Default Rating; Affirmed; B-; Rating Outlook Stable

; Short Term Issuer Default Rating; Affirmed; B

; National Long Term Rating; Upgrade; BBB+(nga); Rating Outlook Stable

; National Short Term Rating; Upgrade; F2(nga)

; Viability Rating; Affirmed; b-

; Support Rating; Affirmed; 5

; Support Rating Floor; Affirmed; NF

Contacts:

Primary Rating Analyst

Vincent Martin,

Director

+44 20 3530 1828

vincent.martin@fitchratings.com

Fitch Ratings Ltd

30 North Colonnade, Canary Wharf

London E14 5GN

Secondary Rating Analyst

Nicolas Charreyron,

Senior Analyst

+44 20 3530 2715

nicolas.charreyron@fitchratings.com

Committee Chairperson

Lindsey Liddell,

Senior Director

+44 20 3530 1008

lindsey.liddell@fitchratings.com

MEDIA RELATIONS: Louisa Williams, London, Tel: +44 20 3530 2452, Email: louisa.williams@thefitchgroup.com

Additional information is available on www.fitchratings.com

ADDITIONAL DISCLOSURES

Dodd-Frank Rating Information Disclosure Form: https://www.fitchratings.com/site/dodd-frank-disclosure/10179230

Solicitation Status: https://www.fitchratings.com/site/pr/10179230#solicitation-status

Additional Disclosures For Unsolicited Credit Ratings: https://www.fitchratings.com/site/pr/10179230#unsolicited-credit-ratings-disclosures

Endorsement Status: https://www.fitchratings.com/site/pr/10179230#endorsement-status

Endorsement Policy: https://www.fitchratings.com/site/pr/10179230#endorsement-policy

ALL FITCH CREDIT RATINGS ARE SUBJECT TO CERTAIN LIMITATIONS AND DISCLAIMERS. PLEASE READ THESE LIMITATIONS AND DISCLAIMERS BY FOLLOWING THIS LINK:

https://WWW.FITCHRATINGS.COM/UNDERSTANDINGCREDITRATINGS: https://WWW.FITCHRATINGS.COM/UNDERSTANDINGCREDITRATINGS. IN ADDITION, THE FOLLOWING

https://WWW.FITCHRATINGS.COM/RATING-DEFINITIONS-DOCUMENT: https://www.fitchratings.com/rating-definitions-document

DETAILS FITCH'S RATING DEFINITIONS FOR EACH RATING SCALE AND RATING CATEGORIES, INCLUDING DEFINITIONS RELATING TO DEFAULT. PUBLISHED RATINGS, CRITERIA, AND METHODOLOGIES ARE AVAILABLE FROM THIS SITE AT ALL TIMES. FITCH'S CODE OF CONDUCT, CONFIDENTIALITY, CONFLICTS OF INTEREST, AFFILIATE FIREWALL, COMPLIANCE, AND OTHER RELEVANT POLICIES AND PROCEDURES ARE ALSO AVAILABLE FROM THE CODE OF CONDUCT SECTION OF THIS SITE. DIRECTORS AND SHAREHOLDERS RELEVANT INTERESTS ARE AVAILABLE AT

https://WWW.FITCHRATINGS.COM/SITE/REGULATORY: https://www.fitchratings.com/site/regulatory. FITCH MAY HAVE PROVIDED ANOTHER PERMISSIBLE SERVICE OR ANCILLARY SERVICE TO THE RATED ENTITY OR ITS RELATED THIRD PARTIES. DETAILS OF PERMISSIBLE SERVICE(S) FOR WHICH THE LEAD ANALYST IS BASED IN AN ESMA- OR FCA-REGISTERED FITCH RATINGS COMPANY (OR BRANCH OF SUCH A COMPANY) OR ANCILLARY SERVICE(S) CAN BE FOUND ON THE ENTITY SUMMARY PAGE FOR THIS ISSUER ON THE FITCH RATINGS WEBSITE.

Copyright © 2021 by Fitch Ratings, Inc., Fitch Ratings Ltd. and its subsidiaries. 33 Whitehall Street, NY, NY 10004. Telephone: 1-800-753-4824, (212) 908-0500. Fax: (212) 480-4435. Reproduction or retransmission in whole or in part is prohibited except by permission. All rights reserved. In issuing and maintaining its ratings and in making other reports (including forecast information), Fitch relies on factual information it receives from issuers and underwriters and from other sources Fitch believes to be credible. Fitch conducts a reasonable investigation of the factual information relied upon by it in accordance with its ratings methodology, and obtains reasonable verification of that information from independent sources, to the extent such sources are available for a given security or in a given jurisdiction. The manner of Fitch's factual investigation and the scope of the third-party verification it obtains will vary depending on the nature of the rated security and its issuer, the requirements and practices in the jurisdiction in which the rated security is offered and sold and/or the issuer is located, the availability and nature of relevant public information, access to the management of the issuer and its advisers, the availability of pre-existing third-party verifications such as audit reports, agreed-upon procedures letters, appraisals, actuarial reports, engineering reports, legal opinions and other reports provided by third parties, the availability of independent and competent third- party verification sources with respect to the particular security or in the particular jurisdiction of the issuer, and a variety of other factors. Users of Fitch's ratings and reports should understand that neither an enhanced factual investigation nor any third-party verification can ensure that all of the information Fitch relies on in connection with a rating or a report will be accurate and complete. Ultimately, the issuer and its advisers are responsible for the accuracy of the information they provide to Fitch and to the market in offering documents and other reports. In issuing its ratings and its reports, Fitch must rely on the work of experts, including independent auditors with respect to financial statements and attorneys with respect to legal and tax matters. Further, ratings and forecasts of financial and other information are inherently forward-looking and embody assumptions and predictions about future events that by their nature cannot be verified as facts. As a result, despite any verification of current facts, ratings and forecasts can be affected by future events or conditions that were not anticipated at the time a rating or forecast was issued or affirmed.

The information in this report is provided ""as is"" without any representation or warranty of any kind, and Fitch does not represent or warrant that the report or any of its contents will meet any of the requirements of a recipient of the report. A Fitch rating is an opinion as to the creditworthiness of a security. This opinion and reports made by Fitch are based on established criteria and methodologies that Fitch is continuously evaluating and updating. Therefore, ratings and reports are the collective work product of Fitch and no individual, or group of individuals, is solely responsible for a rating or a report. The rating does not address the risk of loss due to risks other than credit risk, unless such risk is specifically mentioned. Fitch is not engaged in the offer or sale of any security. All Fitch reports have shared authorship. Individuals identified in a Fitch report were involved in, but are not solely responsible for, the opinions stated therein. The individuals are named for contact purposes only. A report providing a Fitch rating is neither a prospectus nor a substitute for the information assembled, verified and presented to investors by the issuer and its agents in connection with the sale of the securities. Ratings may be changed or withdrawn at any time for any reason in the sole discretion of Fitch. Fitch does not provide investment advice of any sort. Ratings are not a recommendation to buy, sell, or hold any security. Ratings do not comment on the adequacy of market price, the suitability of any security for a particular investor, or the tax-exempt nature or taxability of payments made in respect to any security. Fitch receives fees from issuers, insurers, guarantors, other obligors, and underwriters for rating securities. Such fees generally vary from US$1,000 to US$750,000 (or the applicable currency equivalent) per issue. In certain cases, Fitch will rate all or a number of issues issued by a particular issuer, or insured or guaranteed by a particular insurer or guarantor, for a single annual fee. Such fees are expected to vary from US$10,000 to US$1,500,000 (or the applicable currency equivalent). The assignment, publication, or dissemination of a rating by Fitch shall not constitute a consent by Fitch to use its name as an expert in connection with any registration statement filed under the United States securities laws, the Financial Services and Markets Act of 2000 of the United Kingdom, or the securities laws of any particular jurisdiction. Due to the relative efficiency of electronic publishing and distribution, Fitch research may be available to electronic subscribers up to three days earlier than to print subscribers.

For Australia, New Zealand, Taiwan and South Korea only: Fitch Australia Pty Ltd holds an Australian financial services license (AFS license no. 337123) which authorizes it to provide credit ratings to wholesale clients only. Credit ratings information published by Fitch is not intended to be used by persons who are retail clients within the meaning of the Corporations Act 2001

Fitch Ratings, Inc. is registered with the U.S. Securities and Exchange Commission as a Nationally Recognized Statistical Rating Organization (the ""NRSRO""). While certain of the NRSRO's credit rating subsidiaries are listed on Item 3 of Form NRSRO and as such are authorized to issue credit ratings on behalf of the NRSRO (see

https://www.fitchratings.com/site/regulatory: https://www.fitchratings.com/site/regulatory(""https://www.fitchratings.com/site/regulatory"")

), other credit rating subsidiaries are not listed on Form NRSRO (the ""non-NRSROs"") and therefore credit ratings issued by those subsidiaries are not issued on behalf of the NRSRO. However, non-NRSRO personnel may participate in determining credit ratings issued by or on behalf of the NRSRO."
Fitch Affirms Union Bank of Nigeria at 'B-'; Outlook Stable,2021-09-27,"Release date - 24092021

Fitch Ratings has affirmed Union Bank of Nigeria PLC's (Union) Long-Term Issuer Default Rating (IDR) at 'B-' with a Stable Outlook.

The National Long-Term Rating has been upgraded to 'BBB(nga)' from 'BBB-(nga)'. A full list of rating actions is below.

The upgrade of the National Long-Term Rating reflects the bank's improved creditworthiness relative to other issuers in Nigeria.

Key Rating Drivers

IDR AND VIABILITY RATING

Union's Long-Term IDR is driven by its intrinsic creditworthiness, as defined by its 'b-' Viability Rating (VR). The VR reflects still weak loan quality and risks to capital mainly from relatively low reserve coverage of Stage 2 and 3 loans and large single-obligor and sectoral credit concentrations. The VR also reflects Union's concentration and sensitivity to Nigerian operating environment risks and moderate franchise. This is balanced by a stable funding and liquidity profile and adequate profitability for the bank's risk profile.

The Stable Outlook reflects Fitch's view that risks to Union's credit profile are captured in the current rating, with sufficient headroom under our base case to absorb the fallout from operating environment pressures.

Operating conditions in Nigeria are gradually stabilising and Fitch forecasts 1.9% GDP growth in 2021, following a 1.8% decline in 2020. Our baseline scenario is that business volumes and earnings should continue to rebound in 2021, while the rally in oil prices is also a positive factor. Nevertheless, downside risks linger, given inherently volatile market conditions, with banks still exposed to foreign-currency (FC) shortages, potential further currency devaluation, rising inflation and regulatory intervention by the Central Bank of Nigeria (CBN).

Union has a well-established brand and nationwide presence and operates across multiple customer segments, but lacks competitive advantages compared with larger Nigerian banks due to its modest franchise (market share of around 5% of sector assets). Union's decision to divest its UK operations (subject to UK regulatory approval, expected by end-2021) will not fundamentally alter the bank's franchise, although it will be capital accretive.

Asset quality is weighed down by large credit concentrations and high Stage 2 loans (end-1H21: 20.5% of gross loans), on which reserves are only 7.4%. Union's Stage 3 loans ratio underperforms peers - rising slightly in 1H21 to 8.7%, down from 24.0% at end-2018 - while total reserves coverage (65%) is relatively low reflecting reliance on collateral.

Our asset quality assessment also captures substantial non-loan assets (end-1H21: net loans accounted for 33% of total assets), largely comprising Nigerian government securities (B/Stable) and restricted placements with the CBN. We expect asset quality pressures to ease, given the improving growth outlook and recovering oil prices, and notwithstanding operating environment challenges.

Union has demonstrated resilient profitability to date reporting an average operating profit/risk-weighted assets ratio of 2.3% over the past four years. Profitability metrics are lower than higher-rated peers due to weaker margins and a high cost/income ratio (76% in 1H21). Its net interest margin contracted to 3.2% in 1H21 from 4.9% in 2020 due to the low interest rate environment, although earnings were supported by recoveries and growth in fee income.

Union's 16.1% total capital adequacy ratio at end-1H21 is modestly above its 15% minimum regulatory requirement and is supported by qualifying subordinated debt of NGN30 billion (equivalent to 17% of eligible capital), which matures in 2029. Union's Fitch Core Capital (FCC) ratio fell to 14.5% at end-1H21 (end-2020: 16%), underperforming peers. This was mainly due to loan growth, which we expect to continue in 2H21, but largely be offset by internal capital generation.

Capitalisation remains sensitive to asset quality risks and naira devaluation. Pre-impairment operating profit (around 3% of average loans) provides a moderate buffer to absorb loan impairment charges. Stage 3 loans net of total reserves were 15.3% of FCC at end-1H21, down from a peak of 51.0% at end-2018.

Union's loans/customer deposits ratio (end-1H21: 67%) is fairly low, reflecting a high share of reasonably diversified, stable customer deposits (47% retail) and high non-loan assets. FC liquidity is well managed, with sufficient coverage of short-term FC liabilities (mainly deposits and bank borrowings).

SUPPORT RATING AND SUPPORT RATING FLOOR

Sovereign support to commercial banks cannot be relied on given Nigeria's weak ability to provide support, particularly in FC. The Support Rating Floor of all Nigerian banks is 'No Floor' and all Support Ratings are '5'. This reflects our view that senior creditors cannot rely on receiving full and timely extraordinary support from the Nigerian sovereign if any of the banks become non-viable.

NATIONAL RATINGS

Union's National Ratings reflect its creditworthiness relative to other issuers in Nigeria and are driven by its standalone strength. The upgrade of Union's National Long-Term Rating reflects its increased creditworthiness relative to other Nigerian issuers. Its National Short-Term Rating is the higher of the two possible options for a 'BBB(nga)' National Long-Term Rating under Fitch's criteria, reflecting the relative strength of the bank's funding and liquidity profile, which reduces the vulnerability of default on its short-term local-currency obligations within Nigeria.

Rating Sensitivities

Factors that could, individually or collectively, lead to negative rating action/downgrade:

A combination of asset quality weakness, potentially indicated by a further sharp rise in the Stage 3 ratio that drives large bottom-line losses or capital ratios falling below regulatory minimums, could put negative pressure on the rating, as could a further significant increase in capital encumbrance from unreserved impaired loans.

A pending appeal trial scheduled for October 2021 in relation to a long-standing, material legacy litigation claim against Union represents downside risks to the ratings if an unfavourable judgement is passed down by Nigeria's Supreme Court.

Factors that could, individually or collectively, lead to positive rating action/upgrade:

An upgrade is unlikely at present and would require a significant improvement in asset quality and capitalisation, along with a strengthening of the bank's company profile and franchise.

NATIONAL RATINGS

The National Ratings are sensitive to Fitch's view of the entity's creditworthiness relative to other Nigerian issuers.

Best/Worst Case Rating Scenario

International scale credit ratings of Financial Institutions and Covered Bond issuers have a best-case rating upgrade scenario (defined as the 99th percentile of rating transitions, measured in a positive direction) of three notches over a three-year rating horizon; and a worst-case rating downgrade scenario (defined as the 99th percentile of rating transitions, measured in a negative direction) of four notches over three years. The complete span of best- and worst-case scenario credit ratings for all rating categories ranges from 'AAA' to 'D'. Best- and worst-case scenario credit ratings are based on historical performance. For more information about the methodology used to determine sector-specific best- and worst-case scenario credit ratings, visit https://www.fitchratings.com/site/re/10111579

REFERENCES FOR SUBSTANTIALLY MATERIAL SOURCE CITED AS KEY DRIVER OF RATING

The principal sources of information used in the analysis are described in the Applicable Criteria.

ESG Considerations

Unless otherwise disclosed in this section, the highest level of ESG credit relevance is a score of '3'. This means ESG issues are credit-neutral or have only a minimal credit impact on the entity, either due to their nature or the way in which they are being managed by the entity. For more information on Fitch's ESG Relevance Scores, visit www.fitchratings.com/esg

RATING ACTIONSENTITY/DEBT RATING PRIOR

Union Bank of Nigeria PLC LT IDR B- Affirmed B-

ST IDR B Affirmed B

Natl LT BBB(nga) Upgrade BBB-(nga)

Natl ST F2(nga) Upgrade F3(nga)

Viability b- Affirmed b-

Support 5 Affirmed 5

Support Floor NF Affirmed NF

VIEW ADDITIONAL RATING DETAILS

Additional information is available on www.fitchratings.com(""http://www.fitchratings.com"")

[Editorial queries for this story should be sent to newswire@enpublishing.co.uk]"
*Fitch Affirms Fidelity Bank at 'B-'; Outlook Stable,2021-09-24,"24 Sep 2021 10:51 ET  Press Release: Fitch Affirms Fidelity Bank  at 'B-'; Outlook Stable


 
 
The following is a press release from Fitch Ratings : 
      Fitch Ratings -London-24 September 2021: 

Fitch Ratings has affirmed Fidelity Bank PLC 's Long-Term Issuer Default Rating (IDR) at 'B-' with a Stable Outlook. The National Long-Term Rating has been upgraded to 'BBB+(nga)' from 'BBB(nga)', reflecting the bank's increased creditworthiness relative to other issuers in Nigeria.

Key Rating Drivers

IDRS AND VIABILITY RATING

Fidelity 's IDRs are driven by its standalone creditworthiness, as expressed by its Viability Rating (VR) of 'b-'. The VR reflects its concentration and sensitivity to Nigeria's challenging operating environment and is constrained by a moderate franchise, high credit concentrations, an aggressive growth appetite and asset quality pressures. These constraints are balanced against reasonable profitability, capitalisation and liquidity.

The Stable Outlook reflects Fitch's view that risks to Fidelity 's credit profile are captured by the current rating, with sufficient headroom under our base case to absorb the fallout from operating environment pressures.

Operating conditions in Nigeria are gradually stabilising and Fitch forecasts 1.9% GDP growth in 2021, following a 1.8% decline in 2020. Our baseline scenario is that business volumes and earnings should continue to rebound in 2021, while the rally in oil prices is also a positive factor. Nevertheless, downside risks linger, given inherently volatile market conditions, with banks still exposed to foreign currency (FC) shortages, potential further currency devaluation, rising inflation and regulatory intervention by the Central Bank of Nigeria (CBN) .

Fidelity is the sixth-largest bank in Nigeria, representing 6% of banking system assets at end-2020. Single-borrower concentration is high, with the 20-largest customer loans representing 253% of Fitch Core Capital (FCC ) at end-1H21. Exposure to the oil and gas sector is also high, representing 26% of gross loans and 160% of FCC , and largely concentrated within the upstream and services segments, posing a significant risk to asset quality in the event of a prolonged period of low oil prices and production cuts.

Fidelity 's impaired loans ratio (end-1H21: 2.7%) is among the lowest across the banking sector. It declined from 3.8% at end-2020, reflecting reclassifications but also strong loan growth. Loan growth has been the key driver of the fairly sharp decline in the bank's impaired loans ratio in recent years, but creates seasoning risks. Specific coverage of impaired loans (70%) is adequate in view of collateral coverage.

Restructured loans (end-1H21: 30% of loans; split 77%/20%/3% between Stage 1, 2 and 3) are material, largely reflecting on-lending facilities that were subject to mandatory restructuring at the onset of the pandemic. Stage 2 loans (20% of loans) - concentrated in the power and oil and gas sectors - were also high, although we do not expect them to become impaired given the improving outlook for these sectors.

Fidelity reports reasonable profitability, as indicated by operating returns on risk-weighted assets that have averaged 2.1% over the past four full years. Profitability weakened slightly in 2020 as result of pandemic-related loan impairment charges (LICs), but improved in 1H21 due to lower LICs, reflecting easing asset quality risks, despite net interest margin pressure mainly from lower yields on government securities.

Fidelity 's FCC ratio declined 17.6% at end-1H21 from 19.1% at end-2020, eroded by strong loan growth. Internal capital generation was limited due to large mark-to-market losses on government securities held at fair value through other comprehensive income. Pre-impairment operating profit, which has averaged 3.2% of average gross loans over the past four full years, provides a moderate buffer to absorb loan impairment charges.

Fidelity 's customer deposit base (end-1H21: 76% of non-equity funding) comprises a high percentage of demand and savings accounts (75%) and a moderate percentage of retail accounts. The loans/customer deposits ratio (81%) is fairly high by domestic standards, partly reflecting its higher loans/assets ratio and on-lending. Depositor concentration is significant, with the 20 largest depositors representing 27% of customer deposits. Liquidity coverage is good in both local and foreign currencies.

SENIOR UNSECURED DEBT

Senior unsecured debt is rated at the same level as the Long-Term IDR because in our view, the likelihood of default on these notes reflects that of the bank. The Recovery Rating assigned to these notes is 'RR4', indicating average recovery prospects.

SUPPORT RATING AND SUPPORT RATING FLOOR

Sovereign support to commercial banks cannot be relied on given Nigeria's weak ability to provide support, particularly in foreign currency. The Support Rating Floor of all Nigerian banks is 'No Floor' and all Support Ratings are '5'. This reflects our view that senior creditors cannot rely on receiving full and timely extraordinary support from the Nigerian sovereign if any of the banks become non-viable.

NATIONAL RATINGS

Fidelity 's National Ratings reflect its creditworthiness relative to other issuers in Nigeria and are driven by its standalone strength. The upgrade of the National Long-Term Rating reflects its increased creditworthiness relative to other Nigerian issuers. Its National Short-Term Rating is the higher of the two possible options under Fitch's criteria, reflecting the relative strength of the bank's funding and liquidity profile, which reduces the vulnerability of default on its short-term local-currency obligations within Nigeria.

RATING SENSITIVITIES

Factors that could, individually or collectively, lead to positive rating action/upgrade:

- An upgrade of the Long-Term IDR would require a strengthening of the bank's company profile and franchise.

Factors that could, individually or collectively, lead to negative rating action/downgrade:

- A combination of an increase in the impaired loans ratio above 10% and aggressive growth that results in very thin buffers over regulatory capital requirements or a sharp decline in the FCC ratio.

Best/Worst Case Rating Scenario

International scale credit ratings of Financial Institutions and Covered Bond issuers have a best-case rating upgrade scenario (defined as the 99th percentile of rating transitions, measured in a positive direction) of three notches over a three-year rating horizon; and a worst-case rating downgrade scenario (defined as the 99th percentile of rating transitions, measured in a negative direction) of four notches over three years. The complete span of best- and worst-case scenario credit ratings for all rating categories ranges from 'AAA' to 'D'. Best- and worst-case scenario credit ratings are based on historical performance. For more information about the methodology used to determine sector-specific best- and worst-case scenario credit ratings, visit https://www.fitchratings.com/site/re/10111579 

REFERENCES FOR SUBSTANTIALLY MATERIAL SOURCE CITED AS KEY DRIVER OF RATING The principal sources of information used in the analysis are described in the Applicable Criteria. ESG Considerations

Unless otherwise disclosed in this section, the highest level of ESG credit relevance is a score of '3'. This means ESG issues are credit-neutral or have only a minimal credit impact on the entity, either due to their nature or the way in which they are being managed by the entity. For more information on Fitch's ESG Relevance Scores, visit www.fitchratings.com/esg

Fidelity Bank PLC ; Long Term Issuer Default Rating; Affirmed; B-; Rating Outlook Stable

; Short Term Issuer Default Rating; Affirmed; B

; National Long Term Rating; Upgrade; BBB+(nga)

; National Short Term Rating; Upgrade; F1(nga)

; Viability Rating; Affirmed; b-

; Support Rating; Affirmed; 5

; Support Rating Floor; Affirmed; NF

----senior unsecured; Long Term Rating; Affirmed; B-

Contacts:

Primary Rating Analyst

Vincent Martin,

Director

+44 20 3530 1828

vincent.martin@fitchratings.com

Fitch Ratings Ltd

30 North Colonnade, Canary Wharf

London E14 5GN

Secondary Rating Analyst

Tim Slater,

Associate Director

+44 20 3530 1791

tim.slater@fitchratings.com

Committee Chairperson

Lindsey Liddell,

Senior Director

+44 20 3530 1008

lindsey.liddell@fitchratings.com

MEDIA RELATIONS: Louisa Williams, London, Tel: +44 20 3530 2452, Email: louisa.williams@thefitchgroup.com

Additional information is available on www.fitchratings.com

ADDITIONAL DISCLOSURES

Dodd-Frank Rating Information Disclosure Form

Solicitation Status

Additional Disclosures For Unsolicited Credit Ratings

Endorsement Status

Endorsement Policy

ALL FITCH CREDIT RATINGS ARE SUBJECT TO CERTAIN LIMITATIONS AND DISCLAIMERS. PLEASE READ THESE LIMITATIONS AND DISCLAIMERS BY FOLLOWING THIS LINK: HTTPS://WWW.FITCHRATINGS.COM/UNDERSTANDINGCREDITRATINGS. IN ADDITION, THE FOLLOWING HTTPS://WWW.FITCHRATINGS.COM/RATING-DEFINITIONS-DOCUMENT DETAILS FITCH'S RATING DEFINITIONS FOR EACH RATING SCALE AND RATING CATEGORIES, INCLUDING DEFINITIONS RELATING TO DEFAULT. PUBLISHED RATINGS, CRITERIA, AND METHODOLOGIES ARE AVAILABLE FROM THIS SITE AT ALL TIMES. FITCH'S CODE OF CONDUCT, CONFIDENTIALITY, CONFLICTS OF INTEREST, AFFILIATE FIREWALL, COMPLIANCE, AND OTHER RELEVANT POLICIES AND PROCEDURES ARE ALSO AVAILABLE FROM THE CODE OF CONDUCT SECTION OF THIS SITE. DIRECTORS AND SHAREHOLDERS RELEVANT INTERESTS ARE AVAILABLE AT HTTPS://WWW.FITCHRATINGS.COM/SITE/REGULATORY. FITCH MAY HAVE PROVIDED ANOTHER PERMISSIBLE SERVICE OR ANCILLARY SERVICE TO THE RATED ENTITY OR ITS RELATED THIRD PARTIES. DETAILS OF PERMISSIBLE SERVICE(S) FOR WHICH THE LEAD ANALYST IS BASED IN AN ESMA- OR FCA-REGISTERED FITCH RATINGS COMPANY (OR BRANCH OF SUCH A COMPANY) OR ANCILLARY SERVICE(S) CAN BE FOUND ON THE ENTITY SUMMARY PAGE FOR THIS ISSUER ON THE FITCH RATINGS WEBSITE.

24 Sep 2021 10:51 ET  Press Release: Fitch Affirms Fidelity Bank  at -2-

Copyright © 2021 by Fitch Ratings, Inc ., Fitch Ratings Ltd . and its subsidiaries. 33 Whitehall Street, NY, NY 10004. Telephone: 1-800-753-4824, (212) 908-0500. Fax: (212) 480-4435. Reproduction or retransmission in whole or in part is prohibited except by permission. All rights reserved. In issuing and maintaining its ratings and in making other reports (including forecast information), Fitch relies on factual information it receives from issuers and underwriters and from other sources Fitch believes to be credible. Fitch conducts a reasonable investigation of the factual information relied upon by it in accordance with its ratings methodology, and obtains reasonable verification of that information from independent sources, to the extent such sources are available for a given security or in a given jurisdiction. The manner of Fitch's factual investigation and the scope of the third-party verification it obtains will vary depending on the nature of the rated security and its issuer, the requirements and practices in the jurisdiction in which the rated security is offered and sold and/or the issuer is located, the availability and nature of relevant public information, access to the management of the issuer and its advisers, the availability of pre-existing third-party verifications such as audit reports, agreed-upon procedures letters, appraisals, actuarial reports, engineering reports, legal opinions and other reports provided by third parties, the availability of independent and competent third- party verification sources with respect to the particular security or in the particular jurisdiction of the issuer, and a variety of other factors. Users of Fitch's ratings and reports should understand that neither an enhanced factual investigation nor any third-party verification can ensure that all of the information Fitch relies on in connection with a rating or a report will be accurate and complete. Ultimately, the issuer and its advisers are responsible for the accuracy of the information they provide to Fitch and to the market in offering documents and other reports. In issuing its ratings and its reports, Fitch must rely on the work of experts, including independent auditors with respect to financial statements and attorneys with respect to legal and tax matters. Further, ratings and forecasts of financial and other information are inherently forward-looking and embody assumptions and predictions about future events that by their nature cannot be verified as facts. As a result, despite any verification of current facts, ratings and forecasts can be affected by future events or conditions that were not anticipated at the time a rating or forecast was issued or affirmed.

The information in this report is provided ""as is"" without any representation or warranty of any kind, and Fitch does not represent or warrant that the report or any of its contents will meet any of the requirements of a recipient of the report. A Fitch rating is an opinion as to the creditworthiness of a security. This opinion and reports made by Fitch are based on established criteria and methodologies that Fitch is continuously evaluating and updating. Therefore, ratings and reports are the collective work product of Fitch and no individual, or group of individuals, is solely responsible for a rating or a report. The rating does not address the risk of loss due to risks other than credit risk, unless such risk is specifically mentioned. Fitch is not engaged in the offer or sale of any security. All Fitch reports have shared authorship. Individuals identified in a Fitch report were involved in, but are not solely responsible for, the opinions stated therein. The individuals are named for contact purposes only. A report providing a Fitch rating is neither a prospectus nor a substitute for the information assembled, verified and presented to investors by the issuer and its agents in connection with the sale of the securities. Ratings may be changed or withdrawn at any time for any reason in the sole discretion of Fitch. Fitch does not provide investment advice of any sort. Ratings are not a recommendation to buy, sell, or hold any security. Ratings do not comment on the adequacy of market price, the suitability of any security for a particular investor, or the tax-exempt nature or taxability of payments made in respect to any security. Fitch receives fees from issuers, insurers, guarantors, other obligors, and underwriters for rating securities. Such fees generally vary from US$1,000 to US$750,000 (or the applicable currency equivalent) per issue. In certain cases, Fitch will rate all or a number of issues issued by a particular issuer, or insured or guaranteed by a particular insurer or guarantor, for a single annual fee. Such fees are expected to vary from US$10,000 to US$1,500,000 (or the applicable currency equivalent). The assignment, publication, or dissemination of a rating by Fitch shall not constitute a consent by Fitch to use its name as an expert in connection with any registration statement filed under the United States securities laws, the Financial Services and Markets Act of 2000 of the United Kingdom, or the securities laws of any particular jurisdiction. Due to the relative efficiency of electronic publishing and distribution, Fitch research may be available to electronic subscribers up to three days earlier than to print subscribers.

For Australia, New Zealand, Taiwan and South Korea only: Fitch Australia Pty Ltd holds an Australian financial services license (AFS license no. 337123) which authorizes it to provide credit ratings to wholesale clients only. Credit ratings information published by Fitch is not intended to be used by persons who are retail clients within the meaning of the Corporations Act 2001

Fitch Ratings, Inc . is registered with the U.S. Securities and Exchange Commission as a Nationally Recognized Statistical Rating Organization (the ""NRSRO""). While certain of the NRSRO's credit rating subsidiaries are listed on Item 3 of Form NRSRO and as such are authorized to issue credit ratings on behalf of the NRSRO (see https://www.fitchratings.com/site/regulatory (""https://www.fitchratings.com/site/regulatory"") ), other credit rating subsidiaries are not listed on Form NRSRO (the ""non-NRSROs"") and therefore credit ratings issued by those subsidiaries are not issued on behalf of the NRSRO. However, non-NRSRO personnel may participate in determining credit ratings issued by or on behalf of the NRSRO.

24 Sep 2021 10:52 ET *Fitch Affirms Fidelity Bank  at 'B-'; Outlook Stable

(END) Dow Jones Newswires

September 24, 2021 10:52 ET (14:52 GMT)"
*Fitch Affirms Union Bank of Nigeria at 'B-'; Outlook Stable,2021-09-24,"24 Sep 2021 11:38 ET  Press Release: Fitch Affirms Union Bank of Nigeria  at 'B-'; Outlook Stable


 
 
The following is a press release from Fitch Ratings : 
      Fitch Ratings -London-24 September 2021: 

Fitch Ratings has affirmed Union Bank of Nigeria PLC 's (Union) Long-Term Issuer Default Rating (IDR) at 'B-' with a Stable Outlook. The National Long-Term Rating has been upgraded to 'BBB(nga)' from 'BBB-(nga)'. A full list of rating actions is below.

The upgrade of the National Long-Term Rating reflects the bank's improved creditworthiness relative to other issuers in Nigeria.

Key Rating Drivers

IDR AND VIABILITY RATING

Union's Long-Term IDR is driven by its intrinsic creditworthiness, as defined by its 'b-' Viability Rating (VR). The VR reflects still weak loan quality and risks to capital mainly from relatively low reserve coverage of Stage 2 and 3 loans and large single-obligor and sectoral credit concentrations. The VR also reflects Union's concentration and sensitivity to Nigerian operating environment risks and moderate franchise. This is balanced by a stable funding and liquidity profile and adequate profitability for the bank's risk profile.

The Stable Outlook reflects Fitch's view that risks to Union's credit profile are captured in the current rating, with sufficient headroom under our base case to absorb the fallout from operating environment pressures.

Operating conditions in Nigeria are gradually stabilising and Fitch forecasts 1.9% GDP growth in 2021, following a 1.8% decline in 2020. Our baseline scenario is that business volumes and earnings should continue to rebound in 2021, while the rally in oil prices is also a positive factor. Nevertheless, downside risks linger, given inherently volatile market conditions, with banks still exposed to foreign-currency (FC) shortages, potential further currency devaluation, rising inflation and regulatory intervention by the Central Bank of Nigeria (CBN) .

Union has a well-established brand and nationwide presence and operates across multiple customer segments, but lacks competitive advantages compared with larger Nigerian banks due to its modest franchise (market share of around 5% of sector assets). Union's decision to divest its UK operations (subject to UK regulatory approval, expected by end-2021) will not fundamentally alter the bank's franchise, although it will be capital accretive.

Asset quality is weighed down by large credit concentrations and high Stage 2 loans (end-1H21: 20.5% of gross loans), on which reserves are only 7.4%. Union's Stage 3 loans ratio underperforms peers - rising slightly in 1H21 to 8.7%, down from 24.0% at end-2018 - while total reserves coverage (65%) is relatively low reflecting reliance on collateral.

Our asset quality assessment also captures substantial non-loan assets (end-1H21: net loans accounted for 33% of total assets), largely comprising Nigerian government securities (B/Stable) and restricted placements with the CBN. We expect asset quality pressures to ease, given the improving growth outlook and recovering oil prices, and notwithstanding operating environment challenges.

Union has demonstrated resilient profitability to date reporting an average operating profit/risk-weighted assets ratio of 2.3% over the past four years. Profitability metrics are lower than higher-rated peers due to weaker margins and a high cost/income ratio (76% in 1H21). Its net interest margin contracted to 3.2% in 1H21 from 4.9% in 2020 due to the low interest rate environment, although earnings were supported by recoveries and growth in fee income.

Union's 16.1% total capital adequacy ratio at end-1H21 is modestly above its 15% minimum regulatory requirement and is supported by qualifying subordinated debt of NGN30 billion (equivalent to 17% of eligible capital), which matures in 2029. Union's Fitch Core Capital (FCC ) ratio fell to 14.5% at end-1H21 (end-2020: 16%), underperforming peers. This was mainly due to loan growth, which we expect to continue in 2H21, but largely be offset by internal capital generation.

Capitalisation remains sensitive to asset quality risks and naira devaluation. Pre-impairment operating profit (around 3% of average loans) provides a moderate buffer to absorb loan impairment charges. Stage 3 loans net of total reserves were 15.3% of FCC at end-1H21, down from a peak of 51.0% at end-2018.

Union's loans/customer deposits ratio (end-1H21: 67%) is fairly low, reflecting a high share of reasonably diversified, stable customer deposits (47% retail) and high non-loan assets. FC liquidity is well managed, with sufficient coverage of short-term FC liabilities (mainly deposits and bank borrowings).

SUPPORT RATING AND SUPPORT RATING FLOOR

Sovereign support to commercial banks cannot be relied on given Nigeria's weak ability to provide support, particularly in FC. The Support Rating Floor of all Nigerian banks is 'No Floor' and all Support Ratings are '5'. This reflects our view that senior creditors cannot rely on receiving full and timely extraordinary support from the Nigerian sovereign if any of the banks become non-viable.

NATIONAL RATINGS

Union's National Ratings reflect its creditworthiness relative to other issuers in Nigeria and are driven by its standalone strength. The upgrade of Union's National Long-Term Rating reflects its increased creditworthiness relative to other Nigerian issuers. Its National Short-Term Rating is the higher of the two possible options for a 'BBB(nga)' National Long-Term Rating under Fitch's criteria, reflecting the relative strength of the bank's funding and liquidity profile, which reduces the vulnerability of default on its short-term local-currency obligations within Nigeria.

Rating Sensitivities Factors that could, individually or collectively, lead to negative rating action/downgrade:

A combination of asset quality weakness, potentially indicated by a further sharp rise in the Stage 3 ratio that drives large bottom-line losses or capital ratios falling below regulatory minimums, could put negative pressure on the rating, as could a further significant increase in capital encumbrance from unreserved impaired loans.

A pending appeal trial scheduled for October 2021 in relation to a long-standing, material legacy litigation claim against Union represents downside risks to the ratings if an unfavourable judgement is passed down by Nigeria's Supreme Court.

Factors that could, individually or collectively, lead to positive rating action/upgrade:

An upgrade is unlikely at present and would require a significant improvement in asset quality and capitalisation, along with a strengthening of the bank's company profile and franchise.

NATIONAL RATINGS

The National Ratings are sensitive to Fitch's view of the entity's creditworthiness relative to other Nigerian issuers.

Best/Worst Case Rating Scenario

International scale credit ratings of Financial Institutions and Covered Bond issuers have a best-case rating upgrade scenario (defined as the 99th percentile of rating transitions, measured in a positive direction) of three notches over a three-year rating horizon; and a worst-case rating downgrade scenario (defined as the 99th percentile of rating transitions, measured in a negative direction) of four notches over three years. The complete span of best- and worst-case scenario credit ratings for all rating categories ranges from 'AAA' to 'D'. Best- and worst-case scenario credit ratings are based on historical performance. For more information about the methodology used to determine sector-specific best- and worst-case scenario credit ratings, visit https://www.fitchratings.com/site/re/10111579 

REFERENCES FOR SUBSTANTIALLY MATERIAL SOURCE CITED AS KEY DRIVER OF RATING The principal sources of information used in the analysis are described in the Applicable Criteria. ESG Considerations Unless otherwise disclosed in this section, the highest level of ESG credit relevance is a score of '3'. This means ESG issues are credit-neutral or have only a minimal credit impact on the entity, either due to their nature or the way in which they are being managed by the entity. For more information on Fitch's ESG Relevance Scores, visit www.fitchratings.com/esg

Union Bank of Nigeria PLC ; Long Term Issuer Default Rating; Affirmed; B-; Rating Outlook Stable

; Short Term Issuer Default Rating; Affirmed; B

; National Long Term Rating; Upgrade; BBB(nga)

; National Short Term Rating; Upgrade; F2(nga)

; Viability Rating; Affirmed; b-

; Support Rating; Affirmed; 5

; Support Rating Floor; Affirmed; NF

Contacts:

Primary Rating Analyst

Mahin Dissanayake,

Senior Director

+44 20 3530 1618

mahin.dissanayake@fitchratings.com

Fitch Ratings Ltd

30 North Colonnade, Canary Wharf

London E14 5GN

Secondary Rating Analyst

Kurt Boere,

Associate Director

+44 20 3530 2707

kurt.boere@fitchratings.com

Committee Chairperson

Lindsey Liddell,

Senior Director

+44 20 3530 1008

lindsey.liddell@fitchratings.com

MEDIA RELATIONS: Louisa Williams, London, Tel: +44 20 3530 2452, Email: louisa.williams@thefitchgroup.com

Additional information is available on www.fitchratings.com

ADDITIONAL DISCLOSURES

Dodd-Frank Rating Information Disclosure Form

Solicitation Status

Additional Disclosures For Unsolicited Credit Ratings

Endorsement Status

Endorsement Policy

24 Sep 2021 11:38 ET  Press Release: Fitch Affirms Union Bank of -2-

ALL FITCH CREDIT RATINGS ARE SUBJECT TO CERTAIN LIMITATIONS AND DISCLAIMERS. PLEASE READ THESE LIMITATIONS AND DISCLAIMERS BY FOLLOWING THIS LINK: HTTPS://WWW.FITCHRATINGS.COM/UNDERSTANDINGCREDITRATINGS. IN ADDITION, THE FOLLOWING HTTPS://WWW.FITCHRATINGS.COM/RATING-DEFINITIONS-DOCUMENT DETAILS FITCH'S RATING DEFINITIONS FOR EACH RATING SCALE AND RATING CATEGORIES, INCLUDING DEFINITIONS RELATING TO DEFAULT. PUBLISHED RATINGS, CRITERIA, AND METHODOLOGIES ARE AVAILABLE FROM THIS SITE AT ALL TIMES. FITCH'S CODE OF CONDUCT, CONFIDENTIALITY, CONFLICTS OF INTEREST, AFFILIATE FIREWALL, COMPLIANCE, AND OTHER RELEVANT POLICIES AND PROCEDURES ARE ALSO AVAILABLE FROM THE CODE OF CONDUCT SECTION OF THIS SITE. DIRECTORS AND SHAREHOLDERS RELEVANT INTERESTS ARE AVAILABLE AT HTTPS://WWW.FITCHRATINGS.COM/SITE/REGULATORY. FITCH MAY HAVE PROVIDED ANOTHER PERMISSIBLE SERVICE OR ANCILLARY SERVICE TO THE RATED ENTITY OR ITS RELATED THIRD PARTIES. DETAILS OF PERMISSIBLE SERVICE(S) FOR WHICH THE LEAD ANALYST IS BASED IN AN ESMA- OR FCA-REGISTERED FITCH RATINGS COMPANY (OR BRANCH OF SUCH A COMPANY) OR ANCILLARY SERVICE(S) CAN BE FOUND ON THE ENTITY SUMMARY PAGE FOR THIS ISSUER ON THE FITCH RATINGS WEBSITE.

Copyright © 2021 by Fitch Ratings, Inc ., Fitch Ratings Ltd . and its subsidiaries. 33 Whitehall Street, NY, NY 10004. Telephone: 1-800-753-4824, (212) 908-0500. Fax: (212) 480-4435. Reproduction or retransmission in whole or in part is prohibited except by permission. All rights reserved. In issuing and maintaining its ratings and in making other reports (including forecast information), Fitch relies on factual information it receives from issuers and underwriters and from other sources Fitch believes to be credible. Fitch conducts a reasonable investigation of the factual information relied upon by it in accordance with its ratings methodology, and obtains reasonable verification of that information from independent sources, to the extent such sources are available for a given security or in a given jurisdiction. The manner of Fitch's factual investigation and the scope of the third-party verification it obtains will vary depending on the nature of the rated security and its issuer, the requirements and practices in the jurisdiction in which the rated security is offered and sold and/or the issuer is located, the availability and nature of relevant public information, access to the management of the issuer and its advisers, the availability of pre-existing third-party verifications such as audit reports, agreed-upon procedures letters, appraisals, actuarial reports, engineering reports, legal opinions and other reports provided by third parties, the availability of independent and competent third- party verification sources with respect to the particular security or in the particular jurisdiction of the issuer, and a variety of other factors. Users of Fitch's ratings and reports should understand that neither an enhanced factual investigation nor any third-party verification can ensure that all of the information Fitch relies on in connection with a rating or a report will be accurate and complete. Ultimately, the issuer and its advisers are responsible for the accuracy of the information they provide to Fitch and to the market in offering documents and other reports. In issuing its ratings and its reports, Fitch must rely on the work of experts, including independent auditors with respect to financial statements and attorneys with respect to legal and tax matters. Further, ratings and forecasts of financial and other information are inherently forward-looking and embody assumptions and predictions about future events that by their nature cannot be verified as facts. As a result, despite any verification of current facts, ratings and forecasts can be affected by future events or conditions that were not anticipated at the time a rating or forecast was issued or affirmed.

The information in this report is provided ""as is"" without any representation or warranty of any kind, and Fitch does not represent or warrant that the report or any of its contents will meet any of the requirements of a recipient of the report. A Fitch rating is an opinion as to the creditworthiness of a security. This opinion and reports made by Fitch are based on established criteria and methodologies that Fitch is continuously evaluating and updating. Therefore, ratings and reports are the collective work product of Fitch and no individual, or group of individuals, is solely responsible for a rating or a report. The rating does not address the risk of loss due to risks other than credit risk, unless such risk is specifically mentioned. Fitch is not engaged in the offer or sale of any security. All Fitch reports have shared authorship. Individuals identified in a Fitch report were involved in, but are not solely responsible for, the opinions stated therein. The individuals are named for contact purposes only. A report providing a Fitch rating is neither a prospectus nor a substitute for the information assembled, verified and presented to investors by the issuer and its agents in connection with the sale of the securities. Ratings may be changed or withdrawn at any time for any reason in the sole discretion of Fitch. Fitch does not provide investment advice of any sort. Ratings are not a recommendation to buy, sell, or hold any security. Ratings do not comment on the adequacy of market price, the suitability of any security for a particular investor, or the tax-exempt nature or taxability of payments made in respect to any security. Fitch receives fees from issuers, insurers, guarantors, other obligors, and underwriters for rating securities. Such fees generally vary from US$1,000 to US$750,000 (or the applicable currency equivalent) per issue. In certain cases, Fitch will rate all or a number of issues issued by a particular issuer, or insured or guaranteed by a particular insurer or guarantor, for a single annual fee. Such fees are expected to vary from US$10,000 to US$1,500,000 (or the applicable currency equivalent). The assignment, publication, or dissemination of a rating by Fitch shall not constitute a consent by Fitch to use its name as an expert in connection with any registration statement filed under the United States securities laws, the Financial Services and Markets Act of 2000 of the United Kingdom, or the securities laws of any particular jurisdiction. Due to the relative efficiency of electronic publishing and distribution, Fitch research may be available to electronic subscribers up to three days earlier than to print subscribers.

For Australia, New Zealand, Taiwan and South Korea only: Fitch Australia Pty Ltd holds an Australian financial services license (AFS license no. 337123) which authorizes it to provide credit ratings to wholesale clients only. Credit ratings information published by Fitch is not intended to be used by persons who are retail clients within the meaning of the Corporations Act 2001

Fitch Ratings, Inc . is registered with the U.S. Securities and Exchange Commission as a Nationally Recognized Statistical Rating Organization (the ""NRSRO""). While certain of the NRSRO's credit rating subsidiaries are listed on Item 3 of Form NRSRO and as such are authorized to issue credit ratings on behalf of the NRSRO (see https://www.fitchratings.com/site/regulatory (""https://www.fitchratings.com/site/regulatory"") ), other credit rating subsidiaries are not listed on Form NRSRO (the ""non-NRSROs"") and therefore credit ratings issued by those subsidiaries are not issued on behalf of the NRSRO. However, non-NRSRO personnel may participate in determining credit ratings issued by or on behalf of the NRSRO.

24 Sep 2021 11:42 ET *Fitch Affirms Union Bank of Nigeria  at 'B-'; Outlook Stable

(END) Dow Jones Newswires

September 24, 2021 11:42 ET (15:42 GMT)"
Fitch Affirms Union Bank of Nigeria at 'B-'; Outlook Stable,2021-09-24,"Fitch Ratings-London-24 September 2021: Fitch Ratings has affirmed Union Bank of Nigeria PLC's (Union) Long-Term Issuer Default Rating (IDR) at 'B-' with a Stable Outlook. The National Long-Term Rating has been upgraded to 'BBB(nga)' from 'BBB-(nga)'. A full list of rating actions is below.

The upgrade of the National Long-Term Rating reflects the bank's improved creditworthiness relative to other issuers in Nigeria.

Key Rating Drivers

IDR AND VIABILITY RATING

Union's Long-Term IDR is driven by its intrinsic creditworthiness, as defined by its 'b-' Viability Rating (VR). The VR reflects still weak loan quality and risks to capital mainly from relatively low reserve coverage of Stage 2 and 3 loans and large single-obligor and sectoral credit concentrations. The VR also reflects Union's concentration and sensitivity to Nigerian operating environment risks and moderate franchise. This is balanced by a stable funding and liquidity profile and adequate profitability for the bank's risk profile.

The Stable Outlook reflects Fitch's view that risks to Union's credit profile are captured in the current rating, with sufficient headroom under our base case to absorb the fallout from operating environment pressures.

Operating conditions in Nigeria are gradually stabilising and Fitch forecasts 1.9% GDP growth in 2021, following a 1.8% decline in 2020. Our baseline scenario is that business volumes and earnings should continue to rebound in 2021, while the rally in oil prices is also a positive factor. Nevertheless, downside risks linger, given inherently volatile market conditions, with banks still exposed to foreign-currency (FC) shortages, potential further currency devaluation, rising inflation and regulatory intervention by the Central Bank of Nigeria (CBN).

Union has a well-established brand and nationwide presence and operates across multiple customer segments, but lacks competitive advantages compared with larger Nigerian banks due to its modest franchise (market share of around 5% of sector assets). Union's decision to divest its UK operations (subject to UK regulatory approval, expected by end-2021) will not fundamentally alter the bank's franchise, although it will be capital accretive.

Asset quality is weighed down by large credit concentrations and high Stage 2 loans (end-1H21: 20.5% of gross loans), on which reserves are only 7.4%. Union's Stage 3 loans ratio underperforms peers - rising slightly in 1H21 to 8.7%, down from 24.0% at end-2018 - while total reserves coverage (65%) is relatively low reflecting reliance on collateral.

Our asset quality assessment also captures substantial non-loan assets (end-1H21: net loans accounted for 33% of total assets), largely comprising Nigerian government securities (B/Stable) and restricted placements with the CBN. We expect asset quality pressures to ease, given the improving growth outlook and recovering oil prices, and notwithstanding operating environment challenges.

Union has demonstrated resilient profitability to date reporting an average operating profit/risk-weighted assets ratio of 2.3% over the past four years. Profitability metrics are lower than higher-rated peers due to weaker margins and a high cost/income ratio (76% in 1H21). Its net interest margin contracted to 3.2% in 1H21 from 4.9% in 2020 due to the low interest rate environment, although earnings were supported by recoveries and growth in fee income.

Union's 16.1% total capital adequacy ratio at end-1H21 is modestly above its 15% minimum regulatory requirement and is supported by qualifying subordinated debt of NGN30 billion (equivalent to 17% of eligible capital), which matures in 2029. Union's Fitch Core Capital (FCC) ratio fell to 14.5% at end-1H21 (end-2020: 16%), underperforming peers. This was mainly due to loan growth, which we expect to continue in 2H21, but largely be offset by internal capital generation.

Capitalisation remains sensitive to asset quality risks and naira devaluation. Pre-impairment operating profit (around 3% of average loans) provides a moderate buffer to absorb loan impairment charges. Stage 3 loans net of total reserves were 15.3% of FCC at end-1H21, down from a peak of 51.0% at end-2018.

Union's loans/customer deposits ratio (end-1H21: 67%) is fairly low, reflecting a high share of reasonably diversified, stable customer deposits (47% retail) and high non-loan assets. FC liquidity is well managed, with sufficient coverage of short-term FC liabilities (mainly deposits and bank borrowings).

SUPPORT RATING AND SUPPORT RATING FLOOR

Sovereign support to commercial banks cannot be relied on given Nigeria's weak ability to provide support, particularly in FC. The Support Rating Floor of all Nigerian banks is 'No Floor' and all Support Ratings are '5'. This reflects our view that senior creditors cannot rely on receiving full and timely extraordinary support from the Nigerian sovereign if any of the banks become non-viable.

NATIONAL RATINGS

Union's National Ratings reflect its creditworthiness relative to other issuers in Nigeria and are driven by its standalone strength. The upgrade of Union's National Long-Term Rating reflects its increased creditworthiness relative to other Nigerian issuers. Its National Short-Term Rating is the higher of the two possible options for a 'BBB(nga)' National Long-Term Rating under Fitch's criteria, reflecting the relative strength of the bank's funding and liquidity profile, which reduces the vulnerability of default on its short-term local-currency obligations within Nigeria.

Rating Sensitivities

Factors that could, individually or collectively, lead to negative rating action/downgrade:

A combination of asset quality weakness, potentially indicated by a further sharp rise in the Stage 3 ratio that drives large bottom-line losses or capital ratios falling below regulatory minimums, could put negative pressure on the rating, as could a further significant increase in capital encumbrance from unreserved impaired loans.

A pending appeal trial scheduled for October 2021 in relation to a long-standing, material legacy litigation claim against Union represents downside risks to the ratings if an unfavourable judgement is passed down by Nigeria's Supreme Court.

Factors that could, individually or collectively, lead to positive rating action/upgrade:

An upgrade is unlikely at present and would require a significant improvement in asset quality and capitalisation, along with a strengthening of the bank's company profile and franchise.

NATIONAL RATINGS

The National Ratings are sensitive to Fitch's view of the entity's creditworthiness relative to other Nigerian issuers.

Best/Worst Case Rating Scenario

International scale credit ratings of Financial Institutions and Covered Bond issuers have a best-case rating upgrade scenario (defined as the 99th percentile of rating transitions, measured in a positive direction) of three notches over a three-year rating horizon; and a worst-case rating downgrade scenario (defined as the 99th percentile of rating transitions, measured in a negative direction) of four notches over three years. The complete span of best- and worst-case scenario credit ratings for all rating categories ranges from 'AAA' to 'D'. Best- and worst-case scenario credit ratings are based on historical performance. For more information about the methodology used to determine sector-specific best- and worst-case scenario credit ratings, visit https://www.fitchratings.com/site/re/10111579

REFERENCES FOR SUBSTANTIALLY MATERIAL SOURCE CITED AS KEY DRIVER OF RATING

The principal sources of information used in the analysis are described in the Applicable Criteria.

ESG Considerations

Unless otherwise disclosed in this section, the highest level of ESG credit relevance is a score of '3'. This means ESG issues are credit-neutral or have only a minimal credit impact on the entity, either due to their nature or the way in which they are being managed by the entity. For more information on Fitch's ESG Relevance Scores, visit www.fitchratings.com/esg

Union Bank of Nigeria PLC; Long Term Issuer Default Rating; Affirmed; B-; Rating Outlook Stable

; Short Term Issuer Default Rating; Affirmed; B

; National Long Term Rating; Upgrade; BBB(nga)

; National Short Term Rating; Upgrade; F2(nga)

; Viability Rating; Affirmed; b-

; Support Rating; Affirmed; 5

; Support Rating Floor; Affirmed; NF

Contacts:

Primary Rating Analyst

Mahin Dissanayake,

Senior Director

+44 20 3530 1618

mahin.dissanayake@fitchratings.com

Fitch Ratings Ltd

30 North Colonnade, Canary Wharf

London E14 5GN

Secondary Rating Analyst

Kurt Boere,

Associate Director

+44 20 3530 2707

kurt.boere@fitchratings.com

Committee Chairperson

Lindsey Liddell,

Senior Director

+44 20 3530 1008

lindsey.liddell@fitchratings.com

MEDIA RELATIONS: Louisa Williams, London, Tel: +44 20 3530 2452, Email: louisa.williams@thefitchgroup.com

Additional information is available on www.fitchratings.com

ADDITIONAL DISCLOSURES

Dodd-Frank Rating Information Disclosure Form: https://www.fitchratings.com/site/dodd-frank-disclosure/10178516

Solicitation Status: https://www.fitchratings.com/site/pr/10178516#solicitation-status

Additional Disclosures For Unsolicited Credit Ratings: https://www.fitchratings.com/site/pr/10178516#unsolicited-credit-ratings-disclosures

Endorsement Status: https://www.fitchratings.com/site/pr/10178516#endorsement-status

Endorsement Policy: https://www.fitchratings.com/site/pr/10178516#endorsement-policy

ALL FITCH CREDIT RATINGS ARE SUBJECT TO CERTAIN LIMITATIONS AND DISCLAIMERS. PLEASE READ THESE LIMITATIONS AND DISCLAIMERS BY FOLLOWING THIS LINK:

https://WWW.FITCHRATINGS.COM/UNDERSTANDINGCREDITRATINGS: https://WWW.FITCHRATINGS.COM/UNDERSTANDINGCREDITRATINGS. IN ADDITION, THE FOLLOWING

https://WWW.FITCHRATINGS.COM/RATING-DEFINITIONS-DOCUMENT: https://www.fitchratings.com/rating-definitions-document

DETAILS FITCH'S RATING DEFINITIONS FOR EACH RATING SCALE AND RATING CATEGORIES, INCLUDING DEFINITIONS RELATING TO DEFAULT. PUBLISHED RATINGS, CRITERIA, AND METHODOLOGIES ARE AVAILABLE FROM THIS SITE AT ALL TIMES. FITCH'S CODE OF CONDUCT, CONFIDENTIALITY, CONFLICTS OF INTEREST, AFFILIATE FIREWALL, COMPLIANCE, AND OTHER RELEVANT POLICIES AND PROCEDURES ARE ALSO AVAILABLE FROM THE CODE OF CONDUCT SECTION OF THIS SITE. DIRECTORS AND SHAREHOLDERS RELEVANT INTERESTS ARE AVAILABLE AT

https://WWW.FITCHRATINGS.COM/SITE/REGULATORY: https://www.fitchratings.com/site/regulatory. FITCH MAY HAVE PROVIDED ANOTHER PERMISSIBLE SERVICE OR ANCILLARY SERVICE TO THE RATED ENTITY OR ITS RELATED THIRD PARTIES. DETAILS OF PERMISSIBLE SERVICE(S) FOR WHICH THE LEAD ANALYST IS BASED IN AN ESMA- OR FCA-REGISTERED FITCH RATINGS COMPANY (OR BRANCH OF SUCH A COMPANY) OR ANCILLARY SERVICE(S) CAN BE FOUND ON THE ENTITY SUMMARY PAGE FOR THIS ISSUER ON THE FITCH RATINGS WEBSITE.

Copyright © 2021 by Fitch Ratings, Inc., Fitch Ratings Ltd. and its subsidiaries. 33 Whitehall Street, NY, NY 10004. Telephone: 1-800-753-4824, (212) 908-0500. Fax: (212) 480-4435. Reproduction or retransmission in whole or in part is prohibited except by permission. All rights reserved. In issuing and maintaining its ratings and in making other reports (including forecast information), Fitch relies on factual information it receives from issuers and underwriters and from other sources Fitch believes to be credible. Fitch conducts a reasonable investigation of the factual information relied upon by it in accordance with its ratings methodology, and obtains reasonable verification of that information from independent sources, to the extent such sources are available for a given security or in a given jurisdiction. The manner of Fitch's factual investigation and the scope of the third-party verification it obtains will vary depending on the nature of the rated security and its issuer, the requirements and practices in the jurisdiction in which the rated security is offered and sold and/or the issuer is located, the availability and nature of relevant public information, access to the management of the issuer and its advisers, the availability of pre-existing third-party verifications such as audit reports, agreed-upon procedures letters, appraisals, actuarial reports, engineering reports, legal opinions and other reports provided by third parties, the availability of independent and competent third- party verification sources with respect to the particular security or in the particular jurisdiction of the issuer, and a variety of other factors. Users of Fitch's ratings and reports should understand that neither an enhanced factual investigation nor any third-party verification can ensure that all of the information Fitch relies on in connection with a rating or a report will be accurate and complete. Ultimately, the issuer and its advisers are responsible for the accuracy of the information they provide to Fitch and to the market in offering documents and other reports. In issuing its ratings and its reports, Fitch must rely on the work of experts, including independent auditors with respect to financial statements and attorneys with respect to legal and tax matters. Further, ratings and forecasts of financial and other information are inherently forward-looking and embody assumptions and predictions about future events that by their nature cannot be verified as facts. As a result, despite any verification of current facts, ratings and forecasts can be affected by future events or conditions that were not anticipated at the time a rating or forecast was issued or affirmed.

The information in this report is provided ""as is"" without any representation or warranty of any kind, and Fitch does not represent or warrant that the report or any of its contents will meet any of the requirements of a recipient of the report. A Fitch rating is an opinion as to the creditworthiness of a security. This opinion and reports made by Fitch are based on established criteria and methodologies that Fitch is continuously evaluating and updating. Therefore, ratings and reports are the collective work product of Fitch and no individual, or group of individuals, is solely responsible for a rating or a report. The rating does not address the risk of loss due to risks other than credit risk, unless such risk is specifically mentioned. Fitch is not engaged in the offer or sale of any security. All Fitch reports have shared authorship. Individuals identified in a Fitch report were involved in, but are not solely responsible for, the opinions stated therein. The individuals are named for contact purposes only. A report providing a Fitch rating is neither a prospectus nor a substitute for the information assembled, verified and presented to investors by the issuer and its agents in connection with the sale of the securities. Ratings may be changed or withdrawn at any time for any reason in the sole discretion of Fitch. Fitch does not provide investment advice of any sort. Ratings are not a recommendation to buy, sell, or hold any security. Ratings do not comment on the adequacy of market price, the suitability of any security for a particular investor, or the tax-exempt nature or taxability of payments made in respect to any security. Fitch receives fees from issuers, insurers, guarantors, other obligors, and underwriters for rating securities. Such fees generally vary from US$1,000 to US$750,000 (or the applicable currency equivalent) per issue. In certain cases, Fitch will rate all or a number of issues issued by a particular issuer, or insured or guaranteed by a particular insurer or guarantor, for a single annual fee. Such fees are expected to vary from US$10,000 to US$1,500,000 (or the applicable currency equivalent). The assignment, publication, or dissemination of a rating by Fitch shall not constitute a consent by Fitch to use its name as an expert in connection with any registration statement filed under the United States securities laws, the Financial Services and Markets Act of 2000 of the United Kingdom, or the securities laws of any particular jurisdiction. Due to the relative efficiency of electronic publishing and distribution, Fitch research may be available to electronic subscribers up to three days earlier than to print subscribers.

For Australia, New Zealand, Taiwan and South Korea only: Fitch Australia Pty Ltd holds an Australian financial services license (AFS license no. 337123) which authorizes it to provide credit ratings to wholesale clients only. Credit ratings information published by Fitch is not intended to be used by persons who are retail clients within the meaning of the Corporations Act 2001

Fitch Ratings, Inc. is registered with the U.S. Securities and Exchange Commission as a Nationally Recognized Statistical Rating Organization (the ""NRSRO""). While certain of the NRSRO's credit rating subsidiaries are listed on Item 3 of Form NRSRO and as such are authorized to issue credit ratings on behalf of the NRSRO (see

https://www.fitchratings.com/site/regulatory: https://www.fitchratings.com/site/regulatory(""https://www.fitchratings.com/site/regulatory"")

), other credit rating subsidiaries are not listed on Form NRSRO (the ""non-NRSROs"") and therefore credit ratings issued by those subsidiaries are not issued on behalf of the NRSRO. However, non-NRSRO personnel may participate in determining credit ratings issued by or on behalf of the NRSRO."
Fitch Affirms Zenith Bank at 'B'; Outlook Stable,2021-09-22,"Release date - 21092021

Fitch Ratings has affirmed Zenith Bank Plc's Long-Term Issuer Default Rating (IDR) at 'B' with a Stable Outlook.

A full list of rating actions is below.

Key Rating Drivers

IDRS AND VIABILITY RATING

The Long- and Short-Term IDRs of Zenith are driven by its standalone creditworthiness, as expressed by its Viability Rating (VR) of 'b'. The VR reflects the constraint of Nigeria's challenging operating environment and the bank's high exposure to the Nigerian sovereign (B/Stable). It also reflects the bank's strong domestic franchise and a solid financial profile by domestic standards.

The Stable Outlook reflects Fitch's view that risks to Zenith's credit profile are captured at the current rating level, with sufficient headroom, under our base case, to absorb the fallout from operating- environment pressures.

Operating conditions in Nigeria are gradually stabilising and Fitch forecasts 1.9% GDP growth in 2021, following a 1.8% decline in 2020. Our baseline scenario is that business volumes and earnings should continue to rebound in 2021, while the rally in oil prices is also a positive factor. Nevertheless, downside risks linger, given inherently volatile market conditions, with banks still exposed to foreign currency (FC) shortages, potential further currency devaluation, rising inflation and regulatory intervention by the Central Bank of Nigeria (CBN).

Zenith is the second-largest banking group in Nigeria, representing 16% of domestic banking-system assets at end-2020. It has a strong franchise in corporate banking and the centrepiece of its strategy is to deepen retail-market penetration through digital platforms.

Single-borrower concentration is moderate, with the 20-largest customer loans representing 96% of Fitch Core Capital (FCC) at end-1H21. Its oil and gas exposure is material, representing 23% of gross loans and 62% of FCC at end-1H21, and is concentrated on the upstream segment, posing a significant risk to asset quality in the event of a prolonged period of low oil prices and production cuts. Restructured loans (a high 24% of gross loans at end-1H21) are concentrated in the upstream oil and gas sector.

Loan-quality metrics have weakened as a result of the pandemic. However, net loans represent a small percentage of assets (33% at end-1H21). Its impaired loans (Stage 3 loans under IFRS 9) ratio increased to 7.9% at end-1H21 from 6.8% at end-2019. Specific loan loss allowance coverage (54% at end-1H21) of impaired loans is adequate. Stage 2 loans represented 20% of gross loans at end-1H21. Most restructured loans are classified as Stage 2, but are sufficiently collateralised and not expected to become impaired.

Our asset-quality assessment also considers a substantial amount of non-loan assets, largely comprising government securities and cash reserves at the CBN. Sovereign exposure through government securities is high (estimated at over 150% of FCC at end-1H21) and represents a constraint on the VR.

Profitability is solid, as indicated by operating returns on risk-weighted assets that have averaged 6.3% over the past four years. It is supported by a low cost of funding, strong non-interest income and manageable loan impairment charges. Weaker profitability in recent years has been driven by a declining interest-rate environment and increased cash-reserve debits that have weighed on its net interest margin.

Capitalisation is a rating strength. Zenith's FCC ratio of 21.7% at end-1H21 reflects a balance sheet that exhibits low leverage, as indicated by a fairly high tangible leverage ratio of 13.3% at end-1H21. Pre-impairment operating profit is very strong, averaging 12% of average gross loans over the past four years, providing a large buffer to absorb loan impairment charges.

Funding is mainly in the form of a stable and inexpensive customer deposit base, comprising a high percentage of current and savings accounts (93% at end-1H21), with large volumes sourced from individuals and SMEs. Single-depositor concentration is very low, with the 20-largest depositors representing just 4% of customer deposits at end-1H21. Liquidity coverage is comfortable in both local and foreign currencies.

SENIOR UNSECURED DEBT

Senior unsecured debt is rated at the same level as Zenith's IDRs because in our view the likelihood of default on these notes reflects that of the bank. The Recovery Rating of these notes is 'RR4', indicating average recovery prospects.

SUPPORT RATING AND SUPPORT RATING FLOOR

Sovereign support to commercial banks cannot be relied on given Nigeria's weak ability to provide support, particularly in foreign currency. The Support Rating Floor of all Nigerian banks is 'No Floor' and all Support Ratings are '5'. This reflects our view that senior creditors cannot rely on receiving full and timely extraordinary support from the Nigerian sovereign if any of the banks become non-viable.

NATIONAL RATINGS

The National Ratings of Zenith reflect its creditworthiness relative to that of other issuers in Nigeria and are driven by its standalone strength. They are at the higher end of the scale, reflecting Zenith's comparatively strong domestic franchise, profitability, capitalisation, funding structure and liquidity coverage.

RATING SENSITIVITIES

Factors that could, individually or collectively, lead to positive rating action/upgrade:

An upgrade of the Long-Term IDR would require a sovereign upgrade and a continued record of solid financial metrics.

Factors that could, individually or collectively, lead to negative rating action/downgrade:

A sovereign downgrade would result in a downgrade of the Long-Term IDR given that Zenith does not meet Fitch's criteria to be rated above the sovereign.

A combination of an increase in the impaired loans ratio significantly above 10% and aggressive growth at home or abroad that results in very thin buffers over regulatory capital requirements or a sharp decline in the FCC ratio.

Best/Worst Case Rating Scenario

International scale credit ratings of Financial Institutions and Covered Bond issuers have a best-case rating upgrade scenario (defined as the 99th percentile of rating transitions, measured in a positive direction) of three notches over a three-year rating horizon; and a worst-case rating downgrade scenario (defined as the 99th percentile of rating transitions, measured in a negative direction) of four notches over three years. The complete span of best- and worst-case scenario credit ratings for all rating categories ranges from 'AAA' to 'D'. Best- and worst-case scenario credit ratings are based on historical performance. For more information about the methodology used to determine sector-specific best- and worst-case scenario credit ratings, visit https://www.fitchratings.com/site/re/10111579

REFERENCES FOR SUBSTANTIALLY MATERIAL SOURCE CITED AS KEY DRIVER OF RATING

The principal sources of information used in the analysis are described in the Applicable Criteria.

ESG Considerations

Unless otherwise disclosed in this section, the highest level of ESG credit relevance is a score of '3'. This means ESG issues are credit-neutral or have only a minimal credit impact on the entity, either due to their nature or the way in which they are being managed by the entity. For more information on Fitch's ESG Relevance Scores, visit www.fitchratings.com/esg

RATING ACTIONSENTITY/DEBT RATING RECOVERY PRIOR

Zenith Bank Plc LT IDR B Affirmed B

ST IDR B Affirmed B

Natl LT AA-(nga) Affirmed AA-(nga)

Natl ST F1+(nga) Affirmed F1+(nga)

Viability b Affirmed b

Support 5 Affirmed 5

Support Floor NF Affirmed NF

senior unsecured

LT B Affirmed RR4 B

senior unsecured

ST B Affirmed B

VIEW ADDITIONAL RATING DETAILS

Additional information is available on www.fitchratings.com(""http://www.fitchratings.com"")

[Editorial queries for this story should be sent to newswire@enpublishing.co.uk]"
Press Release: Fitch Affirms Zenith Bank at 'B'; Outlook Stable,2021-09-21,"
 
 
The following is a press release from Fitch Ratings : 
      Fitch Ratings -London-21 September 2021: 

Fitch Ratings has affirmed Zenith Bank Plc 's Long-Term Issuer Default Rating (IDR) at 'B' with a Stable Outlook. A full list of rating actions is below.

Key Rating Drivers

IDRS AND VIABILITY RATING

The Long- and Short-Term IDRs of Zenith are driven by its standalone creditworthiness, as expressed by its Viability Rating (VR) of 'b'. The VR reflects the constraint of Nigeria's challenging operating environment and the bank's high exposure to the Nigerian sovereign (B/Stable). It also reflects the bank's strong domestic franchise and a solid financial profile by domestic standards.

The Stable Outlook reflects Fitch's view that risks to Zenith 's credit profile are captured at the current rating level, with sufficient headroom, under our base case, to absorb the fallout from operating- environment pressures.

Operating conditions in Nigeria are gradually stabilising and Fitch forecasts 1.9% GDP growth in 2021, following a 1.8% decline in 2020. Our baseline scenario is that business volumes and earnings should continue to rebound in 2021, while the rally in oil prices is also a positive factor. Nevertheless, downside risks linger, given inherently volatile market conditions, with banks still exposed to foreign currency (FC) shortages, potential further currency devaluation, rising inflation and regulatory intervention by the Central Bank of Nigeria (CBN) .

Zenith is the second-largest banking group in Nigeria, representing 16% of domestic banking-system assets at end-2020. It has a strong franchise in corporate banking and the centrepiece of its strategy is to deepen retail-market penetration through digital platforms.

Single-borrower concentration is moderate, with the 20-largest customer loans representing 96% of Fitch Core Capital (FCC ) at end-1H21. Its oil and gas exposure is material, representing 23% of gross loans and 62% of FCC at end-1H21, and is concentrated on the upstream segment, posing a significant risk to asset quality in the event of a prolonged period of low oil prices and production cuts. Restructured loans (a high 24% of gross loans at end-1H21) are concentrated in the upstream oil and gas sector.

Loan-quality metrics have weakened as a result of the pandemic. However, net loans represent a small percentage of assets (33% at end-1H21). Its impaired loans (Stage 3 loans under IFRS 9) ratio increased to 7.9% at end-1H21 from 6.8% at end-2019. Specific loan loss allowance coverage (54% at end-1H21) of impaired loans is adequate. Stage 2 loans represented 20% of gross loans at end-1H21. Most restructured loans are classified as Stage 2, but are sufficiently collateralised and not expected to become impaired.

Our asset-quality assessment also considers a substantial amount of non-loan assets, largely comprising government securities and cash reserves at the CBN. Sovereign exposure through government securities is high (estimated at over 150% of FCC at end-1H21) and represents a constraint on the VR.

Profitability is solid, as indicated by operating returns on risk-weighted assets that have averaged 6.3% over the past four years. It is supported by a low cost of funding, strong non-interest income and manageable loan impairment charges. Weaker profitability in recent years has been driven by a declining interest-rate environment and increased cash-reserve debits that have weighed on its net interest margin.

Capitalisation is a rating strength. Zenith 's FCC ratio of 21.7% at end-1H21 reflects a balance sheet that exhibits low leverage, as indicated by a fairly high tangible leverage ratio of 13.3% at end-1H21. Pre-impairment operating profit is very strong, averaging 12% of average gross loans over the past four years, providing a large buffer to absorb loan impairment charges.

Funding is mainly in the form of a stable and inexpensive customer deposit base, comprising a high percentage of current and savings accounts (93% at end-1H21), with large volumes sourced from individuals and SMEs. Single-depositor concentration is very low, with the 20-largest depositors representing just 4% of customer deposits at end-1H21. Liquidity coverage is comfortable in both local and foreign currencies.

SENIOR UNSECURED DEBT

Senior unsecured debt is rated at the same level as Zenith 's IDRs because in our view the likelihood of default on these notes reflects that of the bank. The Recovery Rating of these notes is 'RR4', indicating average recovery prospects.

SUPPORT RATING AND SUPPORT RATING FLOOR

Sovereign support to commercial banks cannot be relied on given Nigeria's weak ability to provide support, particularly in foreign currency. The Support Rating Floor of all Nigerian banks is 'No Floor' and all Support Ratings are '5'. This reflects our view that senior creditors cannot rely on receiving full and timely extraordinary support from the Nigerian sovereign if any of the banks become non-viable.

NATIONAL RATINGS

The National Ratings of Zenith reflect its creditworthiness relative to that of other issuers in Nigeria and are driven by its standalone strength. They are at the higher end of the scale, reflecting Zenith 's comparatively strong domestic franchise, profitability, capitalisation, funding structure and liquidity coverage.

RATING SENSITIVITIES

Factors that could, individually or collectively, lead to positive rating action/upgrade:

- An upgrade of the Long-Term IDR would require a sovereign upgrade and a continued record of solid financial metrics.

Factors that could, individually or collectively, lead to negative rating action/downgrade:

- A sovereign downgrade would result in a downgrade of the Long-Term IDR given that Zenith does not meet Fitch's criteria to be rated above the sovereign.

- A combination of an increase in the impaired loans ratio significantly above 10% and aggressive growth at home or abroad that results in very thin buffers over regulatory capital requirements or a sharp decline in the FCC ratio.

Best/Worst Case Rating Scenario

International scale credit ratings of Financial Institutions and Covered Bond issuers have a best-case rating upgrade scenario (defined as the 99th percentile of rating transitions, measured in a positive direction) of three notches over a three-year rating horizon; and a worst-case rating downgrade scenario (defined as the 99th percentile of rating transitions, measured in a negative direction) of four notches over three years. The complete span of best- and worst-case scenario credit ratings for all rating categories ranges from 'AAA' to 'D'. Best- and worst-case scenario credit ratings are based on historical performance. For more information about the methodology used to determine sector-specific best- and worst-case scenario credit ratings, visit https://www.fitchratings.com/site/re/10111579 

REFERENCES FOR SUBSTANTIALLY MATERIAL SOURCE CITED AS KEY DRIVER OF RATING The principal sources of information used in the analysis are described in the Applicable Criteria. ESG Considerations

Unless otherwise disclosed in this section, the highest level of ESG credit relevance is a score of '3'. This means ESG issues are credit-neutral or have only a minimal credit impact on the entity, either due to their nature or the way in which they are being managed by the entity. For more information on Fitch's ESG Relevance Scores, visit www.fitchratings.com/esg

Zenith Bank Plc ; Long Term Issuer Default Rating; Affirmed; B; Rating Outlook Stable

; Short Term Issuer Default Rating; Affirmed; B

; National Long Term Rating; Affirmed; AA-(nga)

; National Short Term Rating; Affirmed; F1+(nga)

; Viability Rating; Affirmed; b

; Support Rating; Affirmed; 5

; Support Rating Floor; Affirmed; NF

----senior unsecured; Long Term Rating; Affirmed; B

----senior unsecured; Short Term Rating; Affirmed; B

Contacts:

Primary Rating Analyst

Tim Slater,

Associate Director

+44 20 3530 1791

tim.slater@fitchratings.com

Fitch Ratings Ltd

30 North Colonnade, Canary Wharf

London E14 5GN

Secondary Rating Analyst

Christopher Ogunleye,

Senior Analyst

+44 20 3530 1192

christopher.ogunleye@fitchratings.com

Committee Chairperson

Lindsey Liddell,

Senior Director

+44 20 3530 1008

lindsey.liddell@fitchratings.com

MEDIA RELATIONS: Louisa Williams, London, Tel: +44 20 3530 2452, Email: louisa.williams@thefitchgroup.com

Additional information is available on www.fitchratings.com

ADDITIONAL DISCLOSURES

Dodd-Frank Rating Information Disclosure Form

Solicitation Status

Additional Disclosures For Unsolicited Credit Ratings

Endorsement Status

Endorsement Policy

ALL FITCH CREDIT RATINGS ARE SUBJECT TO CERTAIN LIMITATIONS AND DISCLAIMERS. PLEASE READ THESE LIMITATIONS AND DISCLAIMERS BY FOLLOWING THIS LINK: HTTPS://WWW.FITCHRATINGS.COM/UNDERSTANDINGCREDITRATINGS. IN ADDITION, THE FOLLOWING HTTPS://WWW.FITCHRATINGS.COM/RATING-DEFINITIONS-DOCUMENT DETAILS FITCH'S RATING DEFINITIONS FOR EACH RATING SCALE AND RATING CATEGORIES, INCLUDING DEFINITIONS RELATING TO DEFAULT. PUBLISHED RATINGS, CRITERIA, AND METHODOLOGIES ARE AVAILABLE FROM THIS SITE AT ALL TIMES. FITCH'S CODE OF CONDUCT, CONFIDENTIALITY, CONFLICTS OF INTEREST, AFFILIATE FIREWALL, COMPLIANCE, AND OTHER RELEVANT POLICIES AND PROCEDURES ARE ALSO AVAILABLE FROM THE CODE OF CONDUCT SECTION OF THIS SITE. DIRECTORS AND SHAREHOLDERS RELEVANT INTERESTS ARE AVAILABLE AT HTTPS://WWW.FITCHRATINGS.COM/SITE/REGULATORY. FITCH MAY HAVE PROVIDED ANOTHER PERMISSIBLE SERVICE OR ANCILLARY SERVICE TO THE RATED ENTITY OR ITS RELATED THIRD PARTIES. DETAILS OF PERMISSIBLE SERVICE(S) FOR WHICH THE LEAD ANALYST IS BASED IN AN ESMA- OR FCA-REGISTERED FITCH RATINGS COMPANY (OR BRANCH OF SUCH A COMPANY) OR ANCILLARY SERVICE(S) CAN BE FOUND ON THE ENTITY SUMMARY PAGE FOR THIS ISSUER ON THE FITCH RATINGS WEBSITE.

21 Sep 2021 11:54 ET  Press Release: Fitch Affirms Zenith Bank at 'B'; -2-

Copyright © 2021 by Fitch Ratings, Inc ., Fitch Ratings Ltd . and its subsidiaries. 33 Whitehall Street, NY, NY 10004. Telephone: 1-800-753-4824, (212) 908-0500. Fax: (212) 480-4435. Reproduction or retransmission in whole or in part is prohibited except by permission. All rights reserved. In issuing and maintaining its ratings and in making other reports (including forecast information), Fitch relies on factual information it receives from issuers and underwriters and from other sources Fitch believes to be credible. Fitch conducts a reasonable investigation of the factual information relied upon by it in accordance with its ratings methodology, and obtains reasonable verification of that information from independent sources, to the extent such sources are available for a given security or in a given jurisdiction. The manner of Fitch's factual investigation and the scope of the third-party verification it obtains will vary depending on the nature of the rated security and its issuer, the requirements and practices in the jurisdiction in which the rated security is offered and sold and/or the issuer is located, the availability and nature of relevant public information, access to the management of the issuer and its advisers, the availability of pre-existing third-party verifications such as audit reports, agreed-upon procedures letters, appraisals, actuarial reports, engineering reports, legal opinions and other reports provided by third parties, the availability of independent and competent third- party verification sources with respect to the particular security or in the particular jurisdiction of the issuer, and a variety of other factors. Users of Fitch's ratings and reports should understand that neither an enhanced factual investigation nor any third-party verification can ensure that all of the information Fitch relies on in connection with a rating or a report will be accurate and complete. Ultimately, the issuer and its advisers are responsible for the accuracy of the information they provide to Fitch and to the market in offering documents and other reports. In issuing its ratings and its reports, Fitch must rely on the work of experts, including independent auditors with respect to financial statements and attorneys with respect to legal and tax matters. Further, ratings and forecasts of financial and other information are inherently forward-looking and embody assumptions and predictions about future events that by their nature cannot be verified as facts. As a result, despite any verification of current facts, ratings and forecasts can be affected by future events or conditions that were not anticipated at the time a rating or forecast was issued or affirmed.

The information in this report is provided ""as is"" without any representation or warranty of any kind, and Fitch does not represent or warrant that the report or any of its contents will meet any of the requirements of a recipient of the report. A Fitch rating is an opinion as to the creditworthiness of a security. This opinion and reports made by Fitch are based on established criteria and methodologies that Fitch is continuously evaluating and updating. Therefore, ratings and reports are the collective work product of Fitch and no individual, or group of individuals, is solely responsible for a rating or a report. The rating does not address the risk of loss due to risks other than credit risk, unless such risk is specifically mentioned. Fitch is not engaged in the offer or sale of any security. All Fitch reports have shared authorship. Individuals identified in a Fitch report were involved in, but are not solely responsible for, the opinions stated therein. The individuals are named for contact purposes only. A report providing a Fitch rating is neither a prospectus nor a substitute for the information assembled, verified and presented to investors by the issuer and its agents in connection with the sale of the securities. Ratings may be changed or withdrawn at any time for any reason in the sole discretion of Fitch. Fitch does not provide investment advice of any sort. Ratings are not a recommendation to buy, sell, or hold any security. Ratings do not comment on the adequacy of market price, the suitability of any security for a particular investor, or the tax-exempt nature or taxability of payments made in respect to any security. Fitch receives fees from issuers, insurers, guarantors, other obligors, and underwriters for rating securities. Such fees generally vary from US$1,000 to US$750,000 (or the applicable currency equivalent) per issue. In certain cases, Fitch will rate all or a number of issues issued by a particular issuer, or insured or guaranteed by a particular insurer or guarantor, for a single annual fee. Such fees are expected to vary from US$10,000 to US$1,500,000 (or the applicable currency equivalent). The assignment, publication, or dissemination of a rating by Fitch shall not constitute a consent by Fitch to use its name as an expert in connection with any registration statement filed under the United States securities laws, the Financial Services and Markets Act of 2000 of the United Kingdom, or the securities laws of any particular jurisdiction. Due to the relative efficiency of electronic publishing and distribution, Fitch research may be available to electronic subscribers up to three days earlier than to print subscribers.

For Australia, New Zealand, Taiwan and South Korea only: Fitch Australia Pty Ltd holds an Australian financial services license (AFS license no. 337123) which authorizes it to provide credit ratings to wholesale clients only. Credit ratings information published by Fitch is not intended to be used by persons who are retail clients within the meaning of the Corporations Act 2001

Fitch Ratings, Inc . is registered with the U.S. Securities and Exchange Commission as a Nationally Recognized Statistical Rating Organization (the ""NRSRO""). While certain of the NRSRO's credit rating subsidiaries are listed on Item 3 of Form NRSRO and as such are authorized to issue credit ratings on behalf of the NRSRO (see https://www.fitchratings.com/site/regulatory (""https://www.fitchratings.com/site/regulatory"") ), other credit rating subsidiaries are not listed on Form NRSRO (the ""non-NRSROs"") and therefore credit ratings issued by those subsidiaries are not issued on behalf of the NRSRO. However, non-NRSRO personnel may participate in determining credit ratings issued by or on behalf of the NRSRO.

21 Sep 2021 11:54 ET *Fitch Affirms Zenith Bank at 'B'; Outlook Stable

21 Sep 2021 11:54 ET *Fitch Affirms Zenith Bank at 'B'; Outlook Stable

(END) Dow Jones Newswires

September 21, 2021 11:54 ET (15:54 GMT)"
UPDATE 1-Nigerian stocks record biggest weekly fall in 8-years,2021-02-12,"(Adds details)

By Chijioke Ohuocha

ABUJA, Feb 12 (Reuters) - Nigerian stocks recorded their biggest weekly fall in 8-years on Friday, as investors anticipated a rise in debt yields after the government laid out plans to borrow more on the domestic market.

Nigerian stocks had been rising since October with investors shifting into equities after two interest rate cuts last year and excess naira liquidity on money markets due to historic low yields on the debt market.

The all-share index, which rose 50% in 2020, shed 3.04% this week, the most since July 2013. Stocks dropped to 40,439.85 points on Friday, down 1.4% at a one-month low following eight days of losses.

The government on Thursday approved plans to trim offshore borrowings, in a new debt strategy, to strengthen domestic markets over the next three-years.

Analysts say local funds could pull out of equities.

At an open market Treasury auction on Thursday, investors sought one-year yields as high as 13%, traders said, after the central bank almost doubled the rate to 11.22% last week. Yields traded close to zero last year.

The central bank has been exploring ways to attract dollars into Nigeria to support the currency and stimulate growth following a recession without devaluing the naira, which could further stoke double-digit inflation.

Analysts said renewed inflows into the local debt market were being held back by the currency, especially with some investors trapped in Nigeria amid a pause in central bank's intervention on the spot market.

Shares of five companies fell on Friday while 27 advanced and another 100 recorded no trades.

Animal feeds maker, Livestock Feeds Plc shed 9.78%. Clinker mixer BUA Cement fell 7.22% while Dangote Cement dropped 3.51% and MTN Nigeria was down 0.49% (Reporting by Chijioke Ohuocha; Editing by Hugh Lawson, Kirsten Donovan) 

Released: 2021-2-12T15:02:31.000Z"
"UPDATE 1- Nigeria central bank intervening  to prop up naira, trader says",2019-08-01,"(Adds quotes, details)

By Chijioke Ohuocha

LAGOS, Aug 1 (Reuters) - The Nigerian central bank has been intervening in the currency market over the past two weeks to keep the naira stable as foreign investors took profits after yields fell on the local debt market, a trader told Reuters.

The naira was quoted at 362.80 to the dollar on the currency market for investors, weaker than the level around 361 level where it has traded for much of this year, said the dealer, who trades currency for the local unit of an international bank.

Pressure has been building on the currency amid a dwindling supply of dollars. It now takes more than a week to fill customer orders.

Nigeria operates a multiple exchange rate regime. It maintains an official exchange rate of 306 naira to the dollar, supported by central bank. The traded rate of 362.80 is the one widely quoted by foreign investors and exporters.

The central bank does not disclose how many dollars it injects into the currency market.

""We are currently seeing more outflow than inflow ... but the central bank has been intervening,"" the trader said. ""The moment the central bank doesn't provide support, people may start to panic.""

Nigeria's central bank has cut back on open market auctions to attract foreign investors in its bonds, a policy shift aimed at stimulating lending to boost an economy stuck with low growth after a recent recession.

The bank auctioned a one-year open-market bill last month at around 12%, down from as high as 18% a year ago.

The trader said some offshore clients were taking profits and that summer holidays in Europe could also account for the low volumes.

""If local rates were much higher, I don't think we would have seen much outflows."" (Reporting by Chijioke Ohuocha, editing by Larry King) 

Released: 2019-8-1T13:19:39.000Z"
Nigeria central bank intervening  on  FX  market to prop up naira -trader,2019-08-01,"LAGOS, Aug 1 (Reuters) - The Nigerian central bank has been intervening on the currency market over the past two weeks to keep the naira stable as foreign investors book profits in the wake of lower yields on the debt market, a trader told Reuters.

The naira was quoted at 362.80 to the dollar on the currency market for investors, weaker than the around 361 level where it has traded for much of this year, said the dealer, who trades currency for the local unit of an international bank. (Reporting by Chijioke Ohuocha Editing by Raissa Kasolowsky) 

Released: 2019-8-1T12:45:12.000Z"
"This Week on the Frontiers, May 4th 2019",2019-05-05,"Africa

Leading sub-Saharan African economies struggle to maintain growth. Economic prospects for sub-Saharan Africa's key economies are dimming, with Angola, Zambia and Nigeria all struggling to make headway. According to a report by London-based Capital Economics, Angola's economy is likely to shrink this year as a recent rise in oil production eases. Nigeria has also seen an increase in oil output recently but the non-oil economy continues to struggle, the firm said.

Among the few bright spots is Kenya, where growth remained strong late last year, according to CapEc, but a continuing drought could prove a drag on the economy this year. Ghana also seems to be stabilizing, the report said, although growth in the country's economy, which is one of the region's recent outperformers, appears to be slowing, having dropped from 7.4% in the third quarter of 2018 to 6.8% in the fourth quarter.

One longtime financial investor in sub-Saharan Africa told the Journal that opportunities in the region seem to be diminishing. ""The lead of our Africa team is definitely risk-off at present -- he told me he just can't find opportunities that offer meaningful returns,"" the investor said.

African Development Bank to support Nigeria's cocoa sector. The African Development Bank is to invest in Nigeria's cocoa and other agricultural sectors to boost production and create special agroprocessing zones in the country, Obafemi Oredein reports. Sayina Riman, president of the Cocoa Association of Nigeria, said the move is being spearheaded by the AfDB, which has agreed to intervene in Nigeria's cocoa sector as it did in the cocoa sectors in Ghana and Côte d'Ivoire, the world's two largest producers of the commodity.

Nigeria is the world's fourth-largest cocoa producer but its production has fallen due to neglect of the sector, old and unproductive farms and farmers and poor funding by government, among other problems. Nigeria produces around 300,000 tons of cocoa, according to CAN, and moves to raise the output to 500,000 tons by government in the past eight years have failed.

Asia

Sri Lanka warns future attacks may be planned. Police say arrests and searches of dozens of locations linked to the perpetrators of the Easter bombings have turned up significant evidence that new attacks could be in the works, Saeed Shah and Uditha Jayasinghe report. Despite a state-of-emergency dragnet that has yielded over 100 arrests in 10 days, Sri Lankan authorities say they are deeply concerned that a second series of attacks could target places of worship and schools of the majority Sinhalese Buddhist community, which wasn't targeted in the initial attacks on Christian churches and major international tourist hotels.

Islamic State, the militant group originally based in Syria and Iraq, claimed responsibility for the synchronized attacks on Easter Sunday in this island nation of 21 million. The majority of Sri Lanka's population are Sinhalese Buddhists and there is a history of animosity between extremist members of the Buddhist and Muslim faiths here.

Security officials say the group formed by the attackers could have members who didn't take part in the Easter assault and are waiting to carry out further bombings.

Europe

Jaguar Land Rover moves vehicle production to Slovakia. Carmaker Jaguar Land Rover, owned by India's Tata Motors, said it would be assembling the new Land Rover Defender at its plant in Slovakia, Anthony O. Goriainoff reports. The U.K.'s largest car manufacturer built the previous Defender model at its site in Solihull, England.

Vehicle production in Slovakia has been growing steadily with output this year expected to reach 1.15 million vehicles. Four major brands -- Peugeot, Jaguar Land Rover, Kia and Volkswagen -- have established plants there, turning the small landlocked country into the world's biggest per-capita carmaker, according to Reuters.

Latin America

Argentina's central bank loosens rules for currency interventions. Argentina's central bank said it would step in to the foreign-exchange market more readily to support the peso after several days of volatility last week sent the currency plunging against the dollar, Jeffrey T. Lewis reports. The central bank said that under its new policy it would sell dollars into the market even if the exchange rate is stronger than 51.45 pesos to the dollar, which was the level the bank had previously set for interventions.

The bank said it would sell as much as $250 million if the peso weakens past the 51.45 level, and is ready to sell even more dollars if necessary to calm situations of excessive volatility. The peso strengthened more than 3% on Monday, to 44.89 to the dollar.

The IMF was tight-lipped, but first deputy managing director David Lipton issued a brief and somewhat cryptic statement on Monday acknowledging the ""recalibration of intervention policies,"" but stopping short of explicitly approving of the move. The multilateral has a lot at stake: in October last year it entered into a $56 billion standby arrangement with the struggling South American nation.

Violence erupts in Venezuela as Guaidó calls for uprising. Thousands of Venezuelans clashed in the streets with pro-government forces on Tuesday following an audacious call by opposition leader Juan Guaidó to join him and a small group of military officers in overthrowing President Nicolás Maduro's government, Kejal Vyas reports. The violence ensued after Mr. Guaidó, flanked by a small group of rebellious National Guard troops outside a Caracas military base, called on the public to help end a punishing economic and political crisis under Mr. Maduro.

Mr. Guaidó is viewed by the U.S. and more than 50 other nations as Venezuela's legitimate leader following a 2018 election that was marred by fraud allegations. Protests continued on Wednesday but failed to gain enough traction and by Thursday, the country's government began going after opposition leaders.

U.S. President Trump, whose administration has said the Maduro regime is being protected by tens of thousands of Cuban troops, threatened Cuba with a ""full and complete embargo"" and ""highest-level sanctions,"" if it continued its support.

Global

Frontier-market borrowing prompts concern. Debt levels in frontier markets continue to mount, raising concerns that countries might be overburdening themselves with loans. An analysis by the Institute of International Finance found frontier-market debt increased by more than $250 billion last year, pushing the total debt load to more than $3.2 trillion. The majority of the borrowing has been by the public sector, with government debt across the asset class reaching around 50% of GDP. Pakistan, Tunisia and Zambia's government debt grew particularly strongly in 2018.

According to the IIF, the rate of hard-currency bond issuance by frontier markets fell in the first quarter of this year, but the high level of borrowing that matures over the coming months is cause for concern. ""Upcoming debt maturities will be onerous for some,"" the IIF's Khadija Mahmood and Juncheng Zhou said. ""More than $125 billion of FX-denominated frontier bonds and loans will mature through end-2020.""

Citi economist David Lubin said a recent skew toward foreign-denominated borrowing and a dependence on commodities were creating potentially difficult conditions for frontier-market borrowers. ""Frontier will keep looking risky without a very substantial boost to commodity prices, a very sharp decline in the dollar, or both,"" he said in a report last week.

Investors retreat as frontiers lag developed and emerging markets. Investors appear to be cooling on frontier markets as they continue to lose ground to more advanced markets, according to Citi frontier market analyst Andrew Howell. While developed markets rose by 3.4% in April and emerging markets tacked on more than 2%, the FM index fell by more than 1%, undercut by an 8.3% plunge in Argentina's market as well as a fall of 6.8% in Bangladesh and 5.7% in Nigeria, Mr. Howell noted.

Egypt, Romania and Morocco gained ground, but their rise was not enough to offset the other markets' declines. Investors appear to be wary of frontier markets, pulling some $219 million out of frontier-focused funds in March. ""The $219m outflow, driven by active frontier funds, was the biggest this year and indicates that fundraising is off to a challenging start in 2019,"" Mr. Howell said.

KEY STORIES FROM THE WSJ

Sri Lanka Probes ISIS Links to Attacks

Senators Failed to End U.S. Support for Saudi-led War in Yemen

Iran Vows to Resist U.S. Oil Ban as Its Exports Decline

Washington Weighs Sanctions on Iran's Other Sources of U.S. Dollars

Saudi Arabia Releases More Women Activists on Bail

Companies in Cuba Face Legal Risks as U.S. Changes Stance on Seized Property

U.K. Judge Grants Bail to Abraaj Founder Arif Naqvi

AROUND THE WEB

Kenya Inflation Surges to 19-Month High

Kenya Secures $666m From China for Tech City and Highway

Ethiopia's Economic Growth Takes Heavy Environmental Toll

China to Invest $1.8b in Ethiopia's Power Grid

Ghana Picks Consortium for $2.2b Railway Line

Ghana is Losing Rainforest Faster Than Any Other Country

U.K. Could Boost Military Support to Help Nigeria Defeat Boko Haram

Côte d'Ivoire Lays Out $5.8b Tourism Investment Plan

Vietnam Develops Own Smartphones After Decades of Contract Work

Myanmar ' s Suu Kyi Looks to Strengthen Ties with Cambodia

Huawei Negotiates With Pakistan for Cloud Data Center

Argentina Expects $29b in Mining Investments in 2019 



(END) Dow Jones Newswires

May 04, 2019 18:09 ET (22:09 GMT)"
NIGERIA CENTRAL BANK  TO INTRODUCE SPECIAL  FX INTERVENTION  AFTER NAIRA HIT 370 ON BLACK MARKET PREVIOUS SESSION,2018-11-30,"NIGERIA CENTRAL BANK TO INTRODUCE SPECIAL FX INTERVENTION AFTER NAIRA HIT 370 ON BLACK MARKET PREVIOUS SESSION

Released: 2018-12-3T09:34:43.000Z"
UPDATE 2-Nigeria  central bank  may reduce $8.1 bln MTN repatriation demand,2018-10-07,"(Adds quotes, background)

By Karin Strohecker

LONDON, Oct 7 (Reuters) - The Nigerian central bank may reduce the amount it has ordered South African telecoms firm MTN to repatriate as part of an ongoing disagreement, central bank governor Godwin Emefiele said on Sunday.

MTN and the central bank are in a dispute over the transfer of $8.1 billion of funds which the bank said the company had sent abroad in breach of foreign-exchange regulations. Nigeria accounts for a third of MTN's annual core profit.

""I don't think it will be staying at $8.1 billion,"" Emefiele said during a visit to London, adding he expected the issue to be dealt with ""amicably and equitably"".

""I want to believe that the figures will reduce. Whether they will be dropped completely, I honestly cannot say at this time.""

Emefiele said the central bank had received documents some two weeks ago from MTN and four lenders involved in the case - Standard Chartered, Stanbic IBTC Bank, Citibank and Diamond Bank - and was in communications with all parties involved.

""The central bank will be examining these, then it will be escalated up to my level,"" he said, adding he expected to get the results in a couple of weeks.

The two sides are locked in a court dispute over the transaction. The central bank filed a counter-claim on Friday to a court request by MTN, which is seeking to stop the bank from forcing it to bring back the money.

Emefiele said the MTN case was a one-off, and the central bank was not looking at transactions involving any other companies operating in Nigeria.

""We respect the sanctity of these companies,"" he said.

Shares in MTN lost almost 5 percent over the past week.

Emefiele also said Nigeria's central bank would continue to intervene in the foreign exchange markets, adding that he believed in a stable exchange rate regime.

Nigeria has been battling to defend its currency and shore up its reserves of around $44 billion, hobbled by lower oil prices. At the same time, the oil exporter has suffered from high inflation, which edged up to 11.2 percent at its last reading - well above the central bank's 6-9 percent target.

Emefiele said Nigeria's current stance of monetary tightening would continue. (Reporting by Karin Strohecker; Writing by Jan Harvey; Editing by Dale Hudson) 

Released: 2018-10-7T15:36:38.000Z"
RPT- Nigeria 's  central bank  will continue to  intervene  in  FX  markets-governor,2018-10-07,"(Repeats to attach to alerts; no change to text)

LONDON, Oct 7 (Reuters) - Nigeria's central bank will continue to intervene in the foreign exchange markets, its governor Godwin Emefiele said on Sunday, adding that he believes in a stable exchange rate regime.

Nigeria's current stance of monetary tightening will continue, he added. (Reporting by Karin Strohecker; Editing by Jan Harvey) 

Released: 2018-10-7T13:56:23.000Z"
Nigeria's  central bank  boosts  FX  sales to ease pressure on naira,2018-08-24,"ABUJA, Aug 24 (Reuters) - Nigeria's central bank stepped up dollar sales this week after it auctioned the U.S. and Chinese currencies last week in a bid to alleviate shortages and ease pressure on the naira.

On Friday the bank said it sold a total of $543.22 million on the interbank market and another 63.21 million yuan ($9.20 million) to settle letters of credit denominated in the Chinese currency via spot and forward contracts, it said in a statement.

Last week the central bank asked lenders to submit bids for the Chinese yuan, its second auction of the currency after it agreed a swap with the People's Bank of China in May to boost trade between the two countries and cut reliance on the dollar.

It sold $210 million on Thursday and $323.22 million on Friday after a dollar auction last week, the bank said.

Isaac Okorafor, central bank spokesperson said ""the bank remained committed to maintaining the country's external reserves to safeguard the international value of the naira.""

The central bank typically sells between $200 million and $300 million when it enters the interbank market, traders said.

However, dollar liquidity has been shrinking as a result of capital reversals after the U.S. central bank started to raise interest rates this year.

Trading was quiet this week as the little quantity of hard currency sold by local exporters was unable to meet demand, traders said, with importers bidding repeatedly to try to fill their request.

The naira has been quoted as weak as 364 per dollar for investors this week after trading within a range of 362 to 363. On the official market, supported by the central bank, it was quoted at 306.10.

The central bank said the naira was trading at 360 per dollar at exchange bureaus and the yuan sold for 53.17 naira.

It attributed the relative stable exchange rate to its interventions as well as higher global oil prices. Nigeria operates a multiple exchange rate regime which it has used to manage demand for hard currency. ($1 = 6.8740 Chinese yuan renminbi) (Reporting by Camillus Eboh and Chijioke Ohuocha; Editing by Toby Chopra) 

Released: 2018-8-24T19:25:54.000Z"
Nigeria naira eases as investors repatriate dividend,2018-05-08,"LAGOS, May 8 (Reuters) - Nigeria's naira eased to 362 to the dollar for investors on Tuesday as funds repatriate dividends abroad following the end of the earnings season and as forward currency contracts mature amid tight dollar liquidity, traders said.

The naira traded at 360 for over six months after the central bank in April 2017 liberalised the currency for investors in the wake of a currency crisis brought on by low oil prices that also slashed government revenues.

Traders said the currency started to weaken last week as demand piled up especially from companies seeking to repatriate dividends and investors booking profits from local assets.

Importers buying goods from abroad were also exerting pressure on the naira.

Nigeria emerged from its first recession in a quarter of a century last year but growth is still fragile. It then introduced a multiple exchange rate regime to manage dollar demand as a way to alleviate chronic shortages on the currency markets.

On the official market the naira is quoted at around 305 per dollar, a level it has been for over a year, supported by central bank's regular interventions.

MTN's Nigeria operation declared a dividend of 50 billion naira ($159 mln) by its local unit in 2017, a company presentation seen by Reuters showed, which Africa's biggest telecom group would seek to repatriate to offshore investors. MTN further paid a dividend in the first quarter, it said.

The central bank is gradually loosening policy to adopt a more dovish stance on interest rates especially as its foreign reserves are rising, giving the West African country a buffer with which to defend the naira.

The bank has reduced its issuance of open market bills to tighten naira liquidity, traders said with banking system liquidity closing at around 200 billion naira in credit on Monday, to lower treasury yields.

($1 = 314.50 naira) (Reporting by Chijioke Ohuocha Editing by Richard Balmforth) 

Released: 2018-5-8T17:48:38.000Z"
"EXCLUSIVE-UPDATE 2-Nigeria's people getting poorer, govt to ""muddle through"", says IMF",2018-02-28,"(Adds details)

By Paul Carsten

LAGOS, Feb 28 (Reuters) - Nigeria's people are getting poorer despite the country's slow recovery from recession, and economic reforms are urgently needed, the International Monetary Fund (IMF) said in a report seen by Reuters on Wednesday.

The Fund expects the government to ""muddle through"" in the medium term, and any progress could also be threatened if elections next year consume political energy and resources, the report said.

Since emerging from recession in the second quarter of 2017, Nigerian officials have repeatedly boasted that they have set the economy back on track.

But critics say much of the recovery comes from a return to oil dependence after a rise in global oil prices and a rebound in crude production - more the result of militants in the Niger Delta halting attacks on oil facilities than of economic policy under President Muhammadu Buhari's administration.

The IMF said in the report that the outlook for growth has improved but remains challenging.

""Comprehensive and coherent"" economic policies ""remain urgent and must not be delayed by approaching elections and recovering oil prices,"" it said in its annual Article IV review of Nigeria's economy.

""Higher oil prices would support a recovery in 2018 but a 'muddle-through' outlook is projected for the medium term under current policies, with fiscal dominance and structural constraints leading to continuing falls in real GDP per capita,"" the IMF said.

In the report, it identified risks to growth including additional delays to implementing policies and reforms ahead of 2019 elections, security tensions, and oil prices, a fall in which could see capital flows reversed.

""Further delays in policy action -- including because of pre-election pressures -- can only make the inevitable adjustment more difficult and costlier,"" the report said.

EXCHANGE RATE CONFUSION

The lender repeated its call for Nigeria to simplify its complex foreign exchange system, a bugbear for the IMF for more than a year which has left large gaps between official rates and various windows that certain groups can use to get other rates.

""Moving towards a unified exchange rate should be pursued as soon as possible,"" the IMF said. ""(IMF) staff does not support the exchange measures that have given rise to the exchange restrictions and multiple currency practices.""

The Fund further singled out the central bank, saying it should discontinue direct interventions in the economy.

The Central Bank of Nigeria (CBN) frequently injects hundreds of millions of dollars into the foreign exchange market to keep its own rates stable.

Commercial banks struggling to remain solvent were also called out, but not identified by the IMF, including one that the lender said was already insolvent: ""Some of these banks are kept afloat through continuous recourse to the CBN's lending facilities.""

The IMF said it does not comment on purported leaks. A spokeswoman for the Fund said a statement would be issued after the lender's board meets to discuss its assessment on Friday.

A Nigerian finance ministry spokeswoman did not immediately respond to a phone call and email requesting comment. (Reporting by Paul Carsten; Additional reporting by Chijioke Ohuocha; Editing by Catherine Evans and Hugh Lawson) 

Released: 2018-2-28T20:07:12.000Z"
Nigerian  central bank  injects $210 mln into  currency  market,2018-02-19,"ABUJA, Feb 19 (Reuters) - Nigeria's central bank said on Monday it had injected $210 million into the interbank foreign exchange market, extending efforts to boost liquidity and alleviate dollar shortages.

The bank said in a statement it had released $100 million earmarked for the wholesale market, $55 million for small businesses and individuals, and $55 million for certain dollar expenses such as school fees and medical bills.

Nigeria's central bank is committed to ""intervention in the interbank foreign exchange market, in line with its pledge to sustain liquidity in the market and maintain stability"", it said.

The Central Bank of Nigeria said its aim was ""reducing the country's import bills and halting depletion of its foreign reserves"". (Reporting by Paul Carsten; Editing by Kevin Liffey) 

Released: 2018-2-19T21:55:13.000Z"
UPDATE 1-Nigerian regulators set deadline for 9mobile takeover bid,2018-01-11,"(Adds details, quote, background)

ABUJA, Jan 11 (Reuters) - Nigerian regulators have set a Jan. 16 deadline for receipt of binding offers from prospective bidders to acquire debt-laden telecom firm 9mobile, the telecoms regulator said on Thursday.

The Nigerian Communications Commission (NCC) alongside the central bank approved the deadline after 9mobile's board requested a time extension, the NCC said.

It added that Barclays Africa will review bids submitted before the deadline and make recommendations to 9mobile.

Nigerian lenders picked Barclays Africa to try to find new investors for 9mobile after banks took over the telecoms firm, formerly called Etisalat Nigeria, for defaulting on its loan.

""The winner will now apply to NCC in order to commence the processes for securing the regulatory approvals ... to give full effect to the transfer,"" the regulator said in a statement.

Etisalat Nigeria took out a $1.2 billion syndicated loan from a group of 13 local banks but struggled to make repayments due to a currency crisis and recession in Nigeria last year.

The Nigerian central bank then intervened to save the company from collapse and prevent creditors from putting it into receivership, leading to a change in its board and management, as well as the new name 9mobile.

The crisis forced the telecoms company's one-time parent Etisalat to terminate its management agreement with its Nigerian business and surrender its 45 percent stake to a trustee following the central bank intervention.

Private equity firm Helios Investment Partners has submitted a bid to acquire 9mobile. Nigeria's Globacom and Bharti Airtel's local subsidiary have also submitted bids, sources say.

Since the debt issue, 9mobile, the country's fourth biggest operator, has lost subscribers. In October its total number of users had fallen to 17.1 million, giving it a 12.2 percent market share, from 20 million subscribers with a 14 percent share earlier this year, the telecoms regulator said.

South Africa's MTN, the market leader has 36.1 percent. (Reporting by Camillus Eboh; Writing by Chijioke Ohuocha, editing by David Evans) 

Released: 2018-1-11T18:28:19.000Z"
"UPDATE 1-AFRICA  FX  - Kenya shilling, Zambia kwacha to firm, Ugandan shilling to weaken",2018-01-11,"(Adds Nigeria)

NAIROBI, Jan 11 (Reuters) - Kenya's shilling and Zambia's kwacha are expected to strengthen against the dollar over the week to next Thursday, while the Ugandan and Tanzanian shillings are forecast to weaken, traders said.

KENYA

The Kenyan shilling is expected to strengthen due to improved dollar inflows from remittances and horticulture, while general importer demand is also seen increasing.

Commercial banks quoted the shilling at 103.15/35 per dollar, the same as last Thursday's close.

""It could gain against the dollar because of improved inflows from remittances from overseas,"" said a senior trader from a commercial bank.

UGANDA

The Ugandan shilling is expected to weaken and probably go past 3,700 in the coming days due to demand for dollars from manufacturing and energy companies and offshore investors selling government securities.

Commercial banks quoted the shilling at 3,655/3,665, weaker than last Thursday's close of 3,640/3,650. On Wednesday Bank of Uganda sold an undisclosed amount of dollars to relieve the downward pressure on the shilling.

""We anticipate that the central bank will be quite active ... and manage the depreciation but if they stay out we'll hit 3,700,"" Faisal Bukenya, head of treasury at Exim Bank, said.

NIGERIA

The naira is expected to be largely unchanged for foreign investors next week after a slow start of trading at the beginning of the year.

The naira traded at 360 to the dollar for investors, compared with last Thursday's close of 362.

Traders said volumes were low but foreign investors have resumed selling which would help boost dollar liquidity on the currency market.

On the official market, it was quoted at 305.80, supported by central bank's regular intervention. Nigeria has at least five exchange rates for the naira.

TANZANIA

The Tanzanian shilling is expected to weaken slightly, weighed down by dollar demand from oil companies and subdued agriculture exports.

Commercial banks quoted the shilling at 2,240/2,245 to the dollar on Thursday, weaker than 2,239/2,244 a week ago.

""The shilling will likely weaken next week due to increased demand for dollars from oil importers,"" said a trader at CRDB Bank.

GHANA

Ghana's cedi is expected to remain stable on improving liquidity, helped by positive market sentiment and targeted central bank support.

The local unit was trading at 4.5490 to the dollar compared with 4.5407 at last Thursday's close.

""We do not expect a significant departure in the dollar/cedi trend in the coming week due to slow activities in the early weeks of the year,"" said Raphael Adubila, Treasury officer of the Accra-based Northstar Home Finance.

ZAMBIA

The kwacha is expected to strengthen, helped by companies selling dollars to pay taxes.

Commercial banks quoted the currency of Africa’s second-largest copper producer at 9.8200 per dollar, up from 10.1000 a week ago.

""The local unit is expected to remain bullish in the interim should supply continue to outweigh demand,"" Cavmont Bank said in a note. (Reporting by John Ndiso, Fumbuka Ng'wanakilala, Elias Biryabarema, Chris Mfula, Kwasi Kpodo and Chijioke Ohuocha; Compiled by George Obulutsa Editing by Jeremy Gaunt) 

Released: 2018-1-11T16:14:25.000Z"
"Helios, others bid for Nigerian telecoms firm 9mobile -sources",2017-12-08,"LAGOS, Dec 8 (Reuters) - Private equity firm Helios Investment Partners has submitted a bid to acquire Nigeria's 9mobile under a sale process aimed at finding new investors for the debt-laden telecoms firm, one person fimilar with the matter told Reuters.

Nigerian lenders have picked Barclays to try to find new investors for 9mobile after banks took over the telecoms firm, formerly called Etisalat Nigeria, for defaulting on its loan.

Since the debt issue, 9mobile, the country's fourth biggest operator, has lost subscribers. In October its total number of users had fallen to 17.1 million, giving it a 12.2 percent market share, from 20 million subscribers with a 14 percent share earlier this year, the telecoms regulator said.

South Africa's MTN, the market leader has 36.1 percent.

Nigeria's Globacom and Bharti Airtel's local subsidiary also submited bids, another source familiar with the matter said.

Smile Telecoms and Teleology Holdings Limited have been shortlisted, Business Day reported.

Helios declined to comment. Globacom, Airtel, Smile and Teleology could not be reached for comment.

Bidders are required to submit a firm financial bid and conduct due diligence by Dec 31, the local paper reported.

Etisalat Nigeria took out a $1.2 billion syndicated loan from a group of 13 local banks but struggled to make repayments this year due to a currency crisis and recession in Nigeria.

The Nigerian central bankintervened to save the company from collapse and prevent creditors from putting it into receivership, leading to a change in its board and management, as well as the new name 9mobile.

The crisis forced the telecoms company's one-time parent Etisalat to terminate its management agreement with its Nigerian business and surrender its 45 percent stake to a trustee following the central bank intervention. (Editing by Greg Mahlich) 

Released: 2017-12-8T15:33:53.000Z"
"Nigeria's Economy Expected to Grow 3.5% in 2018, President Says",2017-11-07,"   Special to Dow Jones Newswires 
 

IBADAN, Nigeria--Nigeria's economy is forecast to grow 3.5% in 2018, President Muhammadu Buhari said Tuesday in his budget speech.

The president also said the inflation rate is expected to reach 12.4% next year, while the naira's exchange rate is projected at NGN305 to the dollar.

Mr. Buhari said stability has been restored to the country's foreign-exchange market due to intervention by the Central Bank of Nigeria to improve access to liquidity, discourage currency speculation and increase net foreign-exchange inflows.

""Indeed, by the second quarter of 2017, exports significantly outpaced imports, resulting in a trade surplus of NGN506.5 billion ($1.4 billion),"" Mr. Buhari said.

The naira has stabilized recently as the CBN intervened with dollar sales in the official market. The naira is trading around NGN306 to the dollar in the official market but has been fetching around NGN360 to the dollar in the parallel market.

Last year, a shortage of dollars due to plummeting oil prices adversely affected businesses, with traders and manufacturers unable to import essential goods and raw materials for production. This resulted in a scarcity of essential goods, the closure of factories and high unemployment.

Mr. Buhari said Nigeria's external reserves had increased to $34 billion as of Oct. 30, higher than the $32 billion on Sept. 22 announced by the CBN. Increases in oil prices accounted for the rise in external reserves.

Earlier Tuesday, Mr. Buhari's office unveiled a proposed national budget of NGN8.612 trillion for 2018 that would result in a projected deficit of NGN2.005 trillion.

As of June 30, Nigeria's total debt had climbed to NGN19.6 trillion, according to the Debt Management Office. For 2018, the government has allocated NGN2.014 trillion for debt service, up from NGN1.841 trillion in 2017.

The country has been borrowing to support its 2017 budget. Mr. Buhari recently sought Senate approval for a $5 billion loan package.

""We are closely monitoring our debt service to revenue ratio. We shall address this ratio through our non-oil revenue-generation drive and restructuring of the existing debt portfolio,"" Mr. Buhari said. ""Presently, domestic debt accounts for about 78% of the total debt.""

Write to Obafemi Oredein at barcelonaeditors@dowjones.com

(END) Dow Jones Newswires

November 07, 2017 17:18 ET (22:18 GMT)"
UPDATE 1-Nigerian lenders pick Barclays to find new investors for 9mobile -sources,2017-10-19,"(Adds details, background)

By Chijioke Ohuocha

LAGOS, Oct 19 (Reuters) - Nigerian lenders have picked Barclays to try to find new investors for debt-laden 9mobile, two banking sources said on Thursday.

Barclays has started work on the mandate and is in the process of setting up a database for prospective investors to conduct due diligence, they said.

Banking sources had previously said Citigroup and Standard Bank were in the running for the role.

But the lenders decided against them due to their previous links with 9mobile, the sources said on Thursday. Standard's local unit, Stanbic IBTC Bank, is among the group of lenders to 9mobile while Citi has advised the telecom company, formerly known as Etisalat Nigeria, in the past, they said.

Barclays was not immediately available for comment.

Etisalat Nigeria took out a $1.2 billion syndicated loan from a group of 13 local banks but struggled to make repayments this year due to a currency crisis and recession in Nigeria.

The Nigerian central bankintervened to save the company from collapse and prevent creditors from putting it into receivership, leading to a change in its board and management, as well as the new name 9mobile.

The crisis forced the telecoms company's one-time parent Etisalat to terminate its management agreement with its Nigerian business and surrender its 45 percent stake to a trustee following the central bank intervention.

9mobile CEO Boye Olusanya has said he is focused on getting the telecoms company back on track to make a profit, while working on the paperwork to eventually raise new capital, adding the company was open to new investors.

Lenders have put a freeze on collecting the principal and interest payments on the syndicate loan pending new investors, in order to help the company survive, the sources told Reuters.

They have also held back on taking provisions for the syndicated loan and agreed to extend it after the regulatory intervention in July.

The sources said the central bank had asked the lenders to take a five percent provision on the loan as part of their-quarter results due this month.

Some lenders, such as Zenith Bank, UBA , and Access Bank, have made already provisions to cover direct lending to 9mobile outside the syndicated loan.

9mobile has 20 million subscribers with a 14 percent share of the Nigerian market. South Africa's MTN is the market leader with 47 percent, Nigeria's Globacom has 20 percent and Bharti Airtel's local subsidiary has 19 percent. (Editing by Mark Potter) 

Released: 2017-10-19T18:28:48.000Z"
Nigeria naira eases on black market as dollar demand resurfaces,2017-08-23,"LAGOS, Aug 23 (Reuters) - Nigerian naira fell on the black market on Wednesday, pressured by demand for dollars from Muslim pilgrims travelling to Saudi Arabia for the haj and individuals paying for school fees abroad.

The naira was quoted at 370 to the dollar on the black market on Wednesday as against 368 naira its previous session, traders said.

The currency has traded within a range of 359 to 366 naira to the dollar for investors and on the parallel market over the past two weeks. It is stuck at around 305 levels on the official market boosted by central bank intervention.

Nigeria has at least five exchange rates -- including for the haj -- which it has used to mask pressure on the naira. The central bank has been working to converge the rates through regular dollar sales.

On Wednesday the bank announced that it will sell the U.S. currency to clear backlog demand for airlines and to importers of petroleum products and raw materials.

Traders said demand has resurfaced in the past one week as private individuals with certain expenses in hard currency source for dollars.

Nigeria's parliament in July recommended that Muslim pilgrims travelling to Saudi Arabia this year should be able to buy their dollars for 200 naira, far below the official rate.

Aminu Gwadabe, president of the Bureau de Change operators told Reuters that pressure was coming from pilgrims travelling for haj and that central bank had not granted any concessions.

Gwadabe said dollar liquidity among exchange bureaus was low as some of his members refused to participate at a central bank currency auction over tight margins as the regulator tries to converge the different rates on offer. (Reporting by Oludare Mayowa; Editing by Chijioke Ohuocha/Jeremy Gaunt) 

Released: 2017-8-23T17:36:36.000Z"
MTN - MTN GROUP LIMITED - Reviewed Condensed Consolidated Financial Results for the six months ended 30 June 2017,2017-08-03,"Reviewed Condensed Consolidated Financial Results for the six months ended 30 June 2017

MTN Group Limited
(Incorporated in the Republic of South Africa)
(Registration number 1994/009584/06)
(Share code MTN)
(ISIN ZAE000042164)
(""MTN"" or ""the Group"")

REVIEWED CONDENSED CONSOLIDATED FINANCIAL RESULTS FOR THE SIX MONTHS ENDED 30 JUNE 2017

SALIENT FEATURES
Group revenue                                 Group service revenue       
up by 6,7%*                                   up by 7,5%*                      
(decreased by 18,5%)                          (decreased by 19,1%)        
to R64 315 million                            to R60 003 million          

Data revenue                                  Digital revenue             
up by 31,9%*                                  up by 24,7%*                     
(increased by 9,6%)                           (decreased by 9,3%)         
to R13 952 million                            to R6 460 million           

Active MTN Mobile Money customers             EBITDA                       
up by 2,7 million                             up by 3,1%*              
to 17,9 million                               (decreased by 27,7%)
                                              to R21 179 million  
                                                
EBITDA margin                                 Positive HEPS of  
down by 4,2 percentage                        217 cents**
points to 32,9%                                       

Adjusted free cash flow                       Interim dividend of         
down by 2,7%*                                 250 cents            
(29,8%)                                       per share declared          
to R10 874 million               

*  Constant currency information.
** Reported - includes the impact of pro forma adjustments as defined.
EBITDA margin and numbers in brackets exclude pro forma adjustments as defined.


RESULTS OVERVIEW
Group President and CEO, Rob Shuter comments: 
""We are seeing pleasing progress in our key growth drivers of data and digital services against headwinds of
challenging macro-economic conditions and foreign exchange currency pressures. We continue to strengthen our 
focus on operational excellence with our six strategic pillars integrated in our new BRIGHT strategy. Our 
focus during the second half of the year will be to entrench our BRIGHT strategy, complete our network 
investment programme and build medium-term financial KPIs and targets for the BRIGHT strategy.""

Note: Certain financial information presented in these interim financial results constitutes pro forma 
financial information. The pro forma financial information is the responsibility of the Group's Board of 
directors (the Board) and is presented for illustrative purposes only. Because of its nature, the pro forma 
financial information may not fairly present MTN's financial position, changes in equity, results of 
operations or cash flows. The pro forma financial information, including the constant currency information 
(refer below) as well as any forward looking financial information incorporated in these condensed 
consolidated interim financial results, have not been audited or reviewed or otherwise reported on by 
our external joint auditors.
1. The financial information presented in these condensed consolidated financial results has been prepared 
   excluding the impact of hyperinflation and the relating goodwill and asset impairments, tower profits 
   (including a profit of R6 017 million relating to the profit realised on the exercise of the IHS exchange 
   right whereby the Group's interest in the Nigeria Tower Company was exchanged for additional shareholding 
   in IHS Holdings) and the Nigerian regulatory fine (consisting of the re-measurement impact when the 
   settlement was entered into and the finance costs recognised as a result of the unwind of the initial 
   discounting of the liability) (the pro forma adjustments) and constitutes pro forma financial information 
   to the extent that it is not extracted from the segment disclosure included in the reviewed condensed 
   consolidated interim financial statements for the period ended 30 June 2017. This pro forma financial 
   information has been presented to eliminate the impact of the pro forma adjustments from the financial 
   results in order to achieve a comparable analysis period on period. The pro forma adjustments have been 
   calculated in terms of the Group's accounting policies disclosed in the consolidated financial statements 
   for the year ended 31 December 2016. 
2. Constant currency information has been presented to illustrate the impact of changes in currency rates on 
   the Group's results. In determining the change in constant currency terms, the current financial reporting 
   period's results have been adjusted to the prior period average exchange rates determined as the average 
   of the monthly exchange rates which can be found on www.mtn.com/investors. The measurement has been performed 
   for each of the Group's currencies, materially being that of the US dollar and Nigerian naira. The constant 
   currency growth percentage has been calculated based on the current year constant currency results compared 
   to the prior year results. In addition, in respect of MTN Irancell, MTN Sudan, MTN South Sudan and MTN Syria, 
   the constant currency information has been prepared excluding the impact of hyperinflation. Hyperinflation 
   accounting was discontinued for MTN Irancell and MTN Sudan on 1 July 2015 and 1 July 2016 respectively. 
   The economy of South Sudan was assessed to be hyperinflationary effective 1 January 2016, and hyperinflation 
   accounting was applied from December 2016 onwards.
*  Constant currency information. 
** Reported - includes the impact of the pro forma adjustments as defined.

The Group's results are presented on a regional basis in line with the Group's operational structure. 
This comprises South and East Africa (SEA), West and Central Africa (WECA) and Middle East and North Africa 
(MENA) and their respective underlying operations as further outlined below.

The SEA region includes: South Africa, Uganda, Zambia, Rwanda, South Sudan, Botswana (joint venture, equity 
accounted), Swaziland (joint venture, equity accounted) and Business Group. The WECA region includes: Nigeria, 
Ghana, Cameroon, Ivory Coast, Benin, Congo-Brazzaville, Liberia, Guinea-Conakry and Guinea-Bissau. The MENA 
region includes: Iran (joint venture, equity accounted), Syria, Sudan, Yemen, Afghanistan and Cyprus. 
Although Iran, Botswana and Swaziland form part of their respective regions geographically and operationally, 
they are excluded from their respective regional results because they are equity accounted for by the Group.

OVERVIEW
MTN delivered improved results for the six months ended 30 June 2017 and is on track to meet the financial 
year 2017 (FY2017) guidance communicated in March 2017. Macro-economic conditions remain challenging across 
a number of our markets, with Nigeria continuing to experience a weaker naira as well as hard currency 
liquidity challenges. Although South Africa entered a technical recession in the first quarter, the rand 
strengthened considerably against the US dollar during the period, while many of the currencies in our 
other markets weakened. Despite these macro-challenges, the Group continues to deliver on its 
operational targets.

During the past six months the management team undertook a thorough review of the Group strategy and developed 
a clear growth plan for MTN that will be arranged under six strategic pillars comprising: Best customer experience; 
Returns and efficiency focus; IGNITE commercial performance; Growth through data and digital; Hearts and minds; 
and Technology excellence. We refer to this as the ""BRIGHT"" strategy. 

BRIGHT builds on work done over the past 18 months, in particular the Project IGNITE, our operational execution
programme embarked on last year, in our two largest markets MTN South Africa and MTN Nigeria.

Group revenue in constant currency grew by 6,7%* to R64 315 million, underpinned by 10,8%* growth in revenue in
Nigeria and a 5,2% (on an organic basis) improvement in service revenue growth in South Africa. MTN Uganda, MTN 
Ghana and MTN Ivory Coast also contributed positively to the Group's top-line growth. MTN Cameroon experienced 
a challenging period, negatively impacted by the data network shutdown in some parts of the country in the 
first quarter.

The improvement in Group revenue was mostly attributable to strong growth in data and digital revenue, supported 
by stable outgoing voice revenue. Data revenue increased by 31,9%* to R13 952 million, supported by the improved 
quality and capacity of our data networks in key markets. Digital revenue increased by 24,7%*, driven mainly by 
mobile financial services (MFS). MFS continued to gain traction, with the Group adding 2,7 million active MTN 
Mobile Money (MoMo) customers in the first half of the year. Outgoing voice revenue remained flat for the period 
at R32 768 million. 

The Group's reported earnings before interest, tax, depreciation and amortisation, impairment of goodwill, net
monetary gains and share of results of joint ventures and associates after tax (EBITDA) margin was 37,9%**. This 
was mainly as a result of the once-off profit (R6 017 million) realised on the exercise of the exchange right 
where the Group's interest in the Nigeria Tower InterCo B.V. (INT) was exchanged for a higher shareholding in 
IHS Holding Limited (IHS). This was partly offset by fixed asset impairments for MTN Sudan (R1 690 million) and 
MTN Syria (R1 125 million) relating to the carrying value previously written up under hyperinflation. 

On an operational basis (excluding pro forma adjustments), the Group's EBITDA margin declined by 4,2 percentage points
(pp) to 32,9%. MTN Nigeria's EBITDA margin (excluding the Nigerian regulatory fine) declined by 11,5pp* to 38,3%*. 
This was largely as a result of higher foreign-currency-denominated expenses in Nigeria following the depreciation 
of the naira against the US dollar. This was partly offset by a 3,4pp growth to 33,5% in the EBITDA margin in 
South Africa. The MTN South Africa margin improvement was largely supported by lower handset subsidies and volumes, 
as well as a strong rand benefiting the cost of handsets in the period. MTN Uganda, MTN Ghana and MTN Ivory Coast 
reported an increase in EBITDA margins while MTN Cameroon's margin declined largely as a result of lower 
revenue growth.

Reported headline earnings per share (HEPS) were 217 cents** compared to a 271 cents** headline loss per share in 
the comparable period, impacted by the Nigerian regulatory fine of 474 cents** (454 cents of the Nigerian fine fully
expensed and 20 cents of the interest unwind). In the current period, the Nigerian regulatory fine interest unwind 
reduced HEPS by 24 cents. 

Subscriber numbers in the period decreased by 3,6% to 231,8 million impacted by a decline in subscriber numbers in 
MTN Nigeria and MTN Ghana. This was largely a result of the Group's initiative to modernise subscriber definitions 
to reflect the business's changing mix of revenue streams. The implementation of the modernised definitions continues 
and is expected to be completed by the end of the year.

The Group continued to invest in the roll out of network and information technology across its markets. Capital
expenditure (capex) was lower than expected, impacted by limited foreign currency availability in Nigeria, some 
execution challenges as well as the seasonality of the capex cycle. In the period, a total of 4 404 3G and 
3 478 4G co-located sites were rolled out. 

PROSPECTS AND GUIDANCE 
Africa and the Middle East remain among the world's key growth regions over the medium to long term. As the prospects
for telecommunications are closely aligned to this growth trajectory, we see a number of opportunities and believe that
MTN is well placed to benefit given our unique position in the markets in which we operate. 

With a strengthened leadership team, the Group continues to work towards achieving our vision ""to lead the delivery of
a bold, new Digital World to our customers"". We will continue to leverage our scale and enhance our competitive
position, benefiting from favourable demographic growth (that will mitigate expected future declines in voice revenue), 
low data penetration in our markets and the unique opportunity we have to provide our customers with a wide range of 
digital services across our operations.

To ensure that management remains focused on delivering on the BRIGHT strategy to the benefit of our stakeholders, 
we will establish clearly defined initiatives and KPIs for each of the six areas of ""BRIGHT"" in the second half 
of the year. We expect these initiatives to support improved top-line growth, EBITDA margins and cash flow over 
the medium term. 

Our recent extensive capex investments across our operations will enable the business to provide a superior customer
experience and competitive data networks. This will support the increasing demand for data and digital services. 
We have reduced our capex guidance for 2017 to R30,0 billion from previous guidance of R34,8 billion. We expect 
to accelerate expenditure in the second half and meet the revised capex guidance for the full year.

MTN Nigeria continues to make progress with preparations to list MTN Nigeria shares on the Nigerian Stock Exchange. 
We anticipate completing this process in 2018, should market conditions permit. MTN Ghana is working with relevant
regulators on a transaction to increase Ghanaian ownership of MTN Ghana shares. We expect to complete this in the 
course of 2017.

We remain on track to meet our FY2017 guidance despite the muted economic growth forecast across our markets. 

In South Africa, we expect mid-single-digit service revenue growth and EBITDA margin expansion of 50 and 100 basis
points year-on-year (YoY). This will be supported by a strong focus on customer service and significantly improved 
network quality, capacity and speed. Targeted cost-optimisation initiatives will support EBITDA growth. We do not 
expect the recent credit ratings downgrade of MTN following the sovereign downgrade of South Africa to have a 
material impact on existing facilities or the cost of new funding in 2017.

In Nigeria, we anticipate upper single-digit revenue growth YoY. This will be supported by an improved competitive
position, improved network quality and capacity, smartphone penetration and an increased focus on growing data and 
digital revenue. We expect continued improvement in foreign currency liquidity following central bank interventions 
since February 2017. Encouragingly, post period end MTN Nigeria declared an interim dividend which after adjusting 
for withholding taxes and minorities will result in USD95 million being received by MTN Group.

In Iran, we expect to benefit from growth in the Iranian economy and from the country's youthful population,
particularly in the digital services space. The Group will continue to focus on the upstreaming of dividends across 
all operations, including MTN Irancell.

Any forward-looking financial information disclosed in this results announcement has not been reviewed or audited 
or otherwise reported on by our external joint auditors.

DIVIDENDS
The Board has declared an interim dividend of 250 cents per share. This is in line with the FY2017 guidance 
of 700 cents per share communicated in March 2017.

2017 Capital expenditure guidance          
                  Old      Capitalised      Capitalised    
                                   guidance             June             June    
ZAR (million)       Estimated          2017             2017             2016    
SEA                    13 152        13 368            4 129            5 626    
South Africa           11 501        11 526            3 475            4 773    
Uganda              886           992              356              364    
Other                     765           850              298              489    
WECA                   13 840        16 314            5 368            6 975    
Nigeria                 6 966         9 543            2 749            2 534    
Ghana                   2 435         2 164              912            1 646    
Cameroon                1 077           834              694            1 121    
Ivory Coast             1 575         1 690              499              842    
Other                   1 787         2 083              514              832    
MENA                    1 888         2 134              734            1 064    
Syria                     716           840               85              191    
Sudan                     325           376              268              549    
Other                     847           918              381              324    
Head office             1 074         2 937               74              107    
Total                  29 954        34 753           10 305           13 772    
Hyperinflation              -             -                3           78    
Total reported         29 954        34 753           10 308           13 850    
Iran (49%)#             5 727         5 396            3 850            2 313    

#Excluding hyperinflation.

FINANCIAL REVIEW
Reconciliation of pro forma financial information                               
ZAR (million)                    IFRS    Hyper-                  Nigeria    Opera-       IFRS    Hyper-                  Nigeria     Opera-    Adjusted    
                             reported    infla-       Tower   regulatory    tional   reported    infla-       Tower   regulatory     tional      change     
                                 1H17   tion(1)   profit(2)      fine(3)      1H17       1H16   tion(1)   profit(2)      fine(3)       1H16           %    
Revenue         64 386        71           -            -    64 315     79 115       237           -            -     78 878       (18,5)   
Other income                    6 090         -       6 030            -        60        367         -          18            -        349       (82,8)   
EBITDA                         24 399    (2 810)      6 030            -    21 179     18 882        90          18      (10 499)    29 273       (27,7)   
Depreciation, amortisation                                                                                                                
and impairment of goodwill#    14 374       722           -            -    13 652     13 691        77           -            -     13 614         0,3    
Profit from operations         10 025    (3 532)      6 030            -     7 527      5 191        13          18      (10 499)    15 659       (53,7)   
Net finance cost                3 457       (15)          -          537     2 935      5 945        32           -          452      5 461       (46,3)   
Net monetary gains                 67        67           -            -         -        919       919           -            -          -           -    
Share of results of joint                                                                                                                    
ventures and associates                                                                                                                      
after tax                         602      (640)          -            -     1 242     (1 692)   (1 039)       -            -       (653)         NM   
Profit/(loss) before tax        7 237    (4 090)      6 030         (537)    5 834     (1 527)     (139)         18      (10 951)     9 545       (38,9)   
Income tax expense              2 312      (205)          -            -     2 517      4 726        32           -            -      4 694       (46,4)   
Profit/(loss) after tax         4 925    (3 885)      6 030         (537)    3 317     (6 253)     (171)         18      (10 951)     4 851       (31,6)   
Non-controlling interests        (282)     (779)          -         (114)      611       (764)      204           -       (2 319)     1 351       (54,8)   
Attributable profit/(loss)      5 207    (3 106)      6 030         (423)    2 706     (5 489)     (375)         18       (8 632)     3 500       (22,7)   
EBITDA margin                   37,9%                                        32,9%      23,9%                                         37,1%     (4,2)pp    
Effective tax rate              31,9%                                        43,1%    (309,6%)                                        49,2%     (6,1)pp    

(1) Represents the exclusion of the impact of hyperinflation and related goodwill and asset impairments for certain
    of the Group's subsidiaries (MTN Syria, MTN South Sudan and MTN Sudan) being accounted for on a hyperinflationary 
    basis in accordance with International Financial Reporting Standards (IFRS) on the respective financial statement 
    line items affected. 

    The economies of Iran and Sudan were assessed to no longer be hyperinflationary effective 1 July 2015 and 
    1 July 2016 respectively  and hyperinflation accounting was discontinued from this date onwards.

    The economy of South Sudan was assessed to be hyperinflationary effective 1 January 2016 and hyperinflation
    accounting was applied from this date onwards.

    Included in EBITDA is the fixed asset impairments for MTN Sudan (R1 690 million) and MTN Syria (R1 125 million)
    relating to the carrying value previously written up for the impact of hyperinflation. 

#   An amount of R192 million of the goodwill impairment on MTN Sudan relates to the carrying value previously written
    up for the impact of hyperinflation. 

(2) Represents the exclusion of the financial impact relating to the sale of tower assets during the financial period
    on the respective financial line items impacted, which include: 
    - Tower profits, including R6 017 million relating to the profit realised on the exercise of the exchange right
      where the interest in the Nigeria tower company was exchanged for an increased shareholding in IHS Holdings.
    - Release of Ghana deferred gain of R13 million (1H16: R18 million). 

(3) Represents the impact of the Nigerian regulatory fine subsequent to conclusion of the settlement agreement during
    2016 on the respective financial line items impacted, which include: 
    - 2016: The remeasurement impact when the settlement agreement was entered into on 10 June 2016, constituting the
      difference between the balance of the provision recorded on this date (after taking into account finance cost 
      accrued from the beginning of the financial year up to 9 June 2016) and the present value of the financial 
      liability arising on this date in accordance with IFRS (included in the EBITDA line);
    - 2016 and 2017: The finance cost impact recognised as a result of the unwind of the discounting of the provision
      (for the period from 1 January to 9 June 2016) and the financial liability (for the period from 10 June 2016 
      to 30 June 2016 and from 1 January 2017 to reporting date).

EXCHANGE RATES
The stronger rand and the significant year-on-year (YoY) depreciation of the naira against the US dollar had a
negative translation impact on rand reported results for the period. The average naira depreciated by 35,3% against 
the US dollar in comparison to the prior period. The average rand strengthened by 14,7% against the US dollar YoY 
and closed 5,2% higher than the previous period.

REVENUE
Group total revenue increased by 6,7%* to R64 315 million. This was supported by encouraging revenue growth in 
Nigeria (up 10,8%*), Uganda (up 9,4%*), Ghana (up 22,6%*) and Ivory Coast (up 13,0%*). This was mainly a result 
of strong data and digital revenue growth in these markets. MTN Cameroon reported a 4,2%* decline in revenue, 
while total revenue growth in MTN South Africa increased by 1,6%. 

Data revenue increased by 31,9%*, benefiting from significantly improved data network quality and capacity across 
our key markets and a 9,1% increase in data users to 122,7 million. Data revenue increased in South Africa 
(up 14,4%), Nigeria (up 70,4%*), Uganda (up 29,2%*), Ghana (up 65,9%*), Cameroon (up 14,1%*) and Ivory Coast 
(up 74,6%*). 

Digital revenue increased by 24,7%*, underpinned by solid growth in MFS. This was partly offset by slower growth in
value-added services (VAS) revenue, impacted by the ongoing review of VAS across our markets, in particular Nigeria.

Outgoing voice revenue remained flat. This is a positive reinforcement of our work to stem the decline in the
contribution of voice to the business, particularly in Nigeria. 

COSTS
Total costs increased by 12,5%*, negatively impacted by foreign-denominated expenses in Nigeria and costs 
associated with the rollout of network sites in the period. Lower handset cost subsidies and volumes as well 
as a strong rand benefited the total cost of handsets in South Africa. 

EBITDA
Group EBITDA declined by 3,1%*, mainly impacted by a 14,8%* decrease in MTN Nigeria's EBITDA as a result of higher
foreign-denominated expenses following the depreciation of the naira against the US dollar. This was, however, 
offset by a 13,1% increase in MTN South Africa's EBITDA. MTN Uganda (up 20,5%*), MTN Ghana (up 15,6%*) and 
MTN Ivory Coast (up 10,2%*) contributed positively to Group EBITDA while MTN Cameroon recorded a 22,1%* 
decline in EBITDA. Head office costs were lower than the prior comparable period mainly as a result of 
a number of once-off costs incurred in the prior period.

Consequently, the Group EBITDA margin decreased by 4,2 percentage points to 32,9%.

DEPRECIATION, AMORTISATION AND IMPAIRMENT OF GOODWILL
The Group depreciation charge increased by 9,0%* to R9 123 million as a result of higher capex in 2016. 
Amortisation costs increased by 25,7%* to R2 090 million, mainly because of higher spend on software in the 
previous period. Non-hyperinflation-related goodwill impairments consisted of impairments in MTN Afghanistan 
(R841 million), MTN Sudan (R791 million) and MTN Yemen (R807 million).

NET FINANCE COSTS
Net finance costs decreased by 46,3% to R2 935 million. This was mainly due to a 58,0% reduction in net foreign
exchange (forex) losses to R1 515 million for the period. The decline in forex losses was largely as a result 
of lower foreign-denominated receivables in Mauritius following the repatriation of funds from MTN Irancell 
in 2016. A 23,5% decrease in the Group's net interest charge was driven by the stronger rand against the 
US dollar, resulting in lower finance costs paid on US dollar bonds as well as the translation of the Nigeria 
finance charge following a weaker naira against the rand. South Africa and Dubai reported forex gains in
the period.

Net forex losses mainly included:
- Forex losses in head office of R578 million due to the Iran dividend repatriation and the short-term loan 
  to MTN Irancell;
- Forex losses in Nigeria of R893 million incurred on US dollar-denominated third-party payables; and
- Forex losses of R191 million in Sudan on foreign-denominated third-party funding and payables.

SHARE OF RESULTS OF JOINT VENTURES AND ASSOCIATES AFTER TAX
Joint ventures and associates reported a profit of R1 242 million compared to a loss of R653 million in the
comparative period. This was mainly as a result of the exercise of the exchange right where MTN exchanged 
its 51% shares of Nigeria Tower InterCo B.V. for an increased equity stake in IHS. Following this 
transaction (effective 1 February 2017), we no longer own and equity account for a share of the results 
of INT. 

TAXATION
The reported effective tax rate was 31,9%**, impacted mainly by lower normalised profit before tax (PBT) 
and the effects of tower profits, the turnover-based tax system in Sudan, the Sudanese impairments, as well 
as withholding taxes on upstreamed dividends and other fees.

The Group's reported taxation charge decreased by 51,1%** to R2 312 million for the period. This was impacted 
by higher taxable income in the prior period.

EARNINGS
Reported headline earnings per share (HEPS) were 217 cents** compared to a 271 cents** headline loss per share 
in the comparable period. 

CASH FLOW
Cash inflows from operations decreased to R17 763 million**. This was mainly as a result of lower attributable 
profits in Nigeria. The repatriation of cash from MTN Irancell of R6 509 million supported cash flows for the 
period. Key cash outflows for the period included dividends paid of R8 475 million** and cash capex of 
R12 419 million**.

CAPITAL EXPENDITURE
Capex decreased by 25,2% (3,6%*) to R10 305 million. Capex in the first half of the year was slower than expected,
impacted by limited foreign currency availability in Nigeria, some execution challenges as well as the seasonality 
of the capex cycle.

FINANCIAL POSITION
Net debt increased to R52 337 million** from R51 902 million** reported at year-end. The increase was mainly impacted
by lower cash generated from operations offset by cash repatriated from Iran amounting to R6 509 million** and an
increase in head office net debt.

OPERATIONAL REVIEW OF KEY MARKETS

South and East Africa (SEA)
- Subscribers increased by 0,3% to 54,9 million
- Revenue increased by 2,9%*
- Data revenue increased by 14,5%*
- Digital revenue increased by 29,6%*

South Africa
- Subscribers increased by 1,5% to 31,2 million
- Revenue increased by 1,6%
- Service revenue increased by 5,2%# 
- Data revenue increased by 18,5%# 
- Digital revenue increased by 37,6%
- EBITDA margin increased by 3,4pp to 33,5%
- Capex decreased by 27,2% to R3 475 million
# On an organic basis.

MTN South Africa delivered an encouraging performance, supported by a strong prepaid performance, network 
expansion and a strengthened leadership team. The subscriber base increased by 1,5% to 31,2 million. The 
prepaid segment's subscriber base increased by 1,7% to 26,0 million, while the postpaid segment showed 
early signs of a recovery and increased its subscriber base by 0,2% to 5,2 million. Total revenue increased 
by 1,6% to R20 156 million. Service revenue increased by 5,2%# to R16 753 million, supported by strong growth 
in data revenue and digital revenue, up 18,5%# and 37,6% respectively. Prepaid service revenue increased 
by 9,2% while we saw a decline in postpaid service revenue, down by 3,9%. 

MTN Uganda increased its subscriber base by 5,8% to 11,2 million, driven by attractive personalised bundled 
products, superior network quality and effective distribution. MTN Uganda successfully registered 89% of 
the subscriber base under the new SIM registration requirements ahead of the end-August 2017 deadline. 
Total revenue increased by 9,4%*, supported by strong growth in data and digital. Data revenue increased 
by 29,2%*. This was mainly underpinned by an increase in data traffic and good growth in data bundle adoption. 
Digital revenue increased by 19,7%*, supported mainly by MFS. The number of active MoMo customers increased 
by 11,3% to 4,6 million.

West and Central Africa (WECA) 
- Subscribers decreased by 8,5% to 102,3 million
- Revenue increased by 9,1%*
- Data revenue increased by 56,7%*
- Digital revenue increased by 23,1%*

Nigeria
- Subscribers decreased by 14,3% to 53,1 million
- Revenue increased by 10,8%*
- Data revenue increased by 70,4%*
- Digital revenue increased by 14,1%*
- EBITDA margin declined by 11,5pp to 38,3% (excluding the impact of the fine)
- Capex increased by 92,4%* to R2 749 million 

MTN Nigeria continued to focus on healthy growth despite a challenging macro-economic environment. The operation
continued to focus on reviewing and optimising both subscriber definitions and VAS subscriptions, placing some 
short-term pressure on subscriber net additions and VAS revenue. The subscriber base declined by 14,3% to 
53,1 million, following both this review as well as lower gross connections as a result of new regulations 
that require all subscriber connections take place in permanent structures. Total revenue increased by 10,8%*, 
largely attributable to strong data revenue growth. Data revenue increased by 70,4%*, benefiting from 
customised data offerings and improved network quality driving data usage. Digital revenue grew by 14,1%* 
with active MoMo customers growing by 22,9% to 1,9 million.

MTN Ghana continued to benefit from an improving economy. MTN Ghana's subscriber base declined by 10,3% to 17,3
million, impacted by the internal review of subscriber definitions. Strong growth in revenue, up by 22,6%*, was 
supported by data and digital revenue growth. Data revenue increased by 65,9%*, led by a data-bundled smartphone 
drive and youth value propositions. Digital revenue grew by 43,6%* with the number of active MoMo subscribers 
growing by 9,5% to 6,2 million.

MTN Cameroon continued to experience a challenging operating environment, following the data shutdown and a 
slowdown in economic activity which had a material impact on subscriber and revenue growth in the period. 
The subscriber base declined by 3,3% to 9,5 million and total revenue decreased by 4,2%*. Despite this, 
active MoMo customers more than doubled to 730 776.

MTN Ivory Coast showed a positive turnaround in the period. Benefiting from significant network investments, 
it increased its subscriber base by 16,2% to 11,0 million. Total revenue increased by 13,0%*, underpinned 
by good growth in outgoing voice and data revenue, up by 9,8%* and 74,6%* respectively. Digital revenue 
increased by 41,9%* with active MoMo customers increasing by 8,2% to 1,3 million. 

Middle East and North Africa (MENA)
- Subscribers increased by 1,1% to 74,5 million
- Revenue increased by 6,5%* (excluding Iran)
- Data revenue increased by 33,4%*(excluding Iran)
- Digital revenue increased by 22,2%* (excluding Iran)

IRAN (joint venture, equity accounted, 49%)
- Subscribers increased by 3,0% to 49,0 million
- Revenue increased by 17,2%*
- Data revenue increased by 67,7%*
- Digital revenue increased by 3,7%*
- EBITDA margin declined by 1,4pp to 36,3% 
- Capex increased by more than 100% to R3 850 million 

MTN Irancell delivered a solid performance despite pressure on data pricing. The number of subscribers 
increased by 3,0% to 49,0 million, supported by attractive data bundles and a superior quality 3G and 
4G network. Total revenue increased by 17,2%*, driven by increased data revenue. Data revenue increased 
by 67,7%*, supported by growth in data bundles, modernisation of 2G and 3G sites and expansion of the 
4G network. Digital revenue increased by 3,7%*, aided by an increase in local content offers.

LEGAL AND REGULATORY 
The Turkcell lawsuit currently before the South Gauteng High Court in South Africa is not a new action 
and was initiated by Turkcell Iletisim Hizmetleri A.S (Turkcell) and East Asian Consortium (EAC) in 2013. 
It relates to Turkcell's alleged grievances arising from its unsuccessful bid to obtain a mobile licence 
in Iran, and the awarding of that licence to MTN Irancell in 2005. Recent developments in the matter were 
procedural in nature and had nothing to do with the merits of the case. MTN continues to believe that 
there is no legal merit to Turkcell's claim and will accordingly oppose it.

BOARD CHANGES
Alan van Biljon, who served as lead independent director from 2011, stepped down from this role on 
31 May 2017. Alan will remain an independent non-executive director on the Board until his retirement at 
the end of the 2017 financial year. Alan Harper was appointed as the new lead independent director of the 
Board with effect from 1 June 2017. 

Rob Shuter and Ralph Mupita were appointed as executive directors of the Board with effect from 
13 March 2017 and 3 April 2017 respectively.

DECLARATION OF INTERIM ORDINARY DIVIDEND
Notice is hereby given that a gross interim dividend of 250 cents per share for the period to 
30 June 2017 has been declared. The number of ordinary shares in issue at the date of this declaration 
is 1 884 269 758 (including 9 983 286 treasury shares held by MTN Holdings and 76 835 378 shares held by 
MTN Zakhele Futhi).

The dividend will be subject to a maximum local dividend tax rate of 20% which will result in a net 
dividend of 200 cents per share to those shareholders who bear the maximum rate of dividend 
withholding tax of 50 cents per share. The net dividend per share for the respective categories 
of shareholders for the different dividend tax rates is as follows:
0%      250 cents per share
5%      237.50 cents per share
7,5%    231.25 cents per share
10%     225 cents per share
12,5%   218.75 cents per share
15%     212.50 cents per share

These different dividend tax rates are a result of the application of tax rates in various double-taxation 
agreements as well as exemptions from dividend tax.

MTN Group Limited's tax reference number is 9692/942/71/8. In compliance with the requirements of Strate, 
the electronic settlement and custody system used by the JSE Limited, the salient dates relating to the 
payment of the dividend are as follows:
Declaration date                                Thursday, 3 August 2017
Last day to trade cum dividend on the JSE       Tuesday, 22 August 2017
First trading day ex dividend on the JSE      Wednesday, 23 August 2017
Record date                                      Friday, 25 August 2017
Payment date                                     Monday, 28 August 2017

No share certificates may be dematerialised or rematerialised between Wednesday, 23 August 2017 and 
Friday, 25 August 2017, both days inclusive. 

On Monday, 28 August 2017, the dividend will be transferred electronically to the bank accounts of 
certificated shareholders who make use of this facility.

In respect of those who do not use this facility, cheques dated Monday, 28 August 2017 will be posted 
on or about this date. Shareholders who hold dematerialised shares will have their accounts held by 
the Central Securities Depository Participant or broker credited on Monday, 28 August 2017.

For and on behalf of the Board

RA Shuter                      PF Nhleko
Group President and CEO        Chairman 

2 August 2017
Fairland

REVIEWED CONDENSED CONSOLIDATED INTERIM FINANCIAL STATEMENTS IN ACCORDANCE WITH INTERNATIONAL FINANCIAL 
REPORTING STANDARD (IAS) 34 INTERIM FINANCIAL REPORTING
The Group's reviewed condensed consolidated interim financial statements for the six months ended 30 June 2017 have
been independently reviewed by the Group's external auditors. The preparation of the Group's reviewed condensed
consolidated interim financial statements was supervised by the Group chief financial officer, RT Mupita, BSc Eng 
(Hons), MBA, GMP. 

The interim results were made available on 3 August 2017.

Condensed consolidated income statement
for the
                                                                                                     Financial    
                                           Six months       Six months             year    
                                                                       ended            ended            ended    
                                                                     30 June          30 June      31 December    
                                                                        2017           2016             2016    
                                                                    Reviewed         Reviewed          Audited    
                                                       Note               Rm               Rm               Rm    
Revenue                                                               64 386           79 115          147 920    
Other income                                        7            6 090              367              335    
Direct network and technology operating costs                        (12 460)         (12 291)         (23 520)   
Costs of handsets and other accessories                               (5 088)          (6 065)         (12 304)   
Interconnect and roaming costs                                        (5 393)          (7 358)         (13 393)   
Staff costs                                                           (4 420)          (4 777)          (9 152)   
Selling, distribution and marketing expenses                          (8 399)          (9 624)         (19 172)   
Government and regulatory costs                                       (2 405)          (2 982)          (5 191)   
Other operating expenses                                  9           (7 912)          (7 004)         (14 273)   
EBITDA before Nigeria regulatory fine                                 24 399           29 381           51 250    
Nigeria regulatory fine                                   8                -          (10 499)         (10 499)   
EBITDA                                                                24 399           18 882           40 751    
Depreciation of property, plant and equipment                         (9 595)         (10 913)         (20 988)   
Amortisation of intangible assets                                     (2 148)          (2 174)          (4 748)   
Impairment of goodwill                                    9           (2 631)            (604)            (873)    
Operating profit                                                      10 025            5 191           14 142    
Net finance costs                                        10           (3 457)          (5 945)         (10 495)   
Net monetary gain                                                         67              919            1 723    
Share of results of joint ventures and                
associates after tax                                     11              602           (1 692)            (127)   
Profit/(loss) before tax                                               7 237           (1 527)           5 243    
Income tax expense                                                    (2 312)          (4 726)          (8 346)   
Profit/(loss) after tax         4 925           (6 253)          (3 103)   
Attributable to:                                                                                                  
Equity holders of the Company                                          5 207           (5 489)          (2 614)   
Non-controlling interests                                               (282)            (764)            (489)   
                                                                     4 925           (6 253)          (3 103)   
Basic earnings/(loss) per share (cents)                  12              290             (301)            (144)   
Diluted earnings/(loss) per share (cents)                12              283             (301)            (144)   
                                                      

Condensed consolidated statement of comprehensive income
for the
                                                                                                     Financial
                                                                  Six months       Six months             year    
                                                                       ended            ended            ended    
                                                                     30 June          30 June      31 December    
                                                                        2017             2016             2016    
                                                                    Reviewed         Reviewed          Audited    
     Note               Rm               Rm               Rm    
Profit/(loss) after tax                                                4 925           (6 253)          (3 103)   
Other comprehensive income after tax                                                                              
Items that may be subsequently reclassified                                                      
to profit or loss                                                                                
Net investment hedges                                    18              760           (1 422)          (1 887)   
Foreign exchange movement on hedging instruments                       1 052           (2 032)          (2 684)   
Deferred tax                                                            (292)           610              797    
Available-for-sale financial assets1                                     817            2 672            2 672    
Gains arising during the period                          13              817            2 672            2 672    
Exchange differences on translating foreign                                                      
operations including the effect of hyperinflation1                    (3 866)         (11 077)         (22 907)   
Losses arising during the period                         18           (3 866)         (11 077)         (22 907)   
Items that have been reclassified to profit or loss1     18            3 298                -                -    
Other comprehensive income/(loss) for the period                       1 009           (9 827)         (22 122)   
Attributable to equity holders of the Company                          1 004           (9 194)         (21 077)   
Attributable to non-controlling interests                                  5             (633)          (1 045)   
Total comprehensive income/(loss)                                      5 934          (16 080)         (25 225)   
Attributable to:                                                                                   
Equity holders of the Company                                          6 211          (14 683)         (23 691)   
Non-controlling interests                                               (277)          (1 397)          (1 534)   
                                                                       5 934          (16 080)         (25 225)   
1 This component of other comprehensive income does not attract any tax.                   


Condensed consolidated statement of financial position
as at
                                                                     30 June          30 June      31 December    
                                                                        2017             2016     2016    
                                                                    Reviewed         Reviewed          Audited    
                                                       Note               Rm               Rm               Rm    
Non-current assets                                                   186 637          200 447          189 089    
Property, plant and equipment                             90 652           93 462           95 633    
Intangible assets and goodwill                                        40 305           52 172           46 473    
Investment in joint ventures and associates               7           22 465           32 169           26 669    
Investments                                               7           25 714           12 145        11 841    
Deferred tax and other non-current assets                              7 501           10 499            8 473    
Current assets                                                        69 342           82 468           79 611    
Non-current assets held for sale                                           -              466                -    
                                  69 342           82 002           79 611    
Other current assets                                                  14 783           12 940           13 853    
Trade and other receivables                                           29 527           41 470           37 363    
Restricted cash                                                        1 681              637            1 020    
Cash and cash equivalents                                             23 351           26 955           27 375    
Total assets                                                         255 979          282 915          268 700    
Total equity                                                         102 894          119 796          105 231    
Attributable to equity holders of the Company                        100 859          116 669          102 380    
Non-controlling interests                                              2 035            3 127            2 851    
Non-current liabilities                                               82 054           84 000           85 743    
Interest-bearing liabilities                         15, 16           66 935           64 190           67 319    
Deferred tax and other non-current liabilities                        15 119           19 810           18 424    
Current liabilities                                                   71 031           79 119           77 726    
Non-current liabilities held for sale                                      -              208                -    
                                            71 031           78 911           77 726    
Interest-bearing liabilities                         15, 16           17 910           17 757           19 635    
Trade and other payables                                              42 180           43 602           45 142    
Other current and tax liabilities                                     10 941      17 552           12 949    
Total equity and liabilities                                         255 979          282 915          268 700    
                                                     

Condensed consolidated statement of changes in equity
for the
                                                                                                    Financial
                                         Six months       Six months             year    
                                                                      ended            ended            ended    
                                                                    30 June          30 June      31 December    
                                                                       2017      2016             2016    
                                                                   Reviewed         Reviewed          Audited    
                                                     Note                Rm               Rm               Rm    
   
Opening balance at 1 January                                        102 380          146 369          146 369    
Opening reserve adjustment for impact                                                          
of hyperinflation                                       5                 -                -             (123)   
Restated balance at 1 January                                       102 380          146 369          146 246    
Total comprehensive income                                            6 211          (14 683)    (23 691)   
Profit/(loss) after tax                                               5 207           (5 489)          (2 614)   
Other comprehensive income                                            1 004           (9 194)         (21 077)   
Transactions with owners of the Company                                                                          
Shares issued                                -                ^                ^    
Shares cancelled                                                          -                -               (^)   
Share-based payment transactions                                        217              130                1    
Shares repurchased from MTN Zakhele                                       -                -           (3 462)    
Share-based payment transaction with                                                             
MTN Zakhele Futhi                                                         -                -            2 919    
Dividends declared                                                   (8 078)         (15 231)         (19 816)   
Other movements             129               84              183    
Attributable to equity holders of the Company                       100 859          116 669          102 380    
Non-controlling interests                                             2 035            3 127            2 851    
Closing balance                                                     102 894          119 796          105 231    
Dividends declared during the period                                                             
(cents per share)                                                       450              830            1 080    
Dividends declared after the period                                                              
(cents per share)                                                       250              250             450    

^Amount less than R1 million.        


Condensed consolidated statement of cash flows
for the
                                                                                                   Financial
                                                                Six months       Six months             year    
        ended            ended            ended    
                                                                   30 June          30 June      31 December    
                                                                      2017             2016             2016    
                                                                  Reviewed         Reviewed          Audited    
                                            Note               Rm               Rm               Rm
Net cash generated from/(used in)                 
operating activities                                                12 069             (436)          20 716    
Cash generated from operations                                      17 763           23 870           55 681    
Dividends paid to equity holders                                                                
of the Company                                                      (8 069)         (15 212)         (19 792)   
Dividends paid to non-controlling                                                               
interests                                                             (406)            (790)          (1 178)   
Dividends received from associates                                                              
and joint ventures                                     11            6 952              426              692    
Other operating activities                                          (4 171)          (8 730)         (14 687)   
Net cash used in investing activities                              (14 696)    (14 209)         (40 408)   
Acquisition of property, plant and equipment                       (11 331)         (10 134)         (29 899)   
Acquisition of intangible assets                                    (1 088)          (3 890)          (5 348)   
Increase in non-current investments                                   (158)          (1 545)          (2 199)   
(Acquisition)/disposal of bonds,                                                                
treasury bills and foreign deposits                                 (1 274)             677           (2 704)   
Movement in other investing activities                                (845)             683             (258)   
Net cash from financing activities                                  (1 043)          13 608           20 951    
Proceeds from borrowings                               16           11 106           23 967           59 647    
Repayment of borrowings                                16          (12 223)         (10 363)         (37 211)   
Other financing activities                                              74                4           (1 485)   
                                           
Net (decrease)/increase in cash and                                                             
cash equivalents                                                    (3 670)          (1 037)           1 259    
Cash and cash equivalents at                                                                    
beginning of the period                   27 375           34 139           34 139    
Exchange losses on cash and cash                                                                
equivalents                                                           (554)          (6 272)          (8 192)   
Net monetary gain on cash and                                                                   
cash equivalents                                           11              107              169    
Net cash and cash equivalents at                                                                
end of the year                                                     23 162           26 937           27 375    
                                         

Notes to the condensed consolidated interim financial statements
for the six months ended 30 June 2017
1.  INDEPENDENT review                 
    The directors of the Company take full responsibility for the preparation of the condensed consolidated interim 
    financial statements. The condensed consolidated interim financial statements have been reviewed by our joint 
    independent auditors, PricewaterhouseCoopers Inc. and SizweNtsalubaGobodo Inc., who have expressed an unmodified 
    conclusion. The joint external auditors have performed their review in accordance with International Standard on 
    Review Engagements (ISRE) 2410. A copy of the independent auditors' review report on the condensed consolidated 
    interim financial statements is available for inspection at the Company's registered office, together with the 
    interim financial statements identified in the independent auditors' review report.                 

    The independent auditors' review report does not necessarily report on all of the information contained in this 
    announcement. Shareholders are therefore advised that in order to obtain a full understanding of the nature of 
    the independent auditors' engagement they should obtain a copy of the independent auditors' review report 
    together with the accompanying interim financial statements from the Company's registered office.     

2.  GENERAL INFORMATION       
    MTN Group Limited (the Company) carries on the business of investing in the telecommunications industry through 
    its subsidiary companies, joint ventures, associates and related investments. 

3.  BASIS OF PREPARATION 
    These condensed consolidated interim financial statements for the six months ended 30 June 2017 have been prepared 
    in accordance with International Financial Reporting Standard (IFRS), IAS 34 Interim Financial Reporting, the SAICA 
    Financial Reporting Guides as issued by the Accounting Practices Committee, Financial Pronouncements as issued by 
    the Financial Reporting Standards Council (FRSC) and the requirements of the South African Companies Act, No 71 
    of 2008. The condensed consolidated interim financial statements should be read in conjunction with the annual 
    financial statements for the year ended 31 December 2016, which have been prepared in accordance with International 
    Financial Reporting Standards (IFRS).    

4.  PRINCIPAL ACCOUNTING POLICIES
    The Group has adopted all the new, revised or amended accounting pronouncements as issued by the International Accounting 
    Standards Boards (IASB) which were effective for the Group from 1 January 2017, none of which had a material impact 
    on the Group. 

    The accounting policies applied in the preparation of the condensed consolidated interim financial statements are in 
    terms of IFRS and are consistent with those accounting policies applied in the preparation of the previous consolidated 
    annual financial statements.

5.  HYPERINFLATION
    The financial statements of the Group entities whose functional currencies are the currencies of hyperinflationary 
    economies are adjusted in terms of the measuring unit current at the end of the reporting period.

    The economy of Sudan was assessed to no longer be hyperinflationary, effective 1 July 2016, and hyperinflation 
    accounting was discontinued from this date onwards. As at 30 June 2017 the historical increase in the asset value 
    as a result of hyperinflation accounting has been fully impaired, which resulted in a R1 690 million decrease in 
    EBITDA for the period under review. 

    The economy of South Sudan was assessed to be hyperinflationary, effective 1 January 2016, and hyperinflation 
    accounting was applied for the year ended 31 December 2016. Upon first application of hyperinflation, prior period 
    losses of R123 million arising from the net monetary position were recognised directly in equity. As at 31 December 
    2016 and 30 June 2017, the property, plant and equipment of South Sudan was fully impaired, resulting in no hyperinflation 
    adjustment on capital expenditure (capex) for the period under review or during the year ended 31 December 2016.

    In 2015, the Iranian economy was assessed to no longer be hyperinflationary and hyperinflation accounting was discontinued 
    effective 1 July 2015. The Group's results from Iran includes expenses resulting from the discontinuation of hyperinflation 
    accounting mainly relating to the subsequent depreciation of assets that were historically written up under hyperinflation 
    accounting. The additional income statement charge reduced equity accounted earnings from Iran by R640 million for the six 
    months ended 30 June 2017 (June 2016: R1 039 million, December 2016: R1 853 million).

    The economy of Syria was assessed to be hyperinflationary, effective 1 January 2014, and hyperinflation accounting has 
    been applied since. As at 30 June 2017, R1 125 million of assets previously written up for hyperinflation have been 
    impaired with the impact being included in EBITDA for the period under review. 

    The impact of hyperinflation on the segment analysis is as follows:    
                                       Six months ended 30 June 2017
                                                           Reviewed
                                                              Rm 
                                               Revenue       EBITDA      Capex    
    Syria                                           40       (1 110)         3    
    Sudan                      -       (1 690)         -    
    South Sudan (included in other SEA)             31          (10)         -    
                                                    71       (2 810)         3    
    Iran - major joint venture                       -           69          -    
                                                 Six months ended 30 June 2016    
                                           Reviewed               
                                                              Rm                  
                                               Revenue       EBITDA      Capex    
    Syria                                          103           41         36    
    Sudan                                          134           49         42    
    South Sudan (included in other SEA)              -            -          -    
                                                   237           90         78    
    Iran - major joint venture                       -            -          -    
 
                                               Financial year 31 December 2016     
                                                           Audited 
                                                              Rm       
                                               Revenue       EBITDA      Capex    
    Syria                                          484          164        310    
    Sudan                                          122           41         38    
    South Sudan (included in other SEA)            420           41          -    
                                                 1 026          246        348    
    Iran - major joint venture                       -         (294)       326    
                                                                                 

6.  SEGMENT ANALYSIS
    The Group has identified reportable segments that are used by the Group executive committee (chief operating decision 
    maker (CODM)) to make key operating decisions, allocate resources and assess performance. The reportable segments 
    are grouped according to their geographic locations.

    The MTN Group is clustered into the following three regions and their respective underlying operations:
    - South and East Africa (SEA)
    - West and Central Africa (WECA)
    - Middle East and North Africa (MENA).

    Operating results are reported and reviewed regularly by the CODM and include external transactions or transactions 
    with other Group segments that can be attributable to a segment on a reasonable basis.

    EBITDA is used as the measure of reporting profit or loss for each segment and represents the basis on which the 
    CODM reviews segment results. It is defined as earnings before interest, tax, depreciation, amortisation, impairment 
    of goodwill, net monetary gains and share of results of joint ventures and associates after tax and further excludes 
    the following items:
    - Hyperinflation (note 5)
    - Tower sale and exchange right profit on IHS investment (note 7)
    - Nigeria regulatory fine (note 8)
    - MTN Zakhele Futhi share-based payment expense.

    Other than for the exclusion of the exchange right profit on the IHS investment during the period under review (note 7), 
    this measure has remained unchanged in comparison to prior periods.

    Irancell Telecommunication Company Services (PJSC) (Iran) proportionate results are included in the segment analysis 
    as reviewed by the CODM and excluded from IFRS reported results for revenue, EBITDA and capex due to equity accounting 
    for joint ventures. The results of Iran in the segment analysis exclude the impact of hyperinflation accounting.                 
    
                                                                                     Financial    
                                                 Six months       Six months              year    
                            ended            ended             ended    
                                                    30 June          30 June       31 December    
                                                       2017             2016              2016    
                                                   Reviewed         Reviewed           Audited    
            Note           Rm               Rm                Rm    
    REVENUE                                                                                     
    SEA                                              24 767           25 156            52 142    
    South Africa                                     20 156           19 841            41 922    
    Uganda                  2 506            2 804             5 465    
    Other SEA                                         2 105            2 511             4 755    
    WECA                                             33 308           46 347            80 655    
    Nigeria                                          18 037           28 941            47 122    
    Ghana              4 864            5 165            10 291    
    Cameroon                                          2 609            3 202             6 189    
    Ivory Coast                                       3 639            3 751             7 176    
    Other WECA                                        4 159            5 288             9 877    
    MENA          6 299            7 402            14 288    
    Syria                                               952            1 068             2 123    
    Sudan                                             2 272            2 345             4 585    
    Other MENA                                        3 075            3 989             7 580    
    Major joint venture - Iran      7 869            8 324            16 536    
    Head office companies and                              
    eliminations                                        (59)             (27)             (191)    
    Hyperinflation impact                  5             71              237             1 026    
    Iran revenue exclusion                           (7 869)          (8 324)          (16 536)   
                                                     64 386           79 115           147 920    
                                          
                                                                                     Financial    
                                                 Six months       Six months              year    
                                                      ended            ended             ended    
                                                    30 June          30 June       31 December    
                                                       2017             2016              2016    
                                                   Reviewed         Reviewed           Audited    
                                          Note           Rm               Rm                Rm    
    EBITDA                                                                                              
    SEA                                               7 958            7 213            16 368    
    South Africa                                      6 760            5 979            13 811    
    Uganda                                              830              842             1 620    
    Other SEA                                           368              392               937    
    WECA                                             11 840           20 574            33 045    
    Nigeria                                           6 906           14 421            21 854    
    Ghana                                             1 786            2 004             4 184    
    Cameroon                                            808            1 218             2 065    
    Ivory Coast                                       1 276            1 349             2 333    
    Other WECA                                        1 064            1 582             2 609    
    MENA                                              1 848          2 359             4 657    
    Syria                                               248              305               689    
    Sudan                                               750              829             1 471    
    Other MENA                                          850            1 225             2 497    
    Major joint venture - Iran                        2 860      3 139             6 455    
    Head office companies and                          (467)            (873)           (2 089)   
    eliminations                                                                                  
    Hyperinflation impact                            (2 810)              90               246    
    Nigeria regulatory fine                               -          (10 499)          (10 499)   
    Tower sale profits                                   13               18                31    
    Profit on exercise of exchange                                              
    right of IHS                             7        6 017                -                 -    
    MTN Zakhele Futhi share-based                                               
    payment expense                                       -                -            (1 008)   
    Iran EBITDA exclusion                            (2 860)          (3 139)           (6 455)   
    EBITDA                                           24 399           18 882            40 751    
    Depreciation, amortisation and                                              
    impairment of goodwill                    (14 374          (13 691)          (26 609)    
    Net finance cost                                 (3 457)          (5 945)          (10 495)    
    Net monetary gain                                    67              919             1 723    
    Share of results of joint ventures                                          
    and associates after tax    602           (1 692)             (127)   
    Profit/(loss) before tax                          7 237           (1 527)            5 243    
                                                
                                                                                     Financial    
                                                 Six months       Six months              year    
                                               ended            ended             ended    
                                                    30 June          30 June       31 December    
                                                       2017             2016              2016    
                                                   Reviewed         Reviewed           Audited    
                               Note           Rm               Rm                Rm    
    CAPITAL EXPENDITURE INCURRED                                                                  
    SEA                                               4 129            5 626            12 896    
    South Africa                                      3 475            4 773            11 085    
    Uganda                                         356              364               758    
    Other SEA                                           298              489             1 053    
    WECA                                              5 368            6 975            17 325    
    Nigeria                                           2 749            2 534             8 701    
    Ghana                                     912            1 646             2 435    
    Cameroon                                            694            1 121             2 166    
    Ivory Coast                                         499              842             1 721    
    Other WECA                                          514              832             2 302    
    MENA                                 734            1 064             3 310    
    Syria                                                85              191             1 049    
    Sudan                                               268              549             1 549    
    Other MENA                                          381              324               712    
    Major joint venture - Iran                        3 850            2 313             5 138    
    Head office companies and                                                     
    eliminations                                         74              107             1 389    
    Hyperinflation impact                    5            3               78               348    
    Iran capex exclusion      (3 850)          (2 313)           (5 138)   
                                                     10 308           13 850            35 268    

7.  INVESTMENT IN IHS
    In January 2017, the Group exchanged its 51% interest in Nigeria Tower InterCo B.V., the parent company of INT Towers 
    Limited (INT), the Nigerian telecom tower operator, for an additional shareholding in IHS Holding Limited (IHS Group) 
    (""the transaction""). As a result of the transaction, the Group's economic interest in the IHS Group increased from 
    approximately 15% class B non-voting shares to an economic interest of approximately 29% comprising class A voting 
    shares and class B non-voting shares. The original IHS Group shareholders' agreement remains in place and there are 
    no changes to IHS Group's independence as an operator. Neither the interest prior to, nor the interest obtained 
    subsequent to the transaction will allow the Group to appoint a board member. In addition, IHS Group has the right 
    to decide what strategic, financial and operational information is shared with the Group. As a result of these 
    restrictions, the Group's vote is limited to matters which relate to fundamental changes in the business or which 
    apply in exceptional circumstances and are considered to be protective in nature. The Group's rights do not constitute 
    significant influence to participate in the financial and operating policy decisions of IHS Group. Consequently, 
    the Group continues to account for its investment in IHS Group as an available-for-sale financial instrument.

    The exchange, which closed on 23 February 2017, has been accounted for as a disposal of the Group's equity accounted 
    interest in INT and an acquisition of an additional investment in the IHS Group. The net impact on profit before tax is 
    R6 017 million, which was determined as the difference between the fair value of the new interest obtained and the 
    carrying value of the equity-accounted interest in INT and after recycling the applicable amount included in the foreign 
    currency translation reserve (FCTR) (note 18) to the income statement. This resulted in a decrease of R4 452 million in 
    investments in associates and an increase of R13 767 million in available-for-sale investments.

    The decision to exchange the shares was made following a thorough review of the commercial benefits of the exchange and 
    an agreement on the number of shares that the Group will qualify for in IHS Group. Consensus on these matters and board 
    approval for the transaction was obtained in January 2017. As a result, the investment in INT was not accounted for as 
    held for sale in accordance with the requirements of IFRS 5 Non-Current Assets Held for Sale and Discontinued Operations 
    at 31 December 2016.

    The transaction had no tax impact.

8.  NIGERIA REGULATORY FINE
    On 10 June 2016, MTN Nigeria Communications Limited (MTN Nigeria) resolved the matter relating to the previously imposed 
    regulatory fine with the Federal Government of Nigeria (FGN) after the completion of an extensive negotiation process. 

    In terms of the settlement agreement reached on 10 June 2016, MTN Nigeria agreed to pay a total cash amount of 
    N330 billion over three years (the equivalent of R25,1 billion 1) to the FGN as full and final settlement of the matter.

    The regulatory fine was fully expensed in the prior period with an additional expense recognised in the income statement 
    amounting to R10,5 billion for the periods ended 30 June 2016 and 31 December 2016. A discount unwind of R537 million 
    (June 2016: R452 million; December 2016: R1,0 billion) was recognised in finance costs during the current period relating 
    to the outstanding liability. The balance of the liability at 30 June 2017 amounts to R7,2 billion (December 2016: 
    R8,7 billion) after taking into account the payment of N30 billion (R1,3 billion 2) on 24 March 2017 and the unwinding 
    of the interest.
    1 Amount translated at 10 June 2016 rate R1 = N13,15.
    2 Amount translated at March 2017 average rate R1 = N23,68.
                                                                  
9.  IMPAIRMENT OF GOODWILL AND PROPERTY, PLANT AND EQUIPMENT 
    Current period impairments     
    In a number of the Group's operations in the MENA region the socio-political instability experienced in these 
    markets resulted in suppressed revenue growth and lower operating margins being experienced resulting in decreased 
    forecast cash flows. This necessitated impairment reviews being performed on the Group's operations in Guinea-Bissau, 
    Guinea-Conakry, Liberia, Ghana, Afghanistan, Sudan, Yemen and Syria where the carrying amounts of these 
    cash-generating units were compared to their respective recoverable amounts. The recoverable amounts were 
    determined through value-in-use calculations where future cash flows were estimated and discounted at the weighted 
    average cost of capital discount rates. The discount rates and the perpetuity growth rates used in the value-in-use 
    calculations of the operations impairment changes were recorded during the period under review are as follows:   
                                     June 2017                      December 2016                       
                               Growth        Discount           Growth          Discount     
                                 rate            rate             rate              rate     
          %               %                %                 %    
    MTN Afghanistan               6,0            18,8              7,0              20,2    
    MTN Sudan                    14,0            33,0             13,7              32,9    
    MTN Yemen                     5,0            24,8              9,0              23,9    
    MTN Syria (JSC)              15,0            35,2            15,0              35,5    

    The following impairment losses were recognised in the income statement in the goodwill impairment and other 
    operating expenses lines, respectively:                                                                         
                                                        Impairment           
                                                      of property,           
                                                         plant and           
                                                         equipment                       
                                     Goodwill       and intangible       Recoverable   
                                   impairment               assets            amount  
             Rm                   Rm                Rm  
    MTN Afghanistan                       841                    -             1 971    
    MTN Sudan                             983                1 690             3 416    
    MTN Yemen                             807                    -             2 758    
    MTN Syria (JSC)                         -                1 125             2 007    
    Total                               2 631                2 815            10 152    

    MTN Sudan was operating in a hyperinflationary economy up to 30 June 2016 while MTN Syria (JSC) continues to 
    operate in a hyperinflationary economy. Hyperinflation accounting resulted in the write up of non-monetary 
    assets and a resulting increase in the carrying value of these operations. The total impairment of property, 
    plant and equipment and intangible assets amounting to R2 815 million and R192 million of the MTN Sudan goodwill 
    impairment for the current period relate to the carrying value previously written up to account for the impact 
    of hyperinflation, exceeding the calculated value in use.

    The goodwill of MTN Sudan and MTN Syria has been fully impaired as at 30 June 2017 and the remaining goodwill 
    in MTN Afghanistan and MTN Yemen amount to R527 million and R1 984 million at 30 June 2017 respectively.

    Prior period impairments
    Areeba Guinea S.A.
    Areeba Guinea S.A. (Conakry) experienced a decline in EBITDA and Guinea-Conakry experienced poor economic 
    performance countrywide. Consequently, a review of the recoverable amount of Conakry was undertaken during 
    2016 subsequent to which an impairment loss amounting to R402 million was recognised. As at 31 December 2016, 
    the goodwill balance relating to Conakry is fully impaired. No further impairments were deemed necessary 
    as at 30 June 2017.

    Afrihost
    Based on an agreement concluded by the Group to sell its 50,02% investment in Afrihost Proprietary Limited 
    (Afrihost) for R325 million, a goodwill impairment loss of R202 million was recognised at 30 June 2016 on 
    the remeasurement of the assets to fair value less cost to sell in accordance with IFRS 5 Non-current Assets 
    Held for Sale and Discontinued Operations. The investment was disposed of during the second half of 2016. 

10. NET FINANCE COSTS                                                                     
                                                                                                          Financial    
                                                           Six months             Six months                   year    
                                                                ended                  ended                  ended    
                                                              30 June                30 June            31 December    
                                                                 2017                   2016                   2016    
                                                             Reviewed               Reviewed                Audited    
                                                         Rm                     Rm                     Rm    
    Interest income on loans and receivables                    1 240                  1 167                  2 462    
    Interest income on bank deposits                              817                    986                  1 962    
    Finance income              2 057                  2 153                  4 424    
    Interest expense on financial liabilities 
    measured at amortised cost                                 (4 004)                (4 466)                (9 020)   
    Net foreign exchange losses                                (1 510)                (3 632)                (5 899)   
    Finance costs                    (5 514)                (8 098)               (14 919)   
    Net finance costs recognised in profit or loss             (3 457)                (5 945)               (10 495)   

11. SHARE OF RESULTS OF JOINT VENTURES 
    AND ASSOCIATES AFTER TAX                                      602                 (1 692)                  (127)   
    Irancell Telecommunication Company Services (PJSC)            674                    936                  2 073    
    Nigeria Tower InterCo. B.V.                                    (8)                (2 463)                (2 227)   
    Others                                                        (64)                  (165)                    27    
    Dividends of R6 509 million were received from Irancell in the six months ended 30 June 2017.

                                                                                            Financial    
                                                     Six months         Six months               year    
                                                          ended              ended              ended    
                                                        30 June          30 June        31 December    
                                                           2017               2016               2016    
                                                       Reviewed           Reviewed            Audited    
12. EARNINGS PER ORDINARY SHARE                                                                          
    Number of ordinary shares in issue                                                                
    At end of the period (excluding MTN Zakhele,
    MTN Zakhele Futhi and treasury shares)        1 797 451 094      1 822 711 720      1 797 228 125    
    Weighted average number of shares                                                                    
    Shares for earnings/(loss) per share          1 797 377 182      1 822 527 498      1 819 974 274    
    Add: Dilutive shares                                                                                 
    - Share options - MTN Zakhele                             -          6 807 058                  -    
    - Share options - MTN Zakhele Futhi              38 681 604                  -         42 508 806    
    - Share schemes      898 793            890 439          1 042 243    
    Shares for dilutive earnings per share        1 836 957 579      1 830 224 995      1 863 525 323    
    
    Treasury shares
    Treasury shares of 9 983 286 (June 2016: 10 206 255, December 2016: 10 206 255) are held by the Group and 
    76 835 378 (June 2016: 11 131 098 shares held by MTN Zakhele, December 2016: 76 835 378) are held by MTN 
    Zakhele Futhi (RF) Limited (MTN Zakhele Futhi).

    Dilutive shares
    The share options and share rights issued in terms of the Group's share schemes, performance share plan, 
    MTN Zakhele and MTN Zakhele Futhi did not have a dilutive effect on the loss per share for the period ended 
    30 June 2016 and the year ended 31 December 2016, and have therefore not been treated as dilutive for these 
    comparative periods.    

    Headline earnings/(loss) is calculated in accordance with the circular titled Headline Earnings as issued by 
    the South African Institute of Chartered Accountants as amended from time to time and as required by the 
    JSE Limited.                                                                     
                                                        Financial    
                                                                Six months       Six months             year    
                                                                     ended            ended            ended    
                                                                   30 June          30 June      31 December    
                                                                      2017             2016             2016    
                                                                  Reviewed         Reviewed          Audited    
                                                                        Rm               Rm               Rm    
    Basic headline earnings/(loss) per share       
    Reconciliation between profit/(loss)                                                        
    attributable to the equity holders of the                                                   
    Company and headline earnings/(loss)                                                        
    Profit/(loss) after tax                                          5 207           (5 489)          (2 614)   
    Net profit on disposal of property, plant and equipment            (21)             (15)              (1)   
    - Subsidiaries (IAS 16)                                            (20)             (16)               4    
    - Joint ventures (IAS 28)                                           (1)               1               (5)   
    Net profit on disposal of intangible assets                -                -              (47)   
    - Subsidiaries (IAS 38)                                              -                -              (47)   
    Profit on disposal of subsidiary (IFRS 10)                           -             (277)            (130)   
    Net (profit)/loss on dilution of investment in                                              
    joint venture (IAS 28)                                             (28)               -              349    
    Net impairment loss on property, plant and equipment                                        
    and intangible assets (IAS 36)                                   2 786              265              205    
    Impairment of goodwill (IAS 36)                                  2 631              604       873    
    Realisation of deferred gain on disposal of non-current                                     
    assets held for sale (IFRS 5)                                      (13)             (18)             (31)   
    Profit on derecognition of equity-accounted                                                 
    investment (IAS 28)                                             (6 017)            -                -    
    Total tax effects of adjustments                                  (157)               1              (10)   
    Total non-controlling interest effect of adjustments              (486)              (2)              (3)   
    Basic headline earnings/(loss)                                   3 902           (4 931)          (1 409)   
    Earnings/(loss) per share (cents)                                                                           
    - Basic                                                            290             (301)            (144)   
    - Basic headline                                                   217             (271)             (77)   
    Diluted earnings/(loss) per share (cents)                         
    - Diluted                                                          283             (301)            (144)   
    - Diluted headline                                                 212             (271)             (77)   
                                                                             
13. FINANCIAL INSTRUMENTS
    Financial instruments at amortised cost
    The Group has not disclosed the fair values of financial instruments measured at amortised cost except for 
    the borrowings and the loan set out below, as their carrying amounts closely approximate their fair values.

    Listed long-term borrowings
    The Group has listed long-term fixed interest rate senior unsecured notes in issue which were issued in 
    prior years, with a carrying amount of R23 117 million at 30 June 2017 (June 2016: R11 031 million, 
    December 2016: R24 059 million) and a fair value of R23 036 million (June 2016: R10 731 million 
    December 2016: R23 179 million). The fair values of these instruments are determined by reference to 
    quoted prices in the Irish bond market. The market for these bonds is not liquid and consequently the 
    fair value measurement is categorised within level 2 of the fair value hierarchy.

    Loan to Nigeria Tower InterCo B.V.
    The Group has a loan to INT with a carrying amount of R2 864 million (June 2016: R2 877 million, 
    December 2016: R2 863 million) and a fair value of R2 982 million (June 2016: R3 373 million, 
    December 2016: R2 969 million). The fair value of this instrument is determined by a discounted cash 
    flow analysis using a market-related interest rate. The fair value measurement is categorised within 
    level 3 of the fair value hierarchy.

    Financial instruments measured at fair value
    The fair values of financial instruments measured at fair value are determined as follows: 

    Treasury bills 
    The fair value of these investments is determined by reference to published price quotations in an 
    active market. The Group has classified treasury bills with a carrying amount of R293 million (June 2016: 
    R121 million, December 2016: R282 million) as available for sale and with a carrying amount of R697 million 
    (June 2016: R nil, December 2016: R669 million) as at fair value through profit or loss. The fair value of 
    these investments is categorised within level 1 of the fair value hierarchy.

    Fair value measurement of investment in IHS
    Included in investments in the condensed consolidated statement of financial position is an equity 
    investment in IHS Group at fair value of R24 859 million at 30 June 2017. As stated in note 7, the Group 
    increased its interest in IHS Group during the period under review following an exchange of its 51% interest 
    in Nigeria Tower InterCo B.V. Prior to the increase, the Group reported fair values of R11 240 million and 
    R11 354 million at 31 December 2016 and 30 June 2016 respectively, for the investment classified as available 
    for sale. The fair value at 30 June 2016 and 31 December 2016 was determined with reference to recent transactions 
    between market participants, consequently the investment was previously categorised within level 2 of the fair 
    value hierarchy. For 30 June 2017, the absence of transactions between market participants resulted in the fair 
    value being determined using models considered to be appropriate by management. The fair value was calculated 
    using an earnings multiple technique and was based on unobservable market inputs including tower industry 
    earnings multiples of between 13x to 17x applied to MTN management estimates of earnings, less estimated 
    net debt.

    Given the confidentiality restrictions in the shareholders' agreement with IHS Group, MTN does not have 
    access to the IHS Group business plans or 2016 actual financial information. Any estimated earnings used to 
    derive the existing fair value are therefore based solely on MTN management, market estimates and assumptions 
    on financial growth, currency movements, costs and performance. The investment has therefore been transferred 
    from level 2 to level 3 in the fair value hierarchy for the current reporting period. An increase of one in the 
    low and high end of the multiple range would have resulted in an increase in the fair value of R1 014 million 
    and a decrease of one in the low and high end of the multiple range would have resulted in a decrease in the 
    fair value by R1 014 million as at 30 June 2017. An increase of R817 million (June 2016 and December 2016: 
    R2 672 million) has been recognised for the period under review in other comprehensive income resulting from 
    the change in fair value.

    Reconciliation of level 3 financial assets                 
    The table below sets out the reconciliation of financial assets that are measured at fair value based on 
    inputs that are not based on observable market data (level 3):                 
    Balance at 1 January 2016                         9 707    
    Transfers to level 2 (IHS)                       (9 250)   
    Acquisitions                                         61    
    Foreign exchange differences                       (138)   
    Balance at 1 January 2017                           380    
    Transfers from level 2 (IHS)                     11 240    
    Acquisitions                                        143    
    Exchange right exercise                          13 767    
    Gain on available-for-sale investment               817    
    Foreign exchange differences                       (981)   
    Balance at 30 June 2017                          25 366    

                                                                                  Financial    
                                                Six months      Six months             year    
                        ended           ended            ended    
                                                   30 June         30 June      31 December    
                                                      2017            2016             2016    
                                                  Reviewed        Reviewed          Audited    
           Rm              Rm               Rm    
14. AUTHORISED COMMITMENTS FOR THE                                            
    ACQUISITION OF PROPERTY, PLANT AND                                        
    EQUIPMENT AND SOFTWARE                          20 924          18 267           34 753    
    - Contracted                                    12 046           9 292           11 458    
    - Not contracted                                 8 878           8 975           23 295    
                                                                                               
15. INTEREST-BEARING LIABILITIES                                                               
    Bank overdrafts                                    189              18                -    
    Current borrowings                              17 721          17 739           19 635    
    Current liabilities                             17 910          17 757           19 635    
    Non-current borrowings                          66 935          64 190           67 319    
                                                    84 845          81 947           86 954    

16. ISSUE AND REPAYMENT OF DEBT AND EQUITY SECURITIES
    During the period under review the following entities raised and repaid significant debt instruments:
    MTN Holdings raised R2,1 billion (June 2016: R9,7 billion, December 2016: R18,1 billion) additional debt 
    through syndicated loan facilities, R4,1 billion (June 2016: R2 billion, December 2016: R2 billion) on 
    general banking facilities and R757 million (June 2016: R2 billion, December 2016: R2,1 billion) through 
    the Domestic Medium Term Programme.

    MTN Holdings repaid R2,0 billion (June 2016: R800 million, December 2016: R7,4 billion) of the syndicated 
    loan facility, R3,2 billion (June 2016: R1,2 billion, December 2016: R2,9 billion) of general banking facilities 
    and R746 million (June 2016: R nil, December 2016: R154 million) of the Domestic Medium Term Programme. 

    MTN International (Mauritius) Limited (MTN Mauritius) raised R1,3 billion (June 2016: R3,5 billion, 
    December 2016: R11,2 billion) and repaid R nil (June 2016: R837 million, December 2016: R12,9 billion) 
    on a revolving credit facility. 

    MTN Nigeria Communications Limited raised R1,5 billion (June 2016: R nil, December 2016: R nil) long-term 
    borrowings and repaid R2,1 billion (June 2016: R3,2 billion, December 2016: R5,4 billion).
    
    Other borrowings raised and repaid across the Group amounted to R1,3 billion (June 2016: R6,8 billion, 
    December 2016: R12 billion) and R4,1 billion (June 2016: R4,4 billion, December 2016: R8,4 billion), 
    respectively.

    During the second half of 2016, MTN (Mauritius) Investments Limited raised R14,2 billion debt through 
    long-term fixed interest rate unsecured notes. These notes are listed on the Irish Stock Exchange.

                                                                                 Financial    
                                  Six months             Six months                   year    
                                       ended                  ended                  ended    
                                     30 June                30 June            31 December    
                                        2017                   2016                   2016    
                                    Reviewed               Reviewed                Audited    
                                          Rm                     Rm                     Rm    
17. CONTINGENT LIABILITIES             9 950                  1 308                  8 127    

    Uncertain tax exposures                                    
    The Group operates in numerous tax jurisdictions and the Group's interpretation and application of the 
    various tax rules applied in direct and indirect tax filings may result in disputes between the Group 
    and the relevant tax authority. The outcome of such disputes may not be favourable to the Group. 
    At period end there were a number of tax disputes ongoing in various of the Group's operating entities, 
    the most significant of which relates to a transfer pricing dispute which the Group is contesting. 

    Legal disputes  
    The Group is involved in various legal disputes, the outcome of such disputes may not be favourable 
    to the Group. The Group has applied its judgement and has recognised liabilities based on whether additional 
    amounts will be payable, and has included contingent liabilities where considered possible but not probable.  

                                           Six         Six   Financial         Six        Six   Financial     
       months      months        year      months     months        year     
                                         ended       ended       ended       ended      ended       ended    
                                       30 June     30 June     31 Dec      30 June    30 June      31 Dec     
                                          2017        2016        2016        2017       2016        2016    
                                      Reviewed    Reviewed     Audited    Reviewed   Reviewed     Audited    
18. EXCHANGE RATES                  
                                               Closing rates                        Average rates      
    United States dollar        USD       0,08        0,07        0,07        0,08       0,07        0,07    
    Nigerian naira              NGN      24,92       19,33       22,81       23,91      13,52       18,28    
    Iranian rial                IRR   2 491,24    2 081,00    2 355,36    2 460,84   1 984,95    2 119,83    
    Ghanaian cedi               GHS       0,34        0,26        0,31        0,33       0,25        0,27    
    Cameroon Communaute                                                                        
    Financière Africaine franc  XAF      44,38       40,46       45,34       45,55      38,79       40,23    
    Côte d'Ivoire Communaute                                                                   
    Financière Africaine franc  CFA      44,29       40,46       45,56       45,63      39,18       40,55    
    Ugandan shilling            UGX     275,23      232,12      261,73      270,40     220,40      232,52    
    Syrian pound                SYP      39,67       33,06       37,71       38,87      27,41       32,41    
    Sudanese pound              SDG       0,51        0,42        0,48        0,50       0,40        0,43    

    The Group's functional and presentation currency is rand. The strengthening of the closing rate of the rand 
    against the functional currencies of the Group's largest operations contributed to the decrease in the 
    consolidated assets and liabilities and the resulting foreign currency translation reserve (FCTR) reduction 
    of R3 866 million (June 2016: R11 077 million, December 2016: R22 907 million) for the current period. 
    Following the exercise of the exchange rights in INT Towers Limited (note 7), a foreign currency translation 
    loss of R3 298 million was released to the condensed consolidated income statement.

    Net investment hedges
    During 2016 and for the period ended 30 June 2017, the Group hedged a designated portion of its dollar net 
    assets in MTN (Dubai) Limited (MTN Dubai) for forex exposure arising between the USD and ZAR as part of the 
    Group's risk management objectives. The Group designated external borrowings (Eurobonds) denominated in USD 
    held by MTN Mauritius with a value of R23 billion (December 2016: R23,1 billion) and external borrowings 
    denominated in USD held by MTN Nigeria Communications Limited with a value of R3,5 billion (December 2016: 
    R4,5 billion) as hedging instruments. For the period of the hedge relationship, foreign exchange movements 
    on these hedging instruments are recognised in other comprehensive income as part of the foreign currency 
    translation reserve (FCTR), offsetting the exchange differences recognised in other comprehensive income, 
    arising on translation of the designated dollar net assets of MTN Dubai to ZAR. The cumulative forex 
    movement recognised in other comprehensive income will only be reclassified to profit or loss upon loss 
    of control over MTN Dubai. There was no hedge ineffectiveness recognised in profit or loss during the current 
    or prior period.    

    Nigerian exchange rate
    On 24 April 2017, a new quoted exchange rate window was established in Nigeria, the Nigerian Autonomous 
    Foreign Exchange Fixing (NAFEX). For the current reporting cycle, due to the short time period that has 
    elapsed between the introduction of this rate and period end, the Group has exercised judgement in determining 
    the most appropriate rate to be used to convert foreign denominated balances at period end in Nigeria, and 
    concluded to continue using the Interbank exchange rate for purposes of its interim results. The Group will 
    monitor the market liquidity in these quoted rates going forward in assessing the most appropriate rate at 
    which foreign denominated transactions and balances are to be translated for reporting purposes. The Interbank 
    exchange rate quoted was N325,00:USD1 and the exchange rate quoted in the NAFEX window was approximately 
    N366,41:USD1 as at 30 June 2017. 

19. RELATED PARTY TRANSACTIONS
    Transactions between members of the Group
    Scancom Limited (MTN Ghana) entered into operating lease agreements with Ghana Tower InterCo B.V. The expense 
    recorded amounted to R348 million for the six months ended 30 June 2017 (June 2016: R313 million, December 2016: 
    R532 million). The rental amounts escalate every year by inflation and the initial term is 10 years, followed 
    by four times five-year renewal periods. 

    MTN Uganda Limited entered into operating lease agreements with Uganda Tower InterCo B.V. The expense recorded 
    amounted to R232 million for the six months ended 30 June 2017 (December 2016: R432 million; June 2016: 
    R244 million). The rental amounts escalate every year by inflation and the initial term is 10 years, followed 
    by four times five-year renewal periods.

    MTN Nigeria Communications Limited entered into operating lease agreements with INT Towers Limited, a wholly 
    owned subsidiary of Nigeria Tower InterCo B.V, which are considered related parties up to the date of exercise 
    of the exchange right (note 7). The expense recorded from the beginning of the current reporting period to the 
    date of the exercise of the exchange right (note 7) amounted to R464 million (December 2016: R4 254 million; 
    June 2016: R2 502 million). The initial term is 10 years (extended to 15 years in 2016), followed by four times 
    five-year renewal periods.    

20. EVENTS AFTER REPORTING PERIOD
    Bonds issued and repaid
    Subsequent to the end of the reporting period the Group issued two variable rate bonds totalling R2,5 billion 
    under its domestic medium term note (DMTN) programme. Both bonds were issued on 13 July 2017, R1,5 billion 
    bearing interest at three-month JIBAR plus 1,8% maturing on 13 July 2020; and R1 billion bearing interest 
    at three-month JIBAR plus 2% maturing on 13 July 2022.

    On the same date, notes previously issued under the DMTN programme amounting to R1,25 billion matured 
    and were settled.

    Dividends declared 
    Dividends declared at the board meeting held on 2 August 2017 amounted to 250 cents per share.

ADMINISTRATION
Registration number: 1994/009584/06
ISIN: ZAE000042164
Share code: MTN

Board of directors
PF Nhleko**
RA Shuter#*
RT Mupita*
PB Hanratty$***
A Harper#***
KP Kalyan***
S Kheradpir††***
NP Mageza***
MLD Marole***
AT Mikati†**
SP Miller^***
KC Ramon***
NL Sowazi***
AF van Biljon***
J van Rooyen*** 

††  American
†   Lebanese
#   British
$   Irish
^   Belgian
*   Executive
**  Non-executive
*** Independent non-executive director

Group secretary
SB Mtshali
Private Bag X9955, Cresta, 2118

Registered office
216 - 14th Avenue, Fairland, 2195

American Depository Receipt (ADR) programme:
Cusip No. 62474M108 ADR to ordinary 
share 1:1

Depository
The Bank of New York
101 Barclay Street, New York NY. 10286, USA

MTN Group sharecare line
Toll free: 0800 202 360 or +27 11 870 8206 
if phoning from outside South Africa

Office of the Transfer Secretaries
Computershare Investor Services Proprietary Limited
Registration number 2004/003647/07
Rosebank Towers, 15 Biermann Avenue, Rosebank, 2196
PO Box 61051, Marshalltown, 2107

Joint auditors
PricewaterhouseCoopers Inc.
2 Eglin Road, Sunninghill, 2157
Private Bag X36, Sunninghill, 2157

SizweNtsalubaGobodo Inc.
20 Morris Street East, Woodmead, 2157
PO Box 2939, Saxonwold, 2132

Sponsor
Deutsche Securities (SA) Proprietary Limited
3 Exchange Square, 87 Maude Street, Sandton, 2196

Attorneys
Webber Wentzel
PO Box 61771, Marshalltown, 2107

Contact details
Telephone: National (011) 912 3000
International +27 11 912 3000
Facsimile: National (011) 912 4093
International +27 11 912 4093

E-mail: investor_relations@mtn.co.za
Internet: http://www.mtn.com(""http://www.mtn.com"")

Date: 03/08/2017 07:05:00 Produced by the JSE SENS Department"
"UPDATE 2-9mobile asks Citi, Standard Bank to find new investors - source",2017-07-25,"(Updates with advisers, potential suitors)

By Chijioke Ohuocha

LAGOS, July 25 (Reuters) - 9mobile, the mobile operator formerly known as Etisalat Nigeria, has appointed Citigroup and Standard Bank to find an investor to buy into the firm and three companies have shown interest, a banking source close to the deal said on Tuesday.

India's Bharti Airtel, which already has a presence in Nigeria, as well as Britain's Vodafone and French telecom company Orange have shown interest, the source told Reuters.

""These are still early interest signals but they are looking at the company as an attractive entry strategy,"" the source said.

Central Bank Governor Godwin Emefiele said earlier on Tuesday that advisers had been appointed to manage the sale of 9mobile, which is the fourth-largest mobile operator in sub-Saharan Africa's biggest economy and most populous nation.

The central bank and Nigeria's telecoms regulator intervened this month to save the company from collapse and prevent creditors putting it into receivership, leading to a change in its board and management, as well as the new name 9mobile.

9mobile has 20 million subscribers with a 14 percent share of the Nigerian market. South Africa's MTN is the market leader with 47 percent, Nigeria's Globacom has 20 percent and Bharti Airtel's local subsidiary has 19 percent.

9mobile declined to comment.

Citigroup, Standard Bank, Bharti Airtel, Vodafone, Orange and were not immediately available to comment.

Emefiele, speaking after the central bank's policy meeting on Tuesday, said 9mobile's revenue was stable and it made 16 billion naira ($52.5 million) in June. The governor said the company had not lost subscribers due to its debt crisis.

He said the advisers would organise a tender to request proposals from prospective investors. He did not provide a timeline but said the management of the telecoms company by its interim board should not last more than 90 to 180 days.

The telecoms company took out a $1.2 billion loan four years ago from 13 local lenders to refinance existing debt and expand its mobile network but it struggled to repay the credit due to a currency crisis and recession in Nigeria.

The crisis forced the telecoms company's one-time UAE parent Etisalat to terminate its management agreement with its Nigerian business and surrender its 45 percent stake to a trustee following the regulatory intervention.

9mobile's Chief Executive Boye Olusanya said earlier this month he would be focused on getting the telecoms company back on track to make a profit, while working on the paperwork to eventually raise new capital. He also said the company was open to new investors. ($1 = 304.75 naira) (Additional reporting by Paul Carsten, Alexis Akwagyiram and Oludare Mayowa; editing by David Clarke) 

Released: 2017-7-25T18:14:49.000Z"
UPDATE 1-Nigerian banks seek Etisalat Nigeria cash flow clarity before results,2017-07-13,"(Adds announcement of name change, paragraph 5)

By Chijioke Ohuocha

LAGOS, July 13 (Reuters) - Etisalat Nigeria's rescue has put the country's banks in a quandary as they prepare for half-year results due this month as they do not know whether to provision for loans to the company until they can work out its value.

A banking source told Reuters that the lenders first wanted to determine Etisalat Nigeria's free cash flow to help them value the telecoms business before deciding on whether to impair the assets or hold on to find new investors.

""No bank is talking about restructuring now, but it might get to that later once we are able to ascertain the true value of the company,"" the source said.

Nigerian regulators intervened last week to save Etisalat Nigeria, the country's fourth-largest mobile operator, from collapse and prevent lenders placing the telecoms firm in receivership, prompting a board and management change.

On Thursday, Etisalat Nigeria changed its name to 9mobile, the company said.

The telecoms firm took-out a $1.2 billion loan four years ago from 13 local lenders to refinance an existing debt and expand its mobile network, but it struggled to repay due a currency crisis and recession in Nigeria.

Banks involved in the loan deal include: Zenith Bank , GT Bank, First Bank, UBA , Fidelity Bank, Access Bank, Ecobank, FCMB, Stanbic IBTC Bank and Union Bank. Results are due from this month.

GT Bank with $138 million in outstanding loans and Access Bank with $131 million are among the most exposed to Etisalat Nigeria.

""We think that by the time the new management settles in, makes some changes and reduces costs, the company might bounce back,"" the source told Reuters, adding that he expected support from the central bank, which has sought to avoid Etisalat Nigeria's collapse from sparking a wider debt crisis.

Etisalat Nigeria's new chief executive Boye Olusanya told Reuters on Tuesday he was focused on getting the telecoms group back on track to make a profit, while working on the paperwork to eventually raise new capital.

Renaissance Capital analysts estimates Etisalat Nigeria could be worth $1.2 billion based on an enterprise value to operating cashflow multiple when compared with South Africa's MTN and other African telecoms companies.

Nigeria's banks are set to report interim earnings this month and investors will be watching for signs of a rise in non-performing loans.

The banks collected half of their interest payment for May from Etisalat Nigeria so that the new team running the company has funds to keep it operating, the source said.

And any provisioning may not kick in until the next quarter.

""Given the understanding that Etisalat's debt was performing till the end of the first quarter we believe the banks ... might be required to make provisions in the second quarter,"" said Olalekan Olabode, head of research at Vetiva Capital said.

""Rather than converting the debt to equity, we expect to see a restructuring in the near term,"" he added.

(Editing by Alexander Smith and Edmund Blair) 

Released: 2017-7-13T19:48:04.000Z"
African Markets - Factors to watch on July 5,2017-07-05,"
    NAIROBI, July 5 (Reuters) - The following company announcements, scheduled economic
indicators, debt and currency market moves and political events may affect African markets on
Wednesday.
    - - - - -
 EVENTS:
 *RWANDA - Statistics office to release first quarter 2017
 gross domestic product growth data.
 
 GLOBAL MARKETS
 Asian share markets were subdued for a second session on
 Wednesday as simmering tensions on the Korean peninsula
 supported safe-harbours including the yen, bonds and
 gold.                       
 
 WORLD OIL PRICES
 Oil markets were firm on Wednesday on worries over
 geopolitical tensions in the Korean peninsula and the Middle
 East, although prices were capped as supply remains ample
 despite an OPEC-led drive to rein in production.            
      
 
 EMERGING MARKETS
 For the top emerging markets news, double click on
            
 
 AFRICA STOCKS
 For the latest news on African stocks, click on     
 
 SOUTH AFRICA MARKETS
 South Africa's rand firmed slightly on Tuesday as the July 4
 holiday in the United States restricted market activity,
 while stocks weakened as investors took profits in bourse
 heavyweight Naspers.            
 
 NIGERIA MARKETS
 Nigerian banking shares dropped 2.3 percent on Tuesday after
 regulators said they had intervened to save the country's
 fourth largest telecoms firm from collapse as talks with
 local lenders to renegotiate a $1.2 billion loan
 failed.            
 
 NIGERIA TELECOMS
 Nigeria's central bank and its telecoms industry regulator
 have intervened to save the country's fourth largest
 telecoms firm from collapse after talks with local banks to
 renegotiate a $1.2 billion loan failed, a regulatory source
 said on Tuesday.            
 
 NIGERIA BREWER SHARE SALE 
 Guinness Nigeria on Tuesday launched a share sale to raise
 39.7 billion naira ($126 million) from existing shareholders
 to help lower its financing costs after reporting its first
 annual loss in 30 years last year.                    
 
 KENYA MARKETS
 The Kenyan shilling        was broadly stable against the
 dollar on Tuesday with hard currency from diaspora
 remittances meeting end-of-month demand from manufacturers
 and oil importers, traders said.            
 
 TANZANIA MINERAL LAWS
 Tanzania put more pressure on foreign mining companies on
 Tuesday by amending mining and tax laws to make it mandatory
 for the state to own at least 16 percent of mining projects,
 while also raising export royalties.            
     Also, Acacia Mining          said on Tuesday it was
 seeking an adjudicator to resolve its dispute with the
 Tanzanian government over mining contracts as President John
 Magufuli ordered the suspension of any new
 licences.            
 
 CONGO ECONOMY
 The economy of Congo Republic is likely to shrink for a
 second consecutive year, the oil-producing nation's
 government said on Tuesday, forecasting a 1.9 percent
 contraction in 2017, a downgrade from its earlier projection
 of 1 percent growth.            
 
 GAMBIA PETROLEUM
 Gambia has ended talks with African Petroleum           to
 extend oil exploration in two of the West African country's
 most promising offshore blocks and is now in preliminary
 discussions with new investors, a senior oil official told
 Reuters.            
 
 NAMIBIA FOREX RESERVES
 Namibia’s foreign currency reserves fell slightly to 25.4
 billion Namibian dollars ($1.93 billion) at the end of May
 2017 compared with N$25.7 billion in April, data from the
 Bank of Namibia showed on Tuesday.            
 
 MOZAMBIQUE DEBT
 Switzerland's financial watchdog FINMA remains in touch with
 Credit Suisse CSGN.S over its role in arranging loans for
 Mozambique state-owned companies, a spokesman for the
 regulator said on Tuesday, after an independent report
 concluded it was unclear how the money had been
 spent.            
 
     For the latest precious metals report click on        
     For the latest base metals report click on         
     For the latest crude oil report click on



Released: 2017-7-5T06:06:09.000Z"
UPDATE 2-Nigeria's  central bank  sells $195 mln at  forex  market auction,2017-06-19,"(Adds amounts sold and background.)

By Oludare Mayowa

LAGOS, June 19 (Reuters) - Nigeria's central bank sold $195 million on the foreign exchange market on Monday as part of its effort to improve dollar liquidity and reduce pressure on the local currency, the naira, a bank spokesman said in a statement.

Nigeria is battling a currency crisis brought on by low oil prices, which has tipped its economy into recession and created chronic dollar shortages. It wants to attract foreign investors and at the same time maintain a strong currency to ward off inflation.

The central bank has been intervening on the official market in recent months to try to narrow the spread between rates on the official market and black market. It has sold over $5 billion since February.

In an emailed statement, the central bank said $100 million was released to authorized currency dealers and $50 million to small and medium-size enterprises. A further $45 million was provided for such items as medical fees, tuition fees and business travel.

The regulator, in notices to commercial lenders on Monday, said an auction would be held for spot and forward deals which would be settled within the next 60 days.

Last week, the bank said it would continue to intervene in the foreign exchange market to support the naira.

Nigeria has at least six different exchange rates including a retail rate set by licensed exchange bureaus, the official and black market rates and a window for investors where the naira can be traded at rates set freely between buyers and sellers.

The naira was quoted at 371.41 on the investors' window >NAFEXD=FMDQ> on Monday.

The local currency traded at 368 on the black market >NGNFX=BDCN> and traded at around 305.80 to the dollar on the official window. (Additional reporting by Camillus Eboh in Abuja and Alexis Akwagyiram in Lagos, editing by Larry King) 

Released: 2017-6-19T21:34:53.000Z"
Nigeria's cenbank to sell $100 mln at  forex  market auction,2017-06-19,"LAGOS, June 19 (Reuters) - Nigeria's central bank plans to sell $100 million at a special foreign currency auction on Monday, the bank said as part of its efforts to improve dollar liquidity and reduce pressure on the local naira currency.               

In a notice to commercial lenders, the regulator said the dollar auction would be both for spot and forward deals which would be settled within the next 60 days.               

Nigeria is battling a currency crisis brought on by low oil prices, which has tipped its economy into recession and created chronic dollar shortages. Africa's biggest economy wants to attract foreign investors and at same time maintain a strong currency to ward off inflation.               

The central bank has been intervening on the official market in the last few months to try to narrow the spread between rates on the official market and black market and it has sold over $5 billion since February.               

Last week the bank said it would continue to intervene in the foreign exchange market to support the naira.               

Nigeria has at least six different exchange rates including a retail rate set by licensed exchange bureaus, the official and black market rates and a window for investors where the naira can be traded at rates set freely between buyers and sellers.               

The naira was quoted at 371.41 on the investors' window >NAFEXD=FMDQ> on Monday.               

Released: 2017-6-19T12:08:33.000Z"
Nigeria 's  central bank  plans $150 mln  FX intervention  -traders,2017-05-03,"LAGOS, May 3 (Reuters) - Nigeria's central bank plans to offer $150 million on the spot and forward markets on Wednesday, traders said, citing a notice from the regulator.

The central bank has been intervening on the currency market since February in a bid to boost dollar liquidity and narrow the spread between official and black market naira rates.

The regulator said it has suspended several lenders from its weekly dollar interventions after they made it difficult for small firms to access foreign exchange.

The naira on Wednesday closed at 306.25 on the spot window and the black market rate was quoted at 391 to the dollar. (Reporting by Oludare Mayowa; editing by Chijioke Ohuocha/Mark Heinrich) 

Released: 2017-5-3T16:06:30.000Z"
UPDATE 2-Nigerian  central bank  trying to make  FX  rates converge -spokesman,2017-05-02,"(Adds FX volume on spot market, sales to firms)

By Oludare Mayowa and Chijioke Ohuocha

LAGOS, May 2 (Reuters) - Nigeria's central bank is working to make exchange rates for its currency converge on the official and black markets, its spokesman said, and plans to offer $100 million on the forward market on Tuesday to boost liquidity.

Nigeria runs a system of multiple exchange rates, and the central bank has sold more than $4 billion on the spot and forward markets in its efforts to increase liquidity. In theory, greater liquidity should lead the rates to converge.

The naira was quoted weaker on Tuesday at an investor trading window, at 380.31 per dollar, data from market regulator FMDQ OTC Securities Exchange showed. The official market rate was 305.85 and the black-market rate 390.

On the spot interbank market, the naira traded a total of $51.68 million, volumes last seen in October 2016.

""The bank is committed and is indeed working to achieve convergence in the forex rates between the interbank and the bureau de change segment,"" said spokesman Isaac Okorafor.

The central bank said all dollar allotments must be backed by demand and that it will settle Tuesday's dollar sale between one week and 45 days after the sale.

It then said it would intervene with an undisclosed amount to clear a backlog of demand for airlines, raw materials and machinery and that it would debit the companies for the naira equivalent of the dollar amount immediately.

The bank offered $100 million last Thursday but ended up selling $85.69 million. Okorafor said in a statement lenders did not take up the whole offer as there was ""enough foreign exchange to meet legitimate demand"".

Analysts doubt whether the central bank can sustain such sales. The convoluted exchange rate system masks pressure on the naira with the regulator trying to avoid a devaluation.

Okorafor said the bank has the capacity to sustain its intervention.

Nigeria's dollar reserves grew to a 19-month high of $30.8 billion last week, thanks to a recent rise in global oil prices, the country's main source of hard currency. But reserves remain far off the peak of $64 billion reached in August 2008. (Additional reporting by Camillus Eboh in Abuja; Writing by Chijioke Ohuocha; Editing by Mark Heinrich) 

Released: 2017-5-2T16:10:15.000Z"
African Markets - Factors to watch on April 11,2017-04-11,"
The following company announcements, scheduled economic indicators, debt and currency market
moves and political events may affect African markets on Tuesday.
    - - - - -
 
 GLOBAL MARKETS
 Asian stocks fell in choppy trade on Tuesday as the
 political tinderbox in the Middle East and the Korean
 Peninsula added to uncertainty over the looming French vote,
 pushing edgy investors into safer assets such as the yen and
 Treasuries.                       
 
 WORLD OIL PRICES
 U.S. crude oil rose for a sixth consecutive session on
 Tuesday to hit its highest level in five weeks, underpinned
 by tensions following a U.S. missile strike on Syria and a
 shutdown at Libya's largest oilfield.                 
 
 EMERGING MARKETS
 For the top emerging markets news, double click on
            
 
 AFRICA STOCKS
 For the latest news on African stocks, click on     
 
 
 SOUTH AFRICA MARKETS
 South Africa's rand traded weaker early on Monday as credit
 downgrades to ""junk"" by two ratings firms last week
 following the sudden firing of the finance minister
 continued to weigh.            
 
 
 NIGERIA MARKETS
 Nigeria's central bankintervened on the spot forex market
 on Monday selling $1.5 million at 305.65 naira, Thomson
 Reuters  data, propping up the local currency which had
 weakened to 328.50 during mid-trades.            
 
 
 NIGERIA SECURITY
 President Donald Trump 's administration is pushing forward
 with plans to sell up to a dozen aircraft to Nigeria's air
 force for the fight against the extremist group Boko Haram ,
 sources said on Monday, in a deal that could be worth up to
 $600 million.                
 
 
 NIGERIA SECURITY/BOKO HARAM
 Niger security forces killed 57 members of Islamist militant
 group Boko Haram  who attacked a village in the southeastern
 Diffa region overnight, the defence ministry said in a
 statement on Monday.               
 
 
 KENYA MARKETS
 The Kenyan shilling        weakened slightly against the
 dollar on Monday due to demand from oil importers but
 foreign exchange inflows from diaspora remittances were seen
 offering support, traders said.            
 
 
 IVORY COAST COCOA
 Heavy rains in Ivory Coast's western cocoa growing regions
 and persistent dry conditions in the east have raised
 concerns about bean quality for the April-to-September
 mid-crop, farmers said on Monday.            
 
 
 UGANDA MARKETS
 The Ugandan shilling        was little changed on Monday but
 was inclined toward the stronger side on the back of waning
 appetite for hard currency among players in the interbank
 market.            
 
 
 UGANDA POLITICS
 The Ugandan government charged a prominent academic with a
 ""cyber harassment"" offence on Monday after she repeatedly
 posted criticism of President Yoweri Museveni  and his wife
 on Facebook , according to court documents.    
 
 
 MOZAMBIQUE RATES
 Mozambique's central bank  cut its benchmark lending rate by
 50 basis points to 22.75 percent, it said on
 Monday.            
 
 
 CONGO POLITICS
 Opposition calls for mass protests against Democratic
 Republic of Congo President Joseph Kabila fell flat on
 Monday when only a handful of people showed up, undermining
 efforts to oust him after his refusal to quit on expiry of
 his mandate last year.                    
 
 
 SOMALIA SECURITY
 A suicide bomber wearing army uniform killed at least nine
 soldiers at a campin Somalia's capital on Monday,
 authorities said, and a government official was killed by a
 bomb planted in his car.            
 
 
 MALI COTTON
 Cotton production in Mali jumped 18 percent in the 2016/2017
 season to 647,212 tonnes, the country's highest yield in
 more than a decade, an official at the Malian Company for
 the Development of Textiles (CMDT) said on
 Monday.            
 
 
 TANZANIA INFLATION
 Tanzania's year-on-year inflation rose to 6.4 percent in
 March, the statistics office said on Friday, from 5.5
 percent the previous month.            
 
 
 RWANDA INFLATION
 Rwanda's year-on-year inflation              eased to 7.7
 percent in March from 8.1 percent a month earlier, the
 National Bureau of Statistics said on Monday.            
 
 
 BURUNDI POLITICS
 Burundian opposition leader and former rebel chief Agathon
 Rwasa has said he fears for his life and has asked the
 government to speed up talks to end a crisis that began in
 2015, when President Pierre Nkurunziza  said he wanted a
 third term.            
 
 
 MAURITIUS TOURISM
 The number of tourists visiting Mauritius rose 3.6 percent
 in the first quarter of 2017 from a year ago, mainly due to
 more visitors from Europe and Asia, the statistics bureau
 said on Monday.            
 
 
 SOUTH SUDAN UNREST
 At least 16 people were killed in the South Sudanese town of
 Wau on Monday, said the United Nations, as witnesses said
 ethnic militiamen went house to house searching for people
 from other groups.                                        
 
 
     For the latest precious metals report click on        
     For the latest base metals report click on         
     For the latest crude oil report click on

Released: 2017-4-11T05:32:46.000Z"
Nigeria's  central bank  sells  FX  to prop up spot market naira,2017-04-10,"LAGOS, April 10 (Reuters) - Nigeria's central bankintervened on the spot forex market on Monday selling $1.5 million at 305.65 naira, Thomson Reuters data, propping up the local currency which had weakened to 328.50 during mid-trades. (Reporting by Chijioke Ohuocha; editing by John Stonestreet)

Released: 2017-4-13T12:58:35.000Z"
Nigeria  FX  reserves at two-week low of $30.3 bln on March 29,2017-03-31,"LAGOS, March 31 (Reuters) - Nigeria's dollar reserves fell to a two-week low of $30.29 billion on March 29, central bank data showed on Friday.

Nigeria's central bank has been intervening on the currency market this month to support the ailing naira after it effectively devalued it in a bid to narrow the spread with the black market rate.

Nigeria's reserves stood at $29.64 billion a month ago and have risen 16.1 percent since the start of the year but are still far off their peak of $64 billion, hit in August 2008. (Reporting by Oludare Mayowa; Writing by Chijioke Ohuocha; Editing by Andrew Roche) 

Released: 2017-3-31T14:25:28.000Z"
Nigeria ETF Lower: 14% Interest Rate On Hold -- Barron's Blog,2017-03-21,"The iShares MSCI Nigeria exchange-traded fund ( NGE) was down 1.4% in midday trading after the country's central bank kept its 14% policy interest rate on hold.

The oil-dependent country is struggling with stubbornly low crude prices, and inflation is taking a bite out of consumer's wallets. Economist John Ashbourne at Capital Economics writes:

""The accompanying statement hinted, however, that policymakers are finally considering the case for tightening policy in the face of above-target inflation. ... The communication was, as ever, a bit unclear. We do not expect a meaningful shift in policy anytime soon ... The [central bank] governor spent much of his time discussing global factors that have limited relevance for Nigeria. Of the various factors that can be blamed for Nigeria's economic troubles, it is far from clear that protectionist rhetoric in the US has played a significant role. The Governor also provided little clarity on the currency issue. There was no further information about the Central Bank of Nigeria's recent FX interventions, which have created a whole new exchange rate and caused the widely used parallel rate to appreciate against the USD ...

The governor's stated objection that tighter rates would ""portray the bank as insensitive"" to concerns about growth was, however, more worrying. First, it is not clear that looser policy will provide much of a boost to growth in Nigeria's economy, which has been held back by a deteriorating security situation an falling oil output. Second, concerns about how the bank would be ""portrayed"" seem to ignore the CBN's primary mandate of achieving price stability, to which the governor referred in the same speech. Yet again, policymakers' statements have provided little clarity ...""

See our posts Nigeria's Trade Dilemma: Dirty Oil Or Expensive Fuel, Nigeria Political Change: Chaos or Oil Boost? and Nigeria: Is A Recovery Ahead?

Nigeria is exempt from OPEC oil cuts required of members through June. See our post Oil Investments Sink On OPEC, Saudi Data. 


 
 More at Barron's Emerging Markets blog, http://blogs.barrons.com/emergingmarketsdaily/(""http://blogs.barrons.com/emergingmarketsdaily/"")

(END) Dow Jones Newswires

March 21, 2017 12:28 ET (16:28 GMT)"
UPDATE 3-Nigerian regulators push for deal in Etisalat debt talks,2017-03-09,"(Adds IHS statement)

* Etisalat missed payment on $1.2 bln loan

* Central bank, telecom regulator intervene

* Etisalat, lenders to meet regulators on Friday

By Camillus Eboh and Chijioke Ohuocha

ABUJA/LAGOS, March 9 (Reuters) - Nigeria's telecoms regulator and central bank governor intervened on Thursday to try to help Etisalat Nigeria resolve debt restructuring talks with its lenders, after the company missed a payment on a $1.2 billion loan.

A banking source told Reuters on Wednesday that the Nigerian affiliate of Abu Dhabi-listed telecoms company Etisalat had given notice to its Nigerian lenders that it would miss a payment in February. Debt talks were triggered 10 days ago but the two sides have not been able to agree on terms.

Etisalat is the biggest foreign victim of dollar shortages in Nigeria. Firms aggressively invested in the West African nation in the era of high oil prices but are struggling to repay loans or keep operating as the oil producer suffers from a slump in oil revenues, hitting its currency and dollars reserves.

One of the consortium of 13 affected lenders, Access Bank, said on Thursday it was owed 40 billion naira ($131 million) by Etisalat Nigeria.

The Nigerian Communications Commission (NCC) said in a statement it was worried about the negative impact the matter could have on Etisalat Nigeria subscribers and the industry, and wanted to prevent a possible takeover of the unit by the banks.

NCC Chairman Umar Danbatta met with central bank Governor Godwin Emefiele to try to find a solution and ordered Etisalat Nigeria and the banks to meet again on Friday. It gave no details.

""NCC was worried about the fate of the over 20 million Etisalat subscribers and the wrong signals this may send to potential investors in the telecom industry,"" it said in the statement.

Etisalat and Etisalat Nigeria were not immediately available for comment.

LEASE PAYMENT AT RISK

Emirates Telecommunications Group (Etisalat) owns a 40 percent stake in its Nigerian affiliate, which accounted for around 3.7 percent of the group's revenue in 2013.

Etisalat Nigeria signed a $1.2 billion medium-term facility with 13 Nigerian banks in 2013, which it used to refinance an existing $650 million loan and fund a modernisation of its network.

Banks involved in the loan deal include: Zenith Bank , GT Bank, First Bank, UBA, Fidelity Bank, Access Bank, Ecobank, FCMB, Stanbic IBTC Bank and Union Bank.

Access Bank's Chief Executive Herbert Wigwe told an analysts' call that Etisalat had converted a shareholder loan to the Nigerian arm to equity to free up cashflows and that it may need to inject fresh equity.

As well as the loan from banks, Etisalat had also entered into a sale and lease-back of its phone towers with tower firm IHS Nigeria to free up cash.

IHS said a payment of $8.5 million was more than 120 days overdue from Etisalat as per Dec. 31. ""We ... will continue to pursue our contractual rights in collecting the outstanding amounts,"" IHS said in a filing to the Irish stock exchange.

JP Morgan analyst Zafar Nazim said in a note on Thursday that on Wednesday it had downgraded IHS bonds due 2021 because of Etisalat Nigeria as it was uncertain whether the company could keep up with lease commitments.

Nazim also said it was unclear whether Etisalat's parent firm would recapitalise the Nigerian operations given its small market share in the country, but added a quick resolution to the loan issue would boost IHS bonds. (Additional reporting by Andrew Torchia in Dubai; Writing by Chijioke Ohuocha and Ulf Laessing; Editing by Susan Fenton and Mark Potter) 

Released: 2017-3-9T21:31:25.000Z"
*S&PGR Maintains Its Suspension Of Nigerian Skye Bank Ratings,2017-03-02,"2 Mar 2017 11:58 ET  Press Release: S&PGR Maintains Its Suspension Of Nigerian Skye Bank Ratings


 
 
The following is a press release from Standard & Poor's: 
 
     -- We are continuing to suspend our ratings on Nigeria-based Skye Bank 
due to the ongoing lack of sufficient, reliable, and timely information. 
     -- The suspension is expected to be for 90 days, pending the receipt of 
further information. 
 
JOHANNESBURG (S&P Global Ratings) March 2, 2017--S&P Global Ratings today 
maintained its suspension of its counterparty credit ratings and national 
scale ratings on Skye Bank PLC. 
 
We initially suspended the ratings on Dec. 6, 2016 (see ""Nigeria's Skye Bank 
Ratings Suspended Due To Lack of Sufficient Information,"" published on 
RatingsDirect). At the time of the suspension, the 'CCC-/C' global scale 
ratings and 'ngCCC-/ngC' Nigeria national scale ratings were on CreditWatch 
with negative implications. 
 
The suspension is based on a lack of sufficient, timely, and reliable 
information to maintain our ratings on Skye Bank. We were informed that the 
bank will delay the publication of its 2016 half-year financial information in 
order to cover the whole 12 months ending Dec. 31, 2016. 
 
At midyear 2016, the bank breached some regulatory ratios, including the 
minimum capital adequacy and liquidity ratios, which led the Central Bank of 
Nigeria to intervene, suspending the bank's board of directors and changing 
its top management on July 4, 2016. 
 
Since then, the quality, quantity, and timeliness of information that we have 
received from the bank continues to fall short of our requirements, resulting 
in our decision to suspend the ratings. At the time of suspension, we 
understood from our interaction with the bank's management that Skye Bank had 
been making timely payments on funding facilities and deposits both in U.S. 
dollars and Nigerian naira. We also understood that the bank has restructured 
some off-balance-sheet trade-related facilities under mutually agreed 
conditions with creditors. 
 
We expect to be able to resolve the suspension within the next 90 days, 
subject to receiving the necessary information from the bank. If the 
information is not sufficient, we may withdraw our ratings. 
 
RELATED CRITERIA 
 
     -- General Criteria: S&P Global Ratings' National And Regional Scale 
Mapping Tables, June 01, 2016 
     -- General Criteria: National And Regional Scale Credit Ratings, Sept. 
22, 2014 
     -- General Criteria: Group Rating Methodology, Nov. 19, 2013 
     -- Criteria - Financial Institutions - Banks: Quantitative Metrics For 
Rating Banks Globally: Methodology And Assumptions, July 17, 2013 
     -- General Criteria: Criteria For Assigning 'CCC+', 'CCC', 'CCC-', And 
'CC' Ratings, Oct. 01, 2012 
     -- Criteria - Financial Institutions - Banks: Revised Market Risk Charges 
For Banks In Our Risk-Adjusted Capital Framework, June 22, 2012 
     -- Criteria - Financial Institutions - Banks: Banks: Rating Methodology 
And Assumptions, Nov. 09, 2011 
     -- Criteria - Financial Institutions - Banks: Banking Industry Country 
Risk Assessment Methodology And Assumptions, Nov. 09, 2011 
     -- Criteria - Financial Institutions - Banks: Bank Capital Methodology 
And Assumptions, Dec. 06, 2010 
     -- General Criteria: Understanding Standard & Poor's Rating Definitions, 
June 03, 2009 
     -- Criteria - Financial Institutions - Banks: Commercial Paper I: Banks, 
March 23, 2004 
 
RELATED RESEARCH 
     -- Nigeria's Skye Bank Ratings Suspended Due To Lack of Sufficient 
Information, Dec. 6, 2016 
     -- Nigeria Bank Outlook 2017: Economic And Currency Concerns Will Fuel 
Weaker Capital And Higher Credit Losses, Feb. 27, 2017 
 
REGULATORY DISCLOSURES 
     -- Primary Credit Analyst: Matthew Pirnie, Director 
     -- Rating Committee Chairperson: John Gibling 
     -- Date initial rating assigned: Aug. 7, 2013 
     -- Date of previous review: Dec. 6, 2016 
 
DISCLAIMERS 
This rating has been determined by a rating committee based solely on the 
committee's independent evaluation of the credit risks and merits of the 
issuer or issue being rated in accordance with S&P Global Ratings published 
criteria and no part of this rating was influenced by any other business 
activities of S&P Global Ratings. 
 
This credit rating is solicited. The rated entity did participate in the 
credit rating process. S&P Global Ratings did have access to the accounts, 
financial records and other relevant internal, non-public documents of the 
rated entity or a related third party. S&P Global Ratings has used information 
from sources believed to be reliable but does not guarantee the accuracy, 
adequacy, or completeness of any information used. 
 
GLOSSARY 
     -- Counterparty credit rating: A form of issuer credit rating, which is a 
forward-looking opinion about an obligor's overall creditworthiness. 
     -- Credit losses: Losses arising from credit risk. 
     -- Credit risk: Risk that a borrower will default on its payment 
obligations. 
     -- Customer loans (gross): Total customer loans before loan loss reserves. 
     -- Date initial rating assigned: The date S&P Global Ratings assigned the 
long-term foreign currency issuer credit rating on the entity. 
     -- Date of previous review: The date S&P Global Ratings last reviewed the 
credit rating on the entity. 
     -- National scale rating: An opinion of an obligor's creditworthiness or 
overall capacity to meet specific financial obligations, relative to other 
issuers and issues in a given country or region. 
 
Certain terms used in this report, particularly certain adjectives used to 
express our view on rating relevant factors, have specific meanings ascribed 
to them in our criteria, and should therefore be read in conjunction with such 
criteria. Please see Ratings Criteria at www.standardandpoors.com for further 
information. Complete ratings information is available to subscribers of 
RatingsDirect at www.globalcreditportal.com and at spcapitaliq.com. All 
ratings affected by this rating action can be found on the S&P Global Ratings' 
public website at www.standardandpoors.com. Use the Ratings search box located 
in the left column.  Alternatively, call one of the following S&P Global 
Ratings numbers: Client Support Europe (44) 20-7176-7176; London Press Office 
(44) 20-7176-3605; Paris (33) 1-4420-6708; Frankfurt (49) 69-33-999-225; 
Stockholm (46) 8-440-5914; or Moscow 7 (495) 783-4009. 
 
Primary Credit Analyst: Matthew D Pirnie, Johannesburg (27) 11-214-4862; 
                        matthew.pirnie@spglobal.com 
Secondary Contact: Keletso Modisakeng, Johannesburg (27) 11-214-4846; 
                   keletso.modisakeng@spglobal.com 
Additional Contact: Financial Institutions Ratings Europe; 
                    FIG_Europe@spglobal.com 
 
 
No content (including ratings, credit-related analyses and data, valuations, 
model, software, or other application or output therefrom) or any part thereof 
(Content) may be modified, reverse engineered, reproduced, or distributed in 
any form by any means, or stored in a database or retrieval system, without 
the prior written permission of Standard & Poor's Financial Services LLC or 
its affiliates (collectively, S&P). The Content shall not be used for any 
unlawful or unauthorized purposes. S&P and any third-party providers, as well 
as their directors, officers, shareholders, employees, or agents (collectively 
S&P Parties) do not guarantee the accuracy, completeness, timeliness, or 
availability of the Content. S&P Parties are not responsible for any errors 
or omissions (negligent or otherwise), regardless of the cause, for the 
results obtained from the use of the Content, or for the security or 
maintenance of any data input by the user. The Content is provided on an ""as 
is"" basis. S&P PARTIES DISCLAIM ANY AND ALL EXPRESS OR IMPLIED WARRANTIES, 
INCLUDING, BUT NOT LIMITED TO, ANY WARRANTIES OF MERCHANTABILITY OR FITNESS 
FOR A PARTICULAR PURPOSE OR USE, FREEDOM FROM BUGS, SOFTWARE ERRORS OR 
DEFECTS, THAT THE CONTENT'S FUNCTIONING WILL BE UNINTERRUPTED, OR THAT THE 
CONTENT WILL OPERATE WITH ANY SOFTWARE OR HARDWARE CONFIGURATION. In no event 
shall S&P Parties be liable to any party for any direct, indirect, incidental, 
exemplary, compensatory, punitive, special or consequential damages, costs, 
expenses, legal fees, or losses (including, without limitation, lost income or 
lost profits and opportunity costs or losses caused by negligence) in 
connection with any use of the Content even if advised of the possibility of 
such damages. 
 
Credit-related and other analyses, including ratings, and statements in the 
Content are statements of opinion as of the date they are expressed and not 
statements of fact. S&P's opinions, analyses, and rating acknowledgment 
decisions (described below) are not recommendations to purchase, hold, or sell 
any securities or to make any investment decisions, and do not address the 
suitability of any security. S&P assumes no obligation to update the Content 
following publication in any form or format.  The Content should not be relied 
on and is not a substitute for the skill, judgment, and experience of the 
user, its management, employees, advisors, and/or clients when making 
investment and other business decisions. S&P does not act as a fiduciary or 
an investment advisor except where registered as such. While S&P has obtained 
information from sources it believes to be reliable, S&P does not perform an 
audit and undertakes no duty of due diligence or independent verification of 
any information it receives. 
 
To the extent that regulatory authorities allow a rating agency to acknowledge 
in one jurisdiction a rating issued in another jurisdiction for certain 
regulatory purposes, S&P reserves the right to assign, withdraw, or suspend 
such acknowledgement at any time and in its sole discretion. S&P Parties 
disclaim any duty whatsoever arising out of the assignment, withdrawal, or 
suspension of an acknowledgment as well as any liability for any damage 
alleged to have been suffered on account thereof. 
 

2 Mar 2017 11:58 ET 
Press Release: S&PGR Maintains Its Suspension Of -2-


S&P keeps certain activities of its business units separate from each other in 
order to preserve the independence and objectivity of their respective 
activities. As a result, certain business units of S&P may have information 
that is not available to other S&P business units. S&P has established 
policies and procedures to maintain the confidentiality of certain nonpublic 
information received in connection with each analytical process. 
 
S&P may receive compensation for its ratings and certain analyses, normally 
from issuers or underwriters of securities or from obligors. S&P reserves the 
right to disseminate its opinions and analyses. S&P's public ratings and 
analyses are made available on its Web sites, www.standardandpoors.com (free 
of charge), and www.ratingsdirect.com and www.globalcreditportal.com 
(subscription), and may be distributed through other means, including via S&P 
publications and third-party redistributors. Additional information about our 
ratings fees is available at www.standardandpoors.com/usratingsfees(""http://www.standardandpoors.com/usratingsfees""). 
 
Any Passwords/user IDs issued by S&P to users are single user-dedicated and 
may ONLY be used by the individual to whom they have been assigned. 
No sharing of passwords/user IDs and no simultaneous access via the same 
password/user ID is permitted. To reprint, translate, or use the data or 
information other than as provided herein, contact Client Services, 
55 Water Street, New York, NY 10041; (1) 212-438-7280 or by e-mail to: 
research_request@spglobal.com. 
 
Copyright (c) 2017 by Standard & Poor's Financial Services LLC. 
All rights reserved. 
 
 

(END) Dow Jones Newswires

March 02, 2017 11:58 ET (16:58 GMT)"
African Markets - Factors to watch on March 1,2017-03-01,"
    NAIROBI, March 1(Reuters) - The following company announcements, scheduled economic
indicators, debt and currency market moves and political events may affect African markets on
Wednesday.
    - - - - -
 GLOBAL MARKETS
 U.S. stock futures and the dollar trimmed their gains on
 Wednesday as U.S. President Donald Trump promised
 immigration and tax reforms in a speech that contained few
 specifics or surprises.                       
 
 WORLD OIL PRICES
 U.S. crude lost more ground on Wednesday on rising U.S. oil
 output, although OPEC production cuts continued to offer
 support.                 
 
 EMERGING MARKETS
 For the top emerging markets news, double click on
            
 
 AFRICA STOCKS
 For the latest news on African stocks, click on     
 
 
 SOUTH AFRICA MARKETS
 South Africa's rand weakened on Tuesday with emerging assets
 struggling for clear direction as risk demand eased ahead of
 a speech before Congress by U.S. President Donald
 Trump.            
 
 
 NIGERIA MARKETS
 The Nigerian naira gained 2.2 percent to 450 per dollar on
 the black market on Tuesday, a more than four-month high, a
 day after the central bank intervened by selling dollars on
 the interbank market, traders said.            
 
 
 NIGERIA ECONOMY
 Nigeria's economy contracted 1.5 percent in 2016 due to
 lower oil revenues and a shortage of hard currency, the
 National Bureau of Statistics said on Tuesday, its first
 annual contraction in quarter of a century.            
 
 
 KENYA MARKETS
 The Kenyan shilling        held steady against the dollar on
 Tuesday, with dollar inflows from horticultural produce
 exporters and non-governmental organisations matching demand
 from oil importers, traders said.            
 
 
 KENYA AUTOS 
 General Motors Co        on Tuesday said it plans to sell
 its majority ownership stake in General Motors East Africa
 to its Japanese partner Isuzu Motors Ltd         , as the
 U.S. carmaker continues to streamline by exiting non-core
 operations.             
 
 
 UGANDA MARKETRS
 The Ugandan shilling        was unchanged on Tuesday and was
 seen getting support from dollar inflows from
 non-governmental organisations and coffee
 exporters.                
 
 
 IVORY COAST COCOA
 Ivory Coast exported 139,746 tonnes of semi-finished cocoa
 products between the start of the season on Oct. 1 and the
 end of January, down 6.5 percent from a year earlier,
 provisional port data showed on Tuesday.                 
 
 
 
 
 
     For the latest precious metals report click on        
     For the latest base metals report click on         
     For the latest crude oil report click on



Released: 2017-3-1T05:53:16.000Z"
"Nigeria  to sell $230 mln in  FX  forwards,  intervenes  on spot market",2017-02-23,"LAGOS, Feb 23 (Reuters) - Nigeria's central bank will auction $230 million in forward contracts on the official market on Thursday after selling $370 million this week to boost dollar liquidity and help narrow the gap between the official and black market rates, traders said

The bank also sold $1.5 million on the spot market to help keep interbank rates at 305.50 per dollar. On the black market the naira firmed to 490 after opening at 505, traders said.

(Reporting by Chijioke Ohuocha and Oludare Mayowa; editing by John Stonestreet) 

Released: 2017-2-23T14:17:01.000Z"
Nigeria sells $1 bln to help clear backlog in biggest dollar sale since June,2016-12-29,"LAGOS, Dec 29 (Reuters) - Nigeria's central bank sold about $1 billion on the forward market last week to clear a backlog of dollar obligations in selected sectors, traders said on Thursday, its largest special auction since a currency peg was removed in June.

Outstanding dollar demand was about $4 billion before June, when the 16-month-old peg was removed. Efforts to cut dollar demand have been largely unsuccessful due to low oil prices.

Crude sales account for about 90 percent of Nigeria's foreign exchange earnings.

Traders said the central bank told banks to prioritise airlines, manufacturing firms, petroleum products importers and agriculture sectors, the sectors worst hit by the dollar shortage, in the auction.

""The central bank sold $1 billion at last week's special forex auction and directed banks to issue fresh letters of credit to reflect the amount sold in favour of the affected sectors,"" a senior currency trader told Reuters.

Traders said the central bank sold 30-day and 60-day forwards at the auction.

On Dec. 19, the central bank instructed commercial lenders to submit their backlog of dollar demand from fuel importers, airlines, raw materials and machinery for manufacturing firms and agricultural chemicals for the special forex intervention.

Nigeria is in its first recession for 25 years, caused by the oil price drop which has cut the supply of dollars needed to fund imports. Attacks by militants on pipelines in the Niger Delta since January have cut crude output, further reducing dollar inflows.

The dollar shortage in the OPEC member, whose crude sales make up two thirds of government revenue, has caused many companies to halt operations and lay off workers, compounding the economic crisis.

Some foreign airlines have closed down or reduced their operations over an inability to repatriate the proceeds of their earnings due to the dollar shortage.

An acute shortage of jet oil in the last few months - caused by the inability of importers to secure the dollars needed to buy the fuel - has led to many operators refuelling in neighbouring countries.

Flight cancellations by local airlines have become commonplace as a result of the shortages.

The naira was trading at about 305.25 to the dollar on the interbank market on Thursday and was quoted at 490 a dollar on the unofficial market. (Editing by Alexis Akwagyiram and Louise Ireland) 

Released: 2016-12-29T14:19:08.000Z"
"Nigeria to provide dollars to airlines, fuel marketers in special  fx  auction -traders",2016-12-19,"LAGOS, Dec 19 (Reuters) - Nigeria's central bank on Monday asked banks to submit bids for a ""special currency auction"" to clear the backlog of matured outstanding dollar obligations for selected sectors of the economy, traders said on Monday.

The central bank instructed commercial lenders to submit backlog dollar demand from fuel importers, airlines, raw materials and machinery for manufacturing firms and agricultural chemicals by 1500 GMT for a special forex intervention.

Nigeria is in its first recession in 25 years, caused by low global oil prices which have cut the supply of dollars needed to fund imports. Attacks by militants on pipelines in the oil-rich Niger Delta since January have reduced crude output, reducing dollars earned.

The dollar shortage in the OPEC member, whose crude sales make up two thirds of government revenue, has caused many companies to halt operations and lay off workers, compounding the economic crisis.

Traders said the central bank plans to sell ""funded forwards of two to five months tenor"" dollars to the targeted sectors at an auction ahead of the closure of the forex market for the year.

The central bank is expected to close all foreign exchange transactions this Friday ahead of its financial year end and the Christmas period.

The naira currency has traded around 305.5 naira to the dollar on the official interbank market since August, while it was quoted at 487 to the dollar on the parallel market on Monday.

Two weeks ago, the bank had asked commercial lenders to submit bids for a special intervention auction targeting fuel importers, but the result of the auction has not yet been released, traders said.

Africa's largest economy has suffered from an acute shortage of jet oil used by airlines in the last few months, causing many operators in the sector to refuel from neighbouring countries, while flight cancellations by local airlines have become commonplace as a result of the shortages.

On Monday, the Nigerian National Petroleum Corporation said it had imported about 38.7 million litres of aviation fuel, which it said ""represented about 26-day sufficiency"", as part of its ""ensure a hitch-free air travel across the country during and after the yuletide period"". (Reporting by Oludare Mayowa and Camillus Eboh; Editing by Alexis Akwagyiram and Toby Chopra) 

Released: 2016-12-19T14:42:46.000Z"
*S&PGR Suspends Ratings on Nigeria's Skye Bank,2016-12-06,"6 Dec 2016 11:46 ET  Press Release: S&PGR Suspends Ratings on Nigeria's Skye Bank


 
 
The following is a press release from Standard & Poor's: 
     -- We are suspending the ratings on Skye Bank due to a lack of sufficient, 
reliable, and timely information. 
     -- The suspension is for up to 90 days, pending the receipt of further 
information. 
 
JOHANNESBURG (S&P Global Ratings) Dec. 6, 2016--S&P Global Ratings today 
suspended its counterparty credit ratings on Skye Bank PLC. 
 
At the time of the suspension, the global and local scale ratings on Skye Bank 
were 'CCC-/C' and 'ngCCC-/ngC' and these ratings were on CreditWatch negative. 
 
The suspension is based on a lack of sufficient, timely, and reliable 
information to maintain our ratings on Skye Bank. At mid-year 2016, the bank 
breached some regulatory ratios, including the minimum capital adequacy and 
liquidity ratios, which led the Central Bank of Nigeria to intervene, 
suspending the bank's board of directors and changing its top management on 
July 4, 2016. Since then, the quality, quantity, and timeliness of information 
that we have received from the bank has fallen short of our requirements, 
resulting in our decision to suspend the ratings. At the time of suspension, we 
understand from our interaction with the bank's management that Skye Bank has 
been making timely payments on funding facilities and deposits both in U.S. 
dollars and Nigerian naira. We also understand that the bank has restructured 
some off-balance-sheet trade-related facilities under mutually agreed 
conditions with creditors. 
 
We expect to be able to resolve the suspension within the next 90 days, subject 
to receiving the necessary information from the bank. If the information is not 
received within that timeframe, we will withdraw our ratings. 
 
RELATED CRITERIA AND RESEARCH 
 
Related Criteria 
     -- General Criteria: S&P Global Ratings' National And Regional Scale 
Mapping Tables - June 01, 2016 
     -- General Criteria: National And Regional Scale Credit Ratings - 
September 22, 2014 
     -- General Criteria: Group Rating Methodology - November 19, 2013 
     -- Criteria - Financial Institutions - Banks: Quantitative Metrics For 
Rating Banks Globally: Methodology And Assumptions - July 17, 2013 
     -- General Criteria: Criteria For Assigning 'CCC+', 'CCC', 'CCC-', And 
'CC' Ratings - October 01, 2012 
     -- Criteria - Financial Institutions - Banks: Revised Market Risk Charges 
For Banks In Our Risk-Adjusted Capital Framework - June 22, 2012 
     -- Criteria - Financial Institutions - Banks: Banks: Rating Methodology 
And Assumptions - November 09, 2011 
     -- Criteria - Financial Institutions - Banks: Banking Industry Country 
Risk Assessment Methodology And Assumptions - November 09, 2011 
     -- Criteria - Financial Institutions - Banks: Bank Capital Methodology And 
Assumptions - December 06, 2010 
     -- General Criteria: Use Of CreditWatch And Outlooks - September 14, 2009 
     -- General Criteria: Understanding Standard & Poor's Rating Definitions - 
June 03, 2009 
     -- Criteria - Financial Institutions - Banks: Commercial Paper I: Banks - 
March 23, 2004 
 
REGULATORY DISCLOSURES 
 
     -- Primary Credit Analyst: Matthew Pirnie, Director 
     -- Rating Committee Chairperson: Mohamed Damak 
     -- Date initial rating assigned: Aug. 7, 2013 
     -- Date of previous review: Oct. 4, 2016 
 
Disclaimers 
This rating has been determined by a rating committee based solely on the 
committee's independent evaluation of the credit risks and merits of the issuer 
or issue being rated in accordance with S&P Global Ratings published criteria 
and no part of this rating was influenced by any other business activities of 
S&P Global Ratings. 
 
This credit rating is solicited. The rated entity did participate in the credit 
rating process. S&P Global Ratings did have access to the accounts, financial 
records and other relevant internal, non-public documents of the rated entity 
or a related third party. S&P Global Ratings has used information from sources 
believed to be reliable but does not guarantee the accuracy, adequacy, or 
completeness of any information used. 
 
GLOSSARY 
 
     -- Counterparty credit rating: A form of issuer credit rating, which is a 
forward-looking opinion about an obligor's overall creditworthiness. 
     -- Date initial rating assigned: The date S&P Global Ratings assigned the 
long-term foreign currency issuer credit rating on the entity. 
     -- Date of previous review: The date S&P Global Ratings last reviewed the 
credit rating on the entity. 
     -- National scale rating: An opinion of an obligor's creditworthiness or 
overall capacity to meet specific financial obligations, relative to other 
issuers and issues in a given country or region. 
 
Certain terms used in this report, particularly certain adjectives used to 
express our view on rating relevant factors, have specific meanings ascribed to 
them in our criteria, and should therefore be read in conjunction with such 
criteria. Please see Ratings Criteria at www.standardandpoors.com for further 
information. Complete ratings information is available to subscribers of 
RatingsDirect at www.globalcreditportal.com and at spcapitaliq.com. All ratings 
affected by this rating action can be found on S&P Global Ratings' public Web 
site at www.standardandpoors.com. Use the Ratings search box located in the 
left column. Alternatively, call one of the following S&P Global Ratings 
numbers: Client Support Europe (44) 20-7176-7176; London Press Office (44) 
20-7176-3605; Paris (33) 1-4420-6708; Frankfurt (49) 69-33-999-225; Stockholm 
(46) 8-440-5914; or Moscow 7 (495) 783-4009. 
 
Primary Credit Analyst:  Matthew Pirnie, Johannesburg (27) 11-214-4862; 
                         matthew.pirnie@spglobal.com 
 
Secondary Contact:  Keletso Modisakeng, Johannesburg (27) 11-214-4846; 
                    keletso.modisakeng@spglobal.com 
 
Additional Contact:  Financial Institutions Ratings Europe; 
                     FIG_Europe@spglobal.com 
 
No content (including ratings, credit-related analyses and data, valuations, 
model, software, or other application or output therefrom) or any part thereof 
(Content) may be modified, reverse engineered, reproduced, or distributed in 
any form by any means, or stored in a database or retrieval system, without the 
prior written permission of Standard & Poor's Financial Services LLC or its 
affiliates (collectively, S&P). The Content shall not be used for any unlawful 
or unauthorized purposes. S&P and any third-party providers, as well as their 
directors, officers, shareholders, employees, or agents (collectively S&P 
Parties) do not guarantee the accuracy, completeness, timeliness, or 
availability of the Content. S&P Parties are not responsible for any errors or 
omissions (negligent or otherwise), regardless of the cause, for the results 
obtained from the use of the Content, or for the security or maintenance of any 
data input by the user. The Content is provided on an ""as is"" basis. S&P 
PARTIES DISCLAIM ANY AND ALL EXPRESS OR IMPLIED WARRANTIES, INCLUDING, BUT NOT 
LIMITED TO, ANY WARRANTIES OF MERCHANTABILITY OR FITNESS FOR A PARTICULAR 
PURPOSE OR USE, FREEDOM FROM BUGS, SOFTWARE ERRORS OR DEFECTS, THAT THE 
CONTENT'S FUNCTIONING WILL BE UNINTERRUPTED, OR THAT THE CONTENT WILL OPERATE 
WITH ANY SOFTWARE OR HARDWARE CONFIGURATION. In no event shall S&P Parties be 
liable to any party for any direct, indirect, incidental, exemplary, 
compensatory, punitive, special or consequential damages, costs, expenses, 
legal fees, or losses (including, without limitation, lost income or lost 
profits and opportunity costs or losses caused by negligence) in connection 
with any use of the Content even if advised of the possibility of such damages. 
 
Credit-related and other analyses, including ratings, and statements in the 
Content are statements of opinion as of the date they are expressed and not 
statements of fact. S&P's opinions, analyses, and rating acknowledgment 
decisions (described below) are not recommendations to purchase, hold, or sell 
any securities or to make any investment decisions, and do not address the 
suitability of any security. S&P assumes no obligation to update the Content 
following publication in any form or format. The Content should not be relied 
on and is not a substitute for the skill, judgment, and experience of the user, 
its management, employees, advisors, and/or clients when making investment and 
other business decisions. S&P does not act as a fiduciary or an investment 
advisor except where registered as such. While S&P has obtained information 
from sources it believes to be reliable, S&P does not perform an audit and 
undertakes no duty of due diligence or independent verification of any 
information it receives. 
 
To the extent that regulatory authorities allow a rating agency to acknowledge 
in one jurisdiction a rating issued in another jurisdiction for certain 
regulatory purposes, S&P reserves the right to assign, withdraw, or suspend 
such acknowledgement at any time and in its sole discretion. S&P Parties 
disclaim any duty whatsoever arising out of the assignment, withdrawal, or 
suspension of an acknowledgment as well as any liability for any damage alleged 
to have been suffered on account thereof. 
 
S&P keeps certain activities of its business units separate from each other in 
order to preserve the independence and objectivity of their respective 
activities. As a result, certain business units of S&P may have information 
that is not available to other S&P business units. S&P has established policies 
and procedures to maintain the confidentiality of certain nonpublic information 
received in connection with each analytical process. 
 
S&P may receive compensation for its ratings and certain analyses, normally 
from issuers or underwriters of securities or from obligors. S&P reserves the 
right to disseminate its opinions and analyses. S&P's public ratings and 
analyses are made available on its Web sites, www.standardandpoors.com(""http://www.standardandpoors.com"") (free of 

(MORE TO FOLLOW) Dow Jones Newswires

December 06, 2016 11:46 ET (16:46 GMT)"
Nigeria naira ends at 305 after  central bank  dollar sales,2016-10-17,"LAGOS, Oct 17 (Reuters) - Nigeria's central bankintervened on Monday with dollar sales to support the naira, which ended at 305.50 per dollar, a range it has closed at for nearly two months, traders said.

Traders said the bank, which has been selling dollars regularly to prop up the currency, sold around $1.5 million towards the close of Monday's trade after the market was open for nearly four hours with no deals.

The naira was quoted at 455 to the dollar on the black market on Monday, firmer than 460 at its previous session, as international money transfer operators had started to sell dollars to retail currency outlets. The currency had weakened to a record low of 495 per dollar on the black market last month.

The bank held a dollar forward auction last Friday to clear a backlog of demand from airlines, manufacturers and other companies, as the country's currency crisis deepened. Result of the auction was yet to be published, traders say. (Reporting by Oludare Mayowa; Writing by Chijioke Ohuocha; Editing by Toby Chopra) 

Released: 2016-10-17T14:47:48.000Z"
"INTERVIEW-Nigeria lowers 2016 forecast, expects economy to shrink 1.3 pct",2016-10-05,"ABUJA, Oct 5 (Reuters) - Nigeria's economy is likely to shrink 1.3 percent in 2016, the National Bureau of Statistics executive said on Wednesday, a sharp downward revision of its estimates he said was prompted by sharp falls in the naira after dollar peg was dropped.

The NBS had predicted the Nigerian economy to grow 3.8 percent in 2016, but low oil prices have hammered the OPEC member's government income and the naira, and recession first appeared in the second quarter with 2.1 percent contraction.

A contraction in 2016 would mark Nigeria's first year of recession in 25 years. NBS head Yemi Kale said the economy was likely to shrink in the third quarter.

The International Monetary Fund (IMF) already predicted in July that Nigeria's economy would contract 1.8 percent this year.

The NBS had also revised its inflation forecasts, Kale said. Year-end inflation was estimated at between 17.1 percent and 18 percent, he said, up from 9 percent at the start of the year.

""All things remaining constant, year-end GDP should be around -1.3 percent from our internal model,"" he told Reuters.

Prior to ditching the currency peg in June, Nigeria had fixed its exchange rate at 197 to the dollar. Kale said the new projection factored in the currency float.

The naira has hit record lows on the black market in the last month, weakening to as low as 485 per dollar. It has held firm at around 305 on the official market, supported by central bank interventions.

Nigeria's economic growth started to slow by the second quarter of 2014 after an oil price collapse hurt government revenues and caused severe dollar shortages on the currency market.

Oil sales, which generate 90 percent of foreign exchange for the economy, contributed around 10 percent of Nigeria's GDP directly and around 52 percent indirectly through its links with other sectors, Kale said.

A record 2016 budget of 6.06 trillion naira aimed at tackling the recession was based on generating non-oil receipts largely from widening the tax net and raising debt at home and abroad to augment spending. So far the government has spent 720.5 billion naira on capital spending.

But Nigeria has yet to raise funds abroad and revenue problems have been exacerbated by militant attacks on energy facilities, which have cut crude production by a third.

The debt office launched a roadshow to Britain and the United States to promote a planned Eurobond issue while the African Development Bank will this month consider a $1 billion loan to Nigeria to help cover its budget deficit. (Editing by Alexis Akwagyiram and Raissa Kasolowsky)

Released: 2016-10-8T11:47:08.000Z"
UPDATE 2-Nigeria's Arik Air temporarily suspends  operations ,2016-09-13,"(Adds comment from Arik on resumption of flights)

ABUJA, Sept 13 (Reuters) - Arik Air, Nigeria's largest airline, cancelled all flights on Tuesday in what it called a temporary disruption related to insurance renewal.

While the company initially warned the disruption was likely to continue for the next few days as it awaited approval from national insurance commission NAICOM to renew its insurance with a new company, a spokesman later told Reuters it would resume flights from 11 a.m. on Wednesday.

""All issues have been resolved,"" spokesman Ola Adebanji said, declining to comment on how it had resolved its insurance problem or why it had changed insurance companies.

Arik, which flies to London, New York and Johannesburg, also has a maintenance contract with Germany's Lufthansa.

""We are fully committed to returning to our normal operations and minimize any unfortunate inconvenience to our passengers,"" Arik Chief Executive Michael Arumemi-Ikhide said in a statement on Tuesday.

Nigerian airlines and international carriers operating within the country have struggled with a plunge in the local currency, the naira, that has made it difficult to get U.S. dollars to buy jet fuel and also to remain profitable as passengers pay in naira. The nation's first recession in two decades is also squeezing profits.

James Daudu, deputy director at the country's aviation ministry, said that while jet fuel prices are deregulated, and therefore outside government control, the Minister of State for Aviation was working with the Ministry of Petroleum Resources to see if ""interventions"" in the sector were possible.

""It would be a whole sphere of intervention, if possible, from the Central Bank of Nigeria to the Ministry of Petroleum Resources,"" he said.

Two other local carriers, Aero Contractors and First Nation, recently suspended operations, though the government said both would eventually reopen.

International carriers United and Iberia stopped their services to Nigeria earlier this year, while others have begun refuelling abroad to avoid jet fuel shortages. International airlines have complained about the difficulty of repatriating millions of dollars' worth of fares sold in local currency. (Reporting by Libby George and Camillus Eboh in Abuja and Alexis Akwagyiram in Lagos; Editing by Greg Mahlich and Matthew Lewis) 

Released: 2016-9-13T22:51:45.000Z"
Nigerian  central bank  sells dollars to lift naira off all-time low,2016-08-12,"LAGOS, Aug 12 (Reuters) - Nigeria's central bankintervened on the interbank foreign exchange market on Friday to help support the naira after it hit a fresh all-time low of 353.75 to the dollar in thin volume, traders said.

The naira closed at 310 to the dollar following the bank's intervention. A single trade of $3 million was carried out at 353.75 to the dollar.

The central bank has been carrying out almost daily sales of foreign exchange to ease pressure on the naira as foreign investors stay on the sidelines, traders said. (Reporting by Chijioke Ohuocha; Editing by Gareth Jones) 

Released: 2016-8-12T14:16:52.000Z"
African Markets - Factors to watch on Aug 10,2016-08-10,"
NAIROBI, Aug 10 (Reuters) - The following company announcements, scheduled economic
indicators, debt and currency market moves and political events may affect African markets on
Wednesday.
    - - - - -
 EVENTS:
 *ZAMBIA - Central bank is expected to announce its monetary
 policy committee decision on the benchmark lending rate any
 time starting today, Aug 10. 
 *KENYA - The central bank auctions 182-day and 364-day
 Treasury bills worth a total 12 billion shillings.
 
 GLOBAL MARKETS
 Asian shares hit a one-year high on Wednesday while the
 dollar and Treasury yields slid on weak U.S. productivity
 data and sterling recovered from a one-month low.
                             
 
 WORLD OIL PRICES
 Oil prices dipped on Wednesday as a global supply overhang
 weighed on markets, while talk of a potential producer
 meeting to discuss propping up prices lent some support but
 was met with scepticism by analysts.    
                        
 
 EMERGING MARKETS
 For the top emerging markets news, double click on
            
 
 AFRICA STOCKS
 For the latest news on African stocks, click on     
 
 KENYA MARKETS
 The Kenyan shilling        was under pressure on Tuesday
 with importer dollar demand from energy and manufacturing
 sectors exceeding inflows from horticulture and from
 investors seeking government securities, traders said.
                 
 
 KENYA POLITICS
 Kenya's president said on Tuesday he would seek re-election
 next year and transform his coalition of small parties into
 one party to shore up his power base, a move aimed at seeing
 off another likely challenge by the opposition leader.
                   
 
 NIGERIA CURRENCYNigeria's central bankintervened on the interbank foreign
 exchange market on Tuesday to help support the naira after
 it hit an all-time low of 350 to the dollar in thin volume,
 traders said.             
 
 NIGERIA BANKS
 Nigeria's central bank this year is to allow banks to write
 off bad loans for which they have already made provisions to
 help them to clean up their balance sheets.
     Pressure has been building on the country's banks, whose
 loan books have been hit by Nigeria's shrinking economy,
 plunging currency and foreign exchange shortages following
 the slump in oil prices.             
 
     For the latest precious metals report click on        
     For the latest base metals report click on         
     For the latest crude oil report click on

Released: 2016-8-10T05:51:17.000Z"
NIGERIA 'S  CENTRAL BANK INTERVENED  IN  FOREX  MARKET TO HELP NAIRA RECOVER FROM ALL-TIME LOW OF 350 - TRADERS,2016-08-09,"NIGERIA'S CENTRAL BANK INTERVENED IN FOREX MARKET TO HELP NAIRA RECOVER FROM ALL-TIME LOW OF 350 - TRADERS

Released: 2016-8-12T13:23:39.000Z"
UPDATE 1-Nigeria's  central bank  sells dollars to lift naira off all-time low - traders,2016-08-09,"(Adds FX sales to BDCs)

LAGOS, Aug 9 (Reuters) - Nigeria's central bankintervened on the interbank foreign exchange market on Tuesday to help support the naira after it hit an all-time low of 350 to the dollar in thin volume, traders said.

The naira closed at 310.50 to the dollar following the bank's intervention. A single trade of $100,000 was carried out at 350 to the dollar. A total of $6.86 million traded on Tuesday.

The naira has been under pressure since the central bank floated the currency in June to allow it trade freely on the interbank market. The currency has been hit by a plunge in oil prices, Nigeria's economic mainstay, which caused foreign investors to flee bond and equities markets.

The central bank last month told international money transfer operators to pay dollar proceeds from customer transfers into local commercial banks in naira, while selling the dollars themselves to bureaux de change (BDC) outlets.

On Tuesday the bank pegged the dollar transactions which banks can carry out with BDCs at $30,000 per week and set a margin for the banks to sell dollar to currency outlets at not more than 1.5 percent over the rate at which they bought.

It hopes the move will help narrow the gulf between the official and black market rates and boost dollar liquidity, traders say.

The central bank set a margin of two percent over the rate at which BDCs sourced dollars from banks as resale premium to customers and pegged BDC disbursement at $5,000 per transaction to cover travel allowance, medical bills and school fees.

The naira hit 400 against the dollar on the black market last week, weakened partly by dollar demand from individuals travelling abroad for their summer holidays. (Reporting by Chijioke Ohuocha; Editing by Richard Balmforth) 

Released: 2016-8-9T16:38:31.000Z"
Nigeria  cenbank  intervenes  with dollar sales to support naira,2016-08-01,"LAGOS, Aug 1 (Reuters) - Nigeria's central bank asked for quotes of $5 million each from currency traders on Wednesday as it sold the U.S. currency to boost dollar liquidity and support the naira, traders said.

The naira opened at 315 to the dollar and weakened to 324 before the central bank intervened to help the currency close at 315.50.

A total of $27.05 million traded on Monday, Thomson Reuters data showed. (Reporting by Chijioke Ohuocha) 

Released: 2016-8-1T14:12:16.000Z"
Nigeria 's  central bank intervenes  to stem naira slide - traders,2016-07-22,"LAGOS, July 22 (Reuters) - Nigeria's central bank sold dollars on the interbank currency market on Friday, seeking bids of $5 million each from primary market trader after the naira-dollar rate fell to a record low of 331 per dollar, traders said.

The naira firmed to 300 per dollar after the central bank sold dollars to calm volatile trades, traders said. (Reporting by Chijioke Ohuocha; editing by John Stonestreet) 

Released: 2016-7-22T14:02:49.000Z"
*S&PGR Lowers Skye Bank To 'CCC-'; Ratings Still On Watch Neg,2016-07-11,"11 Jul 2016 12:36 ET  Press Release: S&PGR Lowers Skye Bank To 'CCC-'; Ratings Still On Watch Neg


 
 
The following is a press release from Standard & Poor's: 
     -- We understand that Nigeria-based Skye Bank has breached some regulatory 
ratios, including the minimum capital adequacy and liquidity ratios. 
     -- This has lead the Central Bank of Nigeria to intervene, suspending the 
bank's board of directors and changing its top management on July 4, 2016. 
     -- We now believe that a default of Skye Bank appears highly likely within 
the next six months, absent unanticipated significant favorable developments. 
     -- We are therefore are lowering our long-term global scale rating on Skye 
Bank to 'CCC-' from 'CCC+' and our Nigeria national scale ratings to 
'ngCCC-/ngC' from 'ngB+/ngB'. We are placing the global scale short-term rating 
on CreditWatch negative, while maintaining the long-term ratings and national 
scale short-term rating on CreditWatch negative. 
     -- We aim to resolve the CreditWatch in the next 90 days, taking into 
account the further management or regulatory actions that may be taken with 
respect to the bank's financial sustainability. 
 
JOHANNESBURG (S&P Global Ratings) July 11, 2016--S&P Global Ratings today 
lowered its long-term counterparty credit rating on Nigeria's Skye Bank PLC to 
'CCC-' from 'CCC+' and affirmed its 'C' short-term counterparty credit rating 
on the bank. We also lowered our long- and short-term Nigeria national scale 
ratings on the bank to 'ngCCC-/ngC' from 'ngB+/ngB'. We have placed the global 
scale short-term rating on CreditWatch negative and maintained the long-term 
ratings and national scale short-term rating on CreditWatch with negative 
implications, where we placed them on June 16, 2016. 
 
We understand that Skye Bank has breached regulatory ratios, including the 
minimum capital adequacy and liquidity ratios, putting marked strain on the 
bank's financial profile. In addition, the bank breached the Central Bank of 
Nigeria's (CBN's) guideline regarding the maximum nonperforming loans ratio, 
which is also a contributing factor to the supervisory actions taken by the 
CBN. As a result, on July 4, 2016, the CBN suspended the bank's board of 
directors and senior leadership to prevent the bank's failure and the ensuing 
potential threat to the overall stability of Nigeria's financial system. We 
understand that eight board members and four executive directors, including the 
group managing director and his deputy, tendered their resignation with 
immediate effect. Furthermore, the CBN has approved the appointments of a new 
board chairman and a new managing director to oversee the management and 
potential rehabilitation of the bank. 
 
We consider that Skye Bank is subject to regulatory forbearance and the breach 
of regulatory ratios will pressure its liquidity position. We now think that a 
default of Skye Bank within the next six months is highly likely, absent 
unanticipated significantly favorable changes in the bank's condition. At this 
stage, we understand the CBN has not yet communicated plans on how it intends 
to restore the bank's business and financial profiles. 
 
We aim to resolve the CreditWatch in the next 90 days, depending on the further 
management or regulatory actions that may be taken with respect to Skye Bank's 
financial sustainability. 
 
We could lower our ratings on the bank if we think a default is almost certain. 
This could happen if we thought that the bank was unable to make timely and 
full payment on any outstanding liabilities, due to negative regulatory 
intervention or the absence of any unexpected extraordinary liquidity support. 
 
We could affirm or raise the ratings if we were to witness an unanticipated and 
favorable transformation in Skye Bank's prospects, potentially through 
market-led or regulatory support, which would lead us to anticipate that a 
default is less likely within the next six months. 
 
RELATED CRITERIA AND RESEARCH 
 
Related Criteria 
     -- General Criteria: S&P Global Ratings' National And Regional Scale 
Mapping Tables - June 01, 2016 
     -- General Criteria: National And Regional Scale Credit Ratings - 
September 22, 2014 
     -- General Criteria: Group Rating Methodology - November 19, 2013 
     -- Criteria - Financial Institutions - Banks: Quantitative Metrics For 
Rating Banks Globally: Methodology And Assumptions - July 17, 2013 
     -- General Criteria: Criteria For Assigning 'CCC+', 'CCC', 'CCC-', And 
'CC' Ratings - October 01, 2012 
     -- Criteria - Financial Institutions - Banks: Revised Market Risk Charges 
For Banks In Our Risk-Adjusted Capital Framework - June 22, 2012 
     -- Criteria - Financial Institutions - Banks: Banks: Rating Methodology 
And Assumptions - November 09, 2011 
     -- Criteria - Financial Institutions - Banks: Banking Industry Country 
Risk Assessment Methodology And Assumptions - November 09, 2011 
     -- Criteria - Financial Institutions - Banks: Bank Capital Methodology And 
Assumptions - December 06, 2010 
     -- General Criteria: Use Of CreditWatch And Outlooks - September 14, 2009 
     -- Criteria - Financial Institutions - Banks: Commercial Paper I: Banks - 
March 23, 2004 
 
Related Research 
     -- Banking Industry Country Risk Assessment: Nigeria - April 26, 2016 
     -- Negative Rating Actions Taken On Six Nigerian Banks After Sovereign 
Outlook Revision - March 24, 2016 
 
REGULATORY DISCLOSURES 
 
     -- Primary credit analyst: Jones Gondo, Rating Analyst 
     -- Rating committee chairperson: Mohamed Damak 
     -- Date initial rating assigned: Aug. 7, 2013 
     -- Date of previous review: June 16, 2016 
 
Disclaimers 
This rating has been determined by a rating committee based solely on the 
committee's independent evaluation of the credit risks and merits of the issuer 
or issue being rated in accordance with S&P Global Ratings published criteria 
and no part of this rating was influenced by any other business activities of 
S&P Global Ratings. 
This credit rating is solicited. The rated entity did participate in the credit 
rating process. S&P Global Ratings did have access to the accounts, financial 
records and other relevant internal, non-public documents of the rated entity 
or a related third party. S&P Global Ratings has used information from sources 
believed to be reliable but does not guarantee the accuracy, adequacy, or 
completeness of any information used. 
GLOSSARY 
 
     -- Adjusted assets: Total assets less nonservicing intangibles. 
     -- Adjusted common equity: Common shareholders' equity plus minority 
interest, minus dividends (not yet distributed), minus revaluation reserves, 
minus nonservicing intangibles, minus interest only strips, minus tax-loss 
carryforwards, minus postretirement benefit adjustments. 
     -- Anchor: The starting point for assigning a bank a long-term rating, 
based on economic and industry risk. 
     -- Asset-liability mismatch: Occurs when financial terms of an 
institution's assets and liabilities do not correspond. 
     -- Asset quality: A key measure of the quality and performance of the 
assets of a bank. 
     -- Available stable funding: Core deposits, plus deposits due to banks 
(net of those that mature within one year), plus other borrowings (net of 
maturities within one year), plus total equity, minus intangibles. 
     -- Broad liquid assets: cash (net of restricted cash) and reserves at 
central bank, plus other cash and money market, plus bank loans and reverse 
repos that mature in less than one year, plus total liquid assets. 
     -- Business position: A measure of the strength of a bank's business 
operations. 
     -- Capital and earnings: A measure of a bank's ability to absorb losses. 
     -- Core deposits: Total deposits minus noncore deposits (such as deposits 
due to banks and certificates of deposits). 
     -- Core earnings over average managed assets: Annualized core earnings, 
over average assets of current period and last fiscal year. 
     -- Core earnings: Net income before minority interest, minus nonrecurring 
income, plus nonrecurring expenses, plus/minus tax impact on adjustments, plus 
amortization/impairment of goodwill/intangibles, minus preferred dividends. 
     -- Cost of funds: Interest expense as a percentage of average 
interest-bearing liabilities. 
     -- Counterparty credit rating: A form of issuer credit rating, which is a 
forward-looking opinion about an obligor's overall creditworthiness. 
     -- Credit losses: Losses arising from credit risk. 
     -- Credit risk: Risk that a borrower will default on its payment 
obligations. 
     -- Customer loans (gross): Total customer loans before loan loss reserves. 
     -- Customer loans (net) over customer deposits: Gross customer loans net 
of loan loss reserves, over core deposits. 
     -- Date initial rating assigned: The date S&P Global Ratings assigned the 
long-term foreign currency issuer credit rating on the entity. 
     -- Date of previous review: The date S&P Global Ratings last reviewed the 
credit rating on the entity. 
     -- Earning capacity: The capacity of a bank to generate sufficient 
earnings against losses and the primary way that a bank builds or maintains its 
capitalization. 
     -- Earnings buffer: A measure of the capacity for earnings to absorb 
normalized losses through the credit cycle. 
     -- Fee income over operating revenues: Net income on fees and commissions 
over operating revenues. 
     -- Funding and liquidity: A combined assessment of the strength and 
stability of a bank's funding mix and its ability to manage its liquidity needs 
in adverse market and economic conditions over an extended period. 
     -- Funding base: Total deposits, plus acceptances, repurchase agreements, 
and other borrowings (including commercial papers, short- and long-term debt, 
subordinated debt, and minimal equity content hybrids). 
     -- Government-related entity (GRE) support: An assessment of the 
likelihood that the government would provide extraordinary support to a bank 
that is a government-related entity. 

11 Jul 2016 12:36 ET 
Press Release: S&PGR Lowers Skye Bank To 'CCC-'; -2-


     -- Gross nonperforming assets over customer loans plus other real estate 
owned over customer loans: Nonaccrual loans, plus restructured loans, plus 
repossessed assets plus loans 90-days past due; over gross customer loans plus 
repossessed assets. 
     -- Group support: An assessment of the likelihood that a parent or other 
group member would provide extraordinary support to a bank within that group. 
     -- Loan loss reserves over gross nonperforming assets: General plus 
specific reserves, over adjusted nonperforming assets (nonaccrual loans plus 
restructured loans plus repossessed assets plus 90-day past due loans). 
     -- Long term funding ratio: Available stable funding, over funding base 
plus total equity, minus intangibles. 
     -- National scale rating: An opinion of an obligor's creditworthiness or 
overall capacity to meet specific financial obligations, relative to other 
issuers and issues in a given country or region. 
     -- Net charge-offs over average customer loans: Gross charge-offs net of 
recoveries, over average gross customer loans of current period and last fiscal 
year. 
     -- Net interest income over operating revenues: Net interest income 
(including net interest income on loans, securities, and other assets), over 
operating revenues. 
     -- New loan loss provisions over average customer loans: Credit loss 
provisions (including specific loan provisions and general and other 
provisions) minus recoveries, over average gross customer loans of current 
period and last fiscal year. 
     -- Noninterest expenses: Salaries and general administrative expenses 
(including depreciations and amortizations). 
     -- Nonperforming loans ratio: Gross nonperforming assets over customer 
loans plus other real estate owned over customers loans: Nonaccrual loans, plus 
restructured loans, plus repossessed assets plus loans 90 days past due; over 
gross customer loans plus repossessed assets. 
     -- Normalized credit losses: An assessment of the long-term annualized 
credit-related losses expected through the credit cycle. 
     -- Operating revenues: Net interest income, plus operating non-interest 
income (that mainly includes fees and commissions and trading gains). 
     -- Preprovision operating income over average assets: Operating revenues 
minus noninterest expenses, over average assets. 
     -- Regulatory forbearance: When the regulator allows a bank to continue 
operating even though it is in breach of minimum regulatory requirements for 
its license. 
     -- Return on equity: Net income before extraordinary results minus 
preferred dividends over average common (average between current period and 
last fiscal period). 
     -- Risk position: Our view of the specific risk characteristics of a 
particular bank. 
     -- Risk-adjusted capital (RAC) ratio before diversification: This is 
calculated according to S&P Global Ratings' methodology as total adjusted 
capital over risk-adjusted assets. 
     -- Short-term wholesale funding: Debt securities that mature in less than 
one year (of commercial papers, debt and senior and subordinated bonds), plus 
bank deposits that mature in less than one year. 
     -- Sovereign support: An assessment of the likelihood that the government 
would provide extraordinary support to a bank. 
     -- Stable funding needs: Restricted cash and reserves at the central bank, 
plus interbank deposits, plus loans to banks (net of maturities within one 
year), plus reverse repurchase agreements, plus gross customer loans net of 
loan-loss reserves, plus securities, minus total liquid securities, plus equity 
participations in nonfinancial entities, plus fixed assets, plus other assets 
(considering foreclosed assets, tax loss carryforwards, and deferred assets). 
     -- Stable funding ratio: Available stable funding over stable funding 
needs. 
     -- Stand-alone credit profile (SACP): An interim step in assessing a 
bank's overall creditworthiness. It includes government support, but not 
extraordinary government support. 
     -- Total adjusted capital: adjusted common equity plus admissible 
preferred instruments and hybrids. 
     -- Total wholesale funding: Noncore deposits, plus acceptances, repurchase 
agreements, other borrowings (including commercial papers, debt and senior and 
subordinated bonds, minimal equity content hybrids), and total equity, minus 
minority interest and common shareholders' equity. 
 
Certain terms used in this report, particularly certain adjectives used to 
express our view on rating relevant factors, have specific meanings ascribed to 
them in our criteria, and should therefore be read in conjunction with such 
criteria. Please see Ratings Criteria at www.standardandpoors.com for further 
information. Complete ratings information is available to subscribers of 
RatingsDirect at www.globalcreditportal.com and at spcapitaliq.com. All ratings 
affected by this rating action can be found on S&P Global Ratings' public Web 
site at www.standardandpoors.com. Use the Ratings search box located in the 
left column. Alternatively, call one of the following S&P Global Ratings 
numbers: Client Support Europe (44) 20-7176-7176; London Press Office (44) 
20-7176-3605; Paris (33) 1-4420-6708; Frankfurt (49) 69-33-999-225; Stockholm 
(46) 8-440-5914; or Moscow 7 (495) 783-4009. 
 
Primary Credit Analyst:  Jones Gondo, Johannesburg (27) 11-214-4866; 
                         jones.gondo@spglobal.com 
 
Secondary Contact:  Matthew D Pirnie, Johannesburg (27) 11-214-4862; 
                    matthew.pirnie@spglobal.com 
 
Additional Contact:  Financial Institutions Ratings Europe; 
                     FIG_Europe@standardandpoors.com 
 
No content (including ratings, credit-related analyses and data, valuations, 
model, software, or other application or output therefrom) or any part thereof 
(Content) may be modified, reverse engineered, reproduced, or distributed in 
any form by any means, or stored in a database or retrieval system, without the 
prior written permission of Standard & Poor's Financial Services LLC or its 
affiliates (collectively, S&P). The Content shall not be used for any unlawful 
or unauthorized purposes. S&P and any third-party providers, as well as their 
directors, officers, shareholders, employees, or agents (collectively S&P 
Parties) do not guarantee the accuracy, completeness, timeliness, or 
availability of the Content. S&P Parties are not responsible for any errors or 
omissions (negligent or otherwise), regardless of the cause, for the results 
obtained from the use of the Content, or for the security or maintenance of any 
data input by the user. The Content is provided on an ""as is"" basis. S&P 
PARTIES DISCLAIM ANY AND ALL EXPRESS OR IMPLIED WARRANTIES, INCLUDING, BUT NOT 
LIMITED TO, ANY WARRANTIES OF MERCHANTABILITY OR FITNESS FOR A PARTICULAR 
PURPOSE OR USE, FREEDOM FROM BUGS, SOFTWARE ERRORS OR DEFECTS, THAT THE 
CONTENT'S FUNCTIONING WILL BE UNINTERRUPTED, OR THAT THE CONTENT WILL OPERATE 
WITH ANY SOFTWARE OR HARDWARE CONFIGURATION. In no event shall S&P Parties be 
liable to any party for any direct, indirect, incidental, exemplary, 
compensatory, punitive, special or consequential damages, costs, expenses, 
legal fees, or losses (including, without limitation, lost income or lost 
profits and opportunity costs or losses caused by negligence) in connection 
with any use of the Content even if advised of the possibility of such damages. 
 
Credit-related and other analyses, including ratings, and statements in the 
Content are statements of opinion as of the date they are expressed and not 
statements of fact. S&P's opinions, analyses, and rating acknowledgment 
decisions (described below) are not recommendations to purchase, hold, or sell 
any securities or to make any investment decisions, and do not address the 
suitability of any security. S&P assumes no obligation to update the Content 
following publication in any form or format. The Content should not be relied 
on and is not a substitute for the skill, judgment, and experience of the user, 
its management, employees, advisors, and/or clients when making investment and 
other business decisions. S&P does not act as a fiduciary or an investment 
advisor except where registered as such. While S&P has obtained information 
from sources it believes to be reliable, S&P does not perform an audit and 
undertakes no duty of due diligence or independent verification of any 
information it receives. 
 
To the extent that regulatory authorities allow a rating agency to acknowledge 
in one jurisdiction a rating issued in another jurisdiction for certain 
regulatory purposes, S&P reserves the right to assign, withdraw, or suspend 
such acknowledgement at any time and in its sole discretion. S&P Parties 
disclaim any duty whatsoever arising out of the assignment, withdrawal, or 
suspension of an acknowledgment as well as any liability for any damage alleged 
to have been suffered on account thereof. 
 
S&P keeps certain activities of its business units separate from each other in 
order to preserve the independence and objectivity of their respective 
activities. As a result, certain business units of S&P may have information 
that is not available to other S&P business units. S&P has established policies 
and procedures to maintain the confidentiality of certain nonpublic information 
received in connection with each analytical process. 
 
S&P may receive compensation for its ratings and certain analyses, normally 
from issuers or underwriters of securities or from obligors. S&P reserves the 
right to disseminate its opinions and analyses. S&P's public ratings and 
analyses are made available on its Web sites, www.standardandpoors.com (free of 
charge), and www.ratingsdirect.com and www.globalcreditportal.com 
(subscription), and may be distributed through other means, including via S&P 
publications and third-party redistributors. Additional information about our 
ratings fees is available at www.standardandpoors.com/usratingsfees(""http://www.standardandpoors.com/usratingsfees""). 
 

11 Jul 2016 12:36 ET 
Press Release: S&PGR Lowers Skye Bank To 'CCC-'; -3-


Any Passwords/user IDs issued by S&P to users are single user-dedicated and may 
ONLY be used by the individual to whom they have been assigned. No sharing of 
passwords/user IDs and no simultaneous access via the same password/user ID is 
permitted. To reprint, translate, or use the data or information other than as 
provided herein, contact Client Services, 55 Water Street, New York, NY 10041; 
(1) 212-438-7280 or by e-mail to: research_request@standardandpoors.com. 
 
Copyright (c) 2016 by Standard & Poor's Financial Services LLC. All rights 
reserved. 
 
 
 

(END) Dow Jones Newswires

July 11, 2016 12:36 ET (16:36 GMT)"
"UPDATE 1- Nigeria central bank intervenes  with dollar sales, naira weakens",2016-06-28,"(Adds details, naira level and traded volumes)

LAGOS, June 28 (Reuters) - Nigeria's central bank has sold an undisclosed amount of hard currency on the interbank market to ease dollar shortages and provide importers the dollars to pay for the products they bring into the country, traders said on Tuesday.

The naira ended at 282.50, slightly weaker than the 281 naira to the dollar it first traded at on Tuesday, more than three hours after market opened at 0800 GMT.

The central bank has been selling dollars on the interbank market since it ended its 16 month-old currency peg last week, and it sold again on Tuesday, asking currency traders for bid-offer quotes from them at around 1118 GMT.

A total of $51 million traded on the interbank market just before the market closed, which traders attributed to central bank's intervention.

The old currency peg had set a rate of 197 naira to the dollar, which over-valued the naira and led to a shortage of dollars that choked off growth in the economy. The shortage was exacerbated by plunging prices for oil, Nigeria's biggest export and its main source of hard currency.

Nigeria abandoned the peg to allow the currency to trade freely on the interbank market, but lack of liquidity has curbed activity, traders say, leaving the central bank as the main supplier of hard currency.

Removing the peg has narrowed the gap between naira rates available on the official and black markets. Even so, the naira was trading 20 percent lower on the unofficial market than it was on the interbank market on Tuesday, at 355 naira to the dollar.

The central bank on Monday introduced an over-the-counter futures market for the currency, to help manage dollar demand, quoting the naira firmer at 279 to the dollar in a month's time and at 210 naira by April next year.

In the non-deliverable forwards market, the naira rose against the dollar on Tuesday, with the one-month contract NGN1NDFOR= quoting the currency as firm as 283, after hitting 296 a week ago. (Reporting by Chijioke Ohuocha, editing by Larry King) 

Released: 2016-6-28T15:35:11.000Z"
Nigeria 's  central bank intervening  in  currency  market -traders,2016-06-27,"LAGOS, June 27 (Reuters) - Nigeria's central bank asked for bid-offer quotes from currency traders on Monday as it sold dollars on the interbank market to boost liquidity, traders said.

After abandoning the naira's 16-month old exchange rate peg a week ago, the central bank sold dollars at an auction to clear a backlog of demand and keep markets active.

Currency traders said they had tightened the differential between bids and offers to 0.5 naira from one naira set when the currency was floated last week. (Reporting by Chijioke Ohuocha; Editing by Catherine Evans) 

Released: 2016-6-27T14:06:35.000Z"
Nigeria cbank sells dollars for second day after  FX  float,2016-06-21,"LAGOS, June 21 (Reuters) - Nigeria's central bankintervened for a second day on Tuesday to sell U.S. dollars into the interbank market after floating the naira failed to attract trading between banks due to liquidity concerns, traders said.

A total of $31 million, sold between 282 and 285, was done around 1200 GMT, which traders said was intervention by the central bank. The interbank market quoted total traded volumes of $73 million on Tuesday.

The naira firmed to 281 after the dollar sales, recovering from a low of 287 it touched earlier, but it was quoted at 284 around market close. (Reporting by Chijioke Ohuocha Editing by Jeremy Gaunt) 

Released: 2016-6-21T14:15:38.000Z"
EXCLUSIVE-Nigeria banks to set naira rate on Monday without c.bank  intervention  - banker,2016-06-17,"LAGOS, June 17 (Reuters) - Nigeria's commercial banks will set the first exchange rate of the naira versus the dollar when the currency is allowed to float freely on Monday after the central bank abandoned its dollar peg, a senior banking source said on Friday.

On Wednesday, the central bank said it would float the national currency on Monday, but it has given few details on how the new rules will be implemented.

In their first detailed guidance, central bank officials told bank chief executives at a meeting on Friday that lenders would set the first naira rate to the dollar based on demand without intervention from the central bank, one senior banking official told Reuters.

A central bank source said that Governor Godwin Emefiele was at the meeting and confirmed that commercial banks will determine the market rate on Monday.

The central bank officials also told the bankers it did not commit itself to clearing up a backlog of hard currency estimated at around $4 billion but will intervene if needed, the banking official said.

He also said the central bank would open up licenses for primary market dealers beyond the initial target of eight to 10 participants that it had announced on Wednesday.

Bid-offer spreads for trading would be set at one naira, and banks are required to publish their buy and sell rates on a daily basis, the banking source said. The central bank will the evaluate performance of the new regime by December, he added.

Primary dealers can handle volumes of $5 million between themselves as the standard order size and can trade up to $1 million with any other dealer, the source said.

The central bank could not be immediately reached for comment. (Reportig by Chijioke Ohuocha and Oludare Mayowa; Editing by Ulf Laessing and Hugh Lawson) 

Released: 2016-6-17T19:08:18.000Z"
"Fitch: Nigeria  FX  Move Could Lift Growth, but Implementation Key",2016-06-17,"(The following statement was released by the rating agency) HONG KONG/LONDON, June 17 (Fitch) Nigeria's planned shift to a more flexible foreign-exchange regime could aid the sovereign's adjustment to lower oil prices and support growth, although implementation may present challenges, Fitch Ratings says. Establishing the new framework's credibility will be key to its effectiveness in attracting portfolio flows and FDI to make up for lower oil export receipts. The Central Bank of Nigeria (CBN) on Thursday issued revised guidelines for a single, ""market-driven"" inter-bank FX market, open to authorised dealers and other entities. The central bank first indicated that it planned to move to a more flexible exchange rate at its most recent Monetary Policy Committee meeting in May. The CBN's previous policy of restricting access to the official FX market and supporting the naira, rather than risk the inflationary impact of devaluation, has been negative for Nigeria's sovereign credit profile.

 Defending the naira has lowered reserves and increased external vulnerabilities, while a shortage of hard currency has weighed on the non-oil economy. The change of policy is consistent with our view that the CBN would struggle to defend the naira indefinitely. But a backlog of unmet dollar demand (estimates range from USD4bn to USD9bn) has built up and any inability to clear a significant portion of that backlog early in the transition would hinder the effectiveness of the new framework. The CBN will introduce a new non-deliverable forward to try to limit exchange-rate volatility under the new system, by moving some of the dollar demand to the futures market and away from the spot market. Even so, the CBN will probably have to deploy a large portion of its international reserves during the first week(s) of implementation. It also reserves the right to intervene by buying and selling FX to smooth market movements, although it has made no specific announcements about trading bands or break points that might lead to intervention. Nigeria's unorthodox FX policy has made raising external financing more difficult. Allowing the market to determine the value of the naira could ease this, although we think much potential FDI may remain on the sidelines until a clearer picture emerges of how the new system is functioning. Foreign investment in the domestic bond market is very low and not likely to increase in the near term. High demand for FXafter a devaluation may also limit the benefit to the current account from recovering oil prices. An increase in FX liquidity would support a potential recovery in growth in 2H16. Nigeria's GDP contracted 0.36% yoy in the first three months of this year, and we think this contraction has probably continued in 2Q16 due to hard currency shortages, and unrest in the Niger Delta lowering oil production. Naira devaluation could lead to a further spike in CPI inflation, which rose to a six-year high of 15.6% in May. But we think the inflation pass-through from the official rate is limited and a fall in the parallel rate would be deflationary, which along with the increasing availability of hard currency could lower inflation. We will assess the implications of Nigeria's new exchange rate policy on its economy and external finances as part of our next review of the country's 'BB-'/Negative sovereign rating. Our base case for Nigerian banks is that regulatory total capital ratios will not decline significantly under the new regime. Any impact will be offset by still strong profitability and high levels of internal capital generation. The new FX regime crucially also provides access to US dollars for the banks to meet their internal and external obligations. <a href=""https://www.fitchratings.com/creditdesk/reports/report_frame.cfm?rpt_id=87 1891"">Click here for the latest Full Rating Report on Nigeria. Contact: Jermaine Leonard Director Sovereigns +852 2263 9830 Fitch (Hong Kong) Limited 19/F Man Yee Building 68 Des Voeux Road Central Hong Kong Mark Brown Senior Analyst Fitch Wire +44 20 3530 1588 Media Relations: Athos Larkou, London, Tel: +44 203 530 1549, Email: athos.larkou@fitchratings.com; Wai-Lun Wan, Hong Kong, Tel: +852 2263 9935, Email: wailun.wan@fitchratings.com. The above article originally appeared as a post on the Fitch Wire credit market commentary page. The original article can be accessed at www.fitchratings.com(""http://www.fitchratings.com""). All opinions expressed are those of Fitch Ratings. ALL FITCH CREDIT RATINGS ARE SUBJECT TO CERTAIN LIMITATIONS AND DISCLAIMERS. PLEASE READ THESE LIMITATIONS AND DISCLAIMERS BY FOLLOWING THIS LINK: HTTP://FITCHRATINGS.COM/UNDERSTANDINGCREDITRATINGS. IN ADDITION, RATING DEFINITIONS AND THE TERMS OF USE OF SUCH RATINGS ARE AVAILABLE ON THE AGENCY'S PUBLIC WEBSITE 'WWW.FITCHRATINGS.COM'. PUBLISHED RATINGS, CRITERIA AND METHODOLOGIES ARE AVAILABLE FROM THIS SITE AT ALL TIMES. FITCH'S CODE OF CONDUCT, CONFIDENTIALITY, CONFLICTS OF INTEREST, AFFILIATE FIREWALL, COMPLIANCE AND OTHER RELEVANT POLICIES AND PROCEDURES ARE ALSO AVAILABLE FROM THE 'CODE OF CONDUCT' SECTION OF THIS SITE. FITCH MAY HAVE PROVIDED ANOTHER PERMISSIBLE SERVICE TO THE RATED ENTITY OR ITS RELATED THIRD PARTIES. DETAILS OF THIS SERVICE FOR RATINGS FOR WHICH THE LEAD ANALYST IS BASED IN AN EU-REGISTERED ENTITY CAN BE FOUND ON THE ENTITY SUMMARY PAGE FOR THIS ISSUER ON THE FITCH WEBSITE. 

Released: 2016-6-17T16:10:21.000Z"
Nigeria  Currency  Devaluation: ETF Craters 22% & Fitch Warns Investors -- Barron's Blog,2016-06-17,"Nigeria currency devaluation Monday won't be followed by greater foreign direct investment if the process doesn't clear a backlog of unmet dollar demand, Fitch Ratings warns.

The country must shore up its balance sheet in the absence of oil revenue, which is hampered not only by low prices for oil exports, but also by violence hampering Nigerian oil production by targeting companies doing business with the state-owned oil company. Affected integrated oil companies include ExxonMobil ( XOM) and Royal Dutch Shell ( RDSA).

Nigeria said this week it will introduce a market-driven currency system, and will abandon a policy that restricted access and hampered its financing efforts and the economy. After the announcement, the Global X MSCI Nigeria exchange-traded fund ( NGE) got slammed this week, down 22%, while the VanEck Vectors Africa Index ETF ( AFK) fell more than 2% and the iShares MSCI Frontier 100 ETF ( FM) fell 0.7%. Fitch writes:

""The Central Bank of Nigeria's (CBN) previous policy of restricting access to the official FX market and supporting the naira, rather than risk the inflationary impact of devaluation, has been negative for Nigeria's sovereign credit profile. Defending the naira has lowered reserves and increased external vulnerabilities, while a shortage of hard currency has weighed on the non-oil economy. The change of policy is consistent with our view that the CBN would struggle to defend the naira indefinitely.

But a backlog of unmet dollar demand (estimates range from $4 billion to $9 billion) has built up and any inability to clear a significant portion of that backlog early in the transition would hinder the effectiveness of the new framework. The CBN will introduce a new non-deliverable forward to try to limit exchange-rate volatility under the new system, by moving some of the dollar demand to the futures market and away from the spot market. Even so, the CBN will probably have to deploy a large portion of its international reserves during the first week(s) of implementation. It also reserves the right to intervene by buying and selling FX to smooth market movements, although it has made no specific announcements about trading bands or break points that might lead to intervention.

Nigeria's unorthodox FX policy has made raising external financing more difficult. Allowing the market to determine the value of the naira could ease this, although we think much potential FDI may remain on the sidelines until a clearer picture emerges of how the new system is functioning. Foreign investment in the domestic bond market is very low and not likely to increase in the near term. High demand for FX after a devaluation may also limit the benefit to the current account from recovering oil prices ...

Our base case for Nigerian banks is that regulatory total capital ratios will not decline significantly under the new regime. Any impact will be offset by still strong profitability and high levels of internal capital generation. The new FX regime crucially also provides access to US dollars for the banks to meet their internal and external obligations.""

See our posts Nigeria Currency Devaluation: Inflation Pain, Green Shoots?, Nigeria: Conflict Strangles Oil Output & Economy In Buhari's First Year and MSCI Jazzed On Argentina & Pakistan, Not Nigeria Or China. 


 
 More at Barron's Emerging Markets blog, http://blogs.barrons.com/emergingmarketsdaily/(""http://blogs.barrons.com/emergingmarketsdaily/"")

(END) Dow Jones Newswires

June 17, 2016 11:53 ET (15:53 GMT)"
*Nigeria's  Central Bank  Drops  Foreign-Exchange  Peg,2016-06-15,"15 Jun 2016 10:49 ET *Nigeria's Central Bank Pledges to Allow Naira to Trade Freely

15 Jun 2016 10:49 ET *Nigeria's Central Bank Will Still Intervene in Forex Markets Periodically

15 Jun 2016 11:23 ET  Nigeria Central Bank Drops Foreign-Exchange Peg


By Gbenga Akingbule and Patrick McGroarty 

ABUJA, Nigeria -- Nigeria's central bank on Wednesday abandoned a currency peg that economists and businesses long blamed for exacerbating a slide toward recession in Africa's oil-dependent top economy.

Central Bank of Nigeria Governor Godwin Emefiele said that beginning Monday the country's naira currency will trade at a market-determined rate rather than the 197-per-U.S. dollar level the bank has mandated for more than a year.

The black market exchange rate has shot up to around 370 naira to the dollar as the central bank choked off most legal channels for procuring greenbacks. The currency has been under pressure since late 2014, when oil prices began the precipitous slide that has upended Nigeria and other commodity-reliant economies across the globe.

Write to Patrick McGroarty at patrick.mcgroarty@wsj.com

(END) Dow Jones Newswires

June 15, 2016 11:23 ET (15:23 GMT)"
Nigeria 's  Central Bank  Will Still  Intervene  in  Forex  Markets Periodically,2016-06-15,"(MORE TO FOLLOW) Dow Jones Newswires

June 15, 2016 10:49 ET (14:49 GMT)

(MORE TO FOLLOW) Dow Jones Newswires

15-06-16 1453GMT"
African Markets - Factors to watch on Feb 10,2016-02-10,"
NAIROBI, Feb 10 (Reuters) - The following company
announcements, scheduled economic indicators, debt and currency
market moves and political events may affect African markets on
Wednesday.
    - - - - -
 EVENTS:
 RWANDA - Inflation data due to be released
 
 GLOBAL MARKETS
 Asian stocks fell on Wednesday on growing concerns
 about the health of the world's banks, particularly in
 Europe, pushing investors into safer assets such as the
 yen, which stood near a 15-month high versus the
 dollar.            
 
 WORLD OIL PRICES
 Crude oil prices pushed higher on Wednesday after Iran
 said it was open to cooperation with Saudi Arabia,
 partly recovering from an 8 percent fall in the
 previous session on concerns over demand and weak
 equities.     
 
 EMERGING MARKETS
 For the top emerging markets news, double click on
            
 
 AFRICA STOCKS
 For the latest news on African stocks, click on     
 
 SOUTH AFRICA MARKETS
 South African stocks ended in the red for the second
 consecutive day on Tuesday as resources and financials
 weighed on the bourse, while the rand strengthened to
 the dollar in line with a with a stronger
 euro.            
 
 NIGERIA MARKETS
 Nigeria's interbank lending rate jumped to 2 percent on
 Tuesday from 1 percent on Monday after the central bank
 directed commercial lenders to fund their naira
 accounts to enable them take part in its forexintervention on Thursday, trader said.             
 
 NIGERIA BUDGET
 Nigeria's parliament has postponed voting on the 2016
 budget from Feb. 25 because ministers cannot agree on
 revised public spending plans, lawmakers said on
 Tuesday.             
 
 KENYA MARKETS
 Kenya's shilling        gained ground on Tuesday with
 the help of inflows of dollars from charities, while
 stocks also edged up.       
 
 MOZAMBIQUE INFLATION
 Mozambique's consumer inflation accelerated to 11.25
 percent year-on-year in January from 10.55 percent in
 December, driven by the higher cost of electricity and
 non-alcoholic beverages, the statistics office said on
 Tuesday.             
 
 MAURITIUS INFLATION
 Mauritius' rate of inflation              eased to 0.4
 percent year-on-year in January, the statistics office
 said on Tuesday.                
 
 GHANA GDP
 Ghana is targeting 5.4 percent gross domestic product
 growth in 2016, up from 4.1 percent last year and will
 aim to reduce inflation to 10 percent this year from
 17.7 percent in 2015, Finance Minister Seth Terkper
 said on Tuesday.             
 
 GHANA BUDGET
 Ghana may have to revise its 2016 budget after the
 collapse in oil prices, Finance Minister Seth Terkper
 told a news conference on Tuesday, giving no specific
 figures.             
 
 BURUNDI ECONOMY
 Burundi's economy should expand by 3.5 percent this
 year, the finance ministry said on Tuesday, after
 contracting sharply in 2015 amid political turmoil and
 daily violence over President Pierre Nkurunziza's
 reelection.             
 
 
 
   For the latest precious metals report click on       
   For the latest base metals report click on         
   For the latest crude oil report click on

Released: 2016-2-10T06:28:29.000Z"
"The NEXIM Bank and The World Bank to Collaborate on Developing Nigeria’s Mining Sector; “…The clear intention of The World Bank to collaborate with the NEXIM Bank towards a structured  intervention  in the  Nigeria ’s solid minerals sector is quite expedient. More so, with commitment and firm resolve of President Muhammad Buhari to diversify the economy, revitalize the mining sector towards boosting job creation and enhancing  foreign exchange  earnings….” Orya",2015-11-11,"The Managing Director of the Nigerian Export-Import Bank (NEXIM Bank) (http://neximbank.com.ng), Mr. Roberts Ungwaga Orya, received a team from the World Bank led by Dr. Francisco Igualada, Senior Mining Specialist, Energy & Extractives Unit, and Mr. Linus Adie Utsu of Mining Investments Consult that visited the Bank to share ideas on how to provide structured intervention towards revamping and deepening Nigeria’s mining sector.

On the work of NEXIM, Mr. Orya informed the team that the Bank was set up to assist the Government in diversifying the Nigerian economy away from the oil through the provision of export credit facility, risk bearing facilities, trade and market information and export advisory services to export-oriented investors in the manufacturing, agro-processing, solid minerals and services (MASS) sectors. Focusing on solid minerals extraction, Mr. Orya stated that Nigeria is endowed with huge solid mineral deposits, with about 34 products identified in commercial quantities in different parts of Nigeria. However, the failure of Nigeria, since independence in 1960, to put in place a structure that will make the benefits of the exploitation available to all Nigerians has been the bane of the country. The low activity in the solid mineral sector is not yielding the desired financial revenues as there are scanty records of payment of taxes and royalty to the government. Nigeria is losing lots of resources from untapped mineral deposit as well as from the little that is being mined mostly by illegal miners who smuggle the products out of the country. At the moment, according to Central Bank of Nigeria (CBN) reports, the sector accounts for only 0.14 per cent of GDP, and 3.8% of the non-oil export revenue.

Continuing, Mr. Roberts Orya stated that despite its huge potentials, the sector is still grossly underdeveloped and dominated by SME/ artisanal and informal miners using crude machinery and equipment. There are other challenges of poor access to long term funding due to the capital intensive nature of the industry; lack of accredited laboratory for testing and poor infrastructure — roads, rail facilities — to move the products.

Notwithstanding, according to Orya, NEXIM since inception till date has provided interventions to the sector to the tune of N7.17billion. This has created more than 4,302 direct jobs plus many indirect jobs in addition to facilitating foreign exchange flow inflow of US$80, 142 annually. Besides direct funding, towards providing assistance to Nigerian miners, NEXIM had in 2013 supported the Miners Association to move from their inaccessible office in Jos, Plateau State and provided them with free office spaces and facilities at the Bank’s headquarters in Abuja.

Notwithstanding, Mr. Orya indicated that Nigeria could and should actually make the exploitation of solid minerals the mainstay of the economy. He pointedly queried how the country could be earning such paltry revenue and dividends with all the huge solid mineral reserves while in South Africa, the mining industry remains a cornerstone of the economy; making a significant contribution to economic activity (accounts for about 18% of GDP - 8.6% direct, 10% indirect and induced), job creation (one million jobs - 500 000 direct and 500 000 indirect); and foreign exchange earnings creates (more than 50% of all foreign exchange earnings).

Accordingly, for NEXIM, the critical issues ranges from how to get the Government and other stakeholders to properly structure the mining sector, increase funding, and attract much needed investment capital; infrastructural development for the industry, especially the establishment of internationally certified laboratories and setting up of internationally recognized and endorsed mining calendar for Nigeria as prevalent in other regimes with dedicated attention to solid mineral exploitation. In his own views, Dr Francisco Igualada, the World Bank Senior Mining Specialist, expressed appreciation to the NEXIM MD and his colleagues for welcoming him and his team to the Bank. He shared his knowledge of the mining industry and his organisation’s intervention in the sector over the years indicating that it is fraught with risks and uniquely capital intensive. He wondered why Nigeria, with all its huge resources and potentials has continued to earn less than Ghana, Mali and Burkina Faso from mining activities. According to him, the blame is on the overriding focus on oil and gas by the country at the detriment of neglecting the mining sector which is an enabler for manufacturing, services and other sectors. This is addition to the huge opportunities of job creation, revenue earnings and the development of other support services in the value chain that could have boosted the economy especially with the decline in world oil prices. According to Dr. Igualada, there is need for a structured consolidation of efforts towards developing the sector. This should focus on building the right capacity both at human and institutional levels; as well as establishing and enforcing the requisite legal and policy frameworks. To him, this is the difference between Nigeria and South Africa. He pointed out that the World Bank has a PPP (Public Private Partnership) arrangement which it could recommend for the development of the solid minerals sector in Nigeria. He concluded by suggesting that there is a need to revamp efforts and link interventions to develop the sector through arrangements like the Solid Minerals Fund in addition to renewed involvement by the Government. He stated that he will seek the commitment of his office on the development of the mining sector and collaboration with Nexim Bank, especially in regard to workshop participation and capacity training. Sharing his views, Mr. Linus Adie of Mining Investments Consults indicated that there is a strong need to seize the prevailing opportunity to develop the mining sector. He expressed his dissatisfaction that the World Bank has not been manifestly keen in its approach to the Nigerian mining sector considering the huge potentials. He cited the interventions of World Bank in the Sri Lankan gemstone industry, which is now a big business; and collaborations with Exim Bank in India, among others, through MIGA and IFC; and demanded that Nigeria should be accorded same through NEXIM Bank using same multi- sectorial approach. In closing, Mr. Roberts Orya thanked the World Bank team and lauded Mr. Linus Adie’s strong advocacy for NEXIM Bank. He regretted the inability of the Solid Minerals Fund to fully take off, especially owing to unresolved legal and other bureaucratic issues. He however reassured the World Bank team that with the commitment and firm resolve of President Muhammad Buhari to diversify the economy, revitalize the mining sector towards boosting job creation and enhancing foreign exchange earnings, that solid minerals will now become the focal sector of the economy. Accordingly, it is unlikely that the challenges of bureaucratic bottle necks and other such issues would continue to hinder the development and optimal exploitation of the mining sector.

Mr. Orya stressed on the need to work together with the World Bank and reiterated that the issues of capacity training, both at institutional and SME levels, is key to achieving meaningful success in the sector. He requested that the NEXIM and the World Bank should come up with an MOU, which Dr. Francesco Igualada agreed could, in the interim, be in the form of a ‘Letter of Intent’ to work together.

Distributed by APO (African Press Organization) on behalf of Nigerian Export-Import Bank (NEXIM).

Media Contact:Chinedu Moghalu (234-8088-353-804,moghaluc@neximbank.com.ng)

About NEXIM Bank -The Nigerian Export-Import Bank (http://neximbank.com.ng(""http://neximbank.com.ng"")) was established by Act 38 of 1991 as an Export Credit Agency with the broad mandate to promoting the diversification of the Nigerian economy and deepening the external sector, particularly the non-oil through the provision of credit facilities in both local and foreign currencies; risk-bearing facilities through export credit guarantee & export credit insurance; business development and financial advisory services etc.

In pursuit of its mandate of promoting export diversification and deepening the non-oil sector, the Bank’s current strategic initiatives are targeted towards boosting employment creation and foreign exchange earnings in the Manufacturing, Agro-processing, Solid Minerals and Services (Tourism, Transportation and Entertainment) industries."
"The NEXIM Bank and The World Bank to Collaborate on Developing Nigeria’s Mining Sector; “…The clear intention of The World Bank to collaborate with the NEXIM Bank towards a structured  intervention  in the  Nigeria ’s solid minerals sector is quite expedient. More so, with commitment and firm resolve of President Muhammad Buhari to diversify the economy, revitalize the mining sector towards boosting job creation and enhancing  foreign exchange  earnings….” Orya",2015-11-11,"The Managing Director of the Nigerian Export-Import Bank (NEXIM Bank) (http://neximbank.com.ng), Mr. Roberts Ungwaga Orya, received a team from the World Bank led by Dr. Francisco Igualada, Senior Mining Specialist, Energy & Extractives Unit, and Mr. Linus Adie Utsu of Mining Investments Consult that visited the Bank to share ideas on how to provide structured intervention towards revamping and deepening Nigeria’s mining sector.

On the work of NEXIM, Mr. Orya informed the team that the Bank was set up to assist the Government in diversifying the Nigerian economy away from the oil through the provision of export credit facility, risk bearing facilities, trade and market information and export advisory services to export-oriented investors in the manufacturing, agro-processing, solid minerals and services (MASS) sectors. Focusing on solid minerals extraction, Mr. Orya stated that Nigeria is endowed with huge solid mineral deposits, with about 34 products identified in commercial quantities in different parts of Nigeria. However, the failure of Nigeria, since independence in 1960, to put in place a structure that will make the benefits of the exploitation available to all Nigerians has been the bane of the country. The low activity in the solid mineral sector is not yielding the desired financial revenues as there are scanty records of payment of taxes and royalty to the government. Nigeria is losing lots of resources from untapped mineral deposit as well as from the little that is being mined mostly by illegal miners who smuggle the products out of the country. At the moment, according to Central Bank of Nigeria (CBN) reports, the sector accounts for only 0.14 per cent of GDP, and 3.8% of the non-oil export revenue.

Continuing, Mr. Roberts Orya stated that despite its huge potentials, the sector is still grossly underdeveloped and dominated by SME/ artisanal and informal miners using crude machinery and equipment. There are other challenges of poor access to long term funding due to the capital intensive nature of the industry; lack of accredited laboratory for testing and poor infrastructure — roads, rail facilities — to move the products.

Notwithstanding, according to Orya, NEXIM since inception till date has provided interventions to the sector to the tune of N7.17billion. This has created more than 4,302 direct jobs plus many indirect jobs in addition to facilitating foreign exchange flow inflow of US$80, 142 annually. Besides direct funding, towards providing assistance to Nigerian miners, NEXIM had in 2013 supported the Miners Association to move from their inaccessible office in Jos, Plateau State and provided them with free office spaces and facilities at the Bank’s headquarters in Abuja.

Notwithstanding, Mr. Orya indicated that Nigeria could and should actually make the exploitation of solid minerals the mainstay of the economy. He pointedly queried how the country could be earning such paltry revenue and dividends with all the huge solid mineral reserves while in South Africa, the mining industry remains a cornerstone of the economy; making a significant contribution to economic activity (accounts for about 18% of GDP - 8.6% direct, 10% indirect and induced), job creation (one million jobs - 500 000 direct and 500 000 indirect); and foreign exchange earnings creates (more than 50% of all foreign exchange earnings).

Accordingly, for NEXIM, the critical issues ranges from how to get the Government and other stakeholders to properly structure the mining sector, increase funding, and attract much needed investment capital; infrastructural development for the industry, especially the establishment of internationally certified laboratories and setting up of internationally recognized and endorsed mining calendar for Nigeria as prevalent in other regimes with dedicated attention to solid mineral exploitation. In his own views, Dr Francisco Igualada, the World Bank Senior Mining Specialist, expressed appreciation to the NEXIM MD and his colleagues for welcoming him and his team to the Bank. He shared his knowledge of the mining industry and his organisation’s intervention in the sector over the years indicating that it is fraught with risks and uniquely capital intensive. He wondered why Nigeria, with all its huge resources and potentials has continued to earn less than Ghana, Mali and Burkina Faso from mining activities. According to him, the blame is on the overriding focus on oil and gas by the country at the detriment of neglecting the mining sector which is an enabler for manufacturing, services and other sectors. This is addition to the huge opportunities of job creation, revenue earnings and the development of other support services in the value chain that could have boosted the economy especially with the decline in world oil prices. According to Dr. Igualada, there is need for a structured consolidation of efforts towards developing the sector. This should focus on building the right capacity both at human and institutional levels; as well as establishing and enforcing the requisite legal and policy frameworks. To him, this is the difference between Nigeria and South Africa. He pointed out that the World Bank has a PPP (Public Private Partnership) arrangement which it could recommend for the development of the solid minerals sector in Nigeria. He concluded by suggesting that there is a need to revamp efforts and link interventions to develop the sector through arrangements like the Solid Minerals Fund in addition to renewed involvement by the Government. He stated that he will seek the commitment of his office on the development of the mining sector and collaboration with Nexim Bank, especially in regard to workshop participation and capacity training. Sharing his views, Mr. Linus Adie of Mining Investments Consults indicated that there is a strong need to seize the prevailing opportunity to develop the mining sector. He expressed his dissatisfaction that the World Bank has not been manifestly keen in its approach to the Nigerian mining sector considering the huge potentials. He cited the interventions of World Bank in the Sri Lankan gemstone industry, which is now a big business; and collaborations with Exim Bank in India, among others, through MIGA and IFC; and demanded that Nigeria should be accorded same through NEXIM Bank using same multi- sectorial approach. In closing, Mr. Roberts Orya thanked the World Bank team and lauded Mr. Linus Adie’s strong advocacy for NEXIM Bank. He regretted the inability of the Solid Minerals Fund to fully take off, especially owing to unresolved legal and other bureaucratic issues. He however reassured the World Bank team that with the commitment and firm resolve of President Muhammad Buhari to diversify the economy, revitalize the mining sector towards boosting job creation and enhancing foreign exchange earnings, that solid minerals will now become the focal sector of the economy. Accordingly, it is unlikely that the challenges of bureaucratic bottle necks and other such issues would continue to hinder the development and optimal exploitation of the mining sector.

Mr. Orya stressed on the need to work together with the World Bank and reiterated that the issues of capacity training, both at institutional and SME levels, is key to achieving meaningful success in the sector. He requested that the NEXIM and the World Bank should come up with an MOU, which Dr. Francesco Igualada agreed could, in the interim, be in the form of a ‘Letter of Intent’ to work together.

Distributed by APO (African Press Organization) on behalf of Nigerian Export-Import Bank (NEXIM).

Media Contact:Chinedu Moghalu (234-8088-353-804,moghaluc@neximbank.com.ng)

About NEXIM Bank -The Nigerian Export-Import Bank (http://neximbank.com.ng(""http://neximbank.com.ng"")) was established by Act 38 of 1991 as an Export Credit Agency with the broad mandate to promoting the diversification of the Nigerian economy and deepening the external sector, particularly the non-oil through the provision of credit facilities in both local and foreign currencies; risk-bearing facilities through export credit guarantee & export credit insurance; business development and financial advisory services etc.

In pursuit of its mandate of promoting export diversification and deepening the non-oil sector, the Bank’s current strategic initiatives are targeted towards boosting employment creation and foreign exchange earnings in the Manufacturing, Agro-processing, Solid Minerals and Services (Tourism, Transportation and Entertainment) industries."
The NEXIM Bank and The World Bank to Collaborate on Developing Nigeria's Mining Sector,2015-11-10,"“…The clear intention of The World Bank to collaborate with the NEXIM Bank towards a structured intervention in the Nigeria’s solid minerals sector is quite expedient. More so, with commitment and firm resolve of President Muhammad Buhari to diversify the economy, revitalize the mining sector towards boosting job creation and enhancing foreign exchange earnings….” Orya

ABUJA, Nigeria — The Managing Director of the Nigerian Export-Import Bank (NEXIM Bank) (neximbank.com.ng), Mr. Roberts Ungwaga Orya, received a team from the World Bank led by Dr. Francisco Igualada, Senior Mining Specialist, Energy & Extractives Unit, and Mr. Linus Adie Utsu of Mining Investments Consult that visited the Bank to share ideas on how to provide structured intervention towards revamping and deepening Nigeria’s mining sector.

On the work of NEXIM, Mr. Orya informed the team that the Bank was set up to assist the Government in diversifying the Nigerian economy away from the oil through the provision of export credit facility, risk bearing facilities, trade and market information and export advisory services to export-oriented investors in the manufacturing, agro-processing, solid minerals and services (MASS) sectors.

Focusing on solid minerals extraction, Mr. Orya stated that Nigeria is endowed with huge solid mineral deposits, with about 34 products identified in commercial quantities in different parts of Nigeria. However, the failure of Nigeria, since independence in 1960, to put in place a structure that will make the benefits of the exploitation available to all Nigerians has been the bane of the country. The low activity in the solid mineral sector is not yielding the desired financial revenues as there are scanty records of payment of taxes and royalty to the government. Nigeria is losing lots of resources from untapped mineral deposit as well as from the little that is being mined mostly by illegal miners who smuggle the products out of the country. At the moment, according to Central Bank of Nigeria (CBN) reports, the sector accounts for only 0.14 per cent of GDP, and 3.8% of the non-oil export revenue.

Continuing, Mr. Roberts Orya stated that despite its huge potentials, the sector is still grossly underdeveloped and dominated by SME/ artisanal and informal miners using crude machinery and equipment. There are other challenges of poor access to long term funding due to the capital intensive nature of the industry; lack of accredited laboratory for testing and poor infrastructure – roads, rail facilities – to move the products.

Nigeria could and should actually make the exploitation of solid minerals the mainstay of the economy

Notwithstanding, according to Orya, NEXIM since inception till date has provided interventions to the sector to the tune of N7.17billion. This has created more than 4,302 direct jobs plus many indirect jobs in addition to facilitating foreign exchange flow inflow of US$80, 142 annually. Besides direct funding, towards providing assistance to Nigerian miners, NEXIM had in 2013 supported the Miners Association to move from their inaccessible office in Jos, Plateau State and provided them with free office spaces and facilities at the Bank’s headquarters in Abuja.

Notwithstanding, Mr. Orya indicated that Nigeria could and should actually make the exploitation of solid minerals the mainstay of the economy. He pointedly queried how the country could be earning such paltry revenue and dividends with all the huge solid mineral reserves while in South Africa, the mining industry remains a cornerstone of the economy; making a significant contribution to economic activity (accounts for about 18% of GDP - 8.6% direct, 10% indirect and induced), job creation (one million jobs - 500 000 direct and 500 000 indirect); and foreign exchange earnings creates (more than 50% of all foreign exchange earnings).

Accordingly, for NEXIM, the critical issues ranges from how to get the Government and other stakeholders to properly structure the mining sector, increase funding, and attract much needed investment capital; infrastructural development for the industry, especially the establishment of internationally certified laboratories and setting up of internationally recognized and endorsed mining calendar for Nigeria as prevalent in other regimes with dedicated attention to solid mineral exploitation.

In his own views, Dr Francisco Igualada, the World Bank Senior Mining Specialist, expressed appreciation to the NEXIM MD and his colleagues for welcoming him and his team to the Bank. He shared his knowledge of the mining industry and his organisation’s intervention in the sector over the years indicating that it is fraught with risks and uniquely capital intensive. He wondered why Nigeria, with all its huge resources and potentials has continued to earn less than Ghana, Mali and Burkina Faso from mining activities. According to him, the blame is on the overriding focus on oil and gas by the country at the detriment of neglecting the mining sector which is an enabler for manufacturing, services and other sectors. This is addition to the huge opportunities of job creation, revenue earnings and the development of other support services in the value chain that could have boosted the economy especially with the decline in world oil prices.

According to Dr. Igualada, there is need for a structured consolidation of efforts towards developing the sector. This should focus on building the right capacity both at human and institutional levels; as well as establishing and enforcing the requisite legal and policy frameworks. To him, this is the difference between Nigeria and South Africa.

He pointed out that the World Bank has a PPP (Public Private Partnership) arrangement which it could recommend for the development of the solid minerals sector in Nigeria. He concluded by suggesting that there is a need to revamp efforts and link interventions to develop the sector through arrangements like the Solid Minerals Fund in addition to renewed involvement by the Government. He stated that he will seek the commitment of his office on the development of the mining sector and collaboration with Nexim Bank, especially in regard to workshop participation and capacity training.

Sharing his views, Mr. Linus Adie of Mining Investments Consults indicated that there is a strong need to seize the prevailing opportunity to develop the mining sector. He expressed his dissatisfaction that the World Bank has not been manifestly keen in its approach to the Nigerian mining sector considering the huge potentials. He cited the interventions of World Bank in the Sri Lankan gemstone industry, which is now a big business; and collaborations with Exim Bank in India, among others, through MIGA and IFC; and demanded that Nigeria should be accorded same through NEXIM Bank using same multi- sectorial approach.

In closing, Mr. Roberts Orya thanked the World Bank team and lauded Mr. Linus Adie’s strong advocacy for NEXIM Bank. He regretted the inability of the Solid Minerals Fund to fully take off, especially owing to unresolved legal and other bureaucratic issues. He however reassured the World Bank team that with the commitment and firm resolve of President Muhammad Buhari to diversify the economy, revitalize the mining sector towards boosting job creation and enhancing foreign exchange earnings, that solid minerals will now become the focal sector of the economy. Accordingly, it is unlikely that the challenges of bureaucratic bottle necks and other such issues would continue to hinder the development and optimal exploitation of the mining sector.

Mr. Orya stressed on the need to work together with the World Bank and reiterated that the issues of capacity training, both at institutional and SME levels, is key to achieving meaningful success in the sector. He requested that the NEXIM and the World Bank should come up with an MOU, which Dr. Francesco Igualada agreed could, in the interim, be in the form of a ‘Letter of Intent’ to work together.

Distributed by APO (African Press Organization) on behalf of Nigerian Export-Import Bank (NEXIM).

Media Contact: Chinedu Moghalu (234-8088-353-804,moghaluc@neximbank.com.ng)

About NEXIM Bank - The Nigerian Export-Import Bank (http://neximbank.com.ng) was established by Act 38 of 1991 as an Export Credit Agency with the broad mandate to promoting the diversification of the Nigerian economy and deepening the external sector, particularly the non-oil through the provision of credit facilities in both local and foreign currencies; risk-bearing facilities through export credit guarantee & export credit insurance; business development and financial advisory services etc.

In pursuit of its mandate of promoting export diversification and deepening the non-oil sector, the Bank’s current strategic initiatives are targeted towards boosting employment creation and foreign exchange earnings in the Manufacturing, Agro-processing, Solid Minerals and Services (Tourism, Transportation and Entertainment) industries.

((M2 Communications disclaims all liability for information provided within M2 PressWIRE. Data supplied by named party/parties. Further information on M2 PressWIRE can be obtained at http://www.m2.com(""http://www.m2.com"") on the world wide web. Inquiries to info@m2.com))."
African Markets - Factors to watch on Sept 17,2015-09-17,"
NAIROBI, Sept 17 (Reuters) - The following company announcements, scheduled economic
indicators, debt and currency market moves and political events may affect African markets on
Thursday.
    - - - - -
 EVENTS:
 *KENYA - The central bank auctions 91-day Treasury bills worth a total 4
 billion shillings.
 
 GLOBAL MARKETS
 Asian stocks edged up to a three-week high on Thursday while the dollar
 drifted lower against other currencies as investors consolidated positions
 ahead of a nail-biting U.S. Federal Reserve policy
 decision.                          
 
 WORLD OIL PRICES
 Oil prices dipped on Thursday after Asia's economies showed new signs of
 weakness, but prices largely held on to a big jump in the previous session
 after a U.S. stock draw, with some analysts saying oil markets may have
 bottomed out.                    
 
 EMERGING MARKETS
 For the top emerging markets news, double click on            
 
 AFRICA STOCKS
 For the latest news on African stocks, click on     
 
 SOUTH AFRICA MARKETS
 South Africa's stocks rose on Wednesday, reaching a 4-1/2 week high with
 SABMiller         surging after news that AB InBev          was to make an
 offer to acquire the British firm, while the rand firmed on
 better-than-expected retail data.               
 
 NIGERIA MARKETS
 Nigeria's interbank money market was halted for a second day on Wednesday
 after the central bank told commercial lenders to provide cash backing for
 foreign exchange purchases at its proposed intervention on Friday.
                
     Nigeria plans to raise 100.88 billion naira in treasury bills with
 maturities between three months and one year at an auction on Sept. 23, the
 central bank said on Wednesday.               
 
 NIGERIA CURRENCY DEVALUATION
 Nigeria's currency should not be devalued further, President Muhammadu
 Buhari said on Wednesday, despite the central bank's growing struggles to
 keep the naira at current levels.                
 
 NIGERIA CORPORATE DEBT
 Already feeling the pinch from slumping oil prices and slowing economic
 growth, Nigerian companies are finding it increasingly hard to get hold of
 foreign currency due to central bank restrictions and may struggle to repay
 their debts.                           
 
 KENYA MARKETS
 Kenya's shilling        made modest gains on Wednesday after the central
 bank sold an undisclosed amount of dollars, while stocks were up.
                
 
 KENYA UCHUMI SUPERMARKETS
 Kenya's Uchumi Supermarkets          , which fired its top managers in June,
 will shift to renting outlets instead of owning them and expects to return
 to profit growth within the next year, its chief executive said.
                
 
 KENYA IMF
 Kenya's central bank has acted appropriately by tightening interest rates
 and its economy remains on track despite headwinds from rising global market
 volatility and local security challenges, the International Monetary Fund
 said on Wednesday.               
 
 UGANDA MARKETS
 The Ugandan shilling        gained on Wednesday as corporate demand for
 dollars subsided and expectations grew that rising yields on Ugandan debt
 would attract more money from foreign investors.                
 
 EAST AFRICA PETROLEUM
 Uganda's government is still considering a pipeline through Tanzania to
 export oil if it proved cheaper than alternatives, an official said on
 Wednesday, even though the Ugandan president indicated last month that a
 route through Kenya had been picked.                
 
 DEMOCRATIC REPUBLIC OF CONGO POLITICS
 Seven senior political figures were kicked out of Democratic Republic of
 Congo's ruling coalition on Wednesday for signing a letter urging President
 Joseph Kabila not to cling to power after his term expires next year,
 government officials said.                
 
 CAMEROON PETROLEUM
 Tower Resources          plans to invest at least $43 million over seven
 years to explore for oil in a shallow-water block in Cameroon's Rio del Rey
 basin, the company and Cameroonian officials said on Wednesday.
                
 
 SENEGAL ECONOMY
 Senegal's economic growth will accelerate to 6 percent next year, boosted by
 a government development plan, increasing trade with neighbouring Mali and
 lower oil prices, the International Monetary Fund (IMF) forecast.
                
 
 BURKINA FASO POLITICS
 United Nations Secretary-General Ban Ki-moon expressed outrage on Wednesday
 at reports of the detention of Burkina Faso's president and prime minister
 and several ministers, calling for their immediate release.                
 
 ZAMBIA ECONOMY
 Zambia's economy is likely to grow by less than 5 percent in 2015 due to a
 power crunch that has hit output from mining companies already grappling
 with a slide in global copper prices, Finance Minister Alexander Chikwanda
 said.               
 
     For the latest precious metals report click on        
     For the latest base metals report click on         
     For the latest crude oil report click on

Released: 2015-9-17T05:44:54.000Z"
Nigeria 's cbank says cannot  intervene  in  FX  market on daily basis,2015-05-19,"ABUJA, May 19 (Reuters) - Nigeria's Central Bank Governor Godwin Emefiele said on Tuesday it was not possible for the regulator to intervene on a daily basis to supply banks with foreign exchange and support the naira currency. (Reporting by Camillus Eboh; Writing by Joe Brock; Editing by James Macharia) 

Released: 2015-5-19T14:48:32.000Z"
EXCLUSIVE-Nigerian  central bank  plans sanctions against exporters -governor,2015-03-10,"LONDON, March 10 (Reuters) - Nigeria will enforce the repatriation of dollar-proceeds from exports and is planning sanctions against those not complying, Central Bank Governor Godwin Emefiele told Reuters on Tuesday.

Africa's largest economy has been hit hard over the past year by a steep drop in oil prices and political uncertainty over a closely fought and delayed election.

The turmoil has seen the naira lose more than 20 percent against the dollar since the middle of 2014, breaking through the important 200 per dollar level last month as it racked up the biggest monthly loss in more than five years.

In February, the central bank introduced trading rules under which banks will be able to purchase foreign exchange only if they have a prior order from a corporate customer, such as a fuel importer or foreign mobile phone company looking to repatriate profits or dividends.

Now, policy makers are looking at exporters to ensure hard currency liquidity within Nigeria, pondering sanctions against exporters who fail to repatriate proceeds and funnel them back into the official market within the stipulated 90-day limit, Emefiele said.

""If you refuse to sell your export proceeds that you repatriate in the foreign exchange market ... we will ban them from accessing foreign exchange in the Nigerian foreign exchange market,"" Emefiele told Reuters in an interview.

Emefiele said much of the pressure on the naira over the past year was due to activity of importers and exporters, the former frontloading purchases of hard currency while the latter were hoarding their overseas cash earnings.

The resulting hiatus on the currency markets has forced the central bank to intervene, and this has led to a steep drop in Nigeria's foreign cash reserves to four to five months' worth of imports.

Forcing exporting and importing companies to comply with existing regulations on their use of the currency market was now necessary.

""Another thing we will do is that we will ask the banks not to loan money to them (exporters who don't repatriate hard cash on time),"" he said, saying the measure would come into effect soon, but declining to give a date.

Emefiele estimated that some $3-4 billion of proceeds due to be repatriated were outstanding, of which 40 percent would come from oil companies.

""We are saying ... don't put your foreign exchange in the hands of people who want to carry cash and take it abroad,"" he said. ""Use it to import tangible items that are documented.""

Also scrapped amid February's de facto devaluation were the bi-weekly auctions in which the central bank sold foreign currency at a predetermined rate. Emefiele said these would not be reintroduced.

""(The window) is not closed. It is crushed and destroyed for life,"" said Emefiele. ""Nothing is going to be opened again. We are not going to go back to a subsidised regime."" (Reporting by Karin Strohecker; editing by Ralph Boulton)

Released: 2015-3-13T17:50:22.000Z"
African Markets - Factors to watch on Feb 18,2015-02-18,"
The following company announcements, scheduled economic indicators, debt and currency market
moves and political events may affect African markets on Wednesday.
    - - - - -
 EVENTS:
 GHANA - The central bank sets lending rates.
 KENYA - The central banks sells 182-, and 364-day Treasury
 bills as well as two Treasury bonds.
 
 GLOBAL MARKETS
 Asian equities tracked a mild bounce on Wall Street, edging
 higher on Wednesday as pessimism about the Greek debt saga
 receded somewhat, while the dollar strengthened against the
 yen thanks to higher U.S. debt yields.
            
 
 WORLD OIL PRICES
 Oil prices dipped on Wednesday after gaining more than a
 percent in the previous session, but trading was thin as
 several Asian countries started the Lunar New Year holidays
 which last for the rest of the week.
      
 
 EMERGING MARKETS
 For the top emerging markets news, double click on
            
 
 AFRICA STOCKS
 For the latest news on African stocks, click on     
 
 SOUTH AFRICA MARKETS
 South Africa's rand firmed to its strongest level in seven
 days on Tuesday as the dollar slipped and hopes of a
 compromise preventing Greece's exit from the eurozone were
 dashed.
                
 
 NIGERIA MARKETS
 Nigeria's central bankintervened for the third straight
 session on Tuesday to defend the naira NGN=D1 by selling
 dollars below its official band but the currency traded
 weaker in the interbank market.
                
 
 NIGERIA ATTACKS
 Explosions hit an opposition political rally in southern
 Nigeria on Tuesday and Islamist insurgents struck in the
 north, with unrest spreading after a presidential election
 was postponed.
                
 
 KENYA MARKETS
 The Kenyan shilling KES= rose against the dollar on Tuesday
 on the back of hard currency inflows from investors abroad
 seeking high yields from local Treasury bonds.
                
 
 ANGOLA INFLATION
 Angola's consumer inflation slowed slightly to 7.44 percent
 year-on-year in January from 7.48 percent in December, data
 from the INE statistics office showed.
                
 
     For the latest precious metals report click on        
     For the latest base metals report click on         
     For the latest crude oil report click on

Released: 2015-2-18T05:45:06.000Z"
UPDATE 1-Nigeria's  central bank  sells dollars to prop up  currency ,2015-02-17,"(Adds oil firm dollar sale, dealers comment)

LAGOS, Feb 17 (Reuters) - Nigeria's central bankintervened for the third straight session on Tuesday to defend the naira by selling dollars below its official band but the currency traded weaker in the interbank market.

Dollar sales by an oil firm were traded at a weaker level than in the earlier sale by the central bank, dealers said.

The bank once again sold dollars below its official band, at 198 naira to the U.S. currency, and again banned banks from reselling dollars bought at its currency auction to other banks to curb speculation.

All the trades by the bank have been outside its own target band of 160-176 to the dollar set in November when it devalued the currency by 8 percent to save its foreign reserves. On Monday and Tuesday, it sold dollars at 198 naira, dealers said.

""The market is weaker than the central bank rate ... counterparties are selling dollars based on how they were able to buy it,"" a dealer at a major lender said.

The naira crashed through a psychologically important level of 200 to the dollar last week in a rout triggered by weak oil prices and escalating tension over the postponement of a presidential election Africa's biggest economy, prompting the central bank to step up its intervention.

The central bank has been selling dollars in a special intervention since Friday, spending $380 million in two-days to shore up the naira and curb speculative attacks, which it says is the reason behind the weaknesses in the currency.

Addax Petroleum sold $7 million to some lenders to buy naira for its local obligations, testing the naira's true level as the currency immediately weakened to 203.50 to the dollar.

The central bank's special interventions have kept the naira trading within a range of between 197 to 199.50.

However, there has been no interbank trading at that level as liquidity is thin on the market and commercial banks are restricted from selling dollars bought from the central bank.

Tight interbank liquidity undermines Nigeria's credibility as a smoothly functioning capital market, which could trigger its ejection from a JP Morgan emerging market bond index.

JP Morgan added Nigeria to the widely followed index in 2012, when liquidity was improving, making it only the second African country after South Africa to be included. (Reporting by Oludare Mayowa; Writing by Chijioke Ohuocha; Editing by James Macharia and Alison Williams) 

Released: 2015-2-17T17:04:49.000Z"
African Markets - Factors to watch on Feb 17,2015-02-17,"
The following company announcements, scheduled economic indicators, debt and currency market
moves and political events may affect African markets on Tuesday.
    - - - - - -
 GLOBAL MARKETS
 Asian share markets and the euro retreated on Tuesday as
 talks between Greece and euro zone finance ministers broke
 down after Athens rejected a proposal to request a six-month
 extension of its international bailout programme.
            
 
 WORLD OIL PRICES
 Brent crude extended its rally on Tuesday, moving further
 away from six-year lows hit in January, but some analysts
 warned that prices had risen too far and could face a
 downward correction.
      
 
 EMERGING MARKETS
 For the top emerging markets news, double click on
            
 
 AFRICA STOCKS
 For the latest news on African stocks, click on     
 
 SOUTH AFRICA MARKETS
 South Africa's rand steadied against the dollar on Monday
 amid thin volumes with the U.S. financial markets closed for
 a holiday but traders said a slew of data due later in the
 week could offer direction.
                
 
 NIGERIA MARKETS
 Nigeria's central bankintervened to defend the beleaguered
 naira          on Monday by selling dollars below its
 official band for the second time, a sign the bank could
 weaken the currency to save its dwindling foreign reserves.
                
 
 NIGERIA DOLLAR BONDS
 Nigeria's dollar bonds have been battered by tumbling oil
 prices and domestic politics, but thanks to low debt ratios,
 a light repayment schedule and demand from local banks they
 should weather the storm.
                
 
 NIGERIA INSECURITY
 Nigerian soldiers recaptured two towns from Boko Haram on
 Monday as U.S. and regional troops began war games in
 neighbouring Chad in a growing international campaign to
 counter the Islamist group.
                
 
 KENYA MARKETS
 Kenya's main share index rose for a sixth straight session,
 with the country's sole electricity supplier Kenya Power in
 demand with investors betting on its growth prospects.
                
 
 ZIMBABWE AID
 The European Union has given Zimbabwe 234 million euros
 ($267 million), it said on Monday, the first time the bloc
 has given financial aid to the southern African nation's
 government since imposing sanctions in 2002.
                
 
 ZIMBABWE INFLATION
 Zimbabwe's consumer prices contracted by 1.28 percent in
 January on a year-on-year basis compared to a 0.8 percent
 decline in December, the statistical agency Zimstats said on
 Monday.
                
 
 
 
     For the latest precious metals report click on        
     For the latest base metals report click on         
     For the latest crude oil report click on

Released: 2015-2-17T06:34:33.000Z"
Nigeria central bank intervenes  in  forex  market - dealer,2015-02-13,"LAGOS, Feb 13 (Reuters) - Nigeria's central bankintervened in a special forex sale on Friday to boost liquidity on the interbank market and strengthen the naira, a dealer at a major bank told Reuters.

Two large sales were done at 198.50 naira to the dollar, totalling $40.8 million, Thomson Reuters data showed.

Trading on Nigeria's foreign exchange market was delayed until after 10 a.m. (0900 GMT) on Friday to allow dealers to submit demand for dollars to the central bank. (Reporting by Oludare Mayowa and Chijioke Ohuocha; Editing by Larry King) 

Released: 2015-2-13T14:24:56.000Z"
CORRECTED-UPDATE 1-Trading delayed on  Nigeria 's  FX  market for  central bank intervention ,2015-02-13,"(Removes reference to daily delay in headline)

LAGOS, Feb 13 (Reuters) - Trading on Nigeria's foreign exchange market will be delayed until after 10 a.m. (0900 GMT) on Friday to allow dealers to submit demand for dollars to the central bank, the head of the Financial Market Dealers Association (FMDA) said.

The central bank will then inject dollars into the market in what FMDA president David Adepoju described as ""a special forex auction"". ""The banks are compiling the level of the demand in the market,"" he added.

The central bank had said the move would not be a one-off, Adepoju said.

The change is part of efforts by the central bank to put naira trading on a more orderly footing after a weeks-long slide in the currency that has seen it burn through more than $110 million a day trying to defend the naira's target band.

By 10.30 a.m. on Friday there was still no trading going on in the market.

Nigeria's central bank chief said on Thursday there was ""no need to panic"" about the plunge in the naira, which fell through the psychological level of 200 to the dollar this week.

The currency has been battered by weak oil prices and tensions around the postponement of a presidential election in Africa's biggest economy and leading energy producer.

Nigeria relies on oil for 90 percent of its foreign exchange. The currency started to come under serious pressure in early November, forcing the bank to devalue it. (Reporting by Chijioke Ohuocha; Writing by Tim Cocks; Editing by Catherine Evans) 

Released: 2015-2-13T11:24:19.000Z"
Nigeria  central bank  sells dollars after dealers halt naira trading,2015-02-11,"LAGOS, Feb 11 (Reuters) - Nigeria's central bankintervened with dollar sales on Wednesday to boost liquidity and help resume two-way quotes on the naira after electronic trading was suspended earlier owing to volatility, dealers said.               

The trading had been halted in the naira, triggering circuit breakers for the first time, after the currency fell more than 2 percent in early exchanges to 204.05 to the dollar.               

The naira strengthened to 198.10 to the dollar after the intervention.               

Released: 2015-2-11T13:29:50.000Z"
Nigeria central bank intervention  lifts naira marginally,2015-02-06,"LAGOS, Feb 6 (Reuters) - Nigeria's central bank sold an undisclosed amount of dollars on Friday to boost interbank forex market liquidity and prop up the naira.

The central bank has been intervening almost daily in the interbank market since the start of the year. The naira has suffered as falling oil prices weaken Nigeria's economy, causing foreign investment to dwindle.

The unit, which opened at 193.60 naira, firmed to 190.80, lifted by the intervention. It quickly fell back to 193.40 by 1239 GMT. The naira closed at 192.70 on Thursday. (Reporting by Oludare Mayowa; Writing by Chijioke Ohuocha; Editing by Alison Williams) 

Released: 2015-2-6T13:44:31.000Z"
UPDATE 1-Nigeria naira recovers from record low as  central bank  steps in,2015-02-05,"(Adds naira close, central bank intervention)               

LAGOS, Feb 5 (Reuters) - Nigeria's naira recovered from a record low to end trading unchanged on Thursday, after the central bank sold dollars to prop up the local currency, dealers said.               

The naira closed where it opened on Thursday, at 192.70 to the dollar. The currency had fallen to a record low of 194.65 shortly after the market opened, then recovered as the central bank stepped in. It had closed within a range of 190.10 to 192.40 the day before.               

The central bank has been intervening almost daily in the interbank market since the start of the year. The naira has suffered as falling oil prices weaken Nigeria's economy, causing foreign investment to dwindle.               

Dealers say dollar demand is significant on the interbank market, most of it from importers. Nigeria imports around 80 percent of what it consumes.               

The naira has been trading outside a target of 160-176 to the dollar that the central bank set following a devaluation in November. It has continued its slide to record lows despite the bank's interventions.               

Released: 2015-2-5T14:42:28.000Z"
Nigeria's  central bank  sells dollars to lift naira -dealers,2015-01-30,"LAGOS, Jan 30 (Reuters) - Nigeria's central bankintervened on Friday, selling an undisclosed amount of dollars to prop up the naira currency, which has been hit hard by falling global oil prices, dealers said.

The bank has been intervening this week to lift the naira, which is trading outside its target band of 160-176 and has hit record lows this year as the price of oil, Nigeria's main export, continues to fall.

The Nigerian currency firmed to as low as 186.80 naira to the dollar following the intervention, after opening at 189.55. The naira was trading at 188.10 at 1247 GMT.

(Reporting by Oludare Mayowa; Writing by Chijioke Ohuocha; Editing by Catherine Evans) 

Released: 2015-1-30T13:51:58.000Z"
African Markets - Factors to watch on Jan 30,2015-01-30,"
NAIROBI, Jan 30 (Reuters) - The following company announcements, scheduled economic
indicators, debt and currency market moves and political events may affect African markets on
Friday.
    - - - - -
 EVENTS:
 *Kenya and Uganda due to release January consumer inflation
 data.
 *MAURITIUS - The central bank auctions Bank 364-day Treasury
 bills worth a total 500 million rupees. 
 
 GLOBAL MARKETS
 Asian shares edged up on Friday, talking heart from a late
 earnings-led surge on Wall Street even as continuing concerns
 about global growth tempered gains.                          
 
 WORLD OIL PRICES
 Oil prices dipped in early trading on Friday following slight
 gains in the previous sessions, and analysts said the outlook
 remained weak with production high and producers reducing
 operating costs to adjust to lower export
 revenues.                    
 
 EMERGING MARKETS
 For the top emerging markets news, double click on           
 
 AFRICA STOCKS
 For the latest news on African stocks, click on     
 
 SOUTH AFRICA MARKETS
 South Africa's rand recovered earlier losses against the
 dollar on Thursday, after the central bank kept domestic
 rates unchanged and moved to dampen market expectations of a
 rate cut this year due to lower oil prices.               
     Stocks ended lower on Thursday as a rise in retailers
 such as Shoprite          failed to offset a slide in gold
 mining houses, which were hit by lower metal prices.
                
 
 AFRICA CURRENCIES
 Nigeria's volatile naira is likely to steady next week on
 dollar sales by oil companies, while East African currencies
 are expected to be supported by central bankintervention.               
 
 NIGERIA MARKETS
 Nigerian naira           shed 1.64 percent to close at 189.10
 against the greenback on Thursday, despite dollar sales by
 the central bank and oil companies, dealers said.
                
 
 NIGERIA ECONOMY
 Nigeria expects economic growth this year of 5.54 percent,
 down from an estimated 6.23 percent for 2014, after the
 government trimmed expenditure because of the oil price
 slump, the statistics office said on Thursday.               
 
 KENYA MARKETS
 The Kenyan shilling        was a touch weaker on Thursday on
 dollar demand from importers, while stocks nudged
 lower.               
 
 TANZANIA ECONOMY
 Tanzania needs urgently to deal with its growing fiscal
 deficit to boost economic growth, which is expected to reach
 7 percent this year, the World Bank said on Thursday.
                
 
 GHANA OIL PRODUCTION
 Ghana's new oil fields are on schedule to start production
 next year as development has passed the half-way stage, lead
 operator Tullow Oil said on Thursday.                    
 
 IVORY COAST EUROBOND
 Ivory Coast aims to issue a Eurobond of less than $1 billion
 next month, Prime Minister Daniel Kablan Duncan said on
 Thursday, as it seeks extra funds to help its economy recover
 after a civil war.               
 
 ANGOLA ECONOMY
 Angola's oil-dependent economy is set to slow this year, key
 infrastructure projects will be shelved and swathes of social
 spending are facing the chop as a global crude price slump
 takes its toll on Africa's second-biggest producer.
                
 
     For the latest precious metals report click on        
     For the latest base metals report click on         
     For the latest crude oil report click on

Released: 2015-1-30T06:03:26.000Z"
"WEEKAHEAD-AFRICA- FX -Nigerian naira to steady on dollar sales, others seen mixed",2015-01-29,"
LAGOS, Jan 29 (Reuters) - Nigeria's volatile naira is likely
to steady next week on dollar sales by oil companies, while East
African currencies are expected to be supported by central bankintervention.

    NIGERIA
    The naira is likely to trade around its present
levels next week on the back of expected month-end dollar sales
by some energy companies and intervention by the central bank.
    The local currency has remained volatile in the wake of
falling oil price and the exit of offshore investors in local
debt and equity last year.
    The local currency was trading around 189.90 to the dollar
on Thursday, same level it closed a week ago. The naira was
however weaker than its Wednesday's close of 186 after dollar
sales from state energy company NNPC buoyed the currency.
    NNPC sold around $350 million to some lenders on Wednesday,
while the local unit of Royal Dutch Shell sold undisclosed
dollar amounts on Thursday, keeping the local currency stable.
    Most oil companies in Africa's top crude exporter sell
dollars to obtain local currency for their domestic obligations.
    ""We expect that the local currency will derive further
support from the usual month-end oil companies' dollar sale in
the coming days,"" Citibank said in a research note on Thursday.
    
    KENYA
    Kenya's shilling is expected to trade in a tight
range, with traders saying they were on the lookout for any
central bank action that would keep it from weakening further.
    At 0815 GMT, commercial banks quoted the shilling at
91.70/80 to the dollar, unchanged from last Thursday's close.
    Last week traders said the bank sold an unspecified amount
of dollars to keep it from going past the 91.70 level.
    ""After we saw central bank come in last week, people have
been jittery about getting to those levels, so we are on a wait
and see,"" Ian Kahangara, trader at National Bank of Kenya, said.
   
    Traders said they forecast the shilling to trade in the
91.70 to 92.00 range in coming days.    
    
    UGANDA
    The Ugandan shilling was also seen rangebound,
underpinned by expected central bank interventions and scarce
local currency liquidity. 
    At 1135 GMT commercial banks quoted the local currency at
2,860/2,870, stronger than last Thursday's close of 2,880/2,890.
    ""The central bank has demonstrated resolve to keep the
shilling in line... we're likely to see rangebound stability,""
said Isaac Iga, chief dealer at Orient Bank.
    The central Bank of Uganda (BoU) has sold dollars in the
market five times this month to prop up the local currency. 
    Much of the depreciation for the shilling, which is down 3.1
percent against the greenback this year, has been caused by
demand from commercial banks eager to hedge against dollar.
    Iga said the shilling would likely exchange hands in the
2,840-2,880 range in the coming days.
    
    TANZANIA
    The shilling could weaken on dollar demand by
importers after gaining this week from month-end hard currency
inflows.
    Commercial banks quoted the shilling at 1,782/1,792 to the
dollar on Thursday, stronger than 1,835/1,845 a week ago.
    Sameer Remtulla, a dealer at Commercial Bank of Africa
Tanzania, said the central bank had ""intervened by selling more
dollars to the market, but the shilling will likely be under
pressure next week.""
    Traders expected the shilling to trade in the 1,810-1,820
range over the coming days.
    The Bank of Tanzania said on its website it had traded
$52.75 million on the interbank foreign exchange market over the
past week.
  
    ZAMBIA
    The kwacha is expected to remain volatile next week
as investors in Africa's second largest copper producer digest
the outcome of a presidential election last week.
    At 1115 GMT on Thursday, commercial banks quoted the kwacha
at 6.4700 per dollar from 6.4350 a week ago.
   ""The short term outlook is for the volatility to remain quite
substantial but to reduce as we move further from elections,""
one commercial bank trader said.
   Zambia's ruling party presidential candidate Edgar Lungu
defeated his closest rival Hakainde Hichilema who said the
election had been ""stolen"". 

 (Reporting by Oludare Mayowa, George Obulutsa, Elias
Biryabarema, Fumbuka Ng'wanakilala and Chris Mfula; Editing by
James Macharia)

Released: 2015-1-29T16:55:30.000Z"
"UPDATE 1- Nigeria  naira closes at record low, despite  intervention ",2015-01-26,"(Adds naira close)

LAGOS, Jan 26 (Reuters) - Nigeria's naira ended at a record closing low on Monday, despite central bank intervention, as the currency continued to weaken on strong demand for the greenback, dealers said.

The unit closed at 191.10, a new record low against the U.S. dollar, compared with Friday's record low close of 190.60 naira. One dealer traded the naira at a one-off rate of 194.10 during mid-day session.

The currency had initially gained 1.66 percent to 186.80 naira after the central bank and two oil companies sold dollars to lift the naira, before it then slipped into negative territory.

The naira has hit a string of record lows as dollar liquidity on the interbank forex market thins out amidst a collapse in the price of oil, Nigeria's main export.

Dealers said Total offered to sell $80 million to some lenders on Monday while Shell sold an undisclosed amount of dollars, to buy naira for their local operations. (Reporting by Chijioke Ohuocha and Oludare Mayowa; Editing by Toby Chopra) 

Released: 2015-1-26T14:31:52.000Z"
Nigerian  central bank intervenes  to lift naira in volatile trades,2015-01-26,"LAGOS, Jan 26 (Reuters) - Nigeria's naira gained 1.66 percent against the U.S. dollar on Monday after the central bank intervened to prop up the currency which had been trading near a record intraday low.

The unit firmed to 186.80 naira to the dollar, recovering from 191.30 it touched earlier before the intervention. The naira has been hitting record lows as dollar liquidity on the interbank forex market thins out amidst a collapse in the price of oil, Nigeria's main export.

The central bank intervened with an undisclosed amount of dollar sales on Monday to prop up the naira currency, dealers told Reuters, adding to earlier sales from two oil companies, Shell and Total. (Reporting by Oludare Mayowa and Chijioke Ohuocha) 

Released: 2015-1-26T13:47:47.000Z"
"WEEKAHEAD-AFRICA- FX -African  currencies  on the ropes, more  central bank interventions  eyed",2015-01-22,"LAGOS, Jan 22 (Reuters) - Nigeria's naira is expected to lose more ground next week, hit by the slide in crude prices and a decline in dollar liquidity, while other African currencies are likely to remain on the back foot unless their respective central banks intervene.

NIGERIA

The Nigerian naira could face more volatility next week amid tight dollar liquidity in spite of sustained central bank intervention in the market, and an upward revision of commercial banks' foreign currency position limits to 0.5 percent from 0.1 percent previously.

The naira was trading around 189.90 to the dollar on the interbank market, down from 185.6 a week ago.

""The situation in the market remains dicey because of insignificant dollar flows from independent sources other than the regular intervention by the central bank,"" one dealer said.

""What the market needs is a large flow of dollars to offset pent-up demand built up in the market.""

Traders expected month-end dollar flows from some oil companies next week to provide a boost, but said they would have to be large enough to reduce pressure on the naira.

Most oil companies in Africa's top crude exporters sell dollars every month to obtain local currency for their domestic obligations.

KENYA

Kenya's shilling is expected to weaken in the next week, hurt by increased importer dollar demand against scant inflows.

At 1133 GMT, commercial banks quoted the shilling at 91.70/80 to the dollar, compared with last Thursday's close of 91.45/55. The shilling touched a new three-year low of 91.80/90 to the dollar during Thursday's session.

Earlier in the week traders said the central bank sold an unspecified amount of dollars to help the shilling, but that the local unit was likely to weaken past 92.00 without more support.

""Demand (for dollars) is still building up, especially now that we are approaching end-month. But I am also looking at the supply side which is quite mute at the moment,"" Robert Gatobu, a trader at Commercial Bank of Africa, said.

Traders forecast the shilling, which has lost 1.1 percent against the dollar so far this month, would trade in the 91.50-92.00 range in coming days.

Technical analysis of the 14-day and 50-day weighted moving averages showed the shilling was expected to maintain a weakening trend in the near term.

UGANDA

The shilling is forecast to strengthen in the next week after a series of central bank interventions to try and stem demand pressure.

Commercial banks quoted the shilling at 2,860/2,870, stronger than last Thursday's close of 2,890/2,900.

The shilling is down 3.1 percent against the dollar this month due to demand from commercial banks and importers.

The central bank has sold dollars five times so far this month to try and cushion the shilling, which traded just shy of its softest level of 2,910/2,920 reached on Sept. 23, 2011.

""After the central bank's decisive action I think we'll see a lot of unwinding of the long positions,"" said Shahzad Kamaluddin, trader at Crane Bank.

The local currency will likely trade in the 2,875-2,900 range, Kamaluddin added.

TANZANIA

The shilling is expected to extend losses, hit by demand from energy and manufacturing sectors and subdued inflows of the U.S. currency after touching a five-year low on Thursday.

Commercial banks quoted the shilling at 1,835/1,845 to the dollar, weaker than 1,770/1,780 a week ago.

""The weakening of the shilling will likely continue next week because demand is still high and inflows are not expected anytime soon,"" said Moses Kawiche, a trader at CRDB Bank.

""There is substantial demand for dollars particularly coming from the energy sector, oil importers and manufacturers.""

Market participants expected the shilling to trade in the 1,840-1,850 range over the coming days.

The Bank of Tanzania said on its website it had traded $30.3 million on the interbank foreign exchange market over the past week.

GHANA

Ghana's cedi is expected to remain under pressure in coming weeks due to a persistent lack of dollar inflows amid seasonal high demand from local importers, analysts said.

The local currency has declined about two percent against the dollar so far this year, and traded at 3.2900 to the greenback by 1300 GMT on Thursday compared to 3.2185 on Jan. 2.

""We see GHS near-term bearish outlook intact in the coming sessions,"" Barclays Bank Ghana trader Michael Akpakli said.

Ghana, which exports cocoa, gold and oil, is currently in talks with the International Monetary Fund for an assistance package to fix its economy and support the cedi, which slumped 32 percent last year.

ZAMBIA

Traders expected the kwacha to take its direction from how the country handles the outcome of the Jan. 20 presidential election.

At 1200 GMT on Thursday, commercial banks quoted the currency of Africa's second-largest copper producer at 6.4350 from 6.5400 a week ago.

This was the kwacha's second daily gain as Tuesday's peaceful vote eased investor jitters about stability in Africa's second biggest copper producer.

""We anticipate that the local unit will remain in limbo in the time being and direction will be derived from domestic events,"" Banc ABC said in a market note.

Zambia's ruling party presidential candidate Edgar Lungu took a slim lead over his rival Hakainde Hichilema after votes from half of the constituencies were counted, the electoral commission said on Thursday. (Reporting by Oludare Mayowa, George Obulutsa, Elias Biryabarema, Fumbuka Ng'wanakilala, Kwasi Kpodo and Chris Mfula; Editing by James Macharia) 

Released: 2015-1-22T16:03:25.000Z"
Nigeria's  central bank  tries to boost naira before decision on rates,2015-01-20,"LAGOS, Jan 20 (Reuters) - Nigeria's central bankintervened for a second day this week with dollar sales on Tuesday to boost its ailing naira, hours before it was due to announce its decision on interest rates, dealers said.

The naira, which was trading near record intraday lows of 191.85 to the dollar, firmed in volatile trades to 188.77 after the intervention. The unit opened at 187.10, the record low level it closed at the previous day.

The central bank is due to announce its decision on interest rate by 1330 GMT, with analysts expecting the bank to maintain tight liquidity to support the currency.

(Reporting by Oludare Mayowa; Writing by Chijioke Ohuocha; Editing by Andrew Heavens) 

Released: 2015-1-20T13:01:10.000Z"
UPDATE 2-Naira hits record lows as another  Nigeria  devaluation looms,2015-01-19,"* Central bank intervention fails to lift currency

* Oil down 38 percent since November devaluation

* Another devaluation ""on the cards"", analysts say (Adds analyst, closing price, background)

By Chijioke Ohuocha

LAGOS, Jan 19 (Reuters) - Nigeria's naira hit record lows against the dollar on Monday before central bank decisions that analysts say may include the second currency devaluation in two months for Africa's top oil producer.

The naira, which has been hammered by the collapse in oil prices, fell 3.6 percent to a record low of 191.85 before recovering some ground after the central bank, two domestic banks and an energy firm sold dollars, according to dealers.

However, it still booked its weakest close on record at 187.10 to the dollar, suggesting commercial banks in Africa's biggest economy think the central bank may opt for a repeat on Tuesday of its November devaluation.

Oil was at $79 a barrel on Nov. 25 when the bank lowered its target band 8 percent to 160-176 to the dollar, but since then it has dropped more than a third, exacerbating governor Godwin Emefiele's concerns about dwindling reserves.

Crude accounts for 95 percent of Nigeria's foreign exchange.

However, with national elections less than four weeks away, analysts said it was not a given that Emefiele will devalue again on Tuesday. The announcement is expected around 1330 GMT.

""Another devaluation is on the cards but the timing is still a bit unclear,"" said Ridle Markus, a sub-Saharan Africa currency strategist at Barclays Africa in Johannesburg.

According to its website, the central bank spent $28 million a day last year trying and failing to defend the naira, which dropped 13.2 percent during 2014, including the one-off official devaluation.

Foreign reserves stood at $34.5 billion last week, a drop of 20 percent over the year.

Compounding Abuja's problems, JP Morgan said last week it was re-assessing Nigeria's inclusion in its key emerging market bond index, putting a question mark over one of the government's few non-oil sources of funding.

""The reversal of inflows, coupled with a falling oil price in a low FX reserves environment, implies a sizeable naira depreciation is coming,"" said Yvonne Mhango, an economist at Renaissance Capital in Johannesburg.

""This may be in the form of a second devaluation... or through the loosening of the central bank's hold on the naira,"" she added.

Further unsettling the outlook, a deepening insurgency in the northeast by Islamist group Boko Haram is adding to the tensions that have preceded every election since the end of military rule 15 years ago.

The central bank is expected to keep its main interest rate on hold at 13 percent, having raised it a hefty 100 basis points in November in an attempt to draw a line under the currency's weakness. (Reporting by Chijioke Ohuocha, Oludare Mayowa and Ed Cropley; Writing by Ed Cropley; Editing by Dominic Evans/Ruth Pitchford) 

Released: 2015-1-19T14:45:52.000Z"
African Markets - Factors to watch on Jan 19,2015-01-19,"
The following company announcements, scheduled economic indicators, debt and currency market
moves and political events may affect African markets on Monday.
    - - - - -
 EVENTS:
 MALAWI - Expecting inflation data for December. The rate
 edged up to 23.7 percent in November from 23.3 percent.
 
 GLOBAL MARKETS
 Most Asian share markets followed Wall Street higher on
 Monday, though investors were wary of being disappointed yet
 again by economic data from China and policy stimulus in the
 euro zone.
            
 
 WORLD OIL PRICES
 Oil prices fell in early Asian trade on Monday, with markets
 expecting gloomy Chinese economic data to be published this
 week.
      
 
 EMERGING MARKETS
 For the top emerging markets news, double click on
            
 
 AFRICA STOCKS
 For the latest news on African stocks, click on     
 
 AFRICA DEBT
 Yields on Kenyan Treasury bills on sale next week are
 expected to hold steady in subdued bidding due to mid-month
 tax payments, while yields on two bonds being auctioned are
 likely to rise.
                
 
 SOUTH AFRICA MARKETS
 South Africa's government bonds fell to their lowest in
 nearly 22 months on Friday, in a market increasingly seeing
 the chance that slowing inflation due to sliding oil prices
 will keep interest rates depressed.
                
 
 NIGERIA MARKETS
 Nigeria's naira          firmed 0.46 percent on Friday,
 recovering from near record lows against the dollar after
 central bank intervention, dealers said.
                
 
 NIGERIA LIQUIDITY
 Nigeria's central bank denied there was any shortage of
 liquidity in the currency market on Friday, rejecting JP
 Morgan's stated reason for putting the status of its bonds
 under review.
                   
 
 NIGERIA INSURGENTS
 West African leaders will seek authority next week from the
 African Union to create a multi-national force to fight
 Nigeria's Boko Haram Islamist insurgents, Ghanaian President
 John Mahama told Reuters on Friday.
                
 
 KENYA MARKETS
 Kenya's shilling        hovered at a three-year low on
 Friday and could face renewed pressure next week as
 companies seek dollars to meet payments due at the end of
 the month, while shares closed marginally higher.
                 
 
 GHANA MARKETS
 The Bank of Ghana said the yield on its 91-day bill rose to
 25.8426 percent at an auction on Friday, from 25.8335 at the
 last sale.
                
 
 ANGOLA CENTRAL BANKER
 Angola's President Jose Eduardo dos Santos has replaced
 central bank Governor Jose de Lima Massano with Jose Pedro
 de Morais, the official news agency Angop said on its
 website.
                
 
     For the latest precious metals report click on        
     For the latest base metals report click on         
     For the latest crude oil report click on

Released: 2015-1-19T06:12:05.000Z"
UPDATE 1-Nigeria naira down 1.2 pct despite cenbank dollar sale,2015-01-15,"(Adds naira close, comment from dealer, cbank intervention)

LAGOS, Jan 15 (Reuters) - Nigeria's naira fell 1.2 percent to close at 185.60 to the greenback on Thursday, despite the central bank intervening with dollar sales to try to prop up the currency, dealers said.

The unit opened at 183.40 naira to the greenback, the same level it closed at the previous day. But quickly weakened to an intraday low of 186.30 naira in thin trade, prompting the central bank to intervene, dealers said.

The bank on Thursday asked 21 commercial lenders to bid for $500,000 each, in an intervention move aimed at providing liquidity to the interbank market and supporting the naira, which has been hard hit by falling global oil prices.

""I think central bank will try to control any uptrend in the currency, to provide liquidity to the market. But for how long is the question,"" one dealer said.

The central bank was forced to devalued the naira two months ago to halt the slides in its foreign reserves, after the country's main export commodity, oil plunged. The bank devalued the naira by 8 percent and tightened trading rules to try to curb speculation against the currency.

But the naira has traded well outside its devalued band of 160-176 - and reserves are still falling.

Nigeria's foreign exchange reserves on Jan. 13 were down 3.2 percent month-on-month from December to $34.51 billion by Jan. 13 because of drawdowns to defend the naira, central bank data showed.

At a separate dollar sale, the central bank sold $249 million to lenders at 168 naira at its twice-weekly forex auction on Wednesday to help meet demand for the greenback, higher than the $200 million it earlier offered. (Reporting by Chijioke Ohuocha) 

Released: 2015-1-15T15:28:53.000Z"
UPDATE 2-Nigerian  central bank intervenes  to prop up sliding naira,2014-12-18,"* Naira hits another low after failed c.bank dollar curbs

* Direct intervention triggers small recovery

* Currency down more than 12 pct in last three months (Releads with central bank intervention)

LAGOS, Dec 18 (Reuters) - Nigeria's central bankintervened again to prop up the naira on Thursday after its efforts to stamp out speculation by barring commercial banks from holding dollars failed to prevent the currency hitting another record low.

Confused by a central bank edict restricting domestic dollar holdings, dealers initially refused to quote prices for the naira, which has lost more than 12 percent since September due to a collapse in the price of oil, Nigeria's main export.

The standoff lasted for nearly an hour before Governor Godwin Emefiele confirmed that the emergency measures were designed to end speculative pressure on the currency of Africa's biggest economy.

""We do not want speculators in this market any longer,"" Emefiele told Reuters. ""The banks are not supposed to hold any funds of their own. They are supposed to buy and sell currency on behalf of customers.""

Within minutes, dealers sent the naira to a record low of 188.85 against the greenback, before it recovered marginally to 187.30 at 1403 GMT after another round of dollar sales by the central bank, according to dealers.

Nigeria officially devalued the currency by eight percent last month and widened its target trading band to 160-176 against the dollar, but few analysts believe that level can hold, given dwindling state oil revenues and declining reserves.

As of Dec. 8, foreign reserves stood at $35.95 billion, down nearly 20 percent from a year ago after attempts to defend the naira in the face of a near-halving of global oil prices in the last five months.

Analysts said regulatory interventions against ""speculators"" were unlikely to solve Nigeria's basic problem -- too few dollars coming in from oil sales.

""The fundamentals remain problematic -- the fact that there is less supply of dollars than there is demand for dollars,"" said Standard Bank currency analyst Yvette Babb. ""That is not resolved by a one-off regulatory measure.""

Thursday's decline for the naira followed a record closing low on Wednesday after Nigerian Finance Minister Ngozi Okonjo-Iweala slashed the economic growth forecast in her 2015 budget. (Reporting by Tim Cocks, Oludare Mayowa and Mfuneko Toyana; Writing by Ed Cropley; Editing by Gareth Jones) 

Released: 2014-12-18T15:41:54.000Z"
Nigeria frees  foreign exchange  rates. ,1995-01-20," LAGOS (Reuter) - The Central Bank of Nigeria (CBN) said on Thursday that commercial and merchant banks were free to sell foreign exchange at market rates, effectively ending one year of fixed exchange rates. 

 The Inter-bank Market (IFEM) will operate at rates mutually agreed between buyers and sellers of foreign exchange,'' the CBN said in its guideline for the operation of the new foreign exchange system announced by the government on Saturday. 

 Earlier, the CBN withdrew 10 billion naira from the banking system in what one dealer described as an attempt to weaken demand for foreign exchange and ensure the naira started off with a good rate when autonomous market trading began. 

 The CBN said the official rate would remain at 22 naira to the dollar, a fraction of the parallel market rate. The official rate will only apply to certain government transactions. 

 The private sector and government parastatals run on a commercialised basis must now source their foreign exchange at the autonomous market. 

 Banks had not started trading pending release of the guidelines but bankers said the new policy amounted to a devaluation of the naira and the floating of the currency. 

 It is a float of the naira, but the government is just not prepared to say this,'' a senior Lagos-based banker said. 

 When asked by the Central Bank earlier in the week what rate they were likely to fix for the dollar, banks quoted around 80 naira to the U.S. currency -- close to the black market rate. 

Central bank intervention in the autonomous market will be based on free market principles. From time to time the Central Bank of Nigeria will intervene in the Inter-Bank Foreign Exchange Market in order to achieve the desired policy objectives including exchange rate stability, through buying from and selling foreign exchange to authorised dealers,'' the CBN guidelines said. 

 The CBN said only authorised dealers and bureaux de change could trade in hard currency. The black market remains illegal. 

 Banks reopen for business on Friday at 8 a.m. (0700 GMT). 

 Financial operators said the CBN on Wednesday issued commercial and merchant banks with compulsory stabilisation securities totalling 10 billion naira. 

 The CBN appears to be trying to make sure the naira starts off with a good rate when the autonomous market opens,'' said an official of one Lagos-based discount house. 

 The CBN stopped issuing compulsory stabilisation securities in 1993 when it began voluntary weekly sales of treasury bills. 

 Under the new system, the CBN will intervene from time to time in the autonomous market by buying and selling hard currency at market rates. 

 Banks earlier this week sought to cash in their treasury bills in anticipation of CBN's first hard currency sale, financial operators said. 

 Financial analysts say the naira is likely to come under pressure in 1995 unless the CBN can either squeeze banks of excess cash or increase available foreign exchange. 

 (c) Reuters Limited 1995"
Nigeria frees  foreign exchange  rates. ,1995-01-19," LAGOS, Jan 19 (Reuter) - The Central Bank of Nigeria (CBN) said on Thursday that commercial and merchant banks were free to sell foreign exchange at market rates, effectively ending one year of fixed exchange rates. 

 ""The Inter-bank Market (IFEM) will operate at rates mutually agreed between buyers and sellers of foreign exchange,"" the CBN said in its guideline for the operation of the new foreign exchange system announced by the government on Saturday. 

 Earlier, the CBN withdrew 10 billion naira from the banking system in what one dealer described as an attempt to weaken demand for foreign exchange and ensure the naira started off with a good rate when autonomous market trading began. 

 The CBN said the official rate would remain at 22 naira to the dollar, a fraction of the parallel market rate. The official rate will only apply to certain government transactions. 

 The private sector and government parastatals run on a commercialised basis must now source their foreign exchange at the autonomous market. 

 Banks had not started trading pending release of the guidelines but bankers said the new policy amounted to a devaluation of the naira and the floating of the currency. 

 ""It is a float of the naira, but the government is just not prepared to say this,"" a senior Lagos-based banker said. 

 When asked by the Central Bank earlier in the week what rate they were likely to fix for the dollar, banks quoted around 80 naira to the U.S. currency -- close to the black market rate. 

Central bank intervention in the autonomous market will be based on free market principles. ""From time to time the Central Bank of Nigeria will intervene in the Inter-Bank Foreign Exchange Market in order to achieve the desired policy objectives including exchange rate stability, through buying from and selling foreign exchange to authorised dealers,"" the CBN guidelines said. 

 The CBN said only authorised dealers and bureaux de change could trade in hard currency. The black market remains illegal. 

 Banks reopen for business on Friday at 8 a.m. (0700 GMT). 

 Financial operators said the CBN on Wednesday issued commercial and merchant banks with compulsory stabilisation securities totalling 10 billion naira. 

 ""The CBN appears to be trying to make sure the naira starts off with a good rate when the autonomous market opens,"" said an official of one Lagos-based discount house. 

 The CBN stopped issuing compulsory stabilisation securities in 1993 when it began voluntary weekly sales of treasury bills. 

 Under the new system, the CBN will intervene from time to time in the autonomous market by buying and selling hard currency at market rates. 

 Banks earlier this week sought to cash in their treasury bills in anticipation of CBN's first hard currency sale, financial operators said. 

 Financial analysts say the naira is likely to come under pressure in 1995 unless the CBN can either squeeze banks of excess cash or increase available foreign exchange. 

 (c) Reuters Limited 1995"
Nigeria to open up economy to attract investment. ,1995-01-15," LAGOS, Jan 14 (Reuter) - Military ruler General Sani Abacha, in his much-delayed 1995 budget, on Saturday threw open Nigeria's economy in a bid to attract local and foreign investment. 

 ""The 1995 budget is a budget of incentives; and a budget of liberalisation,"" Abacha said in a radio and television broadcast. 

 In the broadcast, copies of which were distributed in advance, Abacha announced that the autonomous foreign exchange market, hitherto banned, would now be permitted. 

 He repealed the 1962 Exchange Control Act ""to allow the inflow of funds"" and the 1989 Enterprises Promotion Decree which barred foreigners from holding majority stakes in many businesses. 

 ""Government shall examine all laws, regulations, rules, etc that hinder the free flow of investments and funds into Nigeria,"" Abacha said, adding ""Such rules will be repealed and the regulations relaxed."" 

 He said government was also willing to enter into bilateral agreements with foreign governments to ensure the investments of their nationals in Nigeria were not tampered with. 

 Abacha's broadcast comes two weeks behind the traditional budget day of January 1 and has been eagerly awaited by local and foreign businesses. 

 It marks a return to free market reforms which Nigeria abandoned in Abacha's first budget in January 1994 after he seized power in November, 1993. 

 In that budget, he fixed the naira exchange rate at 22 to the dollar, a fraction of its illegal but thriving black-market level, and capped interest rates at 21 percent. 

 In the new budget he said ""the foreign exchange market will henceforth be subject to guided delegulation, as shall interest rate regime."" 

 This should please local business groups which have, along with Nigeria's foreign creditors and international finance agencies like the International Monetary Fund (IMF) and the World Bank, been calling for deregulation. 

 ""The exchange rate policy in 1995 is designed to maintain the current official rate and at the same time permit the Central Bank of Nigeria to intervene in the autonomous market,"" Abacha said. 

 ""To this end, the autonomous market will now be permitted in Nigeria and the inter-bank autonomous market shall be allowed to operate freely,"" he added. 

 This means Nigerians and foreigners are no longer compelled to bring forex through the Central Bank and can open domiciliary accounts to which, Abacha said, they would have unfettered access. 

 The government has retained the 22 naira to the dollar official exchange rate but suspended hard currency sales at the official market. 

 It was not immediately clear what the relationship between the official and the autonomous markets would be. 

 The finance minister is due to explain how the the new forex market will operate when he gives the budget breakdown on Monday. 

 On interest rates, Abacha said there would be modifications to allow flexibility in the operation of last year's policy. 

 ""Under the new arrangements, banks and other financial institutions are required to maintain a maximum spread of 7.5 percent between their deposit and lending rates subject to a maximum lending rate of 21 percent,"" Abacha said. 

 He said revenue estimates for 1995 were based on an average price of $15 a barrel for crude oil, Nigeria's main export and that at an exchange rate of 22 naira to the dollar Nigeria should earn more 200 billion naira ($9 billion) from the commodity. 

 His government would also boost the non-oil sector, essentially solid minerals and agriculture from which it expected to earn 150 billion naira ($6.8 billion). 

 External debt servicing will take up 44 billion naira ($2 billion) while Nigeria will try to conclude negotiations with the IMF and the World Bank to ratify its medium-term economic programme so that it can secure debt relief. 

 Abacha promised to scrap so-called dedicated accounts where oil sales are lodged for specific projects but which a probe panel found had been largely looted. 

 (c) Reuters Limited 1995"
Nigeria allows free  forex  market. ,1995-01-14," LAGOS, Jan 14 (Reuter) - Nigeria said on Saturday it would permit an autonomous foreign exchange market in the country, a major relaxation of its tightly controlled economy. 

 Announcing this in his 1995 radio and television budget broadcast, military ruler General Sani Abacha said this was to allow a free flow of foreign exchange into the country. 

 He also repealed the 1962 Exchange Control Act and the 1989 Enterprises Promotion Decree which barred foreigners from holding majority stakes in many businesses. 

 The Exchange Control Act restricts the movement of currencies in and out of Nigeria and prohibits the transfer of securities outside the country. 

 The Enterprises Promotion Decree prevents foreigners from taking majority stake in some categories of companies in Nigeria. 

 The removal of the two laws should significantly open up Nigeria's equity market to foreign participation. 

 ""Government shall examine all laws, regulations, rules, etc that hinder the free flow of investments and funds into Nigeria,"" Abacha said. 

 He added: ""Such rules will be repealed and the regulations relaxed."" 

 The measures mark a return to free market reforms which Nigeria abandoned in Abacha's first budget in January 1994 after he seized power in November, 1993. 

 In that budget, he fixed the naira exchange rate at 22 to the dollar, a fraction of its illegal but thriving black-market level, and capped interest rates at 21 percent. 

 The policy led to a big reduction in forex inflow to Nigeria. 

 In the new budget he said ""the foreign exchange market will henceforth be subject to guided delegulation, as shall interest rate regime."" 

 ""The exchange rate policy in 1995 is designed to maintain the current official rate and at the same time permit the Central Bank of Nigeria to intervene in the autonomous market,"" Abacha said. 

 ""To this end, the autonomous market will now be permitted in Nigeria and the inter-bank autonomous market shall be allowed to operate freely,"" he added. 

 Abacha said the government had retained the 22 naira to the dollar official exchange rate but suspended hard currency sales at the official market. 

 It was not immediately clear what the relationship between the official and the autonomous markets would be. 

 The finance minister is due to explain how the the new forex market will operate when he gives the budget breakdown on Monday. 

 On interest rates, Abacha said there would be modifications to allow flexibility in the operation of last year's policy. 

 ""Under the new arrangements, banks and other financial institutions are required to maintain a maximum spread of 7.5 percent between their deposit and lending rates subject to a maximum lending rate of 21 percent,"" Abacha said. 

 (c) Reuters Limited 1995"
Nigeria military ruler opens economy in 95 budget. ,1995-01-14," LAGOS, Jan 14 (Reuter) - Nigeria's military ruler announced his government's delayed 1995 budget on Saturday after a year of political and economic turmoil, promising moves back to market reforms and less restrictive foreign exchange laws. 

 General Sani Abacha also pledged to continue repayments on Nigeria's mounting foreign debts. 

 ""The 1995 budget is a budget of incentives, and a budget of liberalisation,"" Abacha said in a radio and television broadcast. 

 He repealed the 1962 Exchange Control Act ""to allow the inflow of funds"" and a 1989 decree which barred foreigners from holding majority stakes in many businesses. 

 ""Government shall examine all laws, regulations, rules, etc that hinder the free flow of investments and funds into Nigeria,"" Abacha said. 

 ""Such rules will be repealed and the regulations relaxed."" 

 In his speech, advance copies of which were made available, Abacha said the autonomous foreign exchange market -- among banks and exchange bureaux -- would no longer be banned. 

 But he said the government would stick to its officially set exchange rate of 22 naira to the dollar, fixed one year ago. 

 Abacha seized power in November, 1993, and later abandoned market reforms backed by the International Monetary Fund. 

 ""The exchange rate policy in 1995 is designed to maintain the current official rate and at the same time permit the Central Bank of Nigeria to intervene in the autonomous market,"" Abacha said. 

 ""To this end, the autonomous market will now be permitted in Nigeria and the inter-bank autonomous market shall be allowed to operate freely,"" he added. 

 It was not clear how the government would deal with the wide disparity between the official and current black market rates. 

 ""The foreign exchange market will henceforth be subject to guided deregulation, as shall interest rate regime,"" he said. 

 Nigerians and foreigners are no longer compelled to bring in foreign exchange through the Central Bank and can open local accounts to which they would have unrestricted access, the General said. 

 The military government appears to have subdued its political opponents in 1994 but Nigerian newspaper commentators agree that last year, marked by pro-democracy strikes and protests, was one of immense political and economic anguish for most of the country's 90 million people. 

 Abacha's broadcast comes two weeks behind the traditional budget day of January 1 and has been eagerly awaited. The finance minister is due to explain how the the new forex market will operate when he gives the budget breakdown on Monday. 

 Local business groups, foreign creditors and international finance agencies like the IMF and World Bank have called for deregulation but powerful trade unions say market reforms would worsen the plight of ordinary Nigerians. 

 Abacha said the government would continue to devote about 30 percent of anticipated official hard currency earnings to debt servicing and that 44 billion naira ($2 billion at the official exchange rate) had been earmarked for debt servicing in 1995. 

 Nigeria's total foreign debt stood at $29.43 billion at the end of October 1994. 

 ""Due to the dwindling resources of government and the heavy debt service burden, the build up of payments arrears on external loans deteriorated during the fiscal year,"" he said, without giving figures. 

 Abacha said the government had suspended the sale of shares in public companies because of ""some indentified inadequacies and the huge losses incurred"". 

 Instead he announced plans to lease out state enterprises to local and foreign businesses. 

 The federal government's net revenue in 1995 was expected to total 160.86 billion naira, he said. 

 Revenue estimates for 1995 were based on an average price of $15 a barrel for crude oil, Nigeria's main export, and that at the current exchange rate Nigeria should earn more than 200 billion naira ($9 billion) from oil, Abacha said. 

 It was not clear from his speech whether the government was aiming for a balanced budget following a large deficit in 1994. 

 (c) Reuters Limited 1995"
Nigeria central bank intervenes  to support naira - dealers,2014-12-18,"LAGOS, Dec 18 (Reuters) - Nigeria's central bank sold U.S. dollars to support the naira on Thursday after the currency hit a record low of 188.85 against the greenback, dealers said.

Earlier, central bank governor Godwin Emefiele told Reuters he was barring commercial banks from holding their own funds in dollars in order to end speculative pressure on the ailing naira. (Reporting by Oludare Mayowa; Writing by Ed Cropley; Editing by Joe Brock) 

Released: 2014-12-18T14:10:33.000Z"
Nigerian naira closes down 1 pct despite cebank  intervention ,2014-12-16,"LAGOS, Dec 16 (Reuters) - Nigeria's central bankintervened on the interbank market on Tuesday to prop-up the naira, but the local unit still closed down 1 percent owing to strong dollar demand, traders said.               

The local currency closed at 180.50 to the dollar, compared with 178.70 a dollar on the previous day.               

Dealers said dollar demand remain strong from offshore funds selling down their equity holdings.               

""The amount of dollars sold by the central bank was not sufficient to support the naira,"" one dealer said.               

Released: 2014-12-16T14:24:46.000Z"
Nigeria  naira closes up 1.26 pct on cenbank  intervention ,2014-12-12,"LAGOS, Dec 12 (Reuters) - Nigeria's naira gained 1.26 percent against the dollar on Friday on the back of intervention by the central bank and dollar sales by a unit of Chevron .

The local currency closed at 179.6 to the dollar, firmer than 181.90 the naira closed at the previous day.

Traders said the central bank sold dollars to some lenders just before the close of trading on Friday.

Chevron sold $57 million to some lenders.

Nigeria's currency has been trading within a range of 180-182 to the dollar since last week, as central bank regular intervention has helped keep it afloat. It remains outside the bank's target band of 5 percent plus or minus 168 to the dollar since last month's devaluation.

The forex reserves of Africa's biggest crude exporter are down to about $35.88 billion, their lowest since July 2012, on the frequent intervention in the interbank forex market by the central bank. (Reporting by Oludare Mayowa; Editing by Tim Cocks) 

Released: 2014-12-12T15:32:48.000Z"
Traders Say  Nigeria 's  Central Bank Intervening  -- Market Talk,2014-12-11,"1201 GMT [Dow Jones]-- Nigeria's central bank could be at it again. According to London-based traders, it has been selling U.S. dollars to prop up the slipping naira. The naira has fallen more than 10% against the buck this year according to Factset data, spurring the central bank into action several times over the last weeks. Oil and natural gas make up almost all of Nigeria's exports and 80% of government revenue, according to the International Monetary Fund. Brent crude hit a fresh five-year low late Wednesday. (josie.cox@wsj.com) 


 
Contact us in London. +44-20-7842-9464 
markettalk@wsj.com 

1155 GMT Following Hungary's sharp 0.7% annual fall in consumer prices in November, Citi sharply reduces its inflation forecasts. Now it projects that Hungary's headline inflation will remain in negative territory until 2Q 2015 and accelerate to 1.8% by end-2015. ""The monetary policy council may add some dovish tone to its statement in December but will likely wait for further evidence of slowing core prices and certainty about the ECB's quantitative easing before delivering additional rate cuts,"" Ms. Gargyan says. Core-price moderation and falling oil prices increase the odds of additional minor rate cuts early 2015 and may postpone the beginning of rate hikes to later in 2016, she adds. (margit.feher@wsj.com @margitfeher) 


 
Contact us in London. +44-20-7842-9464 
markettalk@wsj.com 

1155 GMT [Dow Jones]--BNP Paris looks for a solid November U.S. retail sales report as consumers deploy cash saved thanks to lower gasoline prices. The bank says strong data should put a floor under front-end yields, and allow the USD to regain some upside momentum into next week's FOMC meeting. BNPP forecast for November U.S. retail sales is +0.5% m-m, +0.6% ex gas, the DowJones survey forecast is +0.4%, data out 1330 GMT. gary.stride@wsj.com 


 
Contact us in London. +44-20-7842-9464 
markettalk@wsj.com 

1143 GMT [Dow Jones]--Capital Economics expects the Bank of Russia to raise rates by at least another 100bp in the first half of 2015. ""With the ruble likely to remain under pressure and inflation set to rise further over the coming months, we think further rate hikes are likely,"" it says. alexander.kolyandr@wsj.com 


 
Contact us in London. +44-20-7842-9464 
markettalk@wsj.com 

1142 GMT [Dow Jones]--Bank of Russia may raise its key rate by another 100 bps by the end of January, as the current similar rate was ""below the market expectations,"" says Daria Isakova from Otkritie brokerage. Notes that by increasing the rate by only 100 bps Thursday and not mentioning a possibility of any cuts in the future in its statement the central bank ""obviously wants to prolong the rate rising."" Expects the bank to further squeeze ruble liquidity in the next two weeks, which would put pressure on the banks. Doesn't see capital control measures as a possibility in the next 12 months. (alexander.kolyandr@wsj.com) 


 
Contact us in London. +44-20-7842-9464 
markettalk@wsj.com 

6:42 EST - Brazil's central bank' latest meeting minutes show signs of confidence in future economic policy, saying it expects government savings to increase next year--something which should help tame inflation. The minutes also say improved fiscal behavior in Brasilia could end up reducing the cost of capital, a ""stimulus for investment in the medium and long term."" Many have been anticipating somewhat of a course change by the Rousseff administration in the wake of her slight re-election win and a bolstered opposition.(paulo.trevisani@wsj.com; @ptrevisani)

1133 GMT Ireland's economy slowed sharply in the third quarter, not a huge surprise given the break-neck pace of its expansion in the first half, but still a reminder that no member of the eurozone can long defy the currency area's overall fate. GDP rose by just 0.1% on the quarter--below the eurozone average--and 3.5% on the year. In the second quarter, it grew 1.5%. Investment and government spending declined, while net trade was a drag on growth, and household spending was flat. Inflation figures also released Thursday showed the annual rate of inflation slowed to 0.1% in November. Ireland is now looking more like just another eurozone member than some strange wanderer from southeast Asia. (paul.hannon@wsj.com; Twitter: @PaulHannon29) 


 
Contact us in London. +44-20-7842-9464 
markettalk@wsj.com 

1125 GMT The approved 2015 Czech government budget ""shows there is a potential of additional savings or reallocation of expenditures of CZK10 billion,"" says Citi's economist Jaromir Sindel. The savings may be used to lower the deficit from the currently expected 2.2% of GDP in 2015 closer to 1.8% seen in 2014, Sindel says. The Czech finance ministry will likely use most of its planned debt issuance next year to ""rollover maturing bonds of CZK133 billion"" and finance debt ""buybacks of around CZK20 billion for 2016,"" Sindel says. (leos.rousek@wsj.com, @LeoRousek) 


 
Contact us in London. +44-20-7842-9464 
markettalk@wsj.com 

6:22 EST - The Central Bank of Brazil moderated its hopes for an economic recovery next year with the addition of three words--""second half of""--to its latest meeting minutes. ""Activity will tend to enter a trajectory of recovery in the second half of the next year."" The central bank noted a rising likelihood of fiscal tightening, along with recent rate hikes, could stymie short-term growth. (paul.kiernan@wsj.com; @pkwsj)

6:14 EST - Canadian exporters are feeling a bit less bullish about near-term prospects amid instability in the Middle East and currency volatility, says a semiannual report from Export Development Canada, the country's trade bank. Its trade-confidence index fell 1.4 points to 75.8 after three consecutive increases which began in spring 2013. Exporters are now less optimistic about domestic sales, global economic conditions and international business. ""It's a strange turn of events,"" says EDC chief economist Peter Hall. ""Exporters are expecting stronger sales, but unsettling international developments have tempered their enthusiasm."" (nirmala.menon@wsj.com; @NirmalaMenon)

6:12 EST - Brazil's central bank has a cautious perspective toward future interest-rate hikes, the minutes of its latest meeting show, despite a recent deterioration in the short-term inflationary outlook. ""Inflation will tend to remain high in 2015, but will still enter a long period of decline next year,"" it predicts. Policy makers boosted the Selic a half-point last week and suggested most of the heavy lifting has been done. ""Considering the cumulative and delayed effects of monetary policy, among other factors, the committee evaluates that additional monetary-policy efforts will tend to be implemented with parsimony,"" the minutes say. (paul.kiernan@wsj.com; @dowjonesrio)

1109 GMT [Dow Jones]--The Polish economy will remain in deflation at least until June 2015 due to low oil prices, gradual zloty strengthening, low unit labor costs and continued demand gap, BZ WBK writes in a note to clients. Adds the monetary council is likely to cut interest rates once more in the first quarter of 2015 bringing the benchmark rate to 1.75% from the current 2% due to deflation, expected temporary slowdown in growth and zloty strengthening. EUR/PLN is expected to gradually drop to 4.12, the bank adds.(patryk.wasilewski@dowjones.com) 


 
Contact us in London. +44-20-7842-9464 
markettalk@wsj.com 

(END) Dow Jones Newswires

December 11, 2014 07:01 ET (12:01 GMT)"
Nigeria  central bank  sells dollars to prop up naira,2014-12-10,"LAGOS, Dec 10 (Reuters) - Nigeria's central bankintervened on the interbank forex market on Wednesday to lift the naira currency, after state-oil firm NNPC also sold around $200 million to commercial lenders, dealer said. (Reporting by Oludare Mayowa; Writing by Chijioke Ohuocha) 

Released: 2014-12-10T14:16:01.000Z"
Nigerian naira closes flat after  central bank intervenes ,2014-12-05,"LAGOS, Dec 5 (Reuters) - The Nigerian naira closed at 180.1 to the dollar on Friday, the same level as its previous close, after the central bank stepped into the market to sell U.S. currency to some commercial lenders, dealers said.

The currency remains below a new target band of 160-176 to the dollar, set by the central bank last week after it devalued the currency by 8 percent.

The naira eased slightly in early trades on Friday, weakening to 182.65 against dollar, before central bank intervention helped it recover, dealers said.

Nigeria is Africa's top oil producer and the naira has been hit by falling oil prices. The central bank has been intervening heavily since the devaluation to prop it up. (Reporting by Oludare Mayowa; Writing by Chijioke Ohuocha; Editing by Susan Fenton) 

Released: 2014-12-5T14:23:08.000Z"
UPDATE 1- Nigeria 's naira rallies for second day on  intervention ,2014-12-03,"* Naira down 11.8 percent this year as oil price drops (Adds naira close, intervention, comment from dealers)

By Chijioke Ohuocha and Oludare Mayowa

LAGOS, Dec 3 (Reuters) - Nigeria's naira rose for the second straight day on Wednesday after the central bank sold dollars but still closed below the bottom of its new target range, dealers said.

The naira has lost 11.8 percent against the dollar this year, as global oil prices plunged, worsening the already shaky finances of Africa's top oil producing nation.

The naira ended up about 0.6 percent at 179.90 against the dollar from Tuesday's close of 181 naira. It firmed almost four percent on the previous day after the central bank intervened to help the currency up from another record intraday low.

The naira was hovering around 183.15 naira to the dollar for almost three hours before Wednesday's intervention.

""The central bank has shown commitment to support the naira, but reserves are going down and at the end of the day the bank's ability to sustain its support will be hampered,"" a dealer said.

""We expect more drastic measures in the near term,"" he said.

Nigeria's foreign reserves fell to a six-month low of $36.7 billion by Dec. 1, down 4.5 percent from the previous month, limiting the central bank's ability to keep defending the naira.

The bank devalued the currency by 8 percent last week in a bid to halt a decline in foreign reserves but it has been struggling to keep the naira within its new band of 160-176 to the dollar. (Editing by Louise Ireland) 

Released: 2014-12-3T15:15:50.000Z"
"Nigeria  central bank  sells dollars, naira still trading outside new band",2014-12-02,"LAGOS, Dec 2 (Reuters) - Nigeria's central bankintervened with an undisclosed amount of dollar sales on the interbank forex market on Tuesday to try to stem the slide on the naira currency, which fell to a new intraday low, dealers said.

The unit fell to 187.55 naira against the dollar, shortly after the market opened, prompting the central bank to sell dollars. It then recovered to 183.60 naira, but remained outside the bank new target range of 160-176 for the currency. (Reporting by Oludare Mayowa; Writing by Chijioke Ohuocha; Editing by Alison Williams)

Released: 2014-12-5T11:12:22.000Z"
UPDATE 2- Nigeria 's naira spikes higher after  central bank intervention ,2014-12-02,"* Naira gains 1.7 pct on the dollar from previous close

* Market expects large dollar sales from state oil company (Adds dollar sales, naira close, dealers)

By Chijioke Ohuocha and Oludare Mayowa

LAGOS, Dec 2 (Reuters) - Nigeria's naira rose sharply against the dollar on Tuesday after the central bank intervened three times to lift it from yet another record intraday low, dealers said.

The naira closed at 181 against the dollar, up 3.6 percent from its early session low of 187.55 naira. The unit closed at 184.10 the previous day.

As oil prices stay persistenly weak around five-year lows, the central bank, which devalued the currency by 8 percent last week, has been struggling to keep the naira trading within its new band of 160-176 naira to the dollar.

The naira has lost 12.3 percent this year.

Dealers said oil companies were also selling dollars and some banks were buying naira ahead of a Wednesday's Treasury bill auction.

China's Addax sold $4.5 million, while Mobil's $36 million and Saipem's $15 million Monday sales hit the market on Tuesday.

""We expect the naira to strengthen further ... if the central bank continues to intervene this way ... coupled with the market expecting large dollar sales from (state-owned oil company) NNPC,"" one dealer said.

The central bank failed to meet dollar demand at its twice-weekly auction the previous day when it sold about $169 million dollars at 168 naira versus last week's rate of 165 naira, dealers said. The bank has typically sold between about $200 million and $300 million at previous auctions.

The central bank devalued the naira last Tuesday to try to halt a decline in the foreign reserves of Africa's leading energy producer as oil prices slump. Reserves are down to $36.8 billion by Nov. 28, compared with $44.6 billion a year ago.

But doubts remain about whether the devaluation went far enough given the likelihood of continuing low oil prices and the bank's inability to maintain the new band.

Brent oil was trading below $72 a barrel. (Editing by Louise Ireland) 

Released: 2014-12-2T15:21:09.000Z"
Nigeria  naira closes at record low of 184.10 despite  intervention ,2014-12-01,"LAGOS, Dec 1 (Reuters) - Nigeria's central bank sold an undisclosed amount of dollars to lenders on Monday to try to halt the slide of the naira currency, but dealers said it was not sufficient to lift it.

The unit closed at a record low of 184.10 naira to the dollar, 2.9 percent weaker than its previous close on Friday.

The naira had initially weakened to an intraday low 184.42 before central bank intervened, dealers said, adding that oil companies -- Mobil and Eni also sold a combined $51 million, while Shell sold an undisclosed amount of dollars.

(Reporting by Oludare Mayowa; Writing by Chijioke Ohuocha; Editing by Tim Cocks)

Released: 2014-12-4T13:24:10.000Z"
UPDATE 1- Nigeria 's  central bank intervenes  to prop up naira - dealers,2014-11-27,"(Adds details, background)

LAGOS, Nov 27 (Reuters) - Nigeria's central bankintervened in the market with dollar sales on Thursday to try to keep the naira within a preferred band since it was devalued two days earlier, dealers said.

The local unit closed up 1.4 percent at 174.30 to the dollar in volatile trade.

It had earlier lost around 0.33 percent in intraday trading, breaching the lower end of the bank's target band of 5 percent plus or minus 168.

Nigeria's currency touched a record low against the dollar on Wednesday, a day after the central bank devalued it by 8 percent in a move thought likely to complicate efforts to contain inflation in Africa's biggest economy.

The bank's decision to devalue, less than three months before a presidential election, was praised by economists as a bold move, but there remains a debate about whether or not it went far enough.

Africa's leading energy producer is contending with a 30 percent fall in world oil prices since June and has spent billions of dollars of its foreign exchange reserves trying to defend the naira at what markets perceived to be an unrealistic level.

According to its website, Nigeria's central bank has spent an average of $27.9 million a day this year defending the naira, but it has still shed 11 percent over the same time period.

The coming weeks will test its ability to maintain the currency within its new target band. (Reporting by Oludare Mayowa; Writing by Tim Cocks; Editing by Julia Payne)

Released: 2014-11-30T14:00:12.000Z"
"CORRECTED-INTERVIEW-Nigeria must adjust to ""permanent"" oil price shock-Finance Minister",2014-11-21,"(Corrects spelling of finance minister's name throughout)

By Karin Strohecker

LONDON, Nov 20 (Reuters) - Nigeria will have to adjust to oil prices heading lower for some time to come, Finance Minister Ngozi Okonjo-Iweala said on Thursday in an interview in which she also cut the outlook for economic growth next year.

Africa's largest economy relies on oil exports for 70 percent of government revenues and has been hit hard as crude prices have fallen to four-year lows below $80 a barrel after trading above $115 as recently as June.

Asked if she thought the 30 percent drop in crude prices since June might prove temporary, Okonjo-Iweala said Nigeria needed to adjust to lower levels for good.

""The IMF, the analysts feel that the trajectory is going down, and that it is a permanent shock, and we have to adjust (to the possibility) that it is a permanent shock,"" Okonjo-Iweala told Reuters during the interview in London.

""We will have to take the necessary measures and we have already started to do that.""

She pointed to plans to increase taxes on luxury items and to ban non-essential government travel as first steps, adding that she was also working on plugging tax holes overall.

Further down the line, there is more potential to raise revenues through taxation if required, she said.

""We have the lowest VAT in the world at 5 percent, so we have a lot of room to manoeuvre,"" she said, adding there were currently no plans to raise value-added tax in the works.

MULTIPLE CHALLENGES

Nigeria has been hard hit on several fronts.

Along with a worsening domestic picture - attacks by Boko Haram Islamist militants are almost a daily occurrence - the oil price collapse has fuelled a 20 percent plunge in the local stock market since the start of the year.

Looking ahead to economic growth rates next year, Okonjo-Iweala trimmed her outlook to around 6 percent for 2015, down from a forecast of 6.75 percent she made in October.

The recent turmoil has also weighed heavily on the naira . It has lost almost 10 percent against the dollar since the start of the year and hit fresh record lows on Thursday, despite repeated central bank interventions that have depleted Nigeria's foreign exchange reserves. http://link.reuters.com/huf76v (""http://link.reuters.com/huf76v"")

Okonjo-Iweala acknowledged the pressure on the naira from falling oil prices and said she expected the central bank would take action at its monetary policy meeting next week, though she gave no indication of what she expected to see.

""I can tell you that we have got the tools with which to manage this,"" she said. ""You will see the central bank taking the appropriate monetary policy steps to assure we have a soft and not a hard landing.""

Asked about borrowing plans for next year, she said Nigeria had no plans to return to the Eurobond market but was looking at tapping into the country's large diaspora.

Nigeria raised $1 billion in a Eurobond issue last year to increase its total foreign debt. (Editing by Gareth Jones)

Released: 2014-11-24T08:22:55.000Z"
Nigeria  cbank  intervenes  for fifth straight day to support naira,2014-11-21,"LAGOS, Nov 21 (Reuters) - Nigeria's central bankintervened for a fifth day this week on Friday to support its ailing naira currency, asking lenders to submit quotes for $2 million each, dealers said.

The bank sent a broadcast to 21 commercial lenders to bid for dollars to meet demand for hard currency, mostly from importers, dealers said, adding that increased risk due to forthcoming national polls and falling oil prices had led to importers bring forward their dollar demand.

The currency had weakened to 177.12 naira before the central bank intervened. It then firmed to 176.91 naira to the dollar at 1215 GMT. (Reporting by Chijioke Ohuocha; Editing by Sonya Hepinstall)

Released: 2014-11-24T12:17:59.000Z"
"Nigerian naira hits record low against dollar, despite  intervention ",2014-11-21,"LAGOS, Nov 21 (Reuters) - Nigeria's naira shed 0.76 percent on Friday to close at a record low of 177.45 against the dollar, despite the central bank intervening for a fifth straight day with dollar sales to try to prop up the currency, dealers said.

""The demand (for dollars) out there is quite serious ... The market is absorbing all central bank intervention and still depreciating,"" one dealer said.

""We had FDI (foreign portfolio investments) inflows in the past ... which has dried up,"" he said.

(Reporting by Chijioke Ohuocha; Editing by Mark Trevelyan) 

Released: 2014-11-21T14:18:53.000Z"
Nigerian  central bank intervenes  with dollar sales to prop up naira,2014-11-20,"LAGOS, Nov 20 (Reuters) - Nigeria's central bankintervened four times on Thursday with dollar sales of up to $2 million each to commercial lenders as it seeks to prop up the naira currency after it fell to a new intraday low of 177.65, dealers said.

After the intervention, the naira climbed 1.86 percent to 174.40 to the dollar in volatile trade, but remained outside the central bank's preferred band. Dealers said the bank has been selling around $150 million to $200 million in each intervention.

Dollar demand on the interbank market has been heavy, dealers said, after the central bank restricted hard currency sales through its official window to importers. Nigeria imports around 80 percent of what it consumes locally. (Reporting by Chijioke Ohuocha; Editing by Bate Felix)

Released: 2014-11-23T12:09:49.000Z"
UPDATE 1-Naira falls again as  central bank  fails to turn investor tide,2014-11-18,"(Adds quote, stock index, background)

LAGOS, Nov 18 (Reuters) - The naira slid to a new low on Tuesday, as investors worried about the impact of falling oil prices on Nigeria's fragile finances shrugged off increasingly interventionist efforts by the central bank to prop up the currency.

It hit 173.35 against the dollar, taking its declines for the year to 8.4 percent, despite the central bank's now regular daily offer of $3 million dollars to each of the country's 21 commercial banks.

On Monday, some lenders eschewed the forex auction after the central bank, in a bid to curb speculation, restricted the margins they can make from their customers when selling the dollars on.

In Tuesday's auction the central bank - which intervened on the market through all of last week - removed the margin cap, dealers said.

The naira's decline, which has been extended since Finance Minister Ngozi Okojo-Iweala on Sunday cut state revenue estimates for 2015 by 6 percent following sharp declines in the price of Nigeria's main export oil, also hit other local markets.

Borrowing costs on Nigerian government bonds rose sharply, with the benchmark 10-year yield up 38 basis points at 13.90 percent, while the main share index lost 1.67 percent.

Commenting on the sell-off in bonds, one dealer said: ""Investors are worrying about the naira, and the possibility of a rate hike at the central bank's next meeting.""

The central bank next meets on interest rates on Nov. 25.

Okonjo-Iweala rejected calls for the government to print more naira to counter the effects of falling oil but said complementary monetary policy measures would be announced by the authorities soon.

According to figures on the central bank's website, it has this year spent an average of $26.6 million a day defending the naira, which has tracked falls in other emerging market currencies - notably those in economies that are particularly sensitive to changes in the oil price.

As of Nov. 11, the bank's liquid reserves had fallen by $5.77 billion, or 15.7 percent, so far this year to $36.69 billion, the figures show.

The naira, meanwhile, has dropped further below the bank's preferred trading band of 150-160, which it burst out of in May. (Reporting by Oludare Mayowa; Additional reporting and writing by Chijioke Ohuocha; Editing by Bate Felix and John Stonestreet) 

Released: 2014-11-18T17:00:41.000Z"
Nigeria 's naira closes at new low despite  central bank intervention ,2014-11-18,"LAGOS, Nov 18 (Reuters) - Nigeria's naira currency closed at a new low of 173.35 on Tuesday despite further central bank intervention to prop it up, dealers said.

The central bank auctioned $3 million each to commercial banks, removing a cap on the margins the lenders can make when selling the dollars on to customers, dealers said.

The naira closed at 173.20 on Monday. (Reporting by Oludare Mayowa; Writing by Chijioke Ohuocha; Editing by Bate Felix and John Stonestreet) 

Released: 2014-11-18T14:48:16.000Z"
African Markets - Factors to watch on Nov 18,2014-11-18,"
NAIROBI, Nov 18 (Reuters) - - The following company announcements, scheduled economic
indicators, debt and currency market moves and political events may affect African markets on
Tuesday.
    - - - - -
 EVENTS:
 SOUTH AFRICA - Treasury auctions 2.35 billion rand of its
 2032           , 2037            and 2048            bonds.
 SOUTH AFRICA - Cement maker PPC          is due to issue
 results. 
 BOTSWANA - Bank of Botswana may announce latest decision on
 benchmark lending rate             .
 GHANA - South Africa's AngloGold Ashanti          holds a
 news conference in Accra.
 
 GLOBAL MARKETS
 Japanese shares led a tentative recovery in Asian markets on
 Tuesday, drawing some support from two U.S. blockbuster
 acquisitions and anticipation of more European monetary
 stimulus.            
 
 WORLD OIL PRICES
 Brent crude         slipped below $79 a barrel on Tuesday,
 headed for its sixth daily fall in seven, as oil prices
 struggle to find a floor ahead of next week's critical OPEC
 meeting.      
 
 EMERGING MARKETS
 For the top emerging markets news, double click on
            
 
 AFRICA STOCKS
 For the latest news on African stocks, click on     
 
 SOUTH AFRICA MARKETS
 * South Africa's rand          weakened against the dollar
 Monday as markets braced for consumer inflation numbers and
 an interest rate decision by the central bank later in the
 week.                
 * South African stocks          edged lower on Monday, as
 sharp losses in construction and engineering firm Group Five
          were offset by a strong performance by gold
 producers taking advantage of better bullion prices.
                
 
 KENYA MARKETS
 Kenya's shilling        held firm against the dollar on
 Monday after the central bank intervened at the end of last
 week by selling dollars, lifting the currency from
 three-year lows, while stocks closed lower.                
 
 NIGERIA MARKETS
 Nigeria's naira          closed at a new low of 173.20
 against the dollar on Monday, down 1.21 percent from the
 previous session even though the central bank intervened to
 prop up the currency, dealers said.                
 
 NIGERIA FOREIGN EXCHANGE
 Nigeria's foreign exchange reserves             fell 3
 percent in two weeks to $37.59 billion by Nov. 13, as the
 central bank stepped up support for the ailing naira
          currency.                
 
 NIGERIA INSURGENCY
 Nigerian President Goodluck Jonathan will ask the national
 assembly to extend a state of emergency in three
 northeastern states hit by an Islamist insurgency when it
 expires this week, the justice minister said on Monday.
                
 
 ZIMBABWE BONDS
 A state-owned Zimbabwean bank will float two bonds worth $65
 million on Tuesday to boost electricity output and increase
 use of pre-paid meters, a senior bank official said.
                   
 
 IVORY COAST AIRLINE   
 Ivory Coast's national carrier Air Cote d'Ivoire has picked
 Airbus          to renew and expand its fleet after talks
 last month with the European planemaker and Canada's
 Bombardier          , the company's chief executive said on
 Monday.               
 
 SOUTH AFRICA DRUGS
 South Africa plans to spend $2.2 billion over two years to
 buy HIV/AIDS drugs for public hospitals, a government
 minister said on Monday, as a study shows the prevalence of
 the virus is rising.                
 
 SOUTH AFRICA RETAILER    
 South African retailer Mr Price          reported a 23
 percent jump in first-half earnings on Monday, as its focus
 on budget-conscious shoppers and cash sales helped it ride
 out weak retail and consumer credit markets.                
 
 KENYA COURT CASE
 Kenya's High Court said on Monday the government's
 anti-graft agency and chief prosecutor could pursue an abuse
 of office case against the central bank chief, and his
 lawyer had been granted two weeks to appeal the decision.
                
 
     For the latest precious metals report click on        
     For the latest base metals report click on         
     For the latest crude oil report click on

Released: 2014-11-18T05:25:59.000Z"
"NIGERIA'S  CURRENCY  CLOSES AT NEW LOW OF 173.20, DOWN 1.21 PCT IN VOLATILE TRADES, DESPITE  CENTRAL BANK INTERVENTION ",2014-11-17,"NIGERIA'S CURRENCY CLOSES AT NEW LOW OF 173.20, DOWN 1.21 PCT IN VOLATILE TRADES, DESPITE CENTRAL BANK INTERVENTION

Released: 2014-11-20T13:31:25.000Z"
How Oil's Tumble Continues to Hurt Nigeria,2014-11-14,"Here's one oil economy that's having a particularly rough ride.

Nigeria, which is dependent on oil and natural gas for 96% of export revenues and 80% of government revenues, has been slammed hard by a slump prices over the last weeks and on Thursday hit yet another all-time low against the dollar -- a veritable kick in the teeth for the central bank after it just last week intervened by selling dollars and buying the Naira after the dollar soared above 172 naira.

The intervention initially triggered some respite, but today the dollar climbed above the previous peak, to above 173, traders said.

The Naira's drop puts Nigeria among the worst hit of the word's oil producers, but the ruble, Norwegian krone and Canadian dollar have all taken hits. It's economy is also cited as one of the most promising growth stories in Africa, based in no small part on its massive oil reserves, but also its burgeoning middle class.

Year-to-date, the currency has now lost 8% against the dollar and more than 4% since the start of November, and in the short term at least, traders say they see no relief. The ICE Brent Crude Index was down 0.6% at $79.90 per barrel according to Factset Thursday, taking its year-to-date loss to over 27% and Deutsche Bank economists wrote in a note that at least in the near term, they see risk to the downside.

""Although a seasonal pickup in crude oil demand will be triggered by refinery turnarounds concluding in November, we expect renewed weakness in 2015 owing to the medium-term trend of non-OPEC supply growth expanding at a faster rate than total demand growth, even at current oil prices,"" they wrote.

The central bank is attempting to curtail its currency's fall against the dollar, barring imports of goods paid for in dollars and limiting deposits in its Standing Deposit Facility to 7.5 billion naira, or about $45 million to boosy the amount of naira in circulation to pay for goods and services.

But its foreign currency reserves recently stood at $39.5 billion, much smaller than Russia's $454 billion as of the end of September for example, limiting Nigeria's ability to hold back the decline with interventions.

Nigeria's All-Share Index on Thursday recouped some of losses recorded in previous sessions, rising 0.8% in early European trade, but is still down almost 18% so far this year and almost 10% since the start of November alone.

Amid all the concerns surrounding the currency and other oil-dependent assets Nigeria's Debt Management Office said on Thursday that it had issued 55 billion naira ($325 million) worth of sovereign bonds at a regular auction on Wednesday, with maturities of three, 10 and 20 years respectively. All bonds were heavily oversubscribed according to the DMO but one banking source said that the amounts issued were slightly smaller than what the government would have done under usual conditions, and the yields moderately higher, showing the ""proactive stance of the government"" against an adverse backdrop."
Nigeria  cbank asks lenders to bid for dollars as  intervenes ,2014-11-12,"LAGOS, Nov 12 (Reuters) - Nigeria's central bank asked 21 commercial banks on Wednesday to bid for $2 million each as it stepped up intervention in the foreign exchange market, selling dollars to try to support the country's ailing naira currency, dealers said.

The currency weakened early on Wednesday to 169.90 per dollar before the central bank intervened. It then firmed to 167.60, the level at which it closed. The currency had closed at 168.40 naira on Tuesday.

The bank intervened for the third day running to try to prop up the naira, hit by falling global oil prices and a foreign investors exodus from domestic financial markets. (Reporting by Oludare Mayowa; Writing by Chijioke Ohuocha, editing by John Stonestreet) 

Released: 2014-11-12T14:53:38.000Z"
Nigeria central bank intervenes  but fails to lift naira,2014-11-10,"LAGOS, Nov 10 (Reuters) - Nigeria's central bankintervened with an undisclosed amount of dollar sales on Monday but failed to lift the naira currency, which fell 1.4 percent to close at 168.20 against the greenback, dealers said.

The unit closed at 165.90 naira against the dollar on Friday. (Reporting by Oludare Mayowa; Writing by Chijioke Ohuocha; Editing by Bate Felix and Andrew Heavens) 

Released: 2014-11-10T14:29:33.000Z"
Nigeria Steps Up to Try to Halt  Currency 's Slide -- Update,2014-11-07,"Nigeria's central bankintervened to support its currency after a record-breaking slide, traders said.

The central bank stepped in Friday to buy the currency after the U.S. dollar shot up to more than 172 naira, traders said, marking an all-time low for the Nigerian currency. The move lower is being driven by concerns that tumbling oil prices would hit Africa's biggest economy hard. Nigeria is Africa's top oil producer.

Late Friday in New York, the naira recovered to 166.180 against the dollar, compared with 170.215 naira late Thursday. The central bank didn't respond to requests for comment.

Analysts are warning of a self-reinforcing slide in the currency ahead.

""The central bank may face political pressure not to raise rates ahead of February's general election,"" Capital Economics analyst Jack Allen wrote in a note to clients. ""But we think that the threat of a currency crisis is likely to trump these concerns.""

The naira's drop placed Nigeria among the oil-rich nations hardest hit by a production glut that has prompted a 28% drop in Brent crude prices from their 2014 high hit in June. The ruble also has caused headaches for the Russian central bank, while the Norwegian krone and Canadian dollar also have dropped. Oil and natural gas account for 96% of export revenue in Nigeria and about 80% of government revenue, according to the International Monetary Fund.

Attempting to curtail the damage to its currency, the Central Bank of Nigeria on Thursday sought to temper dollar demand by barring importers of goods, including electronics, generators and telecommunications equipment, from procuring dollars at its foreign-exchange auctions.

The bank also limited the amount of money lenders can deposit in the bank's Standing Deposit Facility to 7.5 billion naira, or about $45 million. That regulation should boost the amount of naira between banks, traders said.

But Nigeria's foreign-currency reserves recently stood at $39.5 billion, much smaller than Russia's $454 billion as of the end of September, limiting Nigeria's ability to hold back the decline.

Other corners of Nigerian markets also felt the heat. Nigeria's All-Share Index dropped 3.7% to its lowest point in nearly 18 months, and all three of Nigeria's outstanding dollar-denominated bonds traded marginally lower, according to Tradeweb.

The plunge in oil prices could put pressure on Nigeria's budget just as President Goodluck Jonathan and state officials are expected to ramp up spending ahead of national elections set for February.

""Investors with a contrarian view on oil may have ordinarily viewed now as an attractive opportunity to buy into the currency, but with the added uncertainty around elections, we're not really seeing this,"" said Razia Khan, head of Africa research at Standard Chartered.

A weaker naira could make it more difficult for the government and private investors to fund power, road and rail projects. Officials have said they need to diversify Nigeria's economy and sustain strong growth.

The IMF said Nigeria's gross domestic product, which surpassed South Africa as the continent's largest in April, will expand 7% this year after rising 5.4% in 2013.

Write to Josie Cox at josie.cox@wsj.com and Patrick McGroarty at patrick.mcgroarty@wsj.com"
UPDATE 1-Nigeria's  central bank  in the market to defend ailing naira,2014-11-07,"(Adds details, quote)

LAGOS, Nov 7 (Reuters) - Nigeria's central bank is currently intervening with dollar sales in the foreign exchange market to support the ailing naira currency, its deputy governor told Reuters on Friday.

Sarah Alade said the naira, which has lost around 6 percent so far, had been trading outside its preferred band for some time now, but that the bank will continue to defend the currency.

The unit firmed to 169.70 naira at 1023 GMT on central bank intervention after hitting 173.05 naira in mid-morning trade against the dollar.

""We would continue to defend the currency, we have always said that,"" Alade told Reuters by telephone, adding that the bank was comfortable with level of the country's foreign reserves of around $38 billion.

Asked how far the bank was willing to go to defend the naira, she said: ""The markets would dictate that.""

She said that the last time Nigeria devalued its currency, oil prices were lower than now, even though the price is declining.

""At the last time when did that (devalued), we didn't have the kind of oil prices that we have now, so we are still comfortable,"" Alade said.

The currency has come under pressure in the past two months from falling global oil prices, dampening the appetite for assets in Africa's biggest economy and chief oil exporter.

The naira has touched new intraday lows nearly every trading session on strong dollar demand partly from foreign investors unnerved by falling oil prices, exiting Nigeria and from domestic importers, worried about the risk of a currency devaluation.

The central bank on Thursday restricted the sale of dollars to importers of telecoms equipment, power generators and finished products at its foreign exchange auction, funnelling demand towards the interbank market.

The bank also limited lenders and discount houses from placing more than 7.5 billion naira ($44 mln) each as deposits with the regulator, further swelling interbank naira liquidity. (Reporting by Chijioke Ohuocha; Editing by Oludare Mayowa/Jeremy Gaunt) 

Released: 2014-11-7T11:53:36.000Z"
Nigeria's  central bank  says currently in the market to defend ailing naira,2014-11-07,"LAGOS, Nov 7 (Reuters) - Nigeria's central bank is currently intervening with dollar sales in the foreign exchange market to support the ailing naira currency, its deputy governor told Reuters on Friday.

Sarah Alade said the naira, which has lost around 6 percent so far, had been trading outside its preferred band for some time now, but that the bank will continue to defend the currency.

The unit firmed to 169.70 naira at 1023 GMT on cenbank intervention after hitting 173.05 naira in mid-morning trade against the dollar.

(Reporting by Chijioke Ohuocha; Editing by Oludare Mayowa/Jeremy Gaunt) 

Released: 2014-11-7T11:30:48.000Z"
African Markets - Factors to watch on Nov 7,2014-11-07,"
NAIROBI, Nov 7 (Reuters) - - The following company announcements, scheduled economic
indicators, debt and currency market moves and political events may affect African markets on
Friday.
    - - - - -
 EVENTS:
 MAURITIUS- Inflation data due to be released
 SEYCHELLES - Inflation data due to be released
 
 GLOBAL MARKETS
 Asian shares edged down on Friday ahead of U.S. employment
 data later in the session, while the euro wallowed around
 two-year lows after European Central Bank President Mario
 Draghi vowed to take more easing steps to spark growth in
 the euro zone.            
 
 WORLD OIL PRICES
 Brent crude dropped for the second straight session on
 Friday, dragged below $83 by worries over the strong U.S.
 dollar.      
 
 EMERGING MARKETS
 For the top emerging markets news, double click on
            
 
 AFRICA STOCKS
 For the latest news on African stocks, click on      
 
 AFRICAN FOREX
 Agricultural inflows and a slowdown in demand for dollars in
 Tanzania should keep the shilling in familiar ranges next
 week, while worry about the implications of Zambian
 President Michael Sata's death is expected to weigh on the
 kwacha.               
 
 
 SOUTH AFRICAN MARKETS
 * South African stocks slipped on Thursday with retailers
 hit after Truworths          reported slower sales,
 increasing investor concern about the health of
 cash-strapped consumers.                
 * The South African rand traded near a three-week low
 against the dollar late on Thursday, reflecting lukewarm
 demand for emerging-market assets as the global economic
 outlook worsens.                
 
 NIGERIA MARKETS
 Nigeria's naira fell 3 percent to a new intraday low on
 Thursday of 172 to the dollar, recovering ground to close at
 169.50 only after a central bank intervention aimed at
 halting its slide.                
 
 NIGERIA ECONOMY
 A sharp drop in global oil prices has raised the twin
 spectres of a potential currency devaluation and budget
 shortfalls in Nigeria just as Africa's biggest economy gears
 up for a closely fought and costly presidential election in
 February.                
 
 NIGERIA CENTRAL BANKNigeria's central bank banned the sale of dollars to
 importers of telecom equipment, power generators and
 finished products at its foreign exchange auction, instead
 shifting demand to the interbank market, dealers told
 Reuters on Thursday.                        
 
 KENYA MARKETS     
 The Kenyan shilling        hovered at a near three-year low
 on Thursday, with traders saying it was likely to remain on
 the strong side of 89.90 due to chances of the central bankintervening at that level.                
 
 UGANDA OIL
 Uganda will sign oil production licences with France's Total
 TOTF.PA and Britain's Tullow Oil TLW.L by the end of the
 year as it seeks to start commercial production by 2018, the
 energy minister said on Thursday.                        
 
 
 
 
 
     For the latest precious metals report click on        
     For the latest base metals report click on         
     For the latest crude oil report click on

Released: 2014-11-7T06:55:47.000Z"
"UPDATE 2-Nigerian markets fall,  central bank intervenes  as weak oil price pressures naira",2014-11-04,"* Foreign investors exit Nigeria assets on naira concerns

* Main stock index down 1.6 pct at 36,744 points

* Stocks down 9.6 pct this year as investors exit

* Naira down 4.3 pct in 2014, unnerved by falling oil price (Adds closing values, quote, cenbank intervention)

By Oludare Mayowa and Chijioke Ohuocha

LAGOS, Nov 4 (Reuters) - Nigeria's main share index hit a 13-month low and government bonds fell on Tuesday as foreign investors pulled out of Nigerian assets, prompting the central bank to sell dollars to support the ailing naira.

Nigeria's currency has come under pressure in the past two months from falling global oil prices, dampening appetite for assets in Africa's biggest economy and chief oil exporter.

Though the central bank has been intervening this year to prop up its value, the naira has lost 4.3 percent since Jan. 2.

Foreign investors pulled more money out of the stock market on Tuesday, mainly in the relatively liquid banking and cement sectors, as the oil price fell 3 percent to a four-year low of just above $82 a barrel and as Nigerian companies reported mixed results.

Nigeria's main share index closed down 1.6 percent at 36,744 points, a level last seen on Oct. 7, 2013. The index has now fallen 11 percent in the past month, although it picked up briefly last week.

The naira, which had earlier lost 0.3 percent intraday against the U.S. currency as funds repatriated cash, recovered some ground after the central bank intervened to close down 0.1 percent at 165.90 to the dollar, dealers said.

""Stocks failed to sustain the recovery recorded in the previous week ... as companies posted mixed performance in the third quarter,"" one stockbroker told Reuters.

Dangote Cement, sub-Saharan Africa's leading cement producer and majority owned by billionaire Aliko Dangote, reported just a 1.5 percent rise in pretax profit in the nine months to September.

Shares in Dangote Cement, which accounts for a third of the stock market's total capitalisation and whose outlook is linked to the overall state of the economy, dropped 1.7 percent, dragging down the index.

Concerns about the naira amid falling global oil prices also triggered a drop in bond prices as investors demand higher returns to hold Nigerian bonds.

The yield on the benchmark 10-year bond rose 7 basis point to 12.70 percent on Tuesday, dealers said.

Two dealers told Reuters that the interbank currency market had seen strong demand for dollars amid tight supply from offshore investors selling assets and repatriating funds.

The local unit of Italian oil firm Eni sold $25 million alongside the central bank to support the naira.

Nigeria's stock market rose 47 percent last year, vastly outperforming emerging market peers which were down on average 4.9 percent.

But this year Nigeria's stock index is down 9.6 percent.

Other top decliners on Tuesday included cement giant Lafarge Africa and its listed local subsidiary Ashaka Cement , whose shares both dropped 5 percent. (Editing by David Holmes and Susan Fenton)

Released: 2014-11-7T15:36:08.000Z"
Nigeria cbank sells dollars to support naira after stocks sell-off,2014-11-04,"LAGOS, Nov 4 (Reuters) - Nigeria's central bankintervened with dollar sales on Tuesday to calm currency markets after foreign investors sold off stocks to repatriate funds, hurting the ailing naira currency.

The naira, which had weakened to 166.22 intraday against the dollar, firmed to 165.90 after the intervention. The all-share index was down 1.61 percent to 36,744 points.

(Reporting by Oludare Mayowa; Writing by Chijioke Ohuocha, editing by John Stonestreet)

Released: 2014-11-7T13:46:39.000Z"
Nigeria 's naira firms after Cbank  intervention ,2014-10-09,"LAGOS, Oct 9 (Reuters) - Nigeria's naira firmed marginally on Thursday to 164.40 to the dollar after the central bank intervened at the interbank market for the second consecutive day to support ailing currency.

The local currency closed at 164.50 at the market on Wednesday.

The naira had slipped to 164.80 intraday, which prompted the central bank to sell dollars to some lenders on the interbank to stem further depreciation of the currency. (Reporting by Oludare Mayowa; Editing by Toby Chopra) 

Released: 2014-10-9T15:32:15.000Z"
"UPDATE 1- Nigeria  naira closes at 7-month low, despite cenbank  intervention ",2014-10-08,"* Stocks at 1-month low as funds exit

* Benchmark 10-year bond down 27 basis point

* Oil price worry investors holding Nigerian assets (Adds quote, closing naira value, equity and bond index)

By Chijioke Ohuocha and Oludare Mayowa

LAGOS, Oct 8 (Reuters) - Nigeria's naira currency eased to a 7-month closing low against the U.S. dollar on Wednesday, despite a central bank intervention to prop it up, as falling oil prices pushed investors out of domestic debt and equity markets, dealers said.

The unit closed at 164.50 naira to the dollar, a level last seen on March 6, but down just 0.1 percent from the 164.35 naira it closed at on Friday. Financial markets were closed on Monday and Tuesday to mark a two-day Muslim holiday.

The naira had slipped to 165.30 intraday, which prompted the central bank to step in with an undisclosed amount of dollars to try to satisfy demand.

Nigeria's beleaguered currency has come under pressure in the past two months from falling global oil prices, dampening appetite for assets in Africa's biggest economy. Though the central bank has been intervening since this year to prop up its value, it has lost 3.5 percent since January 2.

The local unit of China's Addax petroleum also sold around $3 million on Wednesday, which was not sufficient to support the naira, dealers said.

Dealers said yield on the 10-year benchmark bond rose 27 basis points to 12.80 percent on Wednesday while the all-share index fell to a one-month closing low of 40,995 points, down 0.3 percent.

Brent crude oil fell to a fresh 27-month low under $91 a barrel on Wednesday, as gloomy economic growth forecasts prompted concerns about global oil demand and U.S. inventory data confirmed abundant supply. (Editing by Tim Cocks)

Released: 2014-10-11T15:31:53.000Z"
Nigeria 's cenbank  intervenes  after naira falls below 4-month intraday low,2014-10-08,"LAGOS, Oct 8 (Reuters) - Nigeria's central bankintervened in the currency markets on Wednesday, selling dollars directly to lenders on the interbank after the naira fell below a 4-month low, dealers said.

The naira initially slipped to 164.95 at midday trade, a level last seen on June 6, and continued to slide, falling as low as 165.30, which prompted the central bank to step in with an undisclosed amount of dollars to try to satisfy demand. (Reporting by Oludare Mayowa and Chijioke Ohuocha; Editing by Tim Cocks)

Released: 2014-10-11T14:16:37.000Z"
Nigeria  naira gains on cenbank dollar  intervention ,2014-09-29,"LAGOS, Sept 29 (Reuters) - The Nigerian naira firmed 0.12 percent to close at 163.70 against the dollar on Monday, after the central bank sold dollars directly to lenders on the interbank market to prop up the ailing currency, dealer said.

The local unit eased to around 164.15 naira by midday trade, prompting the central bank to intervene with an undisclosed amount of dollars sold directly on the interbank market, dealers said. The naira closed at 163.90 on Friday.

The currency has been falling for the past three weeks, weakened by the impact of the decline in global oil prices and low offshore inflows into Nigeria's debt and equity markets.

""We expect the central bank to continue to support ... and reduce pressure on the naira,"" one dealer said.

At a foreign exchange auction on Monday, the central bank hiked the amount of dollars it offered to sell to $500 million, up from $350 million it has offered in the past quarter.

Dealers attributed the increase in amount sold by the central bank at the twice-weekly auction on Monday to the public holiday declared this Wednesday to mark Nigeria's independence day celebrations. (Reporting by Oludare Mayowa; Editing by Chijioke Ohuocha and Tom Heneghan) 

Released: 2014-9-29T16:03:00.000Z"
Nigerian naira falls despite  central bank intervention ,2014-09-18,"LAGOS, Sept 18 (Reuters) - Nigeria's naira fell 0.12 percent on Thursday to 163.65 against the dollar, hit by falling global oil prices, despite a third day of central bank intervention, dealers said.

The currency closed at 163.45. (Reporting by Oludare Mayowa; Editing by Chijioke Ohuocha and John Stonestreet) 

Released: 2014-9-18T14:32:50.000Z"
UPDATE 1- Nigeria  naira gains 0.15 pct on  central bank intervention ,2014-09-16,"(details, quote)

LAGOS, Sept 16 (Reuters) - The Nigerian naira gained 0.15 percent against the U.S. dollar on Tuesday, after the central bank intervened to support the ailing currency which weakened during midday trade on strong demand for hard currency, dealers said.

The unit closed at 162.70 naira to the greenback, after the central bank sold an undisclosed amount of dollars to support the local currency which weakened to 163.85 naira intraday. The naira closed at 162.95 against the dollar on Monday.

""Some banks that got (dollars) from the central bank are selling to stay within their open limit position,"" one dealer said, adding that the regulator sold hard currency directly to lenders to calm the volatile naira market.

Dealers said the naira could come under pressure if there's a fall in the price of crude oil hovering at around $99 a barrel. Crude makes up around 95 percent of forex earnings.

A Reuters poll sees Brent crude oil capped around $105.30 a barrel next year, which bodes well for Nigeria's revenues. But an increase in supply of shale oil from the United States and sluggish global demand may mean that is as high as the oil price will go.

The naira fell to a 2-month low of 162.87 against the U.S. currency last week, as dollar sales by the government-owned oil company, NNPC failed to meet market expectations. (Reporting by Chijioke Ohuocha and Oludare Mayowa; Editing by Tim Cocks) 

Released: 2014-9-16T17:33:08.000Z"
Nigeria 's  central bank intervenes  to halt naira fall,2014-09-16,"LAGOS, Sept 16 (Reuters) - Nigeria's central bankintervened to support the naira on Tuesday after the local currency shed 0.57 percent from the start of the day's trade to 163.85 against the U.S. dollar, dealers said.

The naira opened at 162.95 naira before it weakened on strong dollar demand. It recovered to 162.90 naira after the intervention. (Reporting by Oludare Mayowa and Chijioke Ohuocha) 

Released: 2014-9-16T14:13:19.000Z"
Nigeria  naira unchanged on  central bank intervention  bid,2014-09-15,"LAGOS, Sept 15 (Reuters) - The Nigerian currency was unchanged at 162.95 naira at Monday's market close, after the regulator asked banks for bids to sell the greenback in a move to quell dollar shortages and support the naira, dealers said.

The local unit opened at 163.05 naira to the U.S. currency, and weakened further to 163.50 naira intraday on strong demand, prompting central bank's interest.

Dealers said news of the proposed bid made some lenders sell dollars in order to participate as central bank usually sells dollar at a discount to interbank market, helping the naira recover to Friday's level.

""The central bank called round to get a feel of the market ... some banks saw this as a signal that the bank could intervene,"" one dealer said.

Dealers said dollar flows has slowed after state-owned energy company NNPC, which accounts for bulk of dollar supply on the interbank sold about $300 million last week, which failed to lift the local currency. (Reporting by Oludare Mayowa; Editing by Chijioke Ohuocha and Toby Chopra) 

Released: 2014-9-15T14:58:29.000Z"
African Markets - Factors to watch on Aug 4,2014-08-04,"
NAIROBI, Aug 4 (Reuters) - The following company announcements, scheduled economic
indicators, debt and currency market moves and political events may affect African markets on
Monday.
    - - - - -
 GLOBAL MARKETS
 Fears of further declines on Wall Street pressured Asian shares
 on Monday, as concerns over geopolitical tensions and
 Argentina's debt default eclipsed U.S. data that argued against
 an earlier start to the Federal Reserve's rate-tightening
 cycle.                          
 
 WORLD OIL PRICES
 Brent crude rose to $105 a barrel on Monday to come off of a
 four-month low hit in the previous session, with worries about
 global oversupply still outweighing concerns about violence in
 the Middle East and North Africa.                    
 
 EMERGING MARKETS
 For the top emerging markets news, double click on            
 
 AFRICA STOCKS
 For the latest news on African stocks, click on     
 
 SOUTH AFRICA MARKETS
 South African stocks gyrated but still ended lower on Friday
 after the U.S. reported job growth slowed more than expected in
 July and the unemployment rate rose, easing worries that
 interest rates will rise soon.               
     South Africa's rand snapped a four-day losing streak
 against the dollar on Friday, helped mostly by U.S. jobs data
 which supported the case for loose monetary policy in the
 world's biggest economy.               
 
 AFRICA DEBT 
 Yields on Nigerian debt are expected to fall in the week ahead
 while those in Kenya are seen steadying, traders
 said.               
 
 U.S.- AFRICA SUMMIT
 The United States will announce nearly $1 billion in business
 deals, increase funding for peacekeeping and commit billions of
 dollars to expanding food and power programs in Africa during a
 summit this week, U.S. and development officials
 say.               
 
 NIGERIA MARKETS
 Nigeria's interbank lending rates were flat on Friday, trading
 at an average of 11.12 percent, the same level they closed at
 last week, but they are expected to climb next week as some
 liquidity exits the banking system to fund cash reserve
 requirements.               
     Also, Nigeria plans to raise 195.17 billion naira ($1.21
 billion) in short-dated treasury bills at an auction on
 Wednesday, the central bank said on Friday.                
 
 NIGERIA PETROLEUM
 Nigeria's President Goodluck Jonathan has replaced the top four
 executives at Nigeria National Petroleum Corporation, his
 office said on Saturday, intervening in one of the country's
 most powerful institutions and the source of 80 percent of
 government revenues.                
 
 NIGERIA FLOUR MILLS
 Flour Mills of Nigeria              said on Friday its
 full-year to March 31, pre-tax profit dropped 24.4 percent to
 8.22 billion naira ($50.94 million), compared with 10.88
 billion naira the previous year.                
 
 KENYA MARKETS
 Financial and telecoms stocks led Kenya's main share index
 higher for a third consecutive day of gains on Friday. The
 shilling        held steady against the dollar.                
 
 KENYA LAND
 Kenya's President Uhuru Kenyatta has ordered the government to
 repossess large areas of land in Lamu County, which has been
 hit by recent attacks, saying land grabbing was helping fuel
 instability on the north coast.               
 
 UGANDA ANTI-HOMOSEXUALITY LAW
 Uganda's constitutional court on Friday overturned an
 anti-homosexuality law that punished gay sex with long prison
 sentences and was condemned by Western and other donors, some
 of whom withheld aid in protest.               
 
 UGANDA CURRENCY
 The Ugandan shilling        gained on Friday against the dollar
 after the country's constitutional court struck down an
 anti-homosexuality law that punishes gay sex with long jail
 sentences, traders said.                
 
 GHANA ECONOMY
 Ghanaian President John Mahama has ordered his government to
 open talks with the International Monetary Fund on a programme
 to help stabilise the economy and halt a slide in the cedi
 currency, officials said on Saturday.               
 
 IVORY COAST BOND
 Ivory Coast will issue a 100 billion CFA franc ($205
 million)five-year treasury bond with a 6 percent coupon on Aug.
 4, the West African nation's treasury director Adama Kone said
 on Saturday in a statement.               
 
 ZAMBIA COPPER
 Diversified miner Vedanta Resources Plc         said it was
 open to a scrutiny of its Zambian copper business, which has
 faced protests recently over allegedly not paying enough
 taxes.               
 
 GUINEA IRON ORE MINING
 ArcelorMittal          , the world's largest steelmaker, said
 on Friday it had signed deals to purchase stakes in an iron ore
 project in Guinea as it pushes to raise its mining output and
 leverage its existing presence in the region.                
 
     For the latest precious metals report click on        
     For the latest base metals report click on         
     For the latest crude oil report click on

Released: 2014-8-4T05:56:42.000Z"
Emerging Markets: Trouble Ahead On The Frontier -- Barron's,2014-04-12,"
   (FROM BARRON'S 4/14/14) 
   By Shuli Ren 

Frontier markets have been on a tear, benefiting in part from investor worries about major emerging-market countries like Brazil and China.

Since May, the iShares MSCI Frontier 100 ETF (ticker: FM) has returned 25%, while the iShares MSCI Emerging Markets ETF (EEM) has just broken even. This may be a brief star turn. Frontier currencies are under pressure, and their two best performers -- the United Arab Emirates and Qatar -- will leave the MSCI frontier-markets index on June 2, without solid understudies.

This year, the effect of Federal Reserve ""tapering is shifting from emerging markets to frontier markets,"" warns HSBC in a new research report. Argentina, which was downgraded from emerging to frontier market in 2009, started the trend in January, sending the peso down almost 20% against the dollar. In February, amid the Ukraine crisis and falling Russian ruble, Kazakhstan devalued the tenge by 19%, and Ukraine's hryvnia slumped 27%. Unlike emerging-market currencies, which mostly float freely and adjust to changes continuously, frontier-market currencies are heavily managed, or even pegged, which means they can require big adjustments once they can no longer maintain their value.

The UAE and Qatar -- about a third of the MSCI index -- have driven performance: In the past year, MSCI UAE returned 83%, and MSCI Qatar rose 32%. In the recent World Economic Outlook, International Monetary Fund praised the UAE and Qatar for diversifying beyond oil, embarking on public investment programs, and for the 2020 World Expo and the 2022 World Cup.

Once the two Persian Gulf states leave in June, Citi Research estimates that Kuwait (29%) and Nigeria (17%) will make up about half of the index. Morocco, Argentina, Pakistan, and Kenya will each have about a 5% to 7% weight.

In contrast to the UAE and Qatar, Kuwait still sits on its black gold. The government only spent 8.3% of its total expenditures on development projects last year, down from 10.2% in 2010. Not surprisingly, in the past year, Kuwait underperformed the benchmark Frontier Market index by 8.4 percentage points.

Nigeria is a wild card with lots of political risk. The country may have a hard time defending its currency, the naira, says HSBC. Nigeria has Russia-like problem in that it runs a sizable current-account surplus from oil exports, but needs continuous currency intervention to offset persistent capital flight. In March, Nigeria's foreign-exchange reserve fell by 8%, and the naira is off 2.2% this year.

Investors worry that next February's general election will be a repeat of 2007, marred by violence and allegations of rigging. Just a couple of months ago, President Goodluck Jonathan sacked central-bank governor Lamido Sanusi for ""financial recklessness,"" after the respected economist accused state-owned Nigerian National Petroleum of socking away $50 billion in oil revenue that should have gone to government coffers. The figure was larger than the country's entire foreign reserve. Investors' apprehension about these issues has helped push the Global X Nigeria Index (NGE) down 9.7% in 2014.

If it overcomes these problems, there's lots to like. Nigeria is Africa's largest economy and has become less reliant on oil. Its services sector represents about half of gross domestic product, from less than 30% two decades ago. And the IMF expects GDP growth to accelerate to 7.1% this year from 6.3% in 2013.

Regardless, the new MSCI frontier markets index looks uninspiring and undiversified. Interestingly, as a nod to the problems, the MSCI recently started a consultation on potential methodological changes for the FM 100 Index.

---

e-mail: shuli-ren@barrons.com

---

To subscribe to Barron's, visit http://www.barrons.com/subscribe(""http://www.barrons.com/subscribe"")

(END) Dow Jones Newswires

April 12, 2014 00:05 ET (04:05 GMT)"
Nigerian naira eases as banks cover short dollar positions,2014-03-19,"LAGOS, March 19 (Reuters) - Nigeria's naira eased against the U.S. currency on Wednesday, driven by strong dollar demand from some lenders trying to cover their short positions on the greenback, dealers said.               

The local unit closed at 164.80 naira to the dollar, weaker than Tuesday's close of 164.40 naira.               

The local units of two foreign banks sold dollars on Tuesday to boost interbank liquidity, but other lenders bought up hard currency to cover their short positions, dealers said.               

""The central bank seems to be comfortable with the naira trading within this range ... many people expect them to intervene if the naira weakens beyond 165,"" one dealer said.               

Dealers expect the naira to trade around the 164.50-165.20 level in the short-term, unless oil companies sell large amounts of dollars or the central bank intervenes to prop up its value.               

Nigeria's central bank has been intervening in the interbank market to prop up the value of the naira in order to try to keep it trading within its preferred band of 150-160 naira to the U.S. dollar. But it has not intervened this week.               

Released: 2014-3-19T17:37:55.000Z"
Nigerian naira firms up vs dollar on  central bank intervention ,2014-03-03,"LAGOS, March 3 (Reuters) - Nigeria's naira firmed against the dollar on the interbank market on Monday after the central bank said it will sell dollars on forward delivery from Monday in its bid to shore up the domestic currency's value.

The naira strengthened 0.69 percent to 163.70 to the dollar, up from its 164.85 close on Friday. Traders said a unit of Chevron sold $42.2 million to some lenders, which also provided support for the local currency.

Nigeria's central bank has continued to sell dollars onto the market to support the ailing local currency, which came under pressure following the suspension of its governor two weeks ago. 

Released: 2014-3-3T14:19:28.000Z"
African Markets - Factors to watch on March 3,2014-03-03,"
NAIROBI, March 3 (Reuters) - The following company announcements, scheduled economic
indicators, debt and currency market moves and political events may affect African markets on
Monday.
    - - - - -
 EVENTS:
 *NIGERIA - World Bank's IFC and Nigeria's central bank holds
 an event on sustainable banking in Africa's second-biggest
 economy.  
 *KENYA - CFC Stanbic Bank releases its full year 2013
 earnings results.
 
 GLOBAL MARKETS
 Stock prices plummeted while oil prices shot up on Monday as
 escalating tensions between Russia and the West after Russia
 bloodlessly seized a part of Ukraine.                 
            
 
 WORLD OIL PRICES
 Brent and U.S. crude oil rallied more than $2 per barrel to
 multi-month highs on Monday, lifted by rising tension in
 Ukraine after Russian President Vladimir Putin declared he
 had the right to invade his neighbour.                
      
 
 EMERGING MARKETS
 For the top emerging markets news, double click on
            
 
 AFRICA STOCKS
 For the latest news on African stocks, click on     
 
 AFRICA DEBT 
 Nigerian Treasury bill yields are expected to rise next week
 as the central bank tightens liquidity to bolster the naira.
 In Kenya, T-bill yields are set to fall in line with slowing
 inflation.                  
 
 SOUTH AFRICA MARKETS
 South Africa's rand softened against the dollar on Friday
 after the revenue service reported a wider-than-expected
 trade deficit for January, pointing to pressure on the
 current account in the first quarter of the year.
                
     Stocks ended higher on Friday, led by insurer Old Mutual
 which announced robust annual sales, and the main
 Johannesburg index finished February with its biggest
 monthly gain in seven months.                
 
 NIGERIA MARKETS
 Nigerian interbank lending rates eased slightly on Friday to
 an average of 10.75 percent, from 11 percent last week,
 traders said, but they are seen rising next week on a coming
 central bank debit to meet cash reserves requirements
 (CRR).                  
     Nigeria's central bankintervened in the foreign
 exchange market minutes before it closed on Friday, selling
 an undisclosed amount of dollars that enabled the naira to
 reverse earlier losses, dealers said.               
 
 NIGERIA FOREX RESERVES
 Nigeria's foreign exchange reserves fell 6.75 percent
 month-on-month to $40.25 billion as of Feb. 27, the bank's
 latest data showed on Friday, as the central bank boosted
 its intervention in the market to prop up the ailing naira
 currency.               
 
 NIGERIA SECURITY
 Suspected Islamist militants have killed at least 85 people
 in northeastern Nigeria, witnesses and officials said on
 Sunday, in a further setback to President Goodluck
 Jonathan's military campaign.                          
 
 ECOBANK AFRICA
 The main shareholder in Ecobank         , one of the biggest
 banks in sub-Saharan Africa, called on Saturday for its
 Ivorian chief executive Thierry Tanoh to be dismissed
 immediately.                
 
 KENYA MARKETS
 Kenya's main share index edged up on Friday, led higher by
 sugar maker Mumias and banks, while the shilling was barely
 moved after demand for dollars fizzled out.               
 
 KENYA KENGEN 
 Kenya's biggest power producer KenGen           aims to
 raise 30 billion Kenyan shillings ($347 million) in 2014 to
 fund its expansion plans, double the amount the firm
 previously said it would seek, its chief executive said on
 Friday.                
 
 KENYA NIC BANK
 Kenya's NIC Bank          said on Friday it would issue
 bonus shares after it reported an 11 percent rise in full
 year pretax profit to 5.0 billion shillings ($57.90
 million), helped by growth in its net interest income.
                
 
 KENYA CFC STANBIC HOLDINGS
 Kenya's CFC Stanbic Holdings          posted a 57 percent
 rise in 2013 pretax profit to 7.22 billion shillings ($84
 million), in line with strong growth notched up by other
 listed Kenyan financial institutions last year.
                
 
 UGANDA CURRENCYUganda's central bank said on Friday it was selling foreign
 currency, the third day this week it has intervened to
 support the shilling        which has weakened by around 3
 percent since donors withheld aid over an anti-gay law.
                
 
 TANZANIA GOLD
 Tanzania's earnings from gold exports fell by 18.2 percent
 in 2013, undermined by lower output and declining global
 prices of the precious metal, a central bank report said on
 Friday.                
 
 MAURITIUS MONETARY POLICY
 Mauritius' central bank governor called on Friday for more
 independence in forming the monetary policy committee, weeks
 after a rift with the finance minister over interest rate
 levels on the Indian Ocean island.                
 
 GHANA MARKETS
 The Bank of Ghana said on Friday that the yield on its
 91-day bill rose to 21.2304 percent at its Feb. 28 auction
 from 21.0825 percent at the last auction.                
 
 MOZAMBIQUE POLITICS
 Mozambique's ruling Frelimo party early on Sunday picked
 Defence Minister Filipe Nyusi, a close ally of current
 two-term President Armando Guebuza, to be its candidate for
 an election in October that will choose the country's next
 leader.                
 
     For the latest precious metals report click on        
     For the latest base metals report click on         
     For the latest crude oil report click on


Released: 2014-3-6T05:10:21.000Z"
Nigerian naira reverses losses after cenbank  intervenes ,2014-02-28,"LAGOS, Feb 28 (Reuters) - Nigeria's central bankintervened in the foreign exchange market minutes before it closed on Friday, selling an undisclosed amount of dollars that enabled the naira to reverse earlier losses, dealers said.

The naira closed up very slightly on the day to 164.85 to the dollar, against Thursday's close of 164.90. It had opened sharply down at 165.60 to the dollar.

Oil major ExxonMobil also sold $22 million in exchange for naira, further lifting the local unit, dealers said. (Reporting by Mayowa Oludare; Writing by Tim Cocks)

Released: 2014-3-3T13:11:11.000Z"
African Markets - Factors to watch on Feb 27,2014-02-27,"
NAIROBI, Feb 27 (Reuters) - The following company announcements, scheduled economic
indicators, debt and currency market moves and political events may affect African markets on
Thursday.
    - - - - -
 EVENTS:
 * ANGOLA - Central bank to announce its decision on its
 benchmark interest rate.
 *KENYA - Kenya Commercial Bank          and Equity Bank
           release their full-year 2013 earnings results.
 *KENYA - Central Bank of Kenya to auction 91-day Treasury
 bills worth a total 3 billion shillings.
 *ZAMBIA - Zambia to release consumer inflation data for
 February.   
 
 GLOBAL MARKETS
 Asian shares struggled to find a solid footing on Thursday
 as escalating tensions in Ukraine sent investors scurrying
 to the safety of the dollar and U.S. Treasuries.
                            
 
 EMERGING MARKETS
 For the top emerging markets news, double click on
            
 
 AFRICA STOCKS
 For the latest news on African stocks, click on     
 
 SOUTH AFRICA MARKETS
 South Africa's rand was weaker against the dollar on
 Wednesday after Finance Minister Pravin Gordhan presented
 the 2014 budget to parliament and as emerging market
 currencies came under pressure.                
     South African stocks recovered on Wednesday, as resource
 stocks such as petrochemical group Sasol          and mining
 company Assore          were lifted by the weaker rand and
 short-term insurer Santam          gained on a surprise rise
 in earnings.                
 
 NIGERIA MARKETS
 Nigeria's central bankintervened with dollar sales to lift
 the naira on Wednesday but strong demand for the U.S. dollar
 outweighed the move.               
 
 NIGERIA FOREX RESERVES
 Nigeria's forex reserves fell to $40.68 billion as of Feb.
 24, down 13.8 percent year-on-year, central bank figures
 showed on Wednesday.                         
 
 NIGERIA PETROLEUM
 Nigeria will export around 1.73 million barrels per day
 (bpd) of crude oil in April, down from 1.88 million bpd
 planned in March, shipping lists seen by Reuters indicated
 on Wednesday.                
     Royal Dutch Shell          said on Wednesday that it had
 closed Nigeria's Nembe Creek Trunk oil pipeline on Saturday
 to stop leakage caused by theft.                
 
 KENYA MARKETS
 Kenyan shares rose on Wednesday, led by oil and
 manufacturing companies, and the shilling        overcame
 early losses to finish unchanged against the dollar.
                
 
 KENYA KENGEN
 Kenya's main electricity producer KenGen           reported
 on Wednesday a 25 percent fall in pretax profit in the six
 months to December, but forecast a stronger second half as
 new power plants come online.                
 
 UGANDA CURRENCY
 The Ugandan central bank sold dollars to support the
 shilling        on Wednesday after the currency weakened
 more than 1.8 percent during the session on fears of more
 aid cuts by Western donors over a law that toughened
 punishments for gays.                        
 
 GHANA ECONOMY
 Ghana's economy grew 5.5 percent in 2013, less than the 8
 percent targeted by the government, the International
 Monetary Fund said on Wednesday.                
     The country's annual producer price inflation rose
 sharply to 23.3 percent year-on-year in January from 15.3
 percent in December mainly on utility price hikes and the
 decline of the local currency, the government statistician
 said.                
 
 GUINEA PROTEST
 Protesters angered by the death of a young man in police
 custody ransacked a police station and government buildings
 in Guinea's main aluminium smelting town on Wednesday, local
 residents said.               
 
 IVORY COAST COCOA
 Armajaro Trading Ltd has offered to pay bonuses Ivory Coast
 says cocoa farmers are owed by Ecom Agroindustrial Corp to
 resolve a dispute which it fears could otherwise scupper its
 takeover by the Swiss group, letters given to Reuters by
 Armajaro showed.               
 
 ANGOLA LNG 
 A compressor leak at Angola's new liquefied natural gas
 (LNG) export plant has delayed loading programmes and
 reduced output at the $10 billion project, which is due to
 shut for two months from July, a site manager
 said.               
 
 ANGOLA BANKING
 Russia's second-largest bank VTB           and state
 conglomerate Rostec will buy a stake of around 20 percent in
 Angolan bank Banco Privado Atlantico, VTB said on
 Wednesday.               
 
     For the latest precious metals report click on        
     For the latest base metals report click on         
     For the latest crude oil report click on


Released: 2014-3-2T05:05:07.000Z"
"UPDATE 1-Nigerian  central bank intervenes  for third time this week, naira falls",2014-02-27,"(Adds quotes, details)

LAGOS, Feb 27 (Reuters) - Nigeria's central bankintervened for the third time this week with dollar sales to try to support the naira on Thursday, but the local currency lost 0.24 percent on the day to hit 164.90 against the greenback, dealers said.

The naira closed at 164.50 per dollar on Wednesday.

The naira currency has lost 3.2 percent this year, hit by lower foreign capital flows and last week's suspension of Nigeria's central bank governor, a critic of the government's record on corruption.

""No amount of intervention can change the direction of the market because of the high levels of demand,"" one dealer said, adding that he was taking a short-term view on the naira.

""People know that intervention does not solve the fundamental issue of low inflows and declining reserves.""

The central bank sold an undisclosed amount of dollars to banks on Thursday to calm forex market volatility after the currency hit 165.50 naira. But the move was outweighed by dollar demand, dealers said. (Reporting by Oludare Mayowa and Chijioke Ohuocha; Editing by Andrew Heavens/Ruth Pitchford) 

Released: 2014-2-27T15:00:20.000Z"
"Nigeria central bank intervenes , naira down",2014-02-27,"LAGOS, Feb 27 (Reuters) - Nigeria's central bankintervened for the third time this week with dollar sales to try to lift the naira on Thursday, but failed to prop up the local currency, which lost 0.24 percent on the day to hit 164.90 against the greenback, dealers said. (Reporting by Oludare Mayowa and Chijioke Ohuocha; Editing by Andrew Heavens) 

Released: 2014-2-27T14:15:34.000Z"
UPDATE 1- Nigeria  naira eases: c.bank  intervention  no help,2014-02-26,"LAGOS, Feb 26 (Reuters) - Nigeria's central bankintervened with dollar sales to lift the naira on Wednesday but strong demand for the U.S. dollar outweighed the move.

Dealers said uncertainty about monetary policy following the suspension of central bank governor Lamido Sanusi last week and reduction in foreign portfolio flows continued to weigh on the currency, which has lost 3.2 percent since this year.

The local unit touched a low of 165.80 naira during midday trade before the central bank intervened to bring it back to Wednesday's close of 164.80 naira. It closed at 164.60 naira on Tuesday, down 0.12 percent on the day.

""Central bank's intervention ... slowed depreciation of the naira and provided support for the currency,"" one dealer said.

The regulator has been intervening at interbank trades to prop up the naira over the past months, running down its depleting reserves to manage volatility in the currency.

Dealers said importers, who were among the heavy forex users in Nigeria, were timing their dollar purchases to rhyme with central bank's forex auctions or direct interventions in order to buy dollars at the official rate of 155.75 naira to the greenback.

Released: 2014-3-1T15:19:34.000Z"
Nigeria 's naira recovers after cenbank  intervention ,2014-02-24,"LAGOS, Feb 24 (Reuters) - Nigeria's naira recovered to 164 against the dollar in volatile trade on Monday, from a low of 166.30, after the central bank and energy company Total sold dollars onto the market, dealers said.

The central bank sold and undisclosed amount and Total sold $37 million onto the currency markets.

(Reporting by Oludare Mayowa; Editing by Tim Cocks) 

Released: 2014-2-24T13:39:33.000Z"
INTERVIEW-Nigeria's c. bank governor to challenge suspension in court,2014-02-21,"* Markets panicked after Sanusi's removal on Thursday

* Sanusi says alarmed by graft and ""crashing oil revenues""

* Doesn't want his job back but to establish principle (Adds bond markets, cbank intervention, Sanusi comments)

By Tim Cocks

LAGOS, Feb 21 (Reuters) - Nigeria's graft-fighting Central Bank Governor Lamido Sanusi said on Friday he would go to court to challenge his suspension by the president - though he does not want his job back, he wants to show that the move was illegal.

President Goodluck Jonathan suspended Sanusi on Thursday, removing an outspoken critic of his government's record on corruption in Africa's top oil producer.

Since the suspension, presidential spokesman Reuben Abati has accused the central bank of procurement irregularities during Sanusi's tenure, most of them dating back to 2011.

Sanusi told Reuters in a phone interview that the bank had followed correct procurement procedures, and he had already answered questions about the allegations by the authorities.

""I'm going to court to challenge the suspension,"" he said. ""I'm concerned about the precedent ... I'm concerned about the idea that if you want to remove someone and you want a way around the law, you just write any kind of letter with all sorts of funny allegations and suspend the person.""

Sanusi, who was due to end his term in June, had been presenting evidence to parliament that he said showed the state oil company Nigeria National Petroleum Corporation (NNPC) failed to remit $20 billion it owed to federal government coffers.

NNPC has repeatedly denied Sanusi's allegations, which brought the bank governor into conflict with Jonathan's administration a year before presidential elections.

""I'm not going back. I have had my last day at work. I'm very glad to hand this over,"" Sanusi told Reuters.

INVESTMENT CLIMATE CLOUDED

Markets panicked over the suspension of a man whose policies are credited with stabilising the naira and bringing inflation in Africa's second biggest economy to single digits.

The naira, at 164.05 to the dollar before the news on Thursday, fell to a record low of 169 before trading was frozen. On Friday it recovered to 164.55 after the central bank intervened with dollar sales. The bank said it hoped to keep it within its target band of 150-160 to the dollar.

Selling pressure eased on debt, with the yield on the 10-year bond easing 18 basis points to 14 percent. The stock market fell to a six and half month low, led by banks.

Longer term, it is unclear whether investors will be put off Nigeria, whose perennial governance problems are balanced on the positive side by attractive prospects, including abundant energy reserves, a potentially huge consumer market and a fast-growing economy about to become Africa's biggest.

JP Morgan's vice head of sub-Saharan Africa research, Giulia Pellegrini, said Sanussi had provided investors with a clear view of the bank's monetary policy. If that should stop, it would become harder for investors to gauge risks, ""given the opacity that still characterises other areas of the economy"".

However, his opponents say he went above his station as central bank governor to score political points against the administration.

Sanusi said he had no choice. He never intended to be an anti-corruption crusader, but had been alarmed by the sheer extent of losses to the treasury at the state oil firm.

Oil provides 90 percent of Nigeria's foreign exchange and around 80 percent of government revenues.

""I'm trying to get to the heart of collapsing oil revenues,"" he said, pointing out that in the past year, the country's oil savings had been depleted to $2.5 billion, from $11.5 billion.

""My primary motive ... is that oil prices have not come down, oil output has not come down, (but) oil revenues are crashing, and therefore my job as central bank governor in managing the exchange rate and reserves is threatened.""

Nigeria's Finance Minister Ngozi Okonjo-Iweala denied this month that falling oil savings were a result of corruption or patronage. In a Reuters interview Okonjo-Iweala said Nigeria had suffered a production shock because of worsening pipeline vandalism and oil theft.

""ALARMED""

Jonathan's former mentor, twice president Olusegun Obasanjo, has said oil corruption now is worse than at any time since the end of military rule in 1999, a charge Jonathan dismisses as politically motivated.

""I haven't compared it to any other terms, but I've certainly been alarmed by what I've seen,"" Sanusi said.

Sanusi made a name for himself two months into the job, in August 2009, when he rescued nine Nigerian banks in the wake of a financial crisis that nearly caused a wave of bankruptcies, forcing out all but one of their chief executives.

That made a rare example of some of Nigeria's most powerful people, and it set a tone that was repeated when he began using monetary policy meetings to decry wasteful government spending.

Nigerians speculate that his outspokenness owes much to his being heir apparent to the throne of Kano, Nigeria's second most powerful Muslim monarchy. It is the relic of a medieval Islamic empire that thrived off trans-Saharan trade routes connecting Africa's interior with its Mediterranean coast.

Sanusi said it was largely psychological.

""If you're a prince you don't have fear of power. You are not intimidated by authority because you've grown up around it,"" he told Reuters. ""You haven't lacked anything. You don't have the desperation for a job that makes you a sycophant.""

Deputy governor Sarah Alade has taken over in the interim, with Zenith Bank managing director Godwin Emefiele named to take over in June.

Sanusi's speaking out has also fuelled speculation that he will run for president against the ruling party in Feb. 2015 polls, but he denied he had any political plans.

""I'm going to rest,"" he said. ""I was supposed to start my French lessons in June. I might start a bit earlier now."" (Reporting by Tim Cocks; Editing by Peter Graff) 

Released: 2014-2-21T15:33:50.000Z"
Nigeria 's Naira rebounds after  central bank intervenes ,2014-02-20,"LAGOS, Feb 20 (Reuters) - Trading has resumed in the Nigerian naira after the central bank intervened with dollar sales to calm a forex market reeling from the sudden removal of the bank's Governor Lamido Sanusi, dealers said.

The naira rebounded from a low of 169 to the dollar shortly before the suspension of trading to 165 to the dollar.

Released: 2014-2-23T13:19:32.000Z"
Currency  pegs look shaky after emerging market rout,2014-02-19,"LONDON, Feb 19 (Reuters) - The devaluation of Kazakhstan's rouble-shadowing tenge has left investors wondering which other closely managed emerging market currencies might be next, with those of commodity exporters like Nigeria and Angola in the spotlight.

The free-floating currencies of the 'Fragile Five' countries that rely on foreign investment to finance deficits - Brazil, India, Indonesia, Turkey and South Africa - felt the brunt of an emerging market sell-off that began last May.

Then, investors who could easily take their money out of these countries returned it to the United States as the prospect of a cut in the Federal Reserve's bond-buying programme pumped up the yields on U.S. bonds.

The sell-off has quickened this year as Fed tapering has begun, spreading to countries with higher political risks, such as Hungary and Russia.

But oil exporter Kazakhstan's hefty 19 percent devaluation of its tenge earlier this month to keep it in line with the currency of regional giant Russia has made investors nervous about less flexible currency regimes.

Currencies pegged to the dollar or managed within a narrow band had until recently avoided the worst of the sell-off.

But as weakness in emerging markets continues, fuelled by worries about a slowdown in China and further monetary tightening in the United States, central banks are likely to run out of firepower to keep their currencies stable.

And if they export commodities, for which the price outlook is not comforting, they may need the extra local currency that a devaluation would bring, to lower local manufacturing and debt servicing costs.

""For the commodity exporters, it's going to be fragile, we are going to see policy mistakes in these countries,"" said Lars Christensen, head of emerging markets research at Danske in Copenhagen. ""It's time to have a look at some of the African currencies.""

After Turkey raised rates by a whopping 425 basis points at an emergency meeting last month, and other Fragile Five members tightened policy to defend their currencies, attention has turned to countries such as Nigeria.

It was a star performer last year due to growth in financial services and consumer markets, along with its status as Africa's top oil producer.

But Nigerian stocks have fallen 6 percent this year after a 47 percent rise last year, and the naira currency has fallen below its managed 150-160 band to the dollar despite central bank intervention.

With presidential elections next year, Nigeria also has a political risk problem, while there will also be a change at the helm of the central bank in the next few months when highly respected governor Lamido Sanusi steps down.

Foreign exchange reserves have dropped by 10 percent from a year ago to $42 billion - barely six months' worth of import cover. While the minimum yardstick for import cover is normally three months, analysts say an oil exporter like Nigeria should have more of a cushion because oil is priced in dollars.

""We are at the end-game,"" said Angus Downie, head of economic research at Ecobank. ""There is a real risk if the naira does not stabilise and the central bank cannot maintain market confidence, then devaluation is what we are looking at.""

Devaluation would cut the value of international investors' holdings of Nigeria's domestic debt or local shares.

Renaissance Capital sees a possible devaluation after the change of governor, to 160-170 naira per dollar, although it and several other analysts expect the central bank to tighten monetary policy first to support the currency.

The smaller, more closed economy of Angola may also suffer a devaluation of its kwanza currency, as it depends both on oil exports to and investment from a slowing China.

The Angolan central bank tries to keep the currency stable through interventions, but its forex reserves also stand only at around six months of import cover, analysts say.

CHINA SHOCK

""The China shock is likely to lead to depreciation pressures on the Angolan kwanza,"" wrote Danske's Christensen in a recent blog. ""If the Angolan central bank tries to maintain a quasi-pegged exchange rate then these depreciation pressures will automatically translate into a significant monetary tightening.

""The right thing to do is therefore ... to allow the kwanza to depreciate to adjust to the shock.""

Other oil-exporting markets with fixed currencies, such as Algeria, Kuwait or the United Arab Emirates, are seen at less risk of devaluation.

Their markets are less open to the fickle speculative flows that have hit those emerging markets which are more integrated with the global financial system, or they enjoy larger cash buffers with which to support their currencies.

Only further weakness in the growth outlook for China and the United States, impacting commodity demand, could shake these currency props.

""For the GCC (Gulf Cooperation Council) countries there is no currency risk impact,"" said Slim Feriani, Chief Executive Officer of Advance Emerging Capital.

""The oil price has more of an impact. If oil prices were to fall and stay low for three, four, five months, it would start to affect sentiment."" (Editing by Catherine Evans)

Released: 2014-2-22T19:59:59.000Z"
African Markets - Factors to watch on Feb 17,2014-02-17,"
The following company announcements, scheduled economic indicators, debt and currency market
moves and political events may affect African markets on Monday.
    - - - ---
 EVENTS:
 RWANDA - The finance ministry issues more details on the
 country's upcoming domestic bond for $18 million.
 
 GLOBAL MARKETS
 Asian shares built on their recent rally on Monday as
 worries about emerging markets continued to ebb, sucking the
 safe-haven support out of the U.S. dollar while giving
 commodities a lift.            
 
 WORLD OIL PRICES
 Brent futures slipped towards $109 a barrel on Monday as
 disappointing U.S. economic data revived worries about
 demand from the world's top oil consumer, but strong
 consumption of heating fuels due to a cold spell checked
 losses.      
 
 EMERGING MARKETS
 For the top emerging markets news, double click on
            
 
 AFRICA STOCKS
 For the latest news on African stocks, click on     
 
 AFRICA DEBT
 Nigerian bond yields are likely to keep rising next week as
 foreign investors sell their holdings amid concern about the
 naira's depreciation. In Kenya, investor demand for a
 15-year bond on sale next week is expected to be healthy.
                 
 
 AFRICA GROWTH
 Sub-Saharan Africa can meet growth expectations of more than
 6 percent this year, despite a slowdown in China, but the
 outlook for North Africa is more uncertain, the president of
 the African Development Bank said on Friday.                
 
 
 SOUTH AFRICA MARKETS
 South Africa's rand was trading at three-week highs on
 Friday as dollar weakness helped the currency of Africa's
 biggest economy firm beyond the key 11 to the dollar level.
                
 
 SOUTH AFRICA SHARES
 South African stocks rallied on Friday after stumbling in
 the previous session, with the Gold Mining Index         
 leaping over 5 percent as bullion's spot price raced to
 three-month highs above $1,300 an ounce.                
 
 NIGERIA MARKETS
 Nigeria's central bankintervened on Friday to help the
 naira          recover to around 161.85 to the U.S. dollars,
 after it weakened to around 164 earlier in the session.
                
 
 KENYA MARKETS
 East African Breweries dragged Kenyan shares lower after
 reporting disappointing first half profits, while the
 shilling        ended steady.                
 
 GHANA MARKETS
 The Bank of Ghana said on Friday that the yield on its
 91-day bill rose to 20.7851 percent at its Feb. 14 auction
 from 20.1248 percent at the last auction.                
 
 GHANA ECOBANK 
 Top executives at pan-African lender Ecobank         
          have asked CEO Thierry Tanoh to step down to
 resolve a crisis of leadership, according to an email sent
 by the bank's deputy chief executive to its interim
 chairman.                
 
 ANGOLA INFLATION
 Angola's annual consumer inflation accelerated to 7.84
 percent year-on-year in January from 7.69 percent in
 December, the National Statistics Institute (INE) said on
 Friday.                
 
     For the latest precious metals report click on        
     For the latest base metals report click on         
     For the latest crude oil report click on


Released: 2014-2-20T07:24:27.000Z"
Nigeria central bank intervenes  to support naira - dealers,2014-02-14,"LAGOS, Feb 14 (Reuters) - Nigeria's central bankintervened on Friday to help the naira recover to around 161.85 to the U.S. dollars, after it weakened to around 164 earlier in the session.

Dealers said the regulator told lenders to bid for a minimum of $5 million each, to boost dollar liquidity on the interbank market. The naira on Thursday fell to 167, an all time intraday low, before central bank intervened.

Deputy central bank governor Sarah Alade said on Thursday that the bank had the ability and will to defend the currency, but the regulator has spent billions of dollars in foreign reserves doing so over the past year.

(Reporting by Oludare Mayowa; Writing by Chijioke Ohuocha; Editing by Tim Cocks)

Released: 2014-2-17T11:19:41.000Z"
EMERGING MARKETS-Emerging  currencies  up after U.S. data; Latam stocks sink,2014-02-13,"RIO DE JANEIRO/LONDON, Feb 13 (Reuters) - Concerns over economic growth, corporate earnings and inflation drove Latin American stocks lower on Thursday, although most emerging market currencies gained against the dollar following disappointing U.S. retail data.

Yields on 10-year and 30-year U.S. bonds retreated from recent peaks, relieving pressure on South Africa's rand, the Turkish lira and the Hungarian forint, some of the worst-hit currencies in the sell-off that began last month. Nigeria's currency also rebounded after a central bank intervention.

U.S. retail sales fell unexpectedly in January, signaling slowing economic growth and raising the outlook among some investors for a slower reduction in the Federal Reserve's monetary stimulus program.

While some traders attributed the afternoon's broad strengthening of emerging market currencies to the weak figures, others saw a technical correction after recent losses, considering the impact of inclement weather on the U.S. data.

""A weak quarter, especially one for which the data is not particularly clean, will not alter the Fed's medium-term views of the underlying economy or the risk-reward of (monetary stimulus),"" wrote Brown Brothers Harriman analysts in a note.

All of Latin America's major currencies strengthened against the dollar, with Brazil's real up over 1 percent and Mexico's peso rising 0.2 percent. Chile's peso also gained as companies, mostly mining firms, sold dollars on the local market.

The region's stocks fared worse, with MSCI's Latin American stock index down 0.3 percent.

A plunge in Banco do Brasil SA shares helped drag Brazilian stocks down. The state-run lender posted worse-than-expected quarterly earnings and signalled a possible slowdown in lending this year.

Weaker-than-expected retail sales also sapped appetite for Brazilian equities, which have been battered over the past year on concerns over slow economic growth and higher interest rates.

""Some calculations now suggest gross domestic product could fall into negative territory in the fourth quarter, something that was (previously) out of the question,"" said Gustavo Mendonça, an economist with Saga Capital in Rio de Janeiro.

Citigroup analysts Marcelo Kfoury and Leonardo Porto on Thursday cut their outlook for Brazilian economic growth in 2014 to 1.3 percent from 1.8 percent previously.

Mexican shares also dropped, following weak earnings from conglomerate Alfa.

In Europe, concerns continued to grow over how Ukraine can prop up its currency and pay off its debt. Russia suspended a $15 billion bailout after Ukrainian President Viktor Yanukovich sacked his prime minister late last month.

""Ukraine is on the knife-edge of solvency risk,"" said Gabriel Sterne, an economist at broker Exotix.

The Ukrainian central bank brought in temporary currency controls last week after the hryvnia fell below 9 per dollar for the first time in five years. The bank said on Thursday controls may last longer than two weeks, as the currency continued to fall.

Investors were not convinced the central bank could continue to defend the hryvnia. The currency weakened further on Thursday, losing 1.5 percent against the dollar.

Hungary's forint fell 0.4 percent against the euro , though strengthened against the dollar.

Investors are watching inflation data due Friday for clues on whether rates will be cut again next week. Hungary's benchmark rate is already at a record-low 2.85 percent.

Elsewhere, the Nigerian naira rebounded from a two-year low against the dollar after the central bank sold an undisclosed amount of hard currency to lenders to shore up the currency. Nigerian stocks and bonds got hammered earlier in the session as investors sold off frontier-market assets.

Africa's second-largest economy and biggest oil producer has been a top frontier-market investment in recent years. But political instability is a concern before upcoming elections, and the central bank has tightened reserve requirements.

              
              
              
              
              
              
For CENTRAL EUROPE market report, see

              
For TURKISH market report, see

              


For RUSSIAN market report, see

Released: 2014-2-16T19:47:09.000Z"
Nigeria central bank  confident it can defend naira after  intervention ,2014-02-13,"LAGOS, Feb 13 (Reuters) - Nigeria's central bankintervened to stabilise the naira on Thursday, deputy governor Sarah Alade told Reuters, after the currency fell to an all-time intraday low of 167 to the dollar.

She added that, with $42 billion of reserves, she was confident the bank would be able to maintain the currency within its managed band of 3 percent either side of 155 to the dollar.

She said the central bank had no plans to hold an emergency meeting on the naira's fall, for which she blamed currency speculators.

Released: 2014-2-16T15:54:45.000Z"
Nigerian naira falls; market  interventions  are no help,2014-02-12,"LAGOS, Feb 12 (Reuters) - Nigeria's naira eased on Wednesday as demand for U.S. dollars overcame an intervention by the central bank and an injection of dollars by a major oil firm.

The naira closed at 164.75 to the greenback, weaker than Tuesday's close of 164.10 naira.

Dealers said the Nigerian central bank and the local unit of Royal Dutch Shell sold an undisclosed amount of hard currency to lenders. The intervention did not help.

""Demand was strong ... while the dollar sales by both the central bank and Shell was not enough to calm the market,"" one dealer said.

On Monday, the naira dropped to its weakest in more than two years, but it recovered the following day after the central bank intervened.

""Unless the central bank sustains its intervention, the naira could weaken to 165 and above in the coming days,"" another dealer said.

Released: 2014-2-15T14:27:24.000Z"
UPDATE 2-Nigerian naira closes down 1.2 pct to weakest in four months,2014-01-27,"* Cbank intervention fails to stem decline

* Lifting forex bureau restrictions adds to selling pressure

* Emerging market currencies falling across the globe (Adds naira close, central bank interventions)

By Tim Cocks

LAGOS, Jan 27 (Reuters) - Nigeria's naira fell 1.7 percent to its weakest level against the U.S. dollar in four months on Monday, defying central bank actions to defend it.

The naira closed at 162.50 to the dollar, down from 160.50 at the previous day's close. Intraday, it had fallen as low as 163.35 to the dollar before coming back up.

The Central Bank of Nigeria wants the naira to remain within a trading band of 150-160 naira to the dollar.

Emerging market currencies are sliding across the board, driven by concerns over China's economic slowdown, increased political risks in Ukraine, Turkey and Thailand and by expectations of further tapering of the U.S. Federal Reserve's bond-buying programme.

The central bank lifted the restriction on the amount of dollars banks can sell to bureaux de changes, in a bid to narrow the gap between the official foreign exchange rate and the parallel interbank market.

It had limited the amount of dollars that bureau de change firms can buy from banks to $250,000 a week in September in order to curb demand for dollars.

So the removal of the limit on Monday put further selling pressure on the naira, dealers said.

The central bank also held its twice weekly auction of foreign exchange, with results expected by 5 p.m. local time (1600 GMT), and in addition sold some extra dollars onto the market to try to lift the local unit.

Governor Lamido Sanusi said last Thursday his central bank would continue to seek a stable exchange rate for as long as its foreign exchange reserves could support it, but he warned Nigeria's oil savings were running out.

Sanusi ruled out a devaluation of the naira because it would ""not affect the current account balance, given the highly inelastic nature of our imports and the dominance of oil"".

Last week, the central bank lifted the cash reserve requirement on public sector deposits held by banks in a bid to shore up the naira, reflecting its concern about loose fiscal policy ahead of elections next year.

Nigeria faces a hotly contested poll early in 2015. The country's fiscal position usually slips around election time, when spending on patronage to secure seats surges, but this one is expected to be the most closely fought since the end of military rule in 1999. (Reporting by Tim Cocks; Additional reporting by Mayowa Oludare Editing by Jeremy Gaunt)

Released: 2014-1-30T14:55:57.000Z"
Nigerian naira weakens despite cbank  intervention ,2013-12-23,"LAGOS, Dec 23 (Reuters) - Nigeria's naira currency weakened against the dollar on the interbank market on Monday, on the back of strong demand for the greenback and despite direct dollar sales by the central bank to try to prop it up.

The local unit closed at 159.70 to the dollar, a bit weaker than 159.35 to the dollar it closed on Friday.

Traders said the central bank intervened in the market toward the close of trading to prevent the local currency from depreciating rapidly due to last minute demand by importers.

""Some customers are still making last minute demands, while the market is in short supply of dollars from oil companies,"" one dealer said. ""The amount sold by the central bank was not enough to boost support for the naira.""

The central bank officially closed its regular twice-weekly foreign exchange auction last Monday, but has since intervened directly at the interbank market twice to keep the naira rate above the 160 to the dollar level.

""We see the naira closing the year at around 158-60-159 to the dollar because of the consistent intervention in the market by the central bank,"" another dealer said. (Reporting by Oludare Mayowa; Editing by Tim Cocks)

NIGERIA-NAIRA/ | AFN | ABN | M | D | DNP"
UPDATE 1- Nigeria 's naira firms as  central bank intervenes  after US Fed taper,2013-12-19,"* Naira firms as central bank sells dollars in wake of Fed taper

* Nigeria bond yields mixed as U.S. start tapering

* Stocks up almost 1 pct on Thursday (closing bond yield, naira, index, quotes and background)

By Chijioke Ohuocha

LAGOS, Dec 19 (Reuters) - Nigeria's central bankintervened to support the naira currency on Thursday, lifting it against the dollar despite the U.S. central bank's move to reduce the stimulus that has flooded emerging markets with cash.

The naira, which lost 0.53 percent on Thursday morning, firmed against the U.S. dollar to close at 158.55 on central bank's intervention. The local unit had ended at a two-month closing low of 159.95 on Wednesday.

Dealers say the central bank sold an undisclosed amount of dollars to some lenders on Thursday to support the naira after it weakened to 160.85 naira, its weakest since mid-October.

Yields on Nigerian government bonds were mixed as investors digested the Fed news.

The 10-year benchmark bond, which is listed in the JP Morgan emerging market government bond index (GBI-EM), closed flat at 13.03 percent, after yields had initially risen 20 basis point in mid-trade to 13.23 percent.

The 5-year bond saw its yield rise marginally to 13.1 percent on Thursday, from Wednesday's close of 12.82 percent.

""There was a bit of sell-off in the morning (but) markets stabilised with bids coming back,"" one dealer said.

The U.S. Federal Reserve said late on Wednesday that it would trim the pace of its monthly asset buying by $10 billion to $75 billion, saying the U.S. economy was finally strong enough for it to start tapering.

Stocks shrugged off the tapering news to gain 1 percent, lifted by the banking and consumer goods sectors. Africa's second biggest index has gained 40 percent since this year.

""Markets should be relieved now that an element of uncertainty around tapering has been removed. I think the Nigerian market will shift its focus to domestic issues including the direction of monetary policy next year ... and general macro-stability in the run up to elections,"" said Alan Cameron, economist at CSL Stockbrokers.

Domestic fund managers have been selling riskier assets and moving money into short-term debt due to uncertainty over government spending ahead of elections in 2015 and the future leadership at the central bank next year. (Additional reporting by Oludare Mayowa; Editing by Tim Cocks and Hugh Lawson)

NIGERIA-MARKETS/ (UPDATE 1) | AFN | ABN | D | M | RBN | RNP | DNP | PTD"
Nigeria 's naira firms 1 pct after cbank  intervenes ,2013-08-30,"LAGOS, Aug 30 (Reuters) - The Nigerian naira gained 1 percent against the U.S. dollar on Friday, after the central bank intervened on the interbank market to stem the local unit's decline.

The naira closed at 162.1 naira to the dollar, recovering from a 20-month low of 163.7 naira to the dollar on Thursday. Thursday's falls had happened because dollar liquidity was drained out by foreign investors repatriating proceeds from selling down some of their stock holdings, dealers said.

""The central bank sold dollars directly to some banks to ... provide support for the naira,"" one dealer said.

Dealers said the central bank intervention calmed naira volatility and restored confidence in its willingness to defend the currency amid speculation that it could lower the trading around the naira.

Nigeria's foreign exchange reserves declined marginally, by 0.23 percent month-on-month to $46.85 billion by Aug. 29, according to central bank figures. Reserves have been stable because they bank has desisted from using them to intervene at the same rate as in the past, dealers said.

The bank hiked the cash reserve requirement for public sector deposits to 50 percent from 12 percent last month in a bid to tighten naira liquidity to help curb speculation, but it did little to quell dollar demand.

The central bank lowered the naira's target band against the dollar in November 2011, after months of monetary tightening steadied the local currency but failed to bring it back into the regulator's preferred trading range.

It moved the band target band to 150-160 naira to the U.S. dollar, compared with 145-155 naira previously.

But dealers said the bank was in a strong position to keep the naira in its current corridor.

""We expect the naira to gain more value as the central bank increases the frequency of intervention and more dollar flows come in from oil companies,"" another dealer said. (Reporting by Oludare Mayowa; Editing by Chijioke Ohuocha and Tim Cocks)

NIGERIA NAIRA | AFN | ABN | D | M | DNP"
*DJ Fitch Affirms 8 Nigerian Banks; Downgrades 1,2013-07-08,"8 Jul 2013 14:38 EDT  PRESS RELEASE: Fitch Affirms 8 Nigerian Banks; Downgrades 1


 
 
The following is a press release from Fitch Ratings: 
 

Fitch Ratings-London-08 July 2013: Fitch Ratings has affirmed the Long-term Issuer Default Ratings (IDR) of Zenith Bank Plc (Zenith), First Bank of Nigeria Ltd (FBN), United Bank for Africa Plc (UBA), Guaranty Trust Bank Plc (GTB), Access Bank Plc (Access), Diamond Bank Plc (Diamond), Fidelity Bank Plc (Fidelity) and the Long-term National Ratings of Stanbic IBTC Bank Plc (SIBTC). Simultaneously, the agency has downgraded Union Bank Plc's (Union) Long-term IDR due to a change in Fitch's opinion of the bank's systemic importance relative to peers.

Union's Support Rating Floor (SRF) has been revised to 'B' from 'B+' due to its perceived lower systemic importance post restructuring. As a consequence, the bank's Long-term IDR has been downgraded to 'B' from 'B+' and its National Rating to 'BBB+(nga)' from 'A+(nga)'. At the same time, Union's Viability Rating (VR) has been upgraded to 'b-' from 'ccc' due to its improved financial position with on-going restructuring.

Access's VR has been upgraded to 'b' from 'b-' given its larger franchise, improving performance and commitment to maintaining healthy Fitch core capital (FCC) ratios over the medium term and despite its high cost to income ratio as it integrates a large acquisition. As a consequence, the bank's Long-term IDR is now driven by its VR of 'b' rather than its SRF of 'B'.

A full list of rating actions is at the end of this rating action commentary.

KEY RATING DRIVERS: IDRs, SUPPORT RATINGS AND SUPPORT RATING FLOORS

- The Long-term IDRs of FBN, UBA, Diamond, Fidelity and Union are driven by Fitch's perceived level of support from the Nigerian authorities if required. Zenith, GTB and Access have IDRs that are driven by their intrinsic strengths as defined by their VRs. Zenith and GTB have higher VRs relative to peers, given their strong franchises and track record of financial performance through the cycle. All the IDRs have Stable Outlooks.

Fitch considers the authorities' willingness to support to be high, but its ability to support is constrained by Nigeria's sovereign IDR of 'BB-'. Support for the banking sector by the Nigerian authorities has been clearly demonstrated, most recently since the 2008/2009 banking crisis.

Fitch assigns SRFs based on its opinion of each bank's systemic importance (generally given their size and franchise). SRFs are derived from Support Ratings. All the banks (apart from SIBTC) have Support Ratings of '4' which indicates a minimum SRF of 'B'.

FBN, Zenith and UBA have SRFs of 'B+', as the most systemically important banks, in Fitch's view, partly reflecting their dominant retail franchises and importance to the real economy. GTB, Access, Diamond, Fidelity and Union have SRFs one notch lower at 'B'. Fitch has not assigned SIBTC an SRF due to its institutional ownership.

FBN Holding PLC (FBNH) is the holding company of FBN. Its Support Rating of '5' and SRF of 'NF' (No Floor) reflect Fitch's view that while the Nigerian authorities' propensity to support the local banks is high, the same level of support would not apply to holding companies.

RATING SENSITIVITIES: IDRs, SUPPORT RATINGS AND SRFs

- The banks' Support Ratings and SRFs are sensitive to a reduction in the level of support Fitch views would be forthcoming from the Nigerian authorities - either through indications of a reduced willingness to support or the ability to do so. The latter would be signalled by a downgrade of Nigeria's 'BB-' sovereign rating. An upgrade of the Nigerian sovereign rating would not necessarily lead to an upgrade of the banks' Support Ratings and SRFs.

The IDRs of GTB, Zenith and Access are linked to their VRs and therefore not sensitive to any changes in the SRFs. All the other banks' IDRs are linked to their SRFs.

KEY RATING DRIVERS: VRs

- The VRs of the Nigerian banks indicate highly speculative fundamental credit quality, with no ratings above the 'b' range, This is primarily due to an extremely challenging operating environment in Nigeria combined with highly concentrated loan books and weak - albeit improving - corporate governance and transparency requirements.

Zenith and GTB have the highest VRs (b+) given their strong intrinsic strengths. FBN and Access have 'b' VRs given their strong franchises but some weaker metrics compared with Zenith and GTB.

UBA, Diamond, Fidelity, and Union have VRs of 'b-'. They have one or more of the following characteristics: poor financial performance in the recent past; higher than average loan concentrations and fast loan growth relative to peers; weak loan loss reserve coverage of NPLs; and low levels of FCC.

RATING SENSITIVITIES: VRs

- Following the crisis and subsequent Asset Management Corporation of Nigeria (AMCON) intervention combined with tighter regulation and oversight by the Central Bank of Nigeria (CBN), the banking sector has stabilised and now poised for growth. Asset quality has improved significantly, and capital and liquidity is stronger across the sector. There is presently limited upward potential for the banks' VRs outside the 'b' range given the inherent risks in operating in a challenging market.

All of the banks' VRs are sensitive to material weakening of core capitalisation from current level, possibly by aggressive loan growth exceeding retained earnings over time and generous dividend policies. The VRs are also sensitive to any material rise in NPLs from current levels.

Banks with strategies for rapid loan growth and tighter capital management are particularly sensitive to downward pressure on VRs. These banks could also experience weaker asset quality as new loans season.

KEY RATING DRIVERS: NATIONAL RATINGS

- The banks' National Ratings are driven by their Long-term IDRs.

SIBTC's National Ratings are based on the support that the bank derives from Standard Bank Group Limited's (SBG; BBB/Stable) 53.2% majority ownership. The ratings factor in SBG's written commitment in its annual report to support certain banking subsidiaries.

RATING SENSITIVITIES: NATIONAL RATINGS

- The banks' National Ratings are sensitive to changes in their Long-term IDRs.

- SIBTC's National Ratings are sensitive to a change in potential support from its parent.

A Special Report will shortly be available at www.fitchratings.com giving more details on the banks discussed in this RAC. Credit updates and Full Rating Reports on each of the individual banks will follow this.

The rating actions are as follows:

FBN

- Long-term foreign currency IDR: affirmed at 'B+'. Stable Outlook

- Short-term foreign currency IDR: affirmed at 'B'

- National Long-term rating: affirmed at 'A+(nga)'

- National Short-term rating: affirmed at 'F1(nga)'

- Viability Rating: affirmed at 'b'

- Support Rating: affirmed at '4'

- Support Rating Floor: affirmed at 'B+'

FBNH

- Long-term foreign currency IDR: affirmed at 'B'. Stable Outlook

- Short-term foreign currency IDR: affirmed at 'B'

- National Long-term rating: affirmed at 'A(nga)'

- National Short-term rating: affirmed at 'F1(nga)'

- Viability Rating: affirmed at 'b'

- Support Rating: affirmed at '5'

- Support Rating Floor: affirmed at 'NF'

Zenith

- Long-term foreign currency IDR: affirmed at 'B+'. Stable Outlook

- Short-term foreign currency IDR: affirmed at 'B'

- National Long-term rating: affirmed at 'AA-(nga)'

- National Short-term rating: affirmed at 'F1+(nga)'

- Viability Rating: affirmed at 'b+'

- Support Rating: affirmed at '4'

- Support Rating Floor: affirmed at 'B+'

UBA

- Long-term foreign currency IDR: affirmed at 'B+'. Stable Outlook

- Short-term foreign currency IDR: affirmed at 'B'

- National Long-term rating: affirmed at 'A+(nga)'

- National Short-term rating: affirmed at 'F1(nga)'

- Viability Rating: affirmed at 'b-'

- Support Rating: affirmed at '4'

- Support Rating Floor: affirmed at 'B+'

Access

- Long-term foreign currency IDR: affirmed at 'B'. Stable Outlook

- Short-term foreign currency IDR: affirmed at 'B'

- National Long-term rating: affirmed at 'A-(nga)'

- National Short-term rating: affirmed at 'F2(nga)'

- Viability Rating: upgraded to 'b' from 'b-'

- Support Rating: affirmed at '4'

- Support Rating Floor: affirmed at 'B'

- Access Finance BV's senior notes, guaranteed by Access Bank: affirmed at 'B', 'RR4'

GTB

- Long-term foreign currency IDR: affirmed at 'B+'. Stable Outlook

- Short-term foreign currency IDR: affirmed at 'B'

- National Long-term rating: affirmed at 'AA-(nga)'

- National Short-term rating: affirmed at 'F1+(nga)'

- Viability Rating: affirmed at 'b+'

- Support Rating: affirmed at '4'

- Support Rating Floor: affirmed at 'B'

- GTB Finance BV's senior notes, guaranteed by Guaranty Trust Bank: affirmed at 'B+', 'RR4'

- GTB Finance BV's Global Medium-term Note Programme, guaranteed by Guaranty Trust Bank: Long-term Rating affirmed at 'B+', 'RR4' and Short-term Rating at 'B'

Diamond

- Long-term foreign currency IDR: affirmed at 'B'. Stable Outlook

- Short-term foreign currency IDR: affirmed at 'B'

- National Long-term rating: affirmed at 'BBB+(nga)'

- National Short-term rating: affirmed at 'F2(nga)'

- Viability Rating: affirmed at 'b-'

- Support Rating: affirmed at '4'

- Support Rating Floor: affirmed at 'B'

Union

- Long-term foreign currency IDR: downgraded to 'B' from 'B+'. Stable Outlook

- Short-term foreign currency IDR: affirmed at 'B'

- National Long-term rating: downgraded to BBB+(nga) from 'A+(nga)'

- National Short-term rating: downgraded to 'F2(nga) from 'F1(nga)'

- Viability Rating: upgraded to 'b-', from 'ccc'

- Support Rating: affirmed at '4'

- Support Rating Floor: revised to 'B' from 'B+'

Fidelity

- Long-term foreign currency IDR: affirmed at 'B'. Stable Outlook

- Short-term foreign currency IDR: affirmed at 'B'

- National Long-term rating: affirmed at 'BBB+(nga)'

- National Short-term rating: affirmed at 'F2(nga)'

- Viability Rating: affirmed at 'b-'

8 Jul 2013 14:38 EDT  PRESS RELEASE: Fitch Affirms 8 Nigerian Banks; -2-

- Support Rating: affirmed at '4'

- Support Rating Floor: affirmed at 'B'

- Senior unsecured notes: affirmed at 'B' /RR4

Stanbic IBTC

- National Long-term rating: affirmed at 'AAA(nga)'

- National Short-term rating: affirmed at 'F1+(nga)'

Contact:

- Primary Analyst

- Mahin Dissanayake

- Director

- +44 20 3530 1618

- Fitch Ratings Limited

- 30 North Colonnade

- London, E14 5GN

Secondary Analyst

- Bjorn Norrman (FBN, FBNH, Zenith, UBA, SIBTC and Diamond)

- Director

- +44 20 3530 1330

Secondary Analyst (Access, Access Finance, GTB, GTB Finance, Union and Fidelity)

- Analyst

- Andrew Parkinson

- Analyst

- +44 20 3530 1420

Committee Chairperson

- Eric Dupont

- Senior Director

- +33 1 4429 9131

Media Relations: Hannah Huntly, London, Tel: +44 20 3530 1153, Email: hannah.huntly@fitchratings.com.

Additional information is available at www.fitchratings.com.

Applicable criteria, 'Global Financial Institutions Rating Criteria', dated 15 August 2012, 'Evaluating Corporate Governance', dated 12 December 2012, 'National Ratings', dated 19 January 2011, 'Rating FI subsidiaries and holding companies' dated 10 August 2012 and 'Recovery Ratings for Financial Institutions' dated 15 August 2012 are available on www.fitchratings.com.

Note to Editors: Fitch's National ratings provide a relative measure of creditworthiness for rated entities in countries with relatively low international sovereign ratings and where there is demand for such ratings. The best risk within a country is rated 'AAA' and other credits are rated only relative to this risk. National ratings are designed for use mainly by local investors in local markets and are signified by the addition of an identifier for the country concerned, such as 'AAA(nga)' for National ratings in Nigeria. Specific letter grades are not therefore internationally comparable.

Applicable Criteria and Related Research:

- Global Financial Institutions Rating Criteria

- http://www.fitchratings.com/creditdesk/reports/report_frame.cfm?rpt_id=686181

- Evaluating Corporate Governance

- http://www.fitchratings.com/creditdesk/reports/report_frame.cfm?rpt_id=694649

- National Ratings Criteria

- http://www.fitchratings.com/creditdesk/reports/report_frame.cfm?rpt_id=595885

- Rating FI Subsidiaries and Holding Companies

- http://www.fitchratings.com/creditdesk/reports/report_frame.cfm?rpt_id=679209

- Recovery Ratings for Financial Institutions

- http://www.fitchratings.com/creditdesk/reports/report_frame.cfm?rpt_id=686295

Additional Disclosure

- Solicitation Status

- http://www.fitchratings.com/gws/en/disclosure/solicitation?pr_id=795785(""http://www.fitchratings.com/gws/en/disclosure/solicitation?pr_id=795785"")

- ALL FITCH CREDIT RATINGS ARE SUBJECT TO CERTAIN LIMITATIONS AND DISCLAIMERS. PLEASE READ THESE LIMITATIONS AND DISCLAIMERS BY FOLLOWING THIS LINK: HTTP://FITCHRATINGS.COM/UNDERSTANDINGCREDITRATINGS. IN ADDITION, RATING DEFINITIONS AND THE TERMS OF USE OF SUCH RATINGS ARE AVAILABLE ON THE AGENCY'S PUBLIC WEBSITE 'WWW.FITCHRATINGS.COM'. PUBLISHED RATINGS, CRITERIA AND METHODOLOGIES ARE AVAILABLE FROM THIS SITE AT ALL TIMES. FITCH'S CODE OF CONDUCT, CONFIDENTIALITY, CONFLICTS OF INTEREST, AFFILIATE FIREWALL, COMPLIANCE AND OTHER RELEVANT POLICIES AND PROCEDURES ARE ALSO AVAILABLE FROM THE 'CODE OF CONDUCT' SECTION OF THIS SITE. FITCH MAY HAVE PROVIDED ANOTHER PERMISSIBLE SERVICE TO THE RATED ENTITY OR ITS RELATED THIRD PARTIES. DETAILS OF THIS SERVICE FOR RATINGS FOR WHICH THE LEAD ANALYST IS BASED IN AN EU-REGISTERED ENTITY CAN BE FOUND ON THE ENTITY SUMMARY PAGE FOR THIS ISSUER ON THE FITCH WEBSITE.

(END) Dow Jones Newswires

July 08, 2013 14:38 ET (18:38 GMT)"
Nigerian naira at week high vs dlr on cbank  intervention ,2013-06-19,"LAGOS, June 19 (Reuters) - Nigeria's naira currency firmed against the dollar on the interbank market to its strongest level in more than a week on Thursday, after the central bankintervened in the market several times, traders said.

The naira closed at 159.90 to the dollar, a level last seen on June 10, when the local currency closed at 158.95 to the dollar, and firmer than the 160.1 to the dollar it closed at the previous day.

Dealers said demand for the dollar remained strong, while supply has been hit by foreign investors exiting the local bond market.

The naira surged late last year on dollar flows from offshore investors, after JP Morgan included local bonds in its index last October.

Traders said the naira should trade at stronger than 160 to the dollar in the near term, as long as the central bank is willing to defend the naira and oil prices remain relatively high.

On the official bi-weekly forex auction, the central bank sold $300 million at 155.75 to the dollar, the same amount and rate at the auction on Monday.

(Reporting by Oludare Mayowa; Editing by Tim Cocks)

NIGERIA-NAIRA/ | AFN | ABN | M | D | DNP"
Nigerian naira up 1.6 pct vs dlr on cbank  intervention ,2013-06-17,"LAGOS, June 17 (Reuters) - Nigeria's naira gained about 1.6 percent against the dollar on the interbank market on Monday, after the central bank sold substantial dollar amounts to some banks to support the local currency, traders said.

The naira closed at 160.1 to the dollar on the interbank, its strongest in almost one week, from 162.7 to the dollar it closed at on Friday.

The Nigerian naira closed at its lowest level in almost a year on Friday, as offshore investors continued to sell off local bonds and dollar supply from oil companies was too weak.

""The naira recovery was aided by large dollar sales by the central bank directly to some banks toward the close of market today,"" one dealer said.

Traders said a unit of France's Total sold $7 million and Italian ENI $6 million in the market.

At the official bi-weekly forex auction window, the central bank sold $300 million at 155.75 to the dollar, same amount and rate it sold at the previous auction on Wednesday.

Traders said demand for the dollar remained strong and hoped the central bank would be able to sustain its support for the naira.

""We see the naira edging back to its weak position unless the central bank sustained its intervention,"" another dealer said. (Reporting by Oludare Mayowa; Editing by Tim Cocks)

NIGERIA-NAIRA/ | AFN | ABN | M | D | DNP"
PRESS RELEASE: Fitch Assigns FBN Holdings Plc 'B' IDR,2013-05-17,"
 
 
The following is a press release from Fitch Ratings: 
 

Fitch Ratings-London-17 May 2013: Fitch Ratings has assigned FBN Holdings Plc (FBNH) a Long-term Issuer Default Rating (IDR) of 'B' and Short-term IDR of 'B'. The Outlook on the Long-term IDR is Stable. A full list of rating actions is at the end of this announcement.

The assignment of ratings to FBNH follows First Bank of Nigeria Plc's (now First Bank of Nigeria Limited, FBN) decision to adopt a holding company structure in line with new Central Bank of Nigeria (CBN) guidelines. Under the new structure FBNH has become the 100% holding company of FBN which consolidates the group's banking operations. FBNH's non-banking subsidiaries include the capital markets businesses, insurance subsidiaries and microfinance bank. Together, the non-banking subsidiaries accounted for about 11% of consolidated assets at end-2012.

KEY RATING DRIVERS - IDRS, VR AND NATIONAL RATINGS

- FBNH's IDRs and VR are driven by and equalised with the VR of its 100%-banking subsidiary, FBN. This is supported by consolidated supervision by the CBN, common branding and management across the group and low levels of double leverage at the holding company stand-alone level. FBNH's National Ratings are mapped from its Long-term IDR.

RATING SENSITIVITIES - IDRS, VR AND NATIONAL RATINGS

- FBNH's IDRs, VR and National Ratings are sensitive to a change in FBN's VR which could improve in the longer-term once loan growth stabilises, accompanied by consistent asset quality indicators and maintenance of high levels of liquidity and appropriate Fitch Core Capital ratios. Downward pressure is limited in the short-term following significantly improved asset quality due to intervention by the Asset Management Corporation of Nigeria (AMCON, a company tasked with cleaning up the non-performing loans in the sector) but could arise if loan impairment charges begin to have a significant impact on its long-term earnings and capitalisation following above sector-average credit growth in 2012.

KEY RATING DRIVERS AND SENSITIVITIES - SUPPORT RATING AND SUPPORT RATING FLOOR

- While support for FBNH from the authorities is possible, it has not been factored into Fitch's ratings. FBNH's Support Rating (SR) of '5' and Support Rating Floor (SRF) of 'NF' reflect the agency's view that while the authorities' propensity to support the banks in Nigeria remains high, the same level of support would not apply to holding companies.

The rating actions are as follows:

FBN Holdings Plc

- Long-term foreign currency IDR: assigned at 'B'. Stable Outlook

- Short-term foreign currency IDR: assigned at 'B'

- National Long-term rating: assigned at 'A(nga)'

- National Short-term rating: assigned at 'F1(nga)'

- Viability Rating: assigned at 'b'

- Support Rating: assigned at '5'

- Support Rating Floor: assigned at 'NF'

First Bank of Nigeria Limited

- Long-term foreign currency IDR: unaffected at 'B+'. Stable Outlook

- Short-term foreign currency IDR: unaffected at 'B'

- National Long-term rating: unaffected at 'A+(nga)'

- National Short-term rating: unaffected at 'F1(nga)'

- Viability Rating: unaffected at 'b'

- Support Rating: unaffected at '4'

- Support Rating Floor: unaffected at 'B+'

Contact:

Primary Analyst

- Mahin Dissanayake

- Director

- +44 20 3530 1618

- Fitch Ratings Limited

- 30 North Colonnade

- London E14 5GN

Secondary Analyst

- Bjorn Norrman

- Director

- +44 20 3530 1330

Committee Chairperson

- Philip Smith

- Senior Director

- +44 20 3530 1091

Media Relations: Hannah Huntly, London, Tel: +44 20 3530 1153, Email: hannah.huntly@fitchratings.com.

Additional information is available on www.fitchratings.com

Applicable criteria, 'Global Financial Institutions Rating Criteria', dated 15 August 2012, 'Rating FI Subsidiaries and Holding Companies', dated 10 August 2012, 'Evaluating Corporate Governance', dated 12 December 2012 and 'National Ratings', dated 19 January 2011 are available on www.fitchratings.com.

Note to Editors: Fitch's National ratings provide a relative measure of creditworthiness for rated entities in countries with relatively low international sovereign ratings and where there is demand for such ratings. The best risk within a country is rated 'AAA' and other credits are rated only relative to this risk. National ratings are designed for use mainly by local investors in local markets and are signified by the addition of an identifier for the country concerned, such as 'AAA(nga)' for National ratings in Nigeria. Specific letter grades are not therefore internationally comparable.

Applicable Criteria and Related Research

- Global Financial Institutions Rating Criteria

- http://www.fitchratings.com/creditdesk/reports/report_frame.cfm?rpt_id=686181

- Rating FI Subsidiaries and Holding Companies

- http://www.fitchratings.com/creditdesk/reports/report_frame.cfm?rpt_id=679209

- Evaluating Corporate Governance

- http://www.fitchratings.com/creditdesk/reports/report_frame.cfm?rpt_id=694649

- National Ratings Criteria

- http://www.fitchratings.com/creditdesk/reports/report_frame.cfm?rpt_id=595885

Additional Disclosure

- Solicitation Status

- http://www.fitchratings.com/gws/en/disclosure/solicitation?pr_id=791403(""http://www.fitchratings.com/gws/en/disclosure/solicitation?pr_id=791403"")

- ALL FITCH CREDIT RATINGS ARE SUBJECT TO CERTAIN LIMITATIONS AND DISCLAIMERS. PLEASE READ THESE LIMITATIONS AND DISCLAIMERS BY FOLLOWING THIS LINK: HTTP://FITCHRATINGS.COM/UNDERSTANDINGCREDITRATINGS. IN ADDITION, RATING DEFINITIONS AND THE TERMS OF USE OF SUCH RATINGS ARE AVAILABLE ON THE AGENCY'S PUBLIC WEBSITE 'WWW.FITCHRATINGS.COM'. PUBLISHED RATINGS, CRITERIA AND METHODOLOGIES ARE AVAILABLE FROM THIS SITE AT ALL TIMES. FITCH'S CODE OF CONDUCT, CONFIDENTIALITY, CONFLICTS OF INTEREST, AFFILIATE FIREWALL, COMPLIANCE AND OTHER RELEVANT POLICIES AND PROCEDURES ARE ALSO AVAILABLE FROM THE 'CODE OF CONDUCT' SECTION OF THIS SITE. FITCH MAY HAVE PROVIDED ANOTHER PERMISSIBLE SERVICE TO THE RATED ENTITY OR ITS RELATED THIRD PARTIES. DETAILS OF THIS SERVICE FOR RATINGS FOR WHICH THE LEAD ANALYST IS BASED IN AN EU-REGISTERED ENTITY CAN BE FOUND ON THE ENTITY SUMMARY PAGE FOR THIS ISSUER ON THE FITCH WEBSITE.

17 May 2013 09:36 EDT *DJ  Fitch Assigns FBN Holdings Plc 'B' IDR

(MORE TO FOLLOW) Dow Jones Newswires

May 17, 2013 09:36 ET (13:36 GMT)"
African Markets - Factors to watch on March 22,2013-03-22,"NAIROBI, March 22 (Reuters) - The following company announcements, scheduled economic indicators, debt and currency market moves and political events may affect African markets on Friday.

- - - - -

GLOBAL MARKETS

Asian shares hovered near their lowest in nearly three months on

Friday and the euro was under pressure as investors grew concerned

about a possible debt default by Cyprus and deteriorating economic

activity in the euro zone.

WORLD OIL PRICES

Brent crude held above $107 a barrel on Friday, but was still on

track for a second straight week of losses as Cyprus scrambled to

raise money to avert a financial meltdown that could disrupt the euro

zone's recovery and diminish its oil demand.

EMERGING MARKETS

For the top emerging markets news, double click on

AFRICA STOCKS

For the latest news on African stocks, click on

AFRICA CURRENCIES

Kenya's shilling is seen under pressure from market concerns about a

legal challenge to this month's presidential election and routine

end-month dollar demand, while central bank interventions are seen

keeping Nigeria's naira rangebound.

SOUTH AFRICA MARKETS

South African financial markets reopen on Friday after remaining

closed for a national holiday on Thursday.

NIGERIA POWER

All of the preferred bidders for the 15 electricity firms that

Nigeria is privatising met a deadline on Thursday to pay a quarter of

their bids, the government said, a milestone in the country's efforts

to end crippling power shortages.

NIGERIA OIL SAVINGS

Nigeria will make a second $1 billion withdrawal from its Excess

Crude Account (ECA) by next month to distribute to its three tiers of

government for projects, reducing its oil savings to $6.82 billion,

the state minister for finance said on Thursday.

NIGERIA ECOBANK SUSPENSION

Nigeria's stock market regulator said on Thursday it had suspended


Ecobank          from all capital market activities because of
irregularities surrounding a loan.                
KENYA MARKETS
The Kenyan shilling        edged down on Thursday as importers bought
dollars ahead of the usual month-end rush, while shares dipped for
the seventh straight session.                
KENYA T-BILLS
The weighted average yield on Kenya's benchmark 91-day Treasury bills
         rose to 10.318 percent at an oversubscribed sale on
Thursday from 10.097 percent at last week's sale, the central bank
said.                
GHANA STOCKS
The GSE Composite index extends its winning streak to nine
consecutive days as shares in banking, energy and consumer goods
stocks rally.                
IVORY COAST 
UK-based emerging markets power company Globeleq has begun
construction of a 139-megawatt expansion at its thermal power station
in Ivory Coast, the company said on Thursday.                


TANZANIA OIL RESERVES

Tanzania Petroleum Development Corporation is seeking oil products

for delivery over a one-year period to build a National Strategic

Petroleum Reserve, a tender document showed on Thursday.

UGANDA CURRENCY

The Ugandan shilling fell 0.4 percent against the dollar on

Wednesday, weakened by growing demand for the U.S. currency from

commercial banks and the manufacturing and energy sectors.

MAURITIUS TRADE

The Mauritius trade deficit narrowed 3.6 percent to 6.21 billion

Mauritius rupees ($199.36 million) in January from a year ago on


higher exports, official data showed on Thursday.                
SOUTH SUDAN OIL    
South Sudan said on Thursday it is pressing ahead with studies into
new oil pipelines to Kenya and Djibouti following a deal to restore
exports through onetime civil war foe Sudan.                
  For the latest precious metals report click on        
  For the latest base metals report click on         
  For the latest crude oil report click on       


AFRICA-FACTORS/ | AFN | RBN | ABN | E | D | M | RNP | DNP | PTD"
UPDATE 1- Nigeria  naira gains vs dlr after cenbank  intervention ,2013-03-15,"(Add background, details)

LAGOS, March 15 (Reuters) - Nigeria's naira strengthened 0.56 percent against the U.S dollar on the interbank market on Friday, after the central bank sold dollar directly to lenders to support the local currency, traders said.

The naira closed 158.70 to the dollar, compared with 159.60 the previous day.

The local unit had fallen to its weakest in more than seven months on Wednesday and fell further on Thursday due to demand pressure from importers and waning dollar supply from offshore investors buying local debt.

""The central bank intervened in the market today to save the naira from depreciating further,"" one dealer said.

The naira has been trading around 157 levels in recent months, supported by dollar flows from offshore investors buying government bonds, after JP Morgan included Nigeria's sovereign debt in its emerging market bond index in October.

But falling yields on local debt since then has made Nigerian bonds less attractive for foreign investors, thereby curbing the influx of dollars.

""The central bank's intervention in the market today signals a positive outlook for the naira. It shows that the regulator is willing to stop the rapid depreciation of the currency and ready to defend it,"" another dealer said.

(Reporting by Oludare Mayowa; Editing by Tim Cocks)

NIGERIA-NAIRA/ (UPDATE 1) | AFN | ABN | D | M | DNP"
RPT- Nigeria  naira surges vs dollar on Cbank  intervention ,2012-06-18,"(Repeats to add topic codes)

LAGOS, June 18 (Reuters) - The Nigerian naira rose to its highest level in three weeks against the U.S. dollar on the interbank market on Monday, after the central bank intervened in the market and speculation mounted of a planned dollar sale by the state oil firm.

The local currency closed at 161.45 to the dollar on the interbank market, the level last seen on June 4, and firmer than the 163.25 a dollar it closed at on Friday.

Dealers said the volatility continued intraday when the naira fell to as low as 163.90 before the central bank sold large dollars to some lenders, which provided support for the naira and calmed the market.

""The central bank's intervention did the magic to save the naira today otherwise, it would have crossed the 164 naira to the dollar mark,"" one dealer said.

""We also had the speculations that the NNPC will be selling dollar on Tuesday, which helped provide support.""

Traders said additional $13.7 million was sold by two oil companies, Addax and a unit of ExxonMobil, which also helped to lift the market.

The Nigerian currency has consistently weakened against the dollar in the last two months on the back of strong dollar demand, declining supply from multinational oil companies and mass exit of the local debt market by offshore investors fleeing to safe havens because of the Eurozone debt crisis.

""If the NNPC finally sells dollar in the market this week, we see the naira strengthening to around 160 to the dollar level,"" another dealer said.

(Reporting by Oludare Mayowa; Editing by Tim Cocks)

NIGERIA-NAIRA/  (REPEAT) | AFN | ABN | D | M | DNP"
UPDATE 1-Nigeria cbank takes new steps to stabilise naira,2011-10-21,"* Cbank says to sell dollars directly into market

* Banks' net open positions upped to 3 pct vs 1 pct

* Naira trade volatile, weakens on Friday

(Adds details, background, quote)

By Oludare Mayowa

LAGOS, Oct 21 (Reuters) - Nigeria's central bank said on Friday it will sell U.S. dollars both directly into the market and at auctions, while it lifted the amount of dollars banks' can hold in reserve, in a continued effort to stabilise the naira currency .

The regulator said it would raise the foreign exchange net open position limit banks can hold to 3 pct from 1 pct of shareholders' funds from Monday, less than two weeks after slashing limits to help protect the naira.

Net open position is the amount of dollars banks can hold relative to shareholders' funds. The central bank lowered it to 1 percent from 5 percent on Oct. 10 to free up dollar supply to the interbank market but traders complained the market was almost brought to a halt by the decision.

The move had curbed lenders ability to hold dollar reserves to meet customer needs, leading to volatile trading at the forex market. Some analysts said position limits at 1 percent could have negatively weighed on banks' revenues.

The central bank also said it will sell dollars directly into the interbank market and continue providing greenback at its official twice weekly auctions. It provides dollar liquidity to meet high demand and help support the naira.

""In the continuing effort to sustain stability in the foreign exchange market, the Central Bank of Nigeria shall from time to time intervene in the interbank market. This is in addition to (auctions),"" it said in a letter to banks.

The naira hit an all-time low against the dollar prior to an emergency central bank meeting last week as worsening global economic conditions curbed risk appetite and dollar demand from importers and speculators increased.

The naira has been volatile in thin trade this week. The local currency was trading at 159.30 to the dollar in the interbank market on Friday, weaker than 154.60 on Thursday but firmer than the record low of 167.80.

The central bank raised interest rates by 2.75 pct to 12 pct and implemented several other tightening measures to help protect the local currency at its emergency meeting on Oct. 10.

It has also been selling dollars at auction and directly into the market. It offered to sell $200 million to some lenders in a special forex intervention on Tuesday but later retracted the sale.

Dealers said the regulator sold $103.28 million at a cut-off rate of 150 naira to the dollar at an intervention on Thursday, helping to provide some liquidity in the market, which helped the naira to recover.

Traders said the central bank's latest interventions could help narrow the wide margin between official and interbank trading rates and reduce the volatility in the market.

(Writing by Joe Brock; editing by Ron Askew)

NIGERIA-CBANK/  (UPDATE 1)"
*DJ  Nigeria Central Bank  Head: Not  Intervening  Right Now On  Currency ,2011-09-22,"22 Sep 2011 11:39 EDT *DJ  Nigeria Central Bank Head: Still Expect Net Inflows Into Country

22 Sep 2011 12:25 EDT DJ  Nigeria Central Bank Governor Still Expects Inflows


 
   Anjali Cordeiro 
   Of DOW JONES NEWSWIRES 
 

NEW YORK (Dow Jones)--Despite growing turmoil in global financial markets, the head of Nigeria's central bank said his country still expects to see net inflows of money coming into the country and that it isn't intervening at the moment to shore up its currency.

Emerging market currencies have come under pressure, raising worries about big outflows from these countries and increasing the chances that central banks will have to intervene to stop their currencies from falling too much.

In the last few months, Nigeria has seen an increase in inflows, the central bank governor, Sanusi Lamido Sanusi, said. ""If that continues we are able to maintain exchange rates within our band without losing reserves,"" he said. Still, inflation remains a pressure in many emerging nations, including Nigeria.

The governor acknowledged the local inflationary and exchange rate pressures the country faces. ""We think it will be difficult to keep [inflation] in the single digits for a long time without further tightening,"" he said to reporters after a panel in Washington, adding that without tighter fiscal policy, monetary policy will have to be tighter.

-By Anjali Cordeiro; Dow Jones Newswires; 212-416-2200; anjali.cordeiro@dowjones.com

(END) Dow Jones Newswires

September 22, 2011 12:25 ET (16:25 GMT)"
African Markets - Factors to watch on Jan 21,2011-01-21,"Jan 21 (Reuters) - The following company announcements, scheduled economic indicators, debt and currency market moves and political events may affect African markets on Friday.

- - - - -

EVENTS

* Nigeria expected to launch its debut $500 million Eurobond after investor roadshows in United States and Europe.

* Central Bank of Uganda holds a news conference. The bank said on Wednesday it would adopt a more aggressive stance towards the shillings exchange rate versus the dollar after the local currency hit its fifth record low of 2011.

* Mauritius' central bank auctions Treasury bills of various maturities.

* Ugandan President Yoweri Museveni on second of a three-day state visit to South Africa.

- - - - - -

GLOBAL MARKETS

Asian stocks slipped and commodities paused on Friday after a recent selloff on worries that rising inflation may invite aggressive policy tightening and hurt growth in the world's engines like China and India. [ID:nTOE70K01I]

AFRICAN MARKETS

For all the latest news on African stocks click on [.J]

SOUTH AFRICA MARKETS

South Africa's rand went to a seven-week low against the greenback on Thursday, testing key technical levels on central bank dollar-buying, but recouped some of the losses after the Bank left interest rates unchanged. [ID:nLDE70J21H]

IVORY COAST CRISIS

Tougher action, possibly including force, is the only way to make Ivory Coast incumbent Laurent Gbagbo step down after mediation failed, rival presidential claimant Alassane Ouattara said on Thursday. [ID:nLDE70J1YU]

For more Ivory Coast stories, click on [ID:nCOC754498]

SOUTH SUDAN REFERENDUM

For stories on south Sudan's referendum, click on [ID:nLDE70708L]

AFRICA CURRENCIES

Ghana's cedi <GHS=> looks set to hit a lifetime low against the dollar next week, while Uganda's shilling <UGX=> should continue its rebound from an unprecedented slump that prompted stiff central bank intervention. [ID:nLDE70J1B0]

NIGERIA MARKETS

Nigeria's all-share index <.NGSEINDEX> rose for the second consecutive day, up 1 percent to 27,575 points with banks among the top gainers. The rise brought cumulative gains by the index since the start of the year to 10 percent.

Also, Nigeria sold 60 billion naira ($393 million) in 5-year and 3-year sovereign bonds <0#NGTSY=> at its first debt auction of the year, the Debt Management Office (DMO) said on Thursday. [ID:nLDE70J0Y7]

NIGERIA EUROBOND

Nigeria has issued guidance for its $500 million debut Eurobond indicating a yield of around 7 percent, higher than that of West African peer Ghana, market sources said on Thursday. [ID:nLDE70J1TI]

NIGERIA SPENDING

Nigerian President Goodluck Jonathan's top advisers on Thursday urged him to cut the rising cost of government by merging ministries and agencies, freeing up funds for development projects. [ID:nLDE70J26R]

NIGERIA RESERVES

Nigeria's central bank expects a drop in foreign reserves to end due to higher oil prices, tighter monetary policy, and stronger capital markets and sees no need to let the naira weaken, Governor Lamido Sanusi said. [ID:nLDE70J0WU]

KENYA MARKETS

The Nairobi Stock Exchange's benchmark NSE-20 share index <.NSE20> fell to its lowest level for 11 sessions, closing down 0.22 percent at 4,537.30 points. The broader all share index <.NASI> shed 0.14 percent to settle at 100.69 points.

The shilling <KES=> ended trade at 81.05/15, a touch weaker than Wednesday's close of 81.00/10.

Also, the yield on Kenya's 91-day Treasury bills inched up to 2.455 percent at auction, central bank said on Thursday, up from 2.409 percent at the previous sale. [ID:nLDE70J1N9]

KENYA SAFARICOM BOND

Safaricom's second tranche of its five-year medium-term note worth 4.5 billion shillings ($55.5 million) was fully subscribed, the Kenyan mobile phone operator's chief executive said on Thursday. [ID:nLDE70J0LF]

KENYA WIND POWER

Plans for a delayed 300 MW wind farm in Kenya can now proceed after lenders agreed to rely on the government's assurance that it backed the plan, instead of proper guarantees, the chairman of the project said. [ID:nLDE70J0AP]

MAURITIUS PRIVATE EQUITY

Mauritius private equity group Ciel Capital plans to venture into Kenya, east Africa's biggest economy, in the first half and is in talks with key players in various sectors, a senior partner said. [ID:nLDE70J0I0]

ZAMBIA CHINA INVESTMENT

Chinese investment in Zambia is expected to more than double to $2.4 billion in 2011, driven mainly by investments in mining and manufacturing, the southern African nation's trade minister said on Thursday. [ID:nLDE70J0U6]

COMMODITIES

For the latest precious metals report click on [GOL/]

For the latest base metals report click on [MET/L]

For the latest crude oil report click on [O/L]

MARKETS-AFRICA-FACTORS/|LANGEN|SF|AFN|ABN|E|RBN|M|D|C|GRO|MTL|SOF|RNP|DNP|PTD|PCM"
African Markets - Factors to watch on Jan 10,2011-01-10,"Jan 10 (Reuters) - The following company announcements, scheduled economic indicators, debt and currency market moves and political events may affect African markets on Monday.

- - - - -

GLOBAL MARKETS

Mounting fears over sovereign debt in the euro zone kept the euro tethered to four-month lows against the dollar on Monday, with investors nervous ahead of a flurry of bond sales from the region's weaker states. [ID:nTOE709019]

WORLD FOOD PRICES

The world's biggest economies are working to find ways to bring down soaring food prices, a G20 official said on Friday, as top exporter Thailand vowed to keep rice supply steady and avert a repeat of the 2008 food crisis. [ID:nL3E7C70I1]

For more on world food prices, click on [ID:nLDE7051AF]

AFRICAN MARKETS

For all the latest news on African stocks click on [.J]

SOUTH AFRICA MARKETS

South African resource-heavy stocks slipped on Friday as a stronger dollar induced investors to take profit from firmer lining shares. The rand reversed earlier losses against the greenback despite data showing the central bank took advantage of its gains in December to build up foreign currency reserves. [ID:nLDE7061HO]

NIGERIA POLITICS

Nigeria enters the most important three months of its recent political history this week, beginning elections which could chart its path for further reform or plunge its most volatile regions back into violence. [ID:nLDE70803R]

For more Nigeria politics stories, click on [ID:nLDE70101O]

SOUTH SUDAN REFERENDUM

Millions of jubilant south Sudanese voted on Sunday in an independence referendum which could cut Africa's biggest country in two and deprive the north of most of its lucrative oil. [ID:nMCD944984]

For more Sudan referendum stories, click on [ID:nLDE70708L]

IVORY COAST CRISIS

Nigeria's former President Olusegun Obasanjo ended a day of mediation in Ivory Coast's crisis on Sunday, saying he was optimistic it could be resolved but not ruling out military intervention to oust leader Laurent Gbagbo. [ID:nLDE7080HZ]

NIGERIA MARKETS

Nigeria's all-share index <.NGSEINDEX> ended a three-day rally on Friday, falling 1.26 percent to 26,168 points, dragged down by losses in banking, cement and telecoms stocks. [ID:nLDE7061II]

Nigeria plans to go ahead with its delayed $500 million debut Eurobond in two to three weeks and expects a bill to create a sovereign wealth fund to pass under the current administration, the finance minister said on Friday. [ID:nLDE7060JC]

KENYA MARKETS

The Kenyan shilling <KES=> weakened slightly against the dollar on Friday, while the stock exchange's main share index rose to a near two-month high on the back of gains that were led by banks. [ID:nLDE70611T]

Kenya's official usable foreign exchange reserves were unchanged last week at $3.466 billion. [ID:nLDE706159]

MAURITIUS BILLS

The weighted average yield on 91-day Treasury bills fell to 2.0 percent at auction on Friday. [ID:nLDE7060ZN]

ZAMBIA BILLS

The weighted average yield on 91-day Treasury bills fell to 7.27 percent at auction. [ID:nLDE7060BX]

COMMODITIES

For the latest precious metals report click on [GOL/]

For the latest base metals report click on [MET/L]

For the latest crude oil report click on [O/L]

MARKETS-AFRICA-FACTORS/|LANGEN|SF|AFN|ABN|E|RBN|M|D|C|GRO|MTL|SOF|RNP|DNP|PTD|PCM"
"Cedi seen easing next week, Kenya shilling up",2010-10-14,"NAIROBI, Oct 14 (Reuters) - Ghana's cedi and Nigeria's naira are likely to ease slightly next week, while Kenya's shilling should strengthen due to the start of regular year-end dollar inflows.

GHANA

The cedi <GHS=> is seen easing next week, mainly due to growing corporate demand for the dollar. It closed on Wednesday at 1.4265 to the dollar, easing from the week's support around 1.42.

""We expect the coming week's price action to be choppy with potential for the dollar to break higher,"" said Jacob Brobbey of Barclays Bank said.

Biggles Amponsah of Access Bank Ghana said the cedi could settle at around 1.4300 by the middle of next week.

""Next week may not be so favourable for the cedi, owing to growing demand for dollars, ....notably from the oil and gas sector,"" he said.

Ghana is on track to become a commercial oil producer by the end of this year. Amponsah said he expected any much further weakening of the cedi to trigger central bank intervention.

NIGERIA

The naira <NGN=D1> is likely to ease further next week, shrugging off central bank attempts to support the currency and calm the forex market by providing a platform for foreign exchange forwards.

""There is still much uncertainty in the market, and most importers are buying up dollars to ... hedge against future depreciation of the naira,"" one dealer said.

The local currency was trading at 152.36 to the dollar at 1204 GMT, firming slightly from its 152.47 close on Wednesday. State energy firm NNPC sold about $250 million to banks on Tuesday, some of which were delivered on Thursday.

KENYA

Kenya's shilling <KES=> is expected to strengthen against the dollar as traditional year-end inflows from the tourism, tea, coffee and horticulture sectors get under way. A strengthening euro would also underpin the local currency.

Commercial banks posted the shilling at 80.40/50 compared to last Thursday's close of 80.55/65.

Technical analysis showed support for the dollar at 80.15/20, analysts said. The shilling fell through 80.00 on Aug 12 when it closed at 80.25, a level it has not touched since then.

""If the euro continues to gain then we should see the shilling track it,"" said Kennedy Butiko, deputy head of treasury at Bank of Africa.

TANZANIA

Tanzania's shilling <TZS=> is likely to remain under pressure because of strong corporate dollar demand.

On Wednesday, commercial banks posted the currency at 1,500/1,505 compared with 1,485/1,490 last Thursday.

Traders predicted the shilling would trade in the 1,490-1,500 range in the coming days.

""Overall, we expect the weak shilling to remain at current levels,"" said Eric Chijoriga, a trader at National Bank of Commerce.

The central Bank of Tanzania traded $62.16 million on its Interbank Foreign Exchange Market in the week ended Tuesday, according to statistics on its website.

UGANDA

The Ugandan shilling <UGX=> is seen in a tight range against the dollar, with a slight weakening bias due to anticipated dollar demand from the energy sector, traders said.

Commercial banks posted the unit at 2,259/2,262 compared with last Thursday's close of 2,247/2,252.

""We expect demand to pick up next week from the energy sector so we are likely to see some slight depreciation of the shilling. We should see trade in the 2,250-2,265 range,"" said Faisal Bukenya, head of market-making at Barclays Uganda.

Currency traders on Monday agreed to reduce spreads from 10 shillings to 5 shillings because of market illiquidity.

""Interbank activity has picked up given the narrowing of the spreads, although real demand is still absent,"" Bukenya said.

Charts suggest dollar resistance around 2,275.

""It looks like demand for dollars is building up. We might see a stable shilling next week with demand and supply for dollars evenly matched"" said Lucas Ochieng head of treasury at Orient bank.

(Reporting by Kwasi Kpodo, Susan Nabadda, Fumbuka Ng'wanakilala, Richard Lough and Oludare Mayowa; Compiled by Ed Cropley; Editing by John Stonestreet)

AFRICA-CURRENCY/|LANGEN|ABN|M|D|AFN|SF|DNP"
African Markets - Factors to watch on Sept 20,2010-09-20,"Sept 20 (Reuters) - The following company announcements, scheduled economic indicators, debt and currency market moves and political events may affect African markets on Monday.

- - - -

EVENTS

* NAIROBI - Kenya's central bank chief Njuguna Ndung'u hosts a conference on how to extend insurance services to more people in east Africa's largest economy.

GLOBAL MARKETS

The dollar was on the defensive and gold held near a record high on Monday as possible further Federal Reserve moves to increase money supply weighed on the U.S. currency and boosted alternative assets. [ID:nSGE68J03X]

AFRICAN MARKETS

For all the latest news on African stocks click on [.J]

SOUTH AFRICA MARKETS

South Africa's rand steadied against the dollar on Friday, with dealers reluctant to take positions ahead of the weekend and a ruling ANC policy meeting that will discuss currency intervention next week. [ID:nLDE68G1KT]

NIGERIA MARKETS

Guaranty Trust Bank (GTBank) <GUARANT.LG> rose almost five percent after the Nigerian lender said it would divest all non-banking divisions in compliance with a new regulatory directive.

GTBank outperformed Nigeria's all-share index <.NGSEINDEX>, which ended broadly flat at 22,993.77 points.

NIGERIA ECONOMY

Nigeria's consumer inflation rose to 13.7 percent year-on-year in August from 13.0 percent the previous month, the National Bureau of Statistics said on Friday. [ID:nLDE68G1VS]

NIGERIA POLITICS

Nigeria's national security adviser has resigned to run against President Goodluck Jonathan in the ruling party primaries next month, raising the stakes ahead of presidential elections due in January. [ID:nLDE68I03B]

KENYA MARKETS

The Kenyan shilling <KES=> weakened against the dollar on Friday although traders saw the local currency's fundamentals remaining strong, while stocks gained in generally light trading. [ID:nLDE68G16C]

The east African nation's benchmark 20-share Index <.NSE20> closed up 0.19 percent at 4549.87 points, with a strong performance from the power sector. [ID:nLDE68G16C]

KENYA POWER

Trade unions have called off a strike set for Monday by workers at Kenya's sole power supplier after reaching a deal over most of their grievances, a power sector union leader said on Sunday. [ID:nLDE68I01T]

AFRICA BHARTI

Bharti Airtel has selected IBM to manage the computing technology and services running its newly acquired mobile networks in 16 African countries, the companies said on Friday. [ID:nSGE68G09I]

GHANA DEBT

The average weighted yield on Ghana's 91-day Treasury bill edged down to 12.54 percent from 12.60 percent on Friday. [ID:nLDE68G1W7]

ZAMBIA SPENDING

Zambia, Africa's top producer of copper, expects state spending to total 71.7 trillion kwacha ($15.54 bln) over the next three years, the nation's treasury said in a statement on Sunday. [ID:LDE68I09O]

MAURITIUS ECONOMY

Mauritius' current account deficit narrowed in the second quarter from a year earlier as a higher capital account surplus partly offset a wider trade deficit, the central bank said on Friday. [ID:nLDE68G17V]

MAURITIUS SUGAR

Mauritian sugar manufacturer and agricultural producer Savannah made a pretax loss of 44.1 million rupees ($1.4 million) in its last financial year, it reported on Friday, because of low sugar prices. [ID:nLDE68G1E2]

RWANDA ECONOMY

Consumer prices in Rwanda rose 1.04 percent in August from July, slowing the rate of deflation to 1.39 percent from 2.22 percent a month earlier, official data showed on Friday. [ID:nLDE68G0JO]

MAURITANIA SECURITY

Mauritanian military forces killed 12 members of al Qaeda's North African wing and suffered six fatalities in fighting along the border with Mali, the Defence Ministry said on Saturday. The clash is the latest sign of an escalation in the battle between Saharan countries and al Qaeda in the Islamic Maghreb (AQIM). [ID:nLDE68H03P]

For the top emerging markets news, double click on [nTOPEMRG]

COMMODITIES

For the latest precious metals report click on [GOL/]

For the latest base metals report click on [MET/L]

For the latest crude oil report click on [O/L]

MARKETS-AFRICA-FACTORS/|LANGEN|SF|AFN|ABN|E|RBN|M|D|C|GRO|MTL|SOF|RNP|DNP|PTD|PCM"
More turbulence in store for African  currencies ,2010-05-20,"*** Reuters has launched a new weekly report looking at short-term prospects for six African currencies, expanding its East African currency report to incorporate a weekly outlook for Nigeria, Zambia and Ghana.

NAIROBI, May 20 (Reuters) - International investor aversion to emerging market assets is likely to weigh on African currencies next week, though some may start to rebound after several days of heavy selling.

KENYA

The shilling <KES=> fell heavily this week, breaking the 79.00 mark against the dollar for the first time in more than a year on the back of continued concerns about the performance of the euro. It may hit 80.00 before starting to recoup losses.

""The euro woes are still bearing heavily on the performance of the shilling,"" said Chris Muiga, senior trader at Kenya Commercial Bank.

""It seems like we are headed towards 80. I think the next level is a taste of 80 before we see a reversal,"" said Solomon Alubala, trader at Co-operative Bank.

On Thursday, commercial banks were quoting the shilling at 79.10/20 compared to a Wednesday close of 79.15. It last traded at these levels in late April 2009.

UGANDA

Uganda's shilling <UGX=> hit a seven-month low this week due to concerns emanating from the euro zone, and demand for dollars from the energy sector.

The unit is expected to trade in a 2,180-2,200 range against the dollar over coming days, after closing at 2,215 on Wednesday. The previous Wednesday's close was 2,150.

""We may continue to see a weaker shilling though we expect some correction in the rates in the coming week as corporate demand eases next week,"" said Faisal Bukenya, head of market making at Barclays Bank Uganda.

Other traders said scant dollar flows into the market would continue to undermine the currency.

""The shilling is likely to shed more value in the days ahead. We anticipate a pick-up in corporate demand towards the end of the month,"" said another trader at a commercial bank.

Traders are also watching for Central bank intervention.

NIGERIA

The naira <NGN=D1> may buck the trend and firm against the dollar as traders anticipate huge dollar inflows from energy companies, including state oil firm NNPC.

It was trading at 151.77 to the dollar on Thursday, compared to 151.05 on Wednesday.

""We are anticipating month-end dollar sales by some energy companies, including NNPC, by next week which could ease pressure on demand,"" one dealer said.

Dealers said dollar demand remained strong.

GHANA

The cedi is seen trading in a narrow band of $1.41-$1.42 next week as the market focuses on prospects of oil revenues in late-2010 or early next year.

""That tends to offset the fundamentals,"" Samir Gadio of Rencap Securities said of expectations of revenues from the Jubilee oilfield, noting that otherwise Ghana would continue to run a relatively high current account deficit.

That deficit stood at around 8 percent of output by the end of 2009 but analysts say strong gold and cocoa prices and the impact of lower imports could help bring it down in 2010.

Sampson Akligoh of Accra-based Databank also saw the cedi underpinned in the medium-term and forecast a 1.5 percent appreciation against the dollar over the course of 2010.

Akligoh said that despite recent central bank moves to cut the prime rate to 15 percent, the yield on the three-year bond available to foreign investors remained sufficiently attractive to keep portfolio inflows buoyant.

ZAMBIA

The kwacha <ZMK=> is likely to strengthen after two weeks of foreigners dumping local treasury bills and buying dollars.

""We expect the kwacha to appreciate to around 4,900 in the coming week mainly because of profit taking ... after (the dollar) breached the psychological mark of 5,000,"" Finance Bank treasurer Miles Sampa said.

The unit, which tends to track world copper prices because of Zambia's heavy reliance on copper exports, hit 5,130 on May 7 after lurching outside a 4,600-4,700 trading range that has prevailed for most of the previous eight months.

TANZANIA

Commercial banks quoted the shilling <TZS=> at 1,440/1,448 on Thursday, compared with 1,420 at Wednesday's close after a turbulent trading session in which the unit fell as low as 1,470. Last Wednesday's close was 1,406/1,415.

Traders said the shilling could weaken further due to tight dollar supply, predicting a 1,470-1,500 range in the coming days.

""The shilling might depreciate even further next month with the absence of inflows from agriculture. The central bank has not been intervening aggressively in the market,"" said Esther Manase, a trader at Standard Chartered Bank Tanzania.

Between last Wednesday and Tuesday, the central Bank of Tanzania traded $17 million on its Interbank Foreign Exchange Market, according to statistics on its website.

AFRICA-CURRENCY/|LANGEN|Table|ABN|M|D|AFN|DNP"
Nigerian cbank will  intervene  in  fx  market if needed,2009-09-01,"ABUJA, Sept 1 (Reuters) - Nigeria's central bank said on Tuesday it would intervene in the forex market to mitigate volatility if needed but said it believed the exchange rate should essentially be market-driven.

""On foreign exchange, the policy stance remains that the exchange rate should be principally market-driven but interventions will be made to mitigate tendencies towards volatility and to counteract speculative attacks on the national currency,"" the monetary policy committee said in a statement. (For more Reuters Africa coverage and to have your say on the top issues, visit: http://af.reuters.com/(""http://af.reuters.com/"") ) (Reporting by Randy Fabi and Camillus Eboh; Writing by Nick Tattersall)

NIGERIA-CENTRALBANK/FOREX (URGENT)|LANGEN|AFN|ABN|M|E|RBN|D|RNP|DNP"
Nigerian interbank rates climb on  forex  purchases,2008-12-12,"LAGOS, Dec 12 (Reuters) - Nigerian interbank interest rates rose to 9.83 percent on average this week from 8.0 percent last week, driven partly by a large outflow to the purchase of forex, traders said on Friday.

The secured Open Buy Back (OBB) climbed from 7 percent to 9.00 percent, below the central bank's benchmark rate of 9.75 percent, overnight rose to 10 percent from 8.00 percent, while call closed at 10.5 percent compared 9.00 percent previously.

""Interest rates went up as a result of the outflows to the foreign exchange market where the central bank sold over $2 billion within two days,"" one dealer said.

Nigeria's central bank has consistently intervened in the forex market since last week Wednesday by selling dollars to retail banks to help stabilise the local currency, which has depreciated by about 10 percent in the last three weeks.

Bankers said the rates would have risen higher but for the inflow in repaid matured treasury bills which provided liquidity as many banks did not reinvest the funds in the bills.

""We believe that rates will remain stable next week because of the anticipated inflow of December budgetary allocations into the system,"" another banker said.

(Reporting by Oludare Mayowa)

NIGERIA-INTERBANK/|LANGEN|ABN|M|D|AFN|RBN|RNP|DNP|PTD|PMF"
UPDATE 2-Nigerian naira dips to 130 vs dlr as cbank  intervenes ,2008-12-05,"(Adds details, background)

LAGOS, Dec 5 (Reuters) - Nigeria's central bank sold $900 million to retail banks on Friday at its second intervention on the interbank foreign exchange market this week, allowing the naira to depreciate further against the U.S dollar.

Economists say it is in Nigeria's interests for the local currency to fall as the world's eighth-biggest oil exporter tries to mitigate the effects of lower global demand for crude, which is eating into its foreign earnings.

A weaker naira gives the government greater spending power in naira terms for every dollar earned, helping sub-Saharan Africa's second-biggest economy to manage a widening deficit.

But the speed of the depreciation in recent days -- around 10 percent since the middle of last week -- has unnerved Nigeria's interbank market, which has long been used to the naira trading in a tight band against the U.S. dollar.

""The central bank sold about $900.13 million to retail banks at a cut-off rate of 130 to the dollar,"" one dealer said.

Another dealer said the spread had been 130-131.50 naira, compared with a level of around 117 in the middle of last week.

The interbank market has effectively been frozen for three straight days after dollar supply all but dried up as the central bank pushes through the managed devaluation.

Dealers said Friday's dollar sales came too late in the day to kick-start trading and that banks had not been quoting any spreads throughout the day. Many banks bid unsuccessfully at below 130 to the dollar, traders said.

The Nigerian market will be closed on Monday and Tuesday for the Islamic holiday of Eid.

The regulator sold $180 million to one bank on Thursday at a rate of 128 to the dollar, considered too little to calm the market in the face of demand of around $2 billion.

It sold $180 million at its bi-weekly auction on Wednesday at 127-129 to the dollar compared to around 117 a week earlier.

Central Bank Governor Chukwuma Soludo told Reuters late on Wednesday that the regulator was willing to meet all demand for dollars at a market-determined exchange rate.

But the country's banks have appeared reluctant to buy dollars at the rates being offered by the central bank.

They are trying to protect themselves against a weaker naira in the medium-term by been shifting their balance sheets into dollars, further pushing up demand for the greenback and tightening the market, analysts say.

Some analysts have said they believe the central bank may have deliberately been restricting dollar supply to the market in order to flush out speculators and ascertain the true level of underlying demand.

Soludo said on Wednesday that those who had been speculating in the market would be ""made to pay a heavy price"". (Writing by Nick Tattersall; Editing by Ron Askew)

NIGERIA-FOREX/ (UPDATE 2)|LANGEN|ABN|M|E|RBN|D|O|OIL|C|GRO|MTL|SOF|G|AFN|AFA|CSA|LBY|RWSA|RWS|REULB|GNS|RNP|DNP|PGE|PCM|PEN"
UPDATE 2-Nigeria's  central bank  to act to stabilise naira,2008-12-04,"(Adds background)

LAGOS, Dec 3 (Reuters) - Nigeria's central bank will intervene in the foreign-exchange market from Thursday to ensure the naira's stability after the local currency fell sharply against the U.S. dollar, Governor Chukwuma Soludo said.

""We are ready to intervene in the market, beginning from tomorrow (Thursday). The central bank will meet all demand at the forex market at the market-determined exchange rate,"" Soludo told Reuters by telephone.

He said the central bank was ready to buy and sell as necessary.

The naira <NGN=> weakened close to 8 percent to almost 130 to the U.S. dollar on Tuesday as dealers digested the impact of a budget announcement by the president and reacted to what appeared to be a managed depreciation of the local currency.

Banks said no spreads were being quoted on Wednesday on the interbank market as dealers waited for clarity on the central bank's policy and as dollar supply all but dried up.

The central bank allowed the naira, broadly stable against the dollar for months, to depreciate further at its biweekly auction on Wednesday, selling at between 127-129 compared to around 118 on Monday and 116 a week ago.

It sold only $180 million on Wednesday and $100 million on Monday despite demand of about $2 billion, leaving banks scrambling for dollars from other sources.

Soludo blamed the naira's depreciation on speculators.

""Those who have been speculating in the market will be made to pay a heavy price for their actions,"" he said.

HURT BY DROP IN OIL DEMAND

President Umaru Yar'Adua proposed a 2.87 trillion naira ($24 billion) 2009 budget on Tuesday, a slight increase over actual spending this year despite lower world oil prices, and sought approval to breach a budget deficit target of 3 percent.

That highlighted concern that Nigeria's fiscal position had been impaired significantly by lower world oil demand and the central bank had decided to allow the naira to weaken.

Dealers said dollar demand was being driven by importers before the Christmas trading season as well as by portfolio investors who have been taking money out of Nigeria as the global credit crisis dampens appetite for risk.

It has also been fueled by banks, businesses and individuals -- worried by the long-term impact of falling oil prices on Nigeria's economy -- shifting their balance sheets out of naira into U.S. dollars.

One banking analyst said he thought the central bank may have deliberately restricted dollar supply to the market in order to flush out speculators and ascertain the true level of underlying demand. (Writing by Nick Tattersall; Editing by Jan Paschal)

NIGERIA-FOREX/ (UPDATE 2)|LANGEN|BNX|ABX|ABN|M|D|E|RBN|U|UKI|RNP|DNP"
UPDATE 4-Nigeria well placed to weather global crisis -cbank,2008-10-03,"(Adds comment from head of Oceanic Bank, paragraphs 14-15)

ABUJA, Oct 3 (Reuters) - Nigeria's financial markets are sufficiently liquid, its foreign currency reserves are safe and its banks' balance sheets are strong despite the global credit crisis, central bank governor Chukwuma Soludo said on Friday.

Global market turmoil has led institutional investors to dump perceived risk, dampening enthusiasm for emerging frontier markets like those in sub-Saharan Africa and leading to outflows of foreign capital from countries including Nigeria.

""We now begin to have cross-border contagion,"" Soludo told a conference in the capital Abuja attended by senior Nigerian bankers, government officials and guest speakers including former U.S. Treasury Secretary Lawrence Summers.

""Given the credit crunch in the advanced industrial world, several of the institutional investors from those markets began to pull out of our markets,"" he said.

The 10 trillion naira ($85 billion) Nigerian Stock Exchange <.LAGLG> has fallen by more than a third since early March to its lowest level in more than a year, although the decline comes against the backdrop of a dismal performance by its peers.

The emerging stocks benchmark <.MSCIEF> dropped to its lowest level since July 2006 on Friday.

But Soludo said the economic fundamentals in the world's eighth biggest oil exporter were sound and said he saw no immediate need for further regulatory intervention.

Nigeria's Monetary Policy Committee decided at an emergency meeting last month to cut its benchmark interest rate to 9.75 percent from 10.25 percent to provide more liquidity.

It also injected about 150 billion naira ($1.3 billion) into sub-Saharan Africa's second biggest economy by reducing the cash reserve requirement to 2 percent from 4 percent.

""We have taken a lot of action in terms of liquidity ... I believe the market is as liquid as it should be at a time like this,"" he told the meeting.

""Our doors are open, we are free and open to lend to the banks, our discount windows are open, our liquidity ratios are down, our monetary policy rate is down, the minimum cash reserve requirement is down,"" he said.

STRONG FUNDAMENTALS

What attracted foreign investors to Nigeria in the first place -- the sheer size of its economy meaning its financial markets were relatively liquid -- is also what could shield it from the worst of the global crisis, analysts say.

They say its banks should be well capitalised enough to cope with tightening global credit lines, while in the long term its stock market has enough domestic liquidity to shrug off the departure of some foreign investors.

Cecilia Ibru, head of Oceanic Bank , one of Nigeria's biggest, said foreign credit lines were still open.

""They are still lending to us because we are creating superior value here. We are in a period of growth,"" she said.

Soludo said Nigerian speculators and regulators had been panicked by the global environment, accelerating the stock market decline. But he told Reuters on the sidelines of the meeting that he believed it was bottoming out.

He said Nigeria's banks had strong balance sheets, were continuing to post profits, and were not under the sort of pressure seen in developed markets such as the United States.

Junior Finance Minister Remi Babalola also told Reuters on Friday that a series of measures to further instil confidence in the Nigerian economy would be announced before the end of the month, including ""close collaboration and meetings with banks and companies to ensure that they are not holding risky assets"".

President Umaru Yar'Adua painted a rosy economic picture in a state address to mark Independence Day on Wednesday, citing average growth of around 6.9 percent, single-digit inflation and foreign exchange reserves of $63 billion.

Soludo said core inflation, which excludes volatile food and energy prices, was running at an acceptable 3.9 percent and said Nigeria's foreign reserves were secure, despite fears they might be at risk from bank failures in the West.

""Our foreign reserves are safe. We have been very prudent in terms of where we put them, the institutions where they are,"" Soludo said.

(To see ""Foreign funds cut Nigeria exposure, impact limited - analysts"" click on [ID:nLU225464])

(Writing by Nick Tattersall; Editing by Ron Askew)

NIGERIA-FINANCIAL/CBANK (UPDATE 4, PICTURE)|LANGEN|ABN|M|E|RBN|D|AFN|SF|AFA|CSA|LBY|RWSA|RWS|REULB|GNS|G|O|OIL|RNP|DNP|PGE|PEN"
Nigerian naira firms vs dlr on cbank  intervention ,2008-05-06,"LAGOS, May 6 (Reuters) - The Nigerian naira <NGN=> firmed marginally to 117.92 against the dollar on the interbank market on Tuesday from 117.93 after the central bank intervened to ease a cash crunch in the system, traders said.

Bankers said the naira had depreciated to 118.50 against the greenback on Monday before it rebounded after the regulator sold $80 million to selected retail banks on Tuesday.

""The naira's gain was caused by the central bank's intervention to arrest the free-fall of the currency against the greenback,"" one dealer said.

The central bank suspended its twice-weekly forex auction in February and dollar inflows from other sources have taken a dip since mid-March due to a drop in bonds sold by the regulator, putting pressure on the naira, dealers said.

The naira was also hit by a drop in the month-end dollar sales by energy majors, they added.

""Most banks are now looking forward to the re-opening of the central bank's forex window to bridge the supply gap to enable them meet demand from their customers,"" another banker said.

Dealers said the naira should trade stable for the rest of the week if the central bank sustains its intervention in the market.

(Reporting by Oludare Mayowa)

NIGERIA-NAIRA/|LANGEN|ABN|M|D|AFN|DNP"
Nigerian naira slips vs dollar from 5-year high   ,2007-10-25,"LAGOS, Oct 25 (Reuters) - The Nigerian naira weakened to 121.50 per dollar <NGN=>on the interbank market on Thursday from a 5-year high of 118.50 on Wednesday, traders said.   

Bankers said the market was drained of excess liquidity after investors made purchases at an auction of sovereign bonds on Thursday and importers took advantage of the naira rally to buy more dollars.   

""The initial appreciation of the naira was due to massive dollar sales by some banks that needed naira cash to invest in bonds on behalf of their customers,"" one dealer said. ""Now that the auction is over, the gain is being reversed.""   

Nigeria auctioned a total of 42.81 billion naira in 3-year and 10-year sovereign bonds at par with 7.0 percent and 9.35 percent coupon respectively on Thursday, the Debt Management Office said.   

On Wednesday, the naira climbed to its strongest level in five years on a surge in dollar inflows from off-shore interests and some oil multinationals.   

As a consequence of the naira's recent steady rally against the dollar, the central bank has been forced to suspend its twice-weekly forex auction to commercial banks and has indicated it could intervene to slow the naira's rapid appreciation.   

Bankers predicted that the naira could remain stable at 121.50/122 per dollar in the weeks ahead on fears of a possible intervention by the central bank.   

NIGERIA-NAIRA/|LANGEN|AFN|ABN|M|D|RBN|RNP|DNP|PTD|PMF"
Nigerian cenbank  intervention  prompts naira gains  ,2006-09-28,"LAGOS, Sept 28 (Reuters) - Nigeria's central bank offered $300 million through a special foreign exchange auction on Thursday to satisfy surging demand from the interbank market, bank officials and traders said on Thursday.  

The special auction, the second in two weeks, came a day after the central bank sold $132.80 million at its regular twice-weekly auction to retail banks.  

Dealers said intervention by the central bank, coupled with dollar supply from some oil multinational firms, boosted the value of the naira <NGN=> to 128.40 compared to 128.50 to the dollar on Tuesday on the interbank market.  

Traders said the intervention was probably aimed at mopping up excess cash from the system in anticipation of an inflow of funds from the maturing of 55 billion naira worth of 3-year bonds due to take place on Saturday.  

But one central bank official said it was meant to satisfy a surging appetite for the dollar by dealing banks.  

""Although we have a duty to defend the value of the naira, this time we are satisfying the demand put up by banks at the auction,"" the official said, asking not to be named.  

On the black market, the naira was unchanged at 131 per dollar, dealers said.  

MARKETS-NIGERIA-NAIRA|LANGEN|ABN|M|D|RBN|AFN|RNP|DNP|PTD|PMF"
UPDATE 1- Nigeria  naira strengthens after  intervention ,2006-05-26," (updates with details and quotes)  

 LAGOS, May 26 (Reuters) - Nigeria's central bank intervened in the foreign exchange market on Friday, selling $118 million in a special auction to support the naira, traders said.   

 The naira strengthened to 128.65 to the dollar at the interbank market on Friday, reversing Thursday's depreciation which saw it drop to 128.80, they added.   

 Dealers said the market reacted to the increased supply of dollars immediately after the result of the auction was announced.  

 ""The intervention was meant to support the naira from further depreciation,"" one dealer said. ""The new dollar inflow would keep the naira stable for now.""  

 The central bank sold just $64.25 million at its regular Wednesday auction, versus an offer of $120 million, because many bids quoted by participating banks were at rates stronger than the central bank's established band.  

 The central bank is the largest supplier of dollars to the foreign exchange market in oil exporter Nigeria, because it is recycling dollar-demoninated oil receipts.  

 Demand for dollars is fuelled by a wide differential between the interbank market and black market, where some banks sell dollars at 143 naira.     

MARKETS-NIGERIA-INTERVENTION (UPDATE 1)|LANGEN|ABN|M|D|AFN|AFA|CSA|LBY|RWSA|RWS|REULB|GNS|RBN|RNP|DNP|PTD|PMF"
Nigerian naira strengthens to 129.57/$ at auction  ,2005-08-30,"LAGOS, Aug 30 (Reuters) - The Nigerian naira <NGN=> strengthened to 129.57 per dollar on Tuesday from 129.87 per dollar previously despite a surge in demand for dollars, the central bank said.  

Details of the twice-weekly auction released by the central bank showed that demand for the dollar rose to $143.69 million from $46.01 million on Thursday. The central bank said it sold $128.84 million to end-users through their banks, compared with $45.01 million previously.  

Nigeria, the world's eighth largest oil exporter, intervened on the foreign exchange market last Tuesday, offering $500 million in a special sale outside the twice-weekly auction system.  

The special auction, which was seen by industry official as preparatory to introducing a new foreign exchange policy next year, led to an appreciation in the value of the local currency across all segments of the market.  

On Tuesday, the naira also strengthened on the interbank market to 131.60 a dollar from 132.15, due to higher inflows from multinational oil firms, bankers said.  

Four oil companies sold about $70 million to selected banks between Thursday and Monday, dealers said. The naira remained unchanged on the black market, trading at 144 to the dollar.  

MARKETS-NIGERIA-NAIRA|LANGEN|ABN|M|D|AFN|RBN|RNP|DNP|PTD|PMF"
UPDATE 1- Nigeria  to  intervene  in  forex  from time to time- c.bank  ,2005-08-23,"(Updates with quotes)  

LAGOS, Aug 23 (Reuters) - Nigeria's unprecedented $500 million intervention in the foreign exchange market on Tuesday will drain excess liquidity and reduce the premium between interbank and official rates, the central bank governor said.  

The intervention will recur ""from time to time"" if the bank thinks that circumstances warrant, Governor Charles Soludo told Reuters.  

""It's an intervention policy designed to achieve multiple objectives: to shore up the foreign exchange market, to reduce the premium in the interbank and official rate, and also as a liquidity mop-up strategy,"" Soludo said after an economic conference in Lagos.  

""It's going to be happening from time to time if we think the circumstances warrant it.""  

Bankers said they thought the intervention, which prompted a sharp strengthening of the naira on the interbank market, was also a preparatory move ahead of an expected relaxation in 2006 of the highly controlled foreign exchange market.  

ECONOMY-NIGERIA-FOREX-SOLUDO (UPDATE 1)|LANGEN|AFN|ABN|M|D|DNP"
Nigerian naira firmer after Cen Bank  intervention . ,2000-07-21," LAGOS, July 21 (Reuters) - Nigeria's naira currency recovered lost ground against the U.S. dollar in the week to Friday, following spirited moves by the monetary authorities to halt its slide, banking officials said. 

 The officials said the naira exchanged at 106 to the dollar - against 110 last week. 

 ""The steps taken so far by the Central bank in the last one week to check the impact of excess liquidity in the system are now having some effects on the value of the naira,"" said Kunle Alake of Gateway Bank of Nigeria. 

 The naira slumped by nine percent in the past four weeks following a sharp demand for hard currency sending the money market into a turbulence and creating panic among local industries. 

 Industry officials attributed the demand to government budgetary allocations to its ministries and regional governments that had swelled commercial bank liquidity. 

 But the government ordered the ministries and state corporations on Wednesday to move their capital votes from commercial banks to the Central Bank. 

 The Central Bank on the other hand, mopped up over 70 billion naira from the system last week through the auction of government treasury bills. It also called for tenders from banks early this week for the auction of bills worth 121.9 billion naira. 

 ((Mike Oduniyi, Lagos newsroom tel: +234 1 263 3911))."
FEATURE - New Nigerian ruler faces reform dilemma. ,1999-05-24," LAGOS, May 24 (Reuters) - The man who did more than anyone to entrench state intervention in Nigeria's economy in the 1970s takes the presidency on Saturday, to the sound of incessant calls for liberal reform. 

 General Olusegun Obasanjo has little choice but to do something radical, given the economic mess he inherits after more than 15 years of corrupt military misrule in the oil-producing country of at least 108 million. 

 But the former army ruler is pulled in two directions. 

 Foreign creditors holding the key to debt relief want the sale of woefully run state enterprises and the scrapping of subsidies as well as independent monitoring of Nigeria's finances. 

 The feeling of many in the presidential camp is that Obasanjo - a down-to-earth farmer who delights in eating with his fingers - has the personal integrity to make sure state intervention is not misdirected this time round. 

 ""Obasanjo is a 'government can fix it' kind of guy,"" said Pat Utomi, Director of the Lagos Business School. 

 ""He means well, believes that government can actually fix those problems, but is going to find out quickly that government does not have enough resources to fix them. That will be the telling point,"" he told Reuters. 

 INDICATORS OF PAIN 

 Low crude prices and a last minute spending splurge by outgoing General Abdulsalami Abubakar's government, have cut foreign reserves to little more than $3 billion from $7 billion in late 1998. 

 Although some foreign exchange went to support the naira, the currency has dropped 20 percent on the open market this year. 

 The stock exchange index is at its lowest since 1995 and down 14 percent this year. 

 ""Oil prices have risen since March but even some of the remaining reserves are effectively accounted for by commitments. There is very little to play with,"" said one official. 

 In a few years, Nigeria may reap a fresh oil and gas bonanza from deep offshore waters far from the volatile Niger Delta region which currently pumps about 1.8 million barrels per day. 

 In the short term, Obasanjo has little more in his favour than foreign goodwill and the fear abroad that economic collapse would end Nigeria's latest attempt at democracy. 

 IMF KEEN TO DEAL 

 Despite Nigeria's failure to meet targets agreed with the International Monetary Fund (IMF) in January, the Fund hopes to negotiate a medium term programme with the new team to pave the way for short term loans and later debt relief. 

 But the creditors who could reschedule some of an estimated $30 billion debt want to see clear evidence that money is not being stolen or squandered. Some fear Obasanjo feels rescheduling is a right Nigeria has already earned. 

 Britain has promised help only if Nigeria agrees to outside monitors in the finance ministry and central bank. 

 ""Once you owe money, you lose an element of sovereignty. But I want to make it clear, that they cannot tell me what to do in Nigeria,"" Obasanjo told the debt campaign group Jubilee 2000. 

 PRIVATISATION ESSENTIAL FOR SUPPORT 

 Essential for Nigeria to win much outside support is the privatisation of scores of inefficient state enterprises that leave Nigerians short of fuel, power and communications and absorb an estimated $2 billion a year in subsidies. 

 Many of the firms are relics of an era when Obasanjo's last government - like many in Africa - began borrowing for prestige projects and sowed the seeds of later debt crisis. 

 Potentially the biggest privatisation is a sale of part of the state's average 57 percent stake in oil-producing joint ventures. A study by a U.S. bank suggested the sale of only six percent could bring in more than $2 billion. 

 Powerful vested interests have ensured that previous efforts at privatisation have done little more than create new committees and reams of paperwork headed for nowhere but the files. 

 ""Privatisation is essential. We're looking at a policy thrust in which we want to free this economy from the constraints that create opportunities for people to collect economic rent,"" said Utomi. 

 ""Perhaps we could still survive without, but life is not about surviving, it's about growth. We've got 65 percent of the population living below the poverty line. I don't know how that can be called surviving."" 

 (C) Reuters Limited 1999."
FOCUS-Nigeria ministries approve spending spree. ,1999-04-30," ABUJA, April 30 (Reuters) - Nigerian ministries plan to spend more than 60 billion naira ($630 million) on fresh projects in the dying days of the military administration, officials said on Friday. 

 The new commitments come despite a plunge in foreign reserves to less than $4 billion at the end of March from nearly $7 billion at the end of last year because of increased government spending and low earnings from oil, Nigeria's major export. 

 Government documents obtained by Reuters showed new spending was approved by 10 ministries after a single meeting on April 22. 

 The extra commitments are certain to annoy the incoming administration of President-elect General Olusegun Obasanjo, who is due to take office on May 29. 

 They will also worry donors, who are already concerned at the way foreign reserves have tumbled as the army prepares to bow out after 15 years of corruption-tainted rule in the country of 108 million. 

 ""Approval for the spending has been given, although funding has yet to be disbursed,"" one official told Reuters. 

 Among the funds approved after the April meeting were more than $250 million to improve radar coverage, more than $20 million for an aerial survey of Nigeria's mineral reserves, and money for roads, railways, power lines and new computers. 

 The meeting did not discuss the need for extra spending for Nigeria's involvement in the West African ECOMOG intervention force in Sierra Leone and for strengthening security in the restive oil-rich Niger Delta region. 

 ""This spending is the tip of an iceberg,"" said one analyst with close contacts to General Abdulsalami Abubakar's government. ""There will be very little money left to play with by the time Obasanjo takes office."" 

 Officials of Obasanjo's Peoples Democratic Party (PDP) reacted cautiously to news of the latest expenditure plans on Friday. 

 ""We're not in a position to ascertain such an amount will be spent and are rather hamstrung on making comments,"" Aniete Okon, PDP spokesman told Reuters. 

 ""But if it's true, then it's part of the continuing catalogue of questionable actions taken by the outgoing government,"" Okon added. 

 Abubakar is hailed at home and abroad for his personal determination to end military rule and embark on liberal economic reforms after assuming power following the death of corrupt dictator Sani Abacha last June. 

 But Abubakar's short-term economic record is clouded at home by severe pressure on the naira currency, which has forced the central bank to tighten liquidity and drive interest rates to 35 percent, the highest in more than a decade. 

 Ending 10 years of sour relations, the International Monetary Fund agreed a staff-monitored programme in January with the understanding that it could lead to a medium-term plan and possible debt relief and concessionary funding. 

 But as well as meeting targets on privatisation and financial stability, Nigeria must also prove it has tried to end its record of massive corruption and of spending on wasteful projects. 

 ($1=95 naira) REUTERS DLM. 

 (C) Reuters Limited 1999."
Nigerian naira steady on  central bank intervention . ,1999-01-29," LAGOS, Jan 29 (Reuters) - Central bank intervention has helped stabilise Nigeria's naira, but currency dealers said on Friday there was a limit to how long foreign reserves could last given low oil export prices. 

 On the parallel market the dollar sold for 94 naira, the same level as last week and compared to 97 naira two weeks ago. 

 At the central bank's weekly auction, demand for foreign exchange at 86 naira to the dollar rose to $97 million from $87 million last week - already more than the weekly amount budgeted by the central bank for interventions this year. 

 ""The long-term view is one of devaluation. The fundamental is still wrong,"" said one bank dealer, adding that if the military government kept to its spending plan before stepping down in May, the naira would come under greater pressure. 

 High foreign exchange demand three weeks ago in anticipation of a devaluation fell back after the central bank said it had budgeted $4.4 billion for intervention in 1999 and would defend the naira. 

 But dealers said the central bank was wildly optimistic in its prediction of receipts from private sources of $2.5 billion to fund the foreign exchange market with a further $1.9 billion from government. 

 ""The only alternative to devaluation is to use foreign reserves, which is politically popular but unwise in the long term if oil prices stay low,"" said one banker. 

 ((Paul Okolo, Lagos newsroom +234 1 2630317)). 

 (C) Reuters Limited 1999."
Nigeria  budgets $1.9 bln for  forex intervention . ,1999-01-05," ABUJA, Jan 5 (Reuters) - Nigeria's military government on Tuesday said it had budgeted $1.9 billion for foreign exchange intervention through the central bank against $2.5 billion the year before. 

 The central bank ran considerably above its 1998 provision for forex intervention to keep the naira currency steady at between 75 and 90 to the dollar despite the weakening of the currency on the parallel market. 

 ((Lagos newsroom +234 1 2630317)). 

 (C) Reuters Limited 1999."
Nigeria  over budget on exchange  intervention . ,1997-07-21," LAGOS, July 21 (Reuter) - Nigeria's central bank on Monday said it was over budget on sales of foreign exchange for the first six months of 1997 and had sold about $1.6 billion out of a total $2.72 billion allocated for the year. 

 But in the face of falling demand from customers, despite an appreciating naira currency, bank officials said they believed the target amount need not be breached by the end of the year. 

 Demand, which is used by the central bank to set the rate at which it sells foreign exchange, fell at last week's Thursday sale to $24.6 million from $36.5 million a week earlier. This was in spite of a strengthening of the naira to 83.5 to the dollar from 84 to the dollar the week before. 

 Bankers say that the central bank's demonstrated intention of strengthening the naira over recent weeks has helped dampen demand, as they wait to see at what level the currency will be allowed to settle. 

 But they say the main reason for low demand is that business has been badly hit by recession. 

 The recession is blamed by manufacturers and importers on government's reluctance to spend proceeds of crude oil exports locally out of fear of inflation and of weakening the naira. 

 Apparent victory in the war on inflation and the stabilisation of the naira are seen by supporters of military ruler General Sani Abacha as the prizes of tight fiscal policies since he took power in the economic and political chaos after the annulment of 1993 elections. 

 (c) Reuters Limited 1997"
Nigeria  moves to weekly  forex intervention . ,1996-05-22," LAGOS, May 22 (Reuter) - Nigeria changed to weekly from monthly intervention on its foreign exchange markets on Wednesday, the central bank said. 

 The Central Bank of Nigeria said the decision to intervene weekly on the Autonomous Foreign Exchange market points to currency stability and could eventually strengthen the naira. 

 ""It should remove speculative demand, and when there is no pressure to buy more than may be needed, it will further stabilise the naira,"" central bank spokesman Tony Ede told Reuters. 

 ""Eventually we would like to see the currency appreciate."" 

 A rate of 82.50 naira has been proposed to the 77 commercial and merchant banks bidding for foreign currency on Wednesday. 

 The central bank has not revealed the amount it will sell. 

 But some bankers worried whether the central bank would be able to meet weekly requirements. 

 ""If it removes speculative demand it removes unnecessarily inflated rates and also the need to borrow large sums of money monthly, so we save on the cost of borrowing,"" said one banker. 

 ""But I am not convinced the central bank has the ability to fund the operation on a weekly basis,"" he added. 

 The central bank is confident it can meet the demand. 

 ""We felt it is not necessary to state the amount we are offering because we have been able to meet demand since last year on the monthly basis and we are sure we will be able to supply whatever is required,"" said Ede. 

 Over the past year the naira has attained a stability unprecedented in Nigeria's recent past, hovering around 80 to 85 naira to the dollar. 

 This has helped to bring down inflation. Some estimates for annual inflation have gone from above 80 percent a year ago to less than 50 percent now. 

 Many economic operators hope intervention eventually strengthens the naira, a declared aim of the central bank. 

 ""We asked for more regular intervention but one would want to be sure that the amount on offer will be at least the same as it is now on the monthly basis,"" director-general of the Manuafacturers Association of Nigeria, Uzor Ekeke said. 

 ""Most of our members are reliant on imports for the local market, exports are small, so if the naira strengthened it would definitely be good for us,"" he added. 

 Ede said he could not disclose the rate which the central bank had in mind as a target value for the currency. 

 ""We are still going to follow the market,"" he said. 

 ""I think it would be good to see the interventions eventually leading to a rate of around 60 naira to the dollar,"" said one banker. 

 --Lagos newsroom +234 1 2630317 

 (c) Reuters Limited 1996"
Nigeria Central Bank  to  intervene  in  forex  market. ,1995-11-16," LAGOS, Nov 16 (Reuter) - Nigeria's Central Bank said it would intervene via auction in the foreign exchange market on Monday to shore up the naira currency. 

 It said in a statement that $100 million would be offered for sale at a rate of 85 naira to the dollar, and it listed about 70 banks selected to participate in the periodic auction. 

 The naira fell on Thursday to its lowest level this year on fears the hanging of nine rights activists last week will lead to international economic pressure on the country, dealers said. 

 Dealers said the naira had fallen to between 90 and 92 to the dollar in the autonomous market compared to the 80-85 level where it had been trading for most of the year. 

 ""The naira is responding to the situation in the country,"" said foreign exchange bureau operator Taiye Abiodun. 

 Nigeria has come under international condemnation since last Friday when the nine members of the Movement for the Survival of Ogoni Peoples (MOSOP), including its president, writer Ken Saro-Wiwa, were hanged. 

 Dozens of ambassadors were swiftly recalled from Lagos  and economic sanctions against the country were being discussed by the European Union. 

 Monday's auction of foreign exchange willl be the fourth by the Central Bank this year. 

 --Lagos newsroom +234 1 2630317 

 (c) Reuters Limited 1995"
Nigeria still hopeful of early deal with IMF. ,1995-05-22," ABUJA, May 22 (Reuter) - Nigeria will later this week begin talks with the IMF which it hopes will produce an early accord to pave way for negotiations with mainly western creditors for debt relief. 

 Nigeria's finance minister Anthony Ani said his government was still aiming to reach an agreement with the IMF and the World Bank on a ""home grown"" Medium Term Economic Adjustment Programme by the start of the third quarter of 1995. 

 ""We are still very optimistic because we are on course,"" he told Reuters in an interview on Monday. 

 Ani said he was confident that policy differences between Nigeria and the IMF could be iron out at the talks. 

 The start of the talks with a visiting IMF team has been shifted from Monday to May 27 because of the annual meeting of the African Development Bank in Abuja this week. 

 In its 1995 budget Nigeria's military government announced measures that took the country back along the path of free market reforms after a year of turning its back on IMF-backed reforms started by the previous administration in 1986. 

 International finance agencies have commended aspects of the 1995 budget, including the re-introduction of an autonomous foreign exchange market and the removal of laws that restricted inflow of foreign investment. 

 But they say the government needs to further liberalise the economy, including abolishing the official exchange rate of 22 naira to the dollar, a fraction of rates of about 83.50 naira to the dollar available in the autonomous market. 

 They also oppose the retention of a 21 percent ceiling on interest rates and apparent moves to take over privatised banks. 

 Ani said the official exchange rate exists only for internal accounting purposes and that the effective rate in the economy was that of the autonomous market. 

 He said the government aims for a unified rate and hoped to reach an agreement with IMF on a time-table for achieving this. 

 ""We hope to come to an agreement when this will cease. We are not going to have two rates for ever. We expect them to merge between now and the next 18 months,"" he said. 

 Ani said the government was looking at ways to make the central bank discount rate the focus of bank interest rates. 

 He added that the government would not allow a return to the 1993 situation when interest rates topped 100 percent. 

 ""We cannot allow a situation where banks move interest rates so that they adversely affect manufacturers and the economy."" 

 Ani said the government was still committed to the policy of privatisation began by the previous military administration in 1988 and suspended in January this year by the present regime. 

 ""We are not going back on the privatisation policies. Government is committed to privatisation,"" he said. 

 He said government plans to re-establish its presence in the country's four biggest banks, privatised between 1992 and 1993, does not involve re-nationalisation. 

 He said the decision to intervene in the First Bank of Nigeria, Union Bank, United Bank for Africa and Afribank was to prevent them being taken over by some people and then made distressed. He said 49 out of Nigeria 120 banks are distressed. 

 ""There are maneuvers now by certain individuals to hijack and take over the four banks,"" he said. 

 Ani said the operations of the four banks were too crucial to the economy for the government to allow them to be taken over by people who might run them to the ground. 

 He stressed that the state will not take over shares already issued or nationalise holdings of foreign shareholders. 

 The government is believed to be planning to buy unissued shares in these banks and raise their capital. 

 Ani said the government's Medium Term Adjustment Programme is an update of the programme worked out in 1993 by the then head of the Transitional Council, businessman Ernest Shonekan. 

 That three-year programme, which was never implemented, was was geared to achieving a 5.3 percent average real GDP annual growth rate, cut inflation to five percent, reduce fiscal deficit as a percentage of GDP to 3.3 percent. 

 (c) Reuters Limited 1995"
Nigeria confident about IMF talks. ,1995-05-22," ABUJA, May 22 (Reuter) - Nigeria said on Monday it was confident about reaching agreement with the International Monetary Fund (IMF) on a policy package that it hopes will open the way for negotiations with creditors on debt relief. 

 The optimism was voiced by Nigerian Finance Minister Anthony Ani ahead of talks starting this week with an IMF team. 

 Ani told Reuters the government still aimed to reach an accord with the Fund and the World Bank on the government's package, called the Medium Term Economic Adjustment Programme, by the start of the third quarter of 1995. 

 ""We are still very optimistic because we are on course."" 

 In its 1995 budget Nigeria's military government announced measures that took the country back towards free market reforms after a year of turning away from IMF-backed policies started by a previous administration in 1986. 

 International finance agencies have commended some aspects of the 1995 budget, including the re-introduction of an autonomous foreign exchange market and the removal of laws that restricted foreign investment. 

 But they say the government needs to liberalise further. Among other things it should abolish the official exchange rate of 22 naira to the dollar, which compares to a current rate of about 83.50 naira to the dollar in the autonomous market. 

 They also oppose the retention of a 21 percent ceiling on interest rates and apparent moves to take over privatised banks. 

 Ani said the official exchange rate existed only for internal accounting purposes and that the effective rate in the economy was that of the autonomous market. 

 He said the government aimed for a unified rate and hoped to agree with the IMF on a timetable for achieving this. 

 ""We are not going to have two rates for ever. We expect them to merge between now and the next 18 months,"" he said. 

 Ani said the government was looking at how to make the central bank discount rate the focus of bank interest rates. He added that the government would not allow a return to the 1993 situation when interest rates topped 100 percent. 

 ""We cannot allow a situation where banks move interest rates so that they adversely affect manufacturers and the economy."" 

 Ani said the government was still committed to privatisation, which was begun in 1988 and suspended in January this year. 

 ""We are not going back on the privatisation policies. Government is committed to privatisation,"" he said. 

 He said government plans to re-establish its presence in the country's four biggest banks, privatised between 1992 and 1993, did not involve re-nationalisation. 

 He said the decision to intervene in the First Bank of Nigeria, the Union Bank, the United Bank for Africa and Afribank was made to prevent them from being ""hijacked"". 

 He said the banks were too crucial to the economy for the government to allow them to be taken over by people who might run them into the ground. 

 Ani said the government's Medium Term Economic Adjustment Programme was an update of a 1993 that was not implemented. 

 That three-year programme was was geared to achieving a 5.3 percent GDP annual growth rate, cutting inflation to five percent and reducing the fiscal deficit as a percentage of GDP to 3.3 percent. 

 (c) Reuters Limited 1995"
Nigeria  central bank  cautious on  forex  policy. ,1995-02-16," LAGOS, Feb 16 (Reuter) - The central bank (CBN) will not intervene in Nigeria's newly legalised autonomous foreign exchange market until banks raise their quotes for official funds, the bank's spokesman said on Thursday. 

 ""The days of cheap foreign exchange are over. There is no more subsidised forex,"" CBN spokesman Tony Ede told Reuters. 

 He said daily exchange rates quoted by banks to the CBN have not so far reflected the state of the market. 

 ""The rates they are quoting for the dollar are too low. They are not the same rates as we know the banks are actually selling the currency,""  he said. 

 He did not say what rates banks have quoted the CBN. 

 Banks on Thursday quoted to the public a dollar selling rate of between 78 and 82 naira. 

 The dollar sold for about 105 naira in November before falling partly on anticipation of the announcment of the 1995 government budget. 

 The government, under pressure from local private sector groups and foreign creditors, in mid-January legalised the autonomous market after a year of imposing an officially set and highly subsidised fixed exchange rate regime. 

 Paul Ogwuma, CBN governor, said at a luncheon on Thursday Nigeria had become over-dependent on imported raw materials and finished goods. 

 ""This largely stems from the past misalignment of the naira exchange rate - which subsidised the consumption of foreign goods and services to the disadvantage of domestic production. 

 ""We are indeed hopeful that the new exchange rate policy, if sustained, shall compel the economy to look inwards for a change,"" he said. 

 The CBN has stopped its fortnightly forex sales to the public, saying it would intervene when it deems it necessary. 

 The autonomous market has not fully taken off partly because banks and their clients are waiting for the CBN to intervene and inject scarce hard currency into the system. 

 Many people believe the CBN will inject money into the system at rates below those of the free market. 

 It appears the central bank is also waiting for the market to come to terms with a CBN that seems committed to promoting free market forces after years of artificially propping up the naira. 

 ""We are waiting for them to understand the system. The market has not come to grips yet with the current reality. We are not getting the right signals,"" Ede said. 

 Under the new system the CBN when it intervenes will sell foreign exchange directly to end users through selected banks. 

 Managers at Nigeria's 116 commercial and merchant banks have been anxious to know what criteria the CBN will use to select the banks. 

 With the CBN controlling the bulk of the hard currency that is likely to be traded in the autonomous market, no bank wants to be left out of its list. 

 Ede said banks able to buy and sell at the highest rates stood the best chance. 

 ""We know the active banks in the market. We will look at their rates and sell through them to end users at the highest rates quoted by these banks,"" he said. 

 (c) Reuters Limited 1995"
"Nigeria  forex  market slow, awaits  central bank  move. ",1995-02-16," LAGOS, Feb 16 (Reuter) - Trading remains slow in Nigeria's newly legalised autonomous foreign exchange market as banks and their clients wait for the central bank to make its first intervention and inject scarce funds into the system. 

 ""We don't have funds to sell nor do we have buyers. People are anticipating a CBN (Central Bank of Nigeria) intervention anytime from now,"" a dealer in one of Nigeria's leading commercial banks said. 

 The naira now stands at about 82 to the dollar, barely changed from the week's start. 

 ""There has been little movement in the market because people are still waiting to see how the new system works,"" a forex dealer at another Lagos-based commercial bank said. 

 Many exporters remain reluctant to repatriate their hard currency proceeds through authorised banks because they are either awaiting better exchange rates or doubt the durability of the military government's new liberalisation move, bankers said. 

 The government, under pressure from local private sector groups and foreign creditors, legalised the autonomous market in mid-January after a year of imposing an officially set and highly subsidised fixed exchange rate regime. 

 Under the new system, banks and exchange bureaux are free to set market-determined rates. 

 The CBN has stopped its fortnightly forex sales to the public, saying it would intervene when it deemed necessary. 

 The CBN, whose funds account for the bulk of domestic foreign exchange supplies, has not had a formal sale since mid-December, though it has sold funds to some corporations. 

 Many manufacturers and other importers are waiting for Central Bank intervention before buying foreign exchange, assuming a CBN sale would strengthen the naira. 

 Some private sector groups have criticised the central bank for not pumping foreign exchange into the import-dependent economy until now. ""The CBN is just standing by watching. It should intervene now,"" Uzor Okeke, director-general of the Manufacturers Association of Nigeria (MAN) told Reuters. 

 He said the intervention should aim to strengthen the naira so that local production costs do not rise. 

 Uncertainty in the financial sector and delays in the issue of new import tariffs were hampering productive activity, Okeke said. ""Companies haven't started importing. They are still using stocks which will run out.It is a dangerous situation,"" he said. 

 --Lagos newsroom +234 1 2630317 

 (c) Reuters Limited 1995"
Nigeria's  forex  decision seen ruining some banks. ,1995-02-10," LAGOS, Feb 10 (Reuter) - The Central Bank of Nigeria (CBN) said on Friday it would sell hard currency directly to end users through selected banks when it intervenes in Nigeria's newly legalised autonomous foreign exchange market. 

 The CBN, issuing guidelines on mechanisms of a liberalised foreign exchange market announced by the government last month, said the selected banks may charge transaction fees and commissions. 

 Bankers in Lagos, Nigeria's financial hub, said the decision to use only some banks to sell scarce hard currency was likely to lead to the collapse of some of the other banks. 

 ""If they insist on selling foreign exchange only through some banks we will surely see many bank failures this year,"" said a forex dealer in one of the country's top three banks. 

 ""There is going to be a massive movement of naira out of banks that don't qualify to sell government funds,"" he said. 

 Banks are anxious to be among those chosen by the CBN beause official funds, mainly oil export earnings, account for the bulk of money likely to be traded in the market. 

 ""Right now every bank wants to know what criteria CBN will use to select the banks it will do business with,"" said a Lagos-based commercial banker. ""There is going to be a mad rush to be one of the chosen ones."" 

Foreign exchange dealing is the main source of profit for banks in Nigeria's import-dependent economy. 

 Bankers said the CBN may decide not to sell foreign exchange through financially-distressed banks. 

 CBN officials say 36 out of Nigeria's 116 commercial and merchant banks are distressed but decline to name them. 

 Last year the CBN liquidated four banks because their financial situation were considered irreparable. 

 ""The new foreign exchange system will quicken the death of distressed banks,"" said a manager at a merchant bank. 

 The CBN said it would intervene in the autonomous forex market when it deems necessary, ""giving only short notice of such intervention"". It said it would buy at the current autonomous selling rate in the market. 

 The dollar sold for as high as 82 naira on Friday compared to 78 naira on Monday. 

 Volume of transactions in the autonomous market remains small as people wait for the new system to show how it works and for the CBN to pump funds into the market. 

 All individuals, private sector operators and state-run companies operating on a commercial basis must now buy their foreign exchange from the autonomous market. 

 The government still maintains an official exchange rate of 22 naira to the dollar but that rate applies only to certain government transactions. 

 Private sector groups have said the two-tier system is open to abuse as officials with access to subsidised hard currency may be tempted to divert to the autonomous market. 

 (c) Reuters Limited 1995"
Nigeria's  forex  move may ruin some banks - bankers. ,1995-02-10," LAGOS, Feb 10 (Reuter) - The central bank's decision to sell scarce foreign exchange to the public through selected banks is likely to lead to the collapse of some of Nigeria's banks who are not chosen, bankers said. 

 ""If they insist on selling foreign exchange only through some banks we will surely see many bank failures this year,"" said a forex dealer in one of the country's top three banks. 

 The central bank (CBN) said in guidelines issued on Friday that it would sell hard currency directly to end users through selected banks when it intervenes in the newly legalised autonomous foreign exchange market. 

 It said banks not chosen could still take part in the autonomous market which also gets funds from the private sector. 

 With official funds accounting for the bulk of money likely to be traded in the market, banks are anxious to be among those chosen by the CBN. 

 ""Right now every bank wants to know what criteria CBN will use to select the banks it will do business with,"" said a Lagos-based commercial banker. ""There is going to be a mad rush to be one of the chosen ones,"" he added. 

Foreign exchange dealing is the main business of banks in this import-dependent economy. 

 ""There is going to be a massive movement of naira out of banks that don't qualify to sell government funds,"" said the forex dealer. 

 Bankers say the CBN may decide not to sell foreign exchange through financially-distressed banks. 

 CBN officials say 36 out of Nigeria's 116 commercial and merchant banks are distressed but decline to name them. 

 Last year the CBN liquidated four banks because their financial situation were considered irreparable. 

 ""The new foreign exchange system will quicken the death of distressed banks,"" said a manager with a merchant bank. 

 The CBN guidelines, which had been anxiously awaited by banks, said central bank intervention in the autonomous forex market shall be ""when considered necessary giving only short notice of such intervention."" 

 ""The Central Bank of Nigeria shall sell foreign exchange at the current autonomous selling rate in the market,"" it said. 

 --Lagos newsroom +234 1 2630317 

 (c) Reuters Limited 1995"
Nigerian banks to sell  forex  directly to end users. ,1995-02-10," LAGOS, Feb 10 (Reuter) - The Central Bank of Nigeria (CBN) said it will sell hard currency directly to end users when it intervenes in the newly legalised autonomous foreign exchange market. 

 It said in guidelines on the liberalised foreign exchange market announced by the government last month that it would sell funds to end users through selected banks who may charge transaction charges and commission but not a spread. 

 The guidelines did not say what criteria would be used to select the banks. 

 Nigeria's 116 commercial and merchant banks have anxiously waited for the CBN to spell out how it planned to intervene in the autonomous market. 

 The CBN said the intervention shall be ""when considered necessary giving only short notice of such intervention."" 

 ""The Central Bank of Nigeria shall sell foreign exchange at the current autonomous selling rate in the market,"" it said. 

 The CBN earlier this week issued and later withdrew guidelines which said it would sell forex at the highest interbank rates. 

 Friday's guidelines said banks must submit to CBN summaries of their client's applications for foreign exchange within 48 hours from the time of notification of intervention by the CBN. 

 --Lagos newsroom +234 1 2630317 

 (c) Reuters Limited 1995"
Nigeria aims to make naira convertible  currency . ,1995-01-24," LAGOS, Jan 24 (Reuter) - The Central Bank of Nigeria (CBN) said it was working towards making the naira a convertible currency. 

 ""The major policy goal for 1995 is the deliberate build-up and strengthening of external reserves to enhance confidence in the Nigerian economy, strengthen the naira and pave the way for its ultimate convertibility,"" CBN governor Paul Ogwuma told a rare news conference in Lagos. 

 Nigeria's external reserves last July stood at $669 million, barely enough to pay for six weeks worth of imports. The government on January 14 legalised the foreign exchange market in a move back to free market reforms abandoned a year ago. 

 Ogwuma said the government's 1994 policy of fixing the exchange rate at 22 naira to the dollar, a fraction of rates in the parallel market, had not worked. 

 ""In the area of foreign exchange management, lessons of experience have clearly shown that the regime of fixed exchange rates that was pursued in 1994 did not achieve the intended policy objectives,"" he said. 

 The government fixed the exchange rate in a bid to strengthen the naira which in 1985 was worth more than a dollar. 

 Under the new system the interbank market is free to operate rates mutually agreed between buyers and sellers. 

 The central bank has stopped its fortnightly forex sales and says it will instead intervene periodically in the autonomous market by selling and buying foreign exchange at market rates. 

 There has been few transactions in the autonomous market as banks wait for the CBN to sell them scarce hard currency. 

 Official foreign exchange earnings, mainly from crude oil exports, account for the bulk of Nigeria's hard currency inflow. 

 Ogwuma said the CBN would intervene in the autonomous market having conducted a survey of banks' buying and selling rates as well as their foreign exchange requirements. The CBN did not expect demand for its hard currency to be as high as it was last year when it sold funds at highly subsidised official rates. 

 The increased cost of hard currency will force importers to seek local substitutes for imported production inputs, he said. 

 ""The demand for foreign exchange is well within our means to meet,"" he said. ""Most of the people who demanded dollars last year are going to be looking inwards this year,"" he said. 

 The government still maintains an official exchange rate of 22 naira to the dollar, but that rate applies to a limited number of government transactions. 

 All individuals, private sector operators and government parastatals run on commercial basis must buy their foreign exchange from the autonomous market where the dollar now sells at well above 70 naira. 

 Bankers say the two-tier foreign exchange system is open to abuse as officials with access to subsidised hard currency may be tempted to divert to to the autonomous market. 

 Ogwuma said the government would take steps to prevent the occurance of this practice reputed to have made some well placed people rich in the past. 

 ""What the government is going to do is to ensure there is no round-tripping,"" he said. 

 --Lagos newsroom +234 1 2630317 

 (c) Reuters Limited 1995"
