title,date,text
"UPDATE 1- Currency intervention  costly and inefficient,  Norway  c.bank chief says",2023-05-09,"(Updates with comment on currency intervention, quote)

OSLO, May 9 (Reuters) -

Currency market intervention is costly and unlikely to be an efficient policy tool over time, Norway's central bank Governor Ida Wolden Bache told a hearing in parliament on Tuesday.

""Historical experience... shows that currency interventions to secure a certain level of the currency are costly and not very efficient over time,"" Bache said.

Norway's floating currency exchange rate allows the country to set policy interest rates at levels that are the most appropriate for the economic outlook, she said.

Norges Bank

last intervened

in the currency market to support the crown in March 2020 to counter a slump during the early stage of the COVID-19 pandemic.

Bache reiterated that Norges Bank's currency transactions on behalf of the government and the sovereign wealth fund are not part of the country's monetary policy. (Reporting by Terje Solsvik, editing by Anna Ringstrom) 

Released: 2023-5-9T10:05:35.000Z"
FOREX -Yen rallies after Japan  intervenes  with first support since 1998,2022-09-22,"

        * 
      ""We have taken decisive action,"" says Japan's Kanda 
    

        * 
      Dollar still up 23% despite Japan intervention
    

        * 
      Sterling, Swiss franc, Norway's crown slide after rate hikes 
    

        * 
      Dollar hits new multi-year high vs sterling, euro
    

  
 (New throughout, updates prices, market activity and comments)
    By Gertrude Chavez-Dreyfuss and Alun John
       NEW YORK/LONDON, Sept 22 (Reuters) - The Japanese yen soared across the board on Thursday after
monetary authorities intervened in the foreign exchange market to boost the battered currency for the first
time since 1998, although analysts said Japan may struggle to keep the yen strong.
    The dollar was last down 1.2% at 142.33 yen. It hit a low of 140.31 after the intervention,
having earlier reached a fresh 24-year peak of 145.9 yen. The spread between the day's high and low for the
pair was the widest since June 2016. 
    North American traders cautiously pushed the dollar higher against the yen after Japan stepped in, but
for now, few are challenging Japan's action.
        ""The market is nervous,"" said Steven Englander, head of global G10 FX research and North America
macro strategy at Standard Chartered in New York. 
  
        ""There is a risk that Japan becomes a permanent presence in the market for intervention to be
successful. Not that Japan has to step in everyday, but the market has to be afraid of intervention,"" he
added.
  
    The euro, pound, Swiss franc, the Australian and New Zealand dollars, among others, also plunged against
the yen. 
    ""We have taken decisive action,"" Japan's Vice Finance Minister for international affairs Masato Kanda
told reporters, responding in the affirmative when asked if that meant intervention.
    Confirmation of the intervention came just hours after the BOJ decided to maintain low interest rates to
support the country's fragile economic recovery.
    BOJ Governor Haruhiko Kuroda told reporters the central bank could hold off on hiking rates or changing
its dovish policy guidance for years.
    In contrast, central banks around the world, most notably the Federal Reserve, are raising rates
aggressively and the policy divergence has weighed on the yen. 
    However, analysts said Japan can't keep propping up the currency on a sustained basis.
    ""Over the next three to six months or possibly even longer, as long as those diverging paths of monetary
policy are still in place and those differences persist, you'll continue to see a weaker yen,"" said Brendan
McKenna, international economist and FX Strategist at Wells Fargo Securities. 
    Even after Thursday's moves, the dollar is still up 23.6% against the yen so far this year, on track for
its largest yearly percentage gain in 43 years.
    CENTRAL BANK BONANZA 
    In a busy day for markets, the pound pared the small advance it had made in London trading after the
Bank of England raised interest rates by 50 basis points. 
    The hike was in line with expectations, although markets had been pricing in a small chance of a larger
75 bp move. 
    Sterling was last down 0.2% at $1.1251, not too far from a fresh 37-year low of $1.1213, hit in
Asia trading. 
    The euro was little changed at $0.9832, recovering from a new 20-year trough of $0.9807 hit
earlier in the global session.
    The dollar index, which measures the greenback's value against a basket of six  major currencies,
slipped 0.1% to 111.32, sliding from a 20-year high of 111.81 hit early in the day following the conclusion
of the Fed's policy meeting on Wednesday. 
     The Fed issued new projections showing rates peaking at 4.6% next year with no cuts until 2024. It
raised its target interest rate range by another 75 basis points (bps) overnight to 3%-3.25%, as widely
expected. 
    The dollar was already supported by demand for safe-haven assets after Russian President Vladimir Putin
announced on Wednesday he would call up reservists to fight in Ukraine.
    Separately, the Swiss franc tumbled after Switzerland's central bank raised rates by 75 bps, when some
had talked up the possibility of a full percentage point move. 
    The dollar and euro both climbed roughly 1.2% against the franc, with the greenback last at 0.9783
francs and the euro at 0.9619 francs. 
    The Norwegian crown eased against the euro and dollar after the country's central bank hiked interest
rates by an expected 50 bps, and signalled a more gradual approach to tightening ahead. 
    The euro was last up 0.5% at 10.2203 crowns, while dollar rose 0.3% to 10.3955.
        ========================================================
    Currency bid prices at 3:04PM (1904 GMT)
 Description      RIC         Last           U.S. Close  Pct Change     YTD Pct       High Bid    Low Bid
                                              Previous                   Change                   
                                              Session                                             
 Dollar index                 111.2800       111.4700    -0.15%         16.325%       +111.8100   +110.4600
 Euro/Dollar                  $0.9835        $0.9838     -0.01%         -13.47%       +$0.9908    +$0.9807
 Dollar/Yen                   142.4400       144.1050    -1.16%         +23.72%       +145.8900   +140.3100
 Euro/Yen                     140.09         141.73      -1.16%         +7.50%        +143.7000   +138.7200
 Dollar/Swiss                 0.9787         0.9663      +1.30%         +7.32%        +0.9849     +0.9622
 Sterling/Dollar              $1.1255        $1.1270     -0.11%         -16.76%       +$1.1363    +$1.1213
 Dollar/Canadian              1.3487         1.3466      +0.16%         +6.68%        +1.3544     +1.3410
 Aussie/Dollar                $0.6643        $0.6633     +0.18%         -8.58%        +$0.6670    +$0.6574
 Euro/Swiss                   0.9624         0.9507      +1.23%         -7.18%        +0.9715     +0.9468
 Euro/Sterling                0.8736         0.8729      +0.08%         +4.00%        +0.8759     +0.8692
 NZ                           $0.5843        $0.5853     -0.16%         -14.62%       +$0.5887    +$0.5806
 Dollar/Dollar                                                                                    
 Dollar/Norway                10.3970        10.3560     +0.34%         +17.96%       +10.4330    +10.2930
 Euro/Norway                  10.2318        10.1766     +0.54%         +2.19%        +10.2519    +10.1386
 Dollar/Sweden                11.0681        11.0627     -0.14%         +22.74%       +11.1375    +10.9718
 Euro/Sweden                  10.8611        10.8759     -0.14%         +6.13%        +10.9290    +10.8530
    
 (Reporting by Gertrude Chavez-Dreyfuss in New York and Alun John in London; Additional reporting by Bansari
Mayur Kamdar in Bengalaru and Harry Robertson in London, Kevin Buckland in Tokyo; Editing by Kirsten
Donovan)

Released: 2022-9-22T20:41:37.000Z"
UPDATE 2-Norway  central bank  to buy more foreign  currency  for wealth fund,2022-08-31,"(Adds Nordea comment, more background)

OSLO, Aug 31 (Reuters) - Norway's central bank said on Wednesday it would sharply increase its purchase of foreign currency for its sovereign wealth fund in September, amid a surge in the country's oil and gas revenues.

Norges Bank plans to exchange 3.5 billion Norwegian crowns ($355.41 million) per day into foreign currency, up from 1.5 billion per day in August, which will in turn be invested abroad by the $1.2 trillion wealth fund, already the world's largest.

DNB Markets had predicted in advance that Norges bank would increase the daily purchases to 2.5 billion Norwegian crowns.

The crown currency weakened on the news, falling to 9.90 against the euro at 0926 GMT from 9.82 just ahead of the announcement.

""This large shift points toward a weaker NOK ahead,"" said Nordea Markets, adding that the increase in currency purchase would also alleviate upward pressure on Norwegian interbank interest rates.

The crown may also in the time ahead be hit by stock market weakness, said Nordea, forecasting an exchange rate of 10.3 crowns per euro by year-end.

This year's spike in the price of petroleum, Norway's main export, has led to a big inflow of tax revenues that exceeded government spending.

Economists have said that a larger purchase of foreign exchange, and thus larger sales volumes of crowns, may weaken the Norwegian currency.

Norges Bank says its transactions are conducted for fiscal reasons on behalf of the state, and are not to be regarded as market intervention.

Norway is western Europe's largest oil and gas producer, with daily output of more than 4 million barrels of oil equivalent. ($1 = 9.8477 Norwegian crowns) (Reporting by Terje Solsvik, Editing by Stine Jacobsen and Gareth Jones) 

Released: 2022-8-31T10:35:23.000Z"
BUZZ- Norway 's plans are equivalent to massive  FX intervention ,2022-03-31,"* Norway central bank to buy currency for wealth fund

* Plans to exchange 2 billion crowns ($231.9 mln) daily into foreign currency

* In three months Norway will match SNB's bigger Q4 intervention

* If maintained this is roughly $55 billion of FX purchased in next 12 months

* NOK is a relatively illiquid currency pair, recently in high demand

* Long liquidation could put crown under great pressure

* EUR/NOK which was oversold may soon head back above 10.00

*

(Jeremy Boulton is a Reuters market analyst. The views expressed are his own)

Released: 2022-4-3T11:30:26.000Z"
Norway Currency Interventions  Unlikely For Now -- Market Talk,2020-05-13,"1048 GMT - Norway's central bank is likely to shelve its interventions in the foreign exchange market as the krone recovers against the euro, Commerzbank says. ""Unless there is a renewed wave of NOK selling, there is no need for interventions with EUR/NOK slowly drifting further downwards,"" Commerzbank FX analyst Antje Praefcke says. Oil prices and risk appetite will continue to drive the krone's moves in the short term, she says. EUR/NOK falls 0.4% to 10.9901.(renae.dyer@wsj.com)

1038 GMT - CreditSights is advising clients not to buy Telefonica 's 7.25-year and 12-year euro bonds on offer Wednesday at a spread lower than 32 basis points below their initial price talks. This means buying the 7.25-year bond at a spread up to 133 bps over the mid-swap level, which implies a yield of 1.08% and buying the 12-year bond at a spread of up to 173 bps over mid-swaps, implying a yield of 1.65%. These levels offer a new premium concession of 5 basis points over Telefonica 's comparable existing bonds, says the credit research firm. (lorena.ruibal@wsj.com; @lorena_rbal)

1023 GMT - The 11.3% decline in the eurozone's industrial production in March is massive, but it will be even worse for April, says Bert Colijn , eurozone senior economist at ING. ""From there on, there will be significant recovery as the reopening of plants will surely increase production from the very low April bottom,"" Colijn says. The recovery will be gradual due to the slow easing of measures, supply chain disruptions amid an uneven reopening of the global economy, and demand at lower levels than before the coronavirus crisis, he says. ""It seems likely that production levels of 2017 will be out of sight for a long time to come,"" Colijn says. (maria.martinez@wsj.com)

1003 GMT - The U.S. Federal Reserve probably won't take interest rates into negative territory but speculation of such a move could build and send the dollar lower, MUFG Bank says. President Donald Trump 's call for negative rates and expectations for a rate cut in the futures markets mean a speech by Fed Chairman Jerome Powell later Wednesday ""will be important,"" MUFG's Derek Halpenny says. ""Anything less than a forthright rejection of negative rates could well fuel further speculation of negative rates being possible,"" he says. ""A deeper negative yield implied in the futures market could well start to weigh more on the dollar and is a source of downside risk we previously had not considered."" The dollar index is steady at 99.954. (renae.dyer@wsj.com)

0958 GMT - The effects of the corona epidemic that Nordea had expected in Sweden's March inflation numbers came in April instead. Inflation is currently a bit tricky to interpret, but there is little doubt that price pressures are very low, Nordea says. ""We expect the Riksbank to leave the repo rate unchanged at zero, but the record low inflation highlight risks of a rate cut."" (dominic.chopping@wsj.com)

0956 GMT - While it still remains unlikely, negative U.S. interest rates would give gold a ""massive boost,"" Carsten Fritsch at Commerzbank says. Negative real rates have been one of the main drivers of gold's recent strength and expectations that they will linger for some time have led many analysts to expect gold to rise further this year. Negative interest rates would further push down real rates and reduce the opportunity cost of holding gold. ""So far, the Fed has ruled out any such step"" to cut rates below zero, says Fritsch, and it would be very surprising if Powell were to express a different tone"" when he speaks later today. Still, speculation continues with some fed fund futures pricing in the possibility, he notes. (william.horner@wsj.com)

0921 GMT - Almost one-third of people in the UK expect to face a pay cut or lose their job in the next two to four weeks, according to a survey conducted by UBS . The poll results, based on 1,000 responses, also shows that about half of them have no savings or have enough to last for less than three months. 42% of the respondents expect their financial situation to worsen in the next year, the medium-income group being the most pessimistic. (xavier.fontdegloria@wsj.com)

0912 GMT - While the Riksbank will look through the energy-driven plunge in Swedish headline inflation , the further fall in underlying price pressures will be harder to ignore, so it's increasingly a question of ""when"" rather than ""if"" the bank cuts again, says Capital Economics . With resource utilisation falling off a cliff, underlying inflation is set for a prolonged period below the Riksbank 's 2.0% target, it says. While minutes published earlier this week showed the governing council did not think a policy rate cut would be effective at the moment, they appear to be keeping their powder dry until the recovery phase gathers pace, Capital Eocnomics says. ""Accordingly, we still expect the bank to cut its policy rate back into negative territory later in the year.""(dominic.chopping@wsj.com)

0910 GMT - The pound's modest gains in reaction to better-than-forecast first-quarter U.K. economic growth data are likely to be brief, ActivTrades says. Sterling's respite is ""unlikely to be long-lived"" as March, when the lockdown started, registered a record 5.8% monthly decline in gross domestic product, suggesting the second quarter figures will be ""considerably worse,"" ActivTrades analyst Ricardo Evangelista says. The U.K. economy contracted 2.0% in the first quarter, according to the official preliminary estimate Wednesday, although that was smaller than the consensus forecast of 2.5%, he says. GBP/USD rises 0.1% to 1.2270 and EUR/GBP falls 0.2% to 0.8834. (renae.dyer@wsj.com)

0909 GMT - The Japanese yen should continue to strengthen against the dollar as the U.S. currency declines on the Federal Reserve 's actions, Societe Generale FX strategist Kit Juckes says. ""The yen continues to disappoint those who think it should do better in times of crisis, yet it is still out-performing the dollar even as the latter benefits from its dominant status,"" Juckes says. ""That makes long yen attractive for anyone who think that it is only a matter of time before the U.S. makes a more concerted effort to weaken its currency."" The Fed could face pressure from President Donald Trump to cut interest rates further to curb the dollar's strength, he says. USD/JPY falls 0.1% to 107.012. (renae.dyer@wsj.com)

0907 GMT - The U.K.'s first-quarter economic contraction of 2.0% compares favorably with many other countries but that doesn't mean it is better placed than others, HSBC says. ""Recall that the U.K. did not enter full lockdown until March 23,"" HSBC economist Elizabeth Martins says. ""Although clearly, activity will have started to tail off before then, this 2% fall for an entire quarter actually reflects only a single week of full lockdown."" The numbers for the second quarter ""will be much worse,"" Martins says. HSBC expects the economy to shrink by a quarterly 13% in the second quarter as the U.K. remains largely locked down six weeks into the period while other European economies start to reopen. (renae.dyer@wsj.com)

0849 GMT - A marked rise in U.K. unemployment is likely to limit the economy's recovery after the coronavirus lockdown eases, EY Item Club says after data showed gross domestic product fell 2.0% in the first quarter. ""EY Item Club predicts that the economy is unlikely to return to its size of the fourth quarter of 2019 until the first quarter of 2023,"" EY economist Howard Archer says. The U.K. economic forecasting group now expects U.K. GDP to drop 7.5% in 2020, compared to its previous estimate for a 6.8% decline. It also downgrades its forecast for second quarter GDP to a 15% quarterly fall from a 13% decrease. (renae.dyer@wsj.com)

(END) Dow Jones Newswires

May 13, 2020 06:48 ET (10:48 GMT)"
Norway Currency Interventions  Unlikely For Now -- Market Talk,2020-05-13,"1048 GMT - Norway's central bank is likely to shelve its interventions in the foreign exchange market as the krone recovers against the euro, Commerzbank says. ""Unless there is a renewed wave of NOK selling, there is no need for interventions with EUR/NOK slowly drifting further downwards,"" Commerzbank FX analyst Antje Praefcke says. Oil prices and risk appetite will continue to drive the krone's moves in the short term, she says. EUR/NOK falls 0.4% to 10.9901.(renae.dyer@wsj.com)

(END) Dow Jones Newswires

May 13, 2020 06:48 ET (10:48 GMT)"
Norway Foreign Exchange Interventions  Unlikely -- Market Talk,2020-04-23,"1157 ET - Norway's central bank is unlikely to act on its recent threat to intervene in the foreign exchange market to limit the krone's decline in the face of weak oil prices, Commerzbank says. ""I think Norges Bank will not do much more than keep an eye on the development of EUR/NOK as we are still a long way off the levels seen in mid-March,"" Commerzbank FX analyst Antje Praefcke says. ""Moreover, there is a risk that it would have to stand up against the market and would gain very little while intervening on a falling oil price."" A weaker currency also helps exporters who are ""having a tough time"" due to coronavirus. EUR/NOK falls 1.8% to 11.4454 as oil prices recover. (renae.dyer@wsj.com)

1107 ET - The Polish zloty has much further to fall against the euro due to the impact of coronavirus on the country's economy, Rabobank says. With Poland's consumer confidence and labor market suffering from restrictions to contain the spread of coronavirus, private consumption could ""fall significantly"" in the coming months with ""negative consequences for the entire economy,"" Rabobank FX strategist Piotr Matys says. ""The latest set of data supports our argument that EUR/PLN has not peaked yet and the current period of consolidation marked as a descending triangle will be followed by another leg higher towards the global financial crisis high at 4.9307 over the one to three month horizon."" EUR/PLN is last flat at 4.5465. (renae.dyer@wsj.com)

1105 ET - European leveraged issuance ceased completely in March as efforts to contain the coronavirus pandemic shattered businesses and markets, says Moody's Investors Service . ""March leveraged finance issuance ground to a virtual halt with no bonds issued and only one $45 million loan launched,"" says the credit rating firm, adding that the lack of issuance reflected a ""dramatic reversal"" from February's activity. A volume of $10 billion bonds and loans were issued that month after a historic peak of $44 billion in January, it adds.(lorena.ruibal@wsj.com; @lorena_rbal)

1056 ET - Bank of America expects the dollar to appreciate further in coming months, particularly against commodity sensitive currencies such as the Norwegian krone and Canadian dollar following the recent collapse in oil prices. ""The chaotic turn in the oil markets indicates likely downward macro pressure that will do more damage in the commodity space, putting pressure on commodity currencies,"" BofA analysts say. The dollar should benefit from demand for safe haven assets as markets focus on the ""massive economic fallout"" from coronavirus, they say. BofA expects USD/NOK to rise to as high as 11.47 this year, up from 10.5470 currently, and USD/CAD to hit a high of 1.55 compared to 1.4018 at present. (renae.dyer@wsj.com)

1002 ET - The Swedish krona would weaken on a possible interest rate cut by the central bank at its April 28 policy meeting to shield the economy from coronavirus, Rabobank says. There is speculation that the Riksbank could return to negative rates after data sparked concerns that the economy could this year see the ""worst recession since World War II,"" Rabobank 's Jane Foley says. ""EUR/SEK has been on an upward trend since 2012 and for the most part this will have been welcomed by the Riksbank given soft inflation and the importance of its export sector,"" she says. ""If rates are pushed back below zero, the risk of a further extension of the uptrend will increase."" EUR/SEK falls 0.4% to 10.8871. (renae.dyer@wsj.com)

0827 ET - Treasurys are little changed as extremely poor European economic data is offset by an uptick in oil prices. Traders will be paying attention at 11am when the Treasury Department announces the size of next week's note auctions, as analysts continue to debate how the market will digest increased issuance to finance economic rescue packages. The 10-year yield was recently 0.625% vs. 0.618% Wednesday. (sam.goldfarb@wsj.com)

0820 ET - The Swedish economic sentiment indicator recorded by far the biggest drop ever in April to stand at a record low of 58.6. Consumer confidence plunged to 73.9 from 89.4 and confidence in manufacturing industry dropped too, but could have been worse, says Nordea . Confidence in the total business sector dropped to 53.1, the lowest reading ever. All in all, sentiment plunged like never before, Nordea says, adding that a massive drop was expected but it's still painful to see. ""The survey indicates a huge drop in GDP and close to a two digit decline. The downturn in 2Q is important, but even more important is for how long the standstill will last.""(dominic.chopping@wsj.com)

0818 ET - The European Central Bank will have to overcome the likelihood of a higher loss in order to be able to buy 'fallen angels', corporate bonds that have been downgraded to junk status, says BNP Paribas . ""The one item that might pose an issue to the ECB is the high risk profile of BB fallen angels and the fact that, unlike repo operations, no haircut protects the Eurosystem from potential losses,"" says the bank. This might explain why the ECB didn't announce the inclusion of fallen angels as eligible bonds of its bond purchase programmes, though it will accept 'fallen angels' as collateral for banks to access ultra-cheap loans, it says.(lorena.ruibal@wsj.com; @lorena_rbal)

0816 ET - The eurozone composite purchasing managers index plunged to a new record low of just 13.5 in April, confirming that an unprecedented contraction in gross domestic product is occurring, says Simon Wells , chief European economist at HSBC. This sharp decline means a big downside risk to HSBC 's forecast of GDP falling 11% in the second quarter. ""Whatever the magnitude of slump, what is more important is the shape of the recovery and how quickly activity bounces back,"" Wells says. HSBC expects April to be the trough in European PMIs. As lockdowns are eased in some countries and exit strategies are discussed, some firms should see rising output in May, he says. (maria.martinez@wsj.com)

0815 ET - Metzler revises its forecasts for the year-end levels of 10-year German Bund and the 10-year U.S. Treasury yields. The coronavirus ""has led to a downright crash of global economic activity, to unprecedented measures by the major central banks and to massive market distortions,"" Metzler says. In view of the pandemic, the economic consequences and the question of how to finance the costs incurred, it has adjusted yield forecasts. Metzler now sees the year-end level of the 10-year German Bund yield at -0.60%, compared with its previous forecast of -0.80%, and it sees the U.S. 10-year Treasury yield at 0.5% at year-end, down from its previous forecast of 1.2%. The 10-year German Bund yield trades at -0.416%, while the 10-year U.S. Treasury yield trades at 0.624%, according to Tradeweb . (emese.bartha@wsj.com)

0811 ET - Hungary's central bank is likely to keep interest rates on hold at its April 28 policy meeting after unexpectedly raising lending rates earlier this month to shore up the forint, TD Securities says. ""We think further tightening remains purely a function of EUR/HUF performance,"" TD strategist Izidor Flajsman says. ""The higher the pair, the greater the odds of new hikes of short-term rates."" If EUR/HUF tops 365, a deposit rate rise ""would not be too much of a surprise."" The central bank on April 7 raised its overnight and one-week collateralized loan rates to 1.85% from 0.9% and launched bond-buying and lending programs. EUR/HUF rises 0.2% to 357.706, having earlier reached a two-week high of 358.5825, according to FactSet. (renae.dyer@wsj.com)

0807 ET - The European Central Bank 's decision to relax collateral rules for high-yield corporate debt increases the likelihood that this paper will become eligible for purchase under the central bank's bond purchase program, says BNP Paribas . ""We now think there is a 2/3 probability that BB fallen angel bonds that respect the collateral rules will be included as eligible paper for both the Corporate Sector Purchase Program and the Pandemic Emergency Purchase Programme, possibly as early as next week's ECB meeting."" The ECB said it would allow banks to maintain their access to the central bank's ultra-cheap liquidity during the current crisis by using bonds that have been downgraded to junk as collateral. This would effectively shield the financial system from a wave of credit rating downgrades.(lorena.ruibal@wsj.com; @lorena_rbal)

(END) Dow Jones Newswires

April 23, 2020 11:57 ET (15:57 GMT)"
Norway Foreign Exchange Interventions  Unlikely -- Market Talk,2020-04-23,"1557 GMT - Norway's central bank is unlikely to act on its recent threat to intervene in the foreign exchange market to limit the krone's decline in the face of weak oil prices, Commerzbank says. ""I think Norges Bank will not do much more than keep an eye on the development of EUR/NOK as we are still a long way off the levels seen in mid-March,"" Commerzbank FX analyst Antje Praefcke says. ""Moreover, there is a risk that it would have to stand up against the market and would gain very little while intervening on a falling oil price."" A weaker currency also helps exporters who are ""having a tough time"" due to coronavirus. EUR/NOK falls 1.8% to 11.4454 as oil prices recover. (renae.dyer@wsj.com)

(END) Dow Jones Newswires

April 23, 2020 11:57 ET (15:57 GMT)"
"POLL-Swedish, Norwegian  currencies  seen rebounding from virus crisis",2020-04-03,"* reuters://realtime/verb=Open/url=cpurl://apps.cp./Apps/fx-polls?RIC=EURSEK= EURSEK poll data

* reuters://realtime/verb=Open/url=cpurl://apps.cp./Apps/fx-polls?RIC=EURNOK= EURNOK poll data

By Terje Solsvik and Colm Fulton

OSLO/STOCKHOLM, April 3 (Reuters) - The Swedish and Norwegian currencies are expected to gradually recover from recent weakness against the euro and dollar in the next 12 months following a turbulent start this year, a Reuters poll of foreign exchange strategists showed on Friday.

Both countries are experiencing unprecedented drops in business activity amid global shutdowns to combat the coronavirus pandemic, and Norway has taken a double hit as the price of oil, its biggest export, has crashed.

The Norwegian crown tumbled to all-time lows in mid-March before staging a partial comeback when the central bank threatened to intervene in the currency market for the first time in more than two decades.

The Swedish crown similarly hit 11-year lows against the euro and its weakest level in 18 years against the dollar in recent weeks, although it too has recovered some lost ground along with a partial rebound in stock markets.

By this time next year, the Swedish crown is predicted to rise to a level of 10.6250 to the euro from 10.9506 currently, the median forecast showed, albeit with forecasts ranging from 10.10 to 11.40 per euro.

Nordea Markets, which predicted some short-term weakness for the Swedish crown, said the longer term prospects were brighter.

""Looking to the second half of this year, if things will have improved and we are past the coronavirus, in such an environment, the Swedish crown should gain some strength,"" Nordea Chief Analyst Niels Christensen said.

With public debt at 43-year lows, the government launched a raft of measures, including subsidies for shorter working hours, tax rebates and loan guarantees, while the central bank has poured money into the financial system.

The Norwegian crown is meanwhile seen trading at 10.60 to the euro one year from now, up from 11.26 currently and a 20% rise from the all-time low of 13.1678 set March 19.

The price of North Sea Brent crude, although still down 60% year-to-date, has risen in recent days amid signs a price war between Russia and Saudi Arabia could come to an end.

""Less downside risk to the oil price is likely a key driver of the crown's strength,"" Nordea Markets said of the Norwegian currency.

While Norges Bank has declined to comment on any level it might seek to establish for the Norwegian crown, the most recent movement in the currency was likely also driven by central bank intervention, Morgan Stanley said in a note to clients.

Norway has launched business loans, tax deferment and fiscal spending worth at least 360 billion Norwegian crowns ($35 billion) to aid the economy, and the central bank slashed its benchmark interest rate to record lows.

Ultimately, the duration of coronavirus lockdowns and their impact on the global economy could be key also to the Nordic currencies.

""We can easily get a new wave of market unrest and if so, smaller currencies will suffer,"" Nordea's Christensen said.

(Other stories from the global foreign exchange poll: )

($1 = 10.2898 Norwegian crowns)

(Additional reporting by Simon Johnson in Stockholm; Polling by Khushboo Mittal, Indradip Ghosh and Sujith Pai in Bengaluru; Editing by Chris Reese) 

Released: 2020-4-3T05:05:00.000Z"
Norwegian Krone Soars on First Signs of Market  Intervention  in Over 20 Years,2020-03-24,"The Norwegian krone posted its biggest daily gain in over a decade, as analysts point to likely market intervention by Norway's central bank.

The krone rose 5% against the dollar and 4.6% against the euro on Tuesday. It traded at 11.09 kroner to $1, rising the most in a day since March 2009.

According to Magne Ostnor, an FX strategist at DNB Markets, the move was likely an indication that the central bank is now intervening.

Norges Bank said last week that it was considering purchases of Norwegian kroner due to the recent high levels of volatility in the currency markets.

This would be the first time the central bank has bought kroner since 1999. At that time, Norway had an exchange rate target to the euro and would buy and sell kroner to keep the value within a set band. Several central banks regularly trade their own currencies to maintain a certain valuation, including the Swiss National Bank and the People's Bank of China.

Norges Bank has historically shied away from moves to prop up its currency, despite frequent volatility as a result of oil price fluctuations. Norway is Western Europe's biggest energy exporter. The krone is currently the worst performing of all G10 currencies, having lost more than a fifth of its value against the dollar since the beginning of the year.

The currency has been hit by a combination of a 54% reduction in the price of benchmark Brent crude since the beginning of the year and investors' preference for holding U.S. dollars above all other currencies during market turbulence. The continuing global health crisis from the coronavirus, coupled with an oil price war, has prompted investors around the world to liquidate assets for dollars.

Norway's pension funds have been exacerbating the currency's plunge by rebalancing their FX hedges on their portfolios, selling krone and buying dollars and euros, according to Joachim Bernhardsen, a global macro analyst at Nordea. This action amid the global selloff has reduced liquidity in the market.

""If you look back to last week, the market was basically not working,"" Mr. Bernhardsen said. Bid-ask spreads in the foreign exchange market were as much as four times higher than in normal conditions. The central bank is likely stepping in to smooth out trading conditions and restore liquidity, he said.

However, ""it is a very jumpy market and even smaller volumes are moving markets a lot,"" he said.

The U.S. Federal Reserve has also recently intervened in global foreign exchange and money markets with the goal of improving liquidity, opening swap lines with 15 other central banks and providing $1.5 trillion into short-term borrowing through the repurchase market.

--Caitlin Ostroff contributed to this article.

Write to Anna Hirtenstein at anna.hirtenstein@wsj.com.

(END) Dow Jones Newswires

March 24, 2020 10:22 ET (14:22 GMT)"
"Imf? EUR/Usd skidded to 2017 lows, ECB announces purchases of ?750 mM",2020-03-23,"Eur/Nok renews historical highs; Central Bank of Norwayintervened in the market; Eur/Usd skidded to 2017 lows, ECB announces purchases of €750mM; Oil sinks again, crude hit 18-year lows; Gold continues to retreat, but appears to stabilize Eur/Nok renews historical highs; Central Bank of Norwayintervened in the marketAs had happened last week, the Norges Bank has cut interest rates again in an attempt to alleviate the economic impact of Covid-19. This time the cut was 75 bp and took the director rate from 1% to 0.25% - new historical low. This cut followed the 50 bp made in the previous week, when the Governor of the Bank indicated that the economy of the Nordic country is in a state of emergency. The committee's decision was unanimous, revealing that after last week's cut, ""the situation in the Norwegian economy continued to worsen."" The Committee also revealed that it was available to make further cuts.

 For the Norwegian krone, March has been quite difficult, having fallen more than 26% against the euro to new historic lows, above 13 noks per euro. Contributing to the devaluation of the crown is the sharp fall in oil prices (see text below). The Central Bank made an intervention in the foreign exchange market, which allowed a recovery of the crown.Technically, Eur/Nok intensified the uptrend after breaking to the upper limit of the ascending channel (dashed red), renewing new historical highs above 13 noks. The indicators show some saturation of the bullish movement.EUR/Usd skidded to 2017 lows, ECB announces purchases of €750mMMIn the last week, all the attention turned (unsurprisingly) to the Covid-19 and its impact on world economies. We believe it is not unreasonable to consider that the markets have entered, if they had not already done so, in panic. So much has happened that it is even difficult to follow all developments. Nevertheless, the ECB's huge €750m bond-buying programme is highlighted to prevent the start of a new debt crisis. This program came with the promise of removing self-imposed ""restrictions"" if necessary - a reference to the limit of owning more than a third of a country's obligation. This means that purchases can be made on the bonds that are most needed, which means that the Bank can increase purchases of bonds from Italy, for example. The U.S. has also announced an incentive package and says it is preparing another. Additionally, the EDF revealed that it has established a temporary program to supply nine more Central Banks to alleviate currency shortages. Swaps, in which the EDF has established agreements with other central banks to accept foreign exchange currencies in exchange for dollars, will allow at least the central banks of Australia, Brazil, South Korea, Mexico, Singapore, Sweden, Denmark, for at least the next six months, Norway and New Zealand get a combined total of $450 mM to ensure the proper functioning of the financial system.Technically, Eur/Usd presents a still bearish perspective, having broken down the lower limit of the downward trend channel (red-dashed). The pair appear to have some stability around $1.07. However, macdcontinues to show a strong sell signal, indicating that if the pair fails to highlight in this line, it may follow up the losses against $1.05 in the short term.Oil re-sank, crude at 18-year lowsOil prices have lived through another very troubled week. The raw material again recorded sharp falls, to 2002 lows in the case of crude and 2003 in the case of Brent. Putting pressure on prices is the great imbalance between supply and demand. This has been exacerbated by the price war between Saudi Arabia and Russia, at a time when prospects for demand are still being revised downwards due to the impact of the Covid-19 pandemic. Given the time duration of the latest price wars, the losses to oil may not be over yet. Despite the falls, it should be noted that at the end of the week prices partially recovered after various stimulus from the largest global economies and after indications that Donald Trump could intervene in the price war between Saudi Arabia and Russia.Technically, crude continued to fall, eventually breaking the 100% fibonacci retraction, reaching 2017 lows. Apart from this, there is not much news to report on the technical analysis in black gold. The outlook is clearly pointed downwards, with MACD and RSI supporting this trend. The next significance support is at the psychological level of $20/barrel.Gold continues to retreat, but appears to have stabilizedDespite the significant increase in risk aversion, due to fears surrounding Covid-19, gold prices have again recorded a negative weekly balance. Justifying the drop will again be the need for investors to sell the metal to meet liquidity needs to address the extreme volatility that shakes global markets. Despite this, at the end of the week, losses were eventually limited.Technically, gold followed the falls, reaching December lows. Nevertheless, despite the macd's sell-off signal, the precious metal appears to have found support around $1450, a level at which it stood out, and is currently testing the 61.8% fibonacci retraction (around $1500/ounce). A break at this level would pave the way for $1550.The technical analyses published herein do not intend, under any circumstances, to constitute advice or a recommendation for the purchase and sale of financial instruments, so analysts and the Business Journal cannot be liable for any losses or damages that result from the use of this information. If you would like to see any questions clearabout the Technical Analysis, please contact the IMF or the Business Journal."
"CORRECTED-WRAPUP 1-Dollar rampage spurs  FX interventions , speculation of big G7 move",2020-03-20,"(Corrects March 19 version of the story to fix dollar gain in paragraph 4)

By Karin Strohecker and Sujata Rao

LONDON, March 19 (Reuters) - From Brazil to Norway, policymakers are leaping to defend currencies against the onslaught of the dollar which scaled three-year peaks on Thursday, raising speculation that a joint move by the world's biggest central banks may be in the offing.

Unlikely, most market-watchers say. But these are unusual times, and Norway's central bank earlier in the day threatened to intervene to lift the crown, a step it hasn't taken in more than 20 years.

The warning followed the crown's 30% plunge versus the dollar in less than three weeks, though oil's price collapse contributed.

But the dollar's brutal ascent -- up 5% this month against a basket of peers -- has sent almost every other currency reeling. Amid the crisis caused by worries about how badly the coronavirus pandemic will hit the world economy, investors and companies around the world have been scrambling to get their hands on the market's most liquid currency.

That forced highly unexpected moves such as a 15 basis-point rate rise from Denmark to support its crown while other countries such as Russia and Brazil engaged in direct dollar-buying. And South Africa said it did not rule out emergency interventions.

Despite these efforts, a global stampede for dollar funding meant currencies across the world sank to multi-year or record lows against the greenback. Some relief came after the U.S. Federal Reserve opened $450 billion in swap lines to several central banks but the pressure broadly remains.

""If there is one currency causing problems right now and aggravating the sell-off in global asset markets, it is the U.S. dollar,"" ING Bank told clients.

Could the answer lie in large-scale global intervention to tame the greenback?

Most top central banks, with the exception perhaps of Switzerland, are committed to letting markets determine exchange rates. Yet many welcomed Norway's shift; Danske Bank economist Frank Jullum urged it to buy crowns ""by the bucketful"".

One issue is that piecemeal central bank interventions are often doomed to fail as individual economies usually lack the firepower to influence currency markets for any length of time But shock-and-awe moves such as the coordinated Group of Seven moves to weaken the yen, seen after the 9/11 terror attacks or the 2011 Japan tsunami, have worked.

Alternatively the United States could act alone, some say, noting that dollar strength was highly unwelcome at a time when the U.S. economy is headed for recession. The last time the Fed went out on its own was in the early 1990s under George H.W. Bush to stem a soaring dollar.

""The U.S. has brought in almost all its instruments, the one that hasn't been done is intervention - the stronger the dollar gets the more likely the U.S. government will consider intervening,"" said Thomas Flury, head of FX strategies at UBS Global Wealth Management's Chief Investment Office.

""Typical during past crises, FX interventions helped calm not only FX markets but also equities and brought credit spreads down and that is something they will be keen to do."" 

              
              
              
              
OUTSIZE DOLLAR
              


Dollar strength will dismay not only those in the Trump administration, but others around the world because when the dollar rises, it tends to 'tighten' conditions through channels such as higher import prices or by forcing interest rate hikes to shield currencies.

That in turn risks triggering a full-blown emerging markets crisis, the pattern seen many times in the 20th century.

Its power is down to the outsize role it plays in keeping the world's financial systems ticking over, accounting for 40% of global trade flows, 50% of cross-border lending and 65-85% of the world's risk-free assets, according to Goldman Sachs.

""Dollar strength is unwelcome for the U.S. as it tightens financial conditions but for the rest of world it tightens financial conditions even more because many countries are highly dollarised or they have dollar debt,"" said Claire Dissaux, head of global economics & strategy at Millennium Global Investments.

She doubts so far the pain from the dollar is big enough for Washington to ponder intervention -- alone or with G7 peers -- and says containing the raging selloff in equity markets will be the greater focus.

Plus there are the logistics of coordinating such a move with other central banks, many of which will not be keen to see their own currencies strengthening even as world growth nosedives.

Without ""credible commitment from a group of central banks it won't work,"" said Dissaux who believes the best option is more swap lines of the sort the Fed announced on Thursday

But it is not just the dollar rise that is hurting, but also the brutal volatility. Implied volatility, or expected price swings for some of the world's biggest currencies have rocketed to multi-year highs -- one-month Norwegian crown vol is over 30%, triple end-February levels. The euro, pound and all emerging market currencies paint a similar picture.

""The vols are unbelievable. Intervention would quickly kick that lower,"" Flury of UBS Wealth said, calling it ""the fear factor"".

(Reporting by Karin Strohecker and Sujata Rao, additional reporting by Tommy Wilkes; Editing by Chizu Nomiyama) 

Released: 2020-3-20T18:03:26.000Z"
NORWAY CENTRAL BANK  DECLINES TO COMMENT ON WHETHER IT HAS  INTERVENED  IN  CURRENCY  MARKET ON THURSDAY,2020-03-19,"NORWAY CENTRAL BANK DECLINES TO COMMENT ON WHETHER IT HAS INTERVENED IN CURRENCY MARKET ON THURSDAY

Released: 2020-3-22T11:38:19.000Z"
UPDATE 4- Norway  crown rallies as  central bank  says it may  intervene ,2020-03-19,"* Crown has lost one third of its value this year

* Fell in wake of coronavirus, oil price crash

* Norway's central bank last intervened in Jan 1999

* Also pledges more cash for banks

* 'Buy by the bucketful', Danske Bank's chief economist says (Adds currency move, liquidity for banks)

By Terje Solsvik and Gwladys Fouche

OSLO, March 19 (Reuters) - Norway's central bank said on Thursday it is considering entering the market to buy its own crown currency, triggering a rebound in the crown, which had lost a third of its value this year, in a step it has not taken since early 1999.

Norges Bank will also pump more cash into the banking system, offering loans lasting for up to 12 months to help alleviate effects of the coronavirus pandemic and a slide in the price of crude oil, Norway's biggest export.

The crown rallied following the statements, erasing intra-day losses against the euro, although Norges Bank declined to say whether any currency intervention had taken place.

Danske Bank Chief Economist Frank Jullum urged Norges Bank to buy ""by the bucketful"".

The crown rose to 12.2870 against the euro at 1144 GMT from an all-time low of 13.1678 earlier in the day, Refinitiv data showed.

""Norges Bank is continuously considering whether there is a need to intervene in the market by purchasing Norwegian kroner,"" Norges Bank said.

Danske Bank's Jullum said on Twitter that the central bank should buy heavily and refrain from announcing the volume of its interventions.

""One advice: please don't say how much per day, per week, etc or how much altogether, or what is the target for the NOK. Just go into the market and buy crowns, quietly, and by the bucketful,"" he wrote.

Norges Bank last intervened in the crown in January 1999, when its official goal was to keep the currency in a narrow band against those of its trading partners.

In 2001, the central bank's mandate switched to an inflation target, and the currency has since traded freely, even during the volatile months of the 2008-2009 financial crisis.

""In 2009 the central bank said that intervening to strengthen the NOK was not a credible strategy over time. But they can intervene if they see big, short-term movements, for instance due to reduced liquidity in the market,"" tweeted Handelsbanken Chief Economist Kari Due-Andresen.

Norway has huge foreign currency reserves, including the world's largest sovereign fund - worth $880 billion as of Thursday - although its value has tumbled from $1.17 trillion on Feb. 13 as global stock markets plunged. (Reporting by Terje Solsvik and Gwladys Fouche; Editing by Alex Richardson and Hugh Lawson) 

Released: 2020-3-19T13:15:58.000Z"
Nordic Central Banks Ready to Act -- Brexit Market Talk,2016-06-24,"0957 GMT The Danish and Norwegian central banks say they are ready to act if needed, amid market turmoil after the U.K. votes to leave the European Union. Denmark's central bank says it ""will do what is necessary to keep the exchange rate stable should pressure on the krone arise."" The Swiss National Bank said Friday it had intervened in currency markets to stabilize the franc. Norway's central bank says ""we are continuously assessing the liquidity situation,"" after an announcement Thursday that it was prepared to provide liquidity to Norwegian banks if needed after the U.K. referendum. (kjetilmalkenes.hovland@wsj.com) 


 
Contact us in London. +44-20-7842-9464 
markettalk@wsj.com 
 

(END) Dow Jones Newswires

June 24, 2016 05:57 ET (09:57 GMT)"
Norway 's  central bank  says has firm policy against  currency intervention  -paper,2014-12-18,"OSLO, Dec 18 (Reuters) - Norway's central bank has a firm policy against intervening in the currency market and has no position on where the crown currency should be, central bank Governor Oeystein Olsen told national daily DN, confirming the bank's stance.

The crown has been hit in recent months by the plunge in oil prices and suffered its biggest intraday drop in decades on Monday. It recovered by the end of the day, but is still nearly 10 percent weaker against the euro and 22 percent weaker against the dollar than at the start of the year.

""Norges Bank has a clear policy that the interest rate is our tool,"" Olsen was quotes by the paper on Thursday. ""We have a board decision stating that we won't intervene to affect the crown's level.""

A fifth of Norway's GDP is generated by its offshore energy sector and the 45 percent drop in crude prices since June dragged the import weighted crown, the bank's preferred measure, to an all-time-low on Monday.

""We had a meeting (on Monday) summing up events and got an assessment of the driving forces,"" Olsen said. ""But we were nowhere near having a crisis meeting.""

""In a situation where the oil price has fallen as sharply as now, it's obvious that the crown weakening works as a buffer that counters the negative effects on the economy,"" Olsen said.

The currency's weakness strengthens the competitiveness of Norwegian exporters outside the energy sector.    (Reporting by Terje Solsvik; Editing by Susan Fenton)

Released: 2014-12-21T07:54:54.000Z"
Nordic Morning Briefing: Swedish Elections in Focus,2014-09-15,"
 
 
TODAY'S CALENDAR - All times GMT 
Nordic Macro 
 
0800 Norway Aug Trade 
 
Nordic Equities 
 
0600 H&M 3Q and Aug Sales 
 
 
IN FOCUS: 

The focus Monday will be on the results of Sweden's general election.

Sweden's Social Democrat Leader Stefan Lofven defeated incumbent Prime Minister Fredrik Reinfeldt in parliamentary elections on Sunday, signaling the return of a left-leaning government after eight years in opposition.

The shift reflected concerns among the Swedish electorate that Mr. Reinfeldt's pro-market policies have chipped away at the country's cherished welfare state. Mr. Reinfeldt said he would resign as prime minister on Monday and as leader of his party by spring.

With nearly all votes counted, results from Sweden's election authority showed the Social Democrats won 31.1% of the vote, largely unchanged from the previous election in 2010, while Mr. Reinfeldt's Moderate Party slumped to 23.2%, from 30.1% at the previous election.

The Swedish elections don't have a history of moving markets but concerns have arisen over what will happen if the parties cannot agree on forming a government. Mr. Lofven failed to secure an absolute majority and faces tough negotiations with left-leaning allies over the formation of a government.

On the corporate agenda, Swedish clothing retailer H&M will publish third-quarter sales. Full earnings will be disclosed on Sept. 25.

Later in the week, attention will turn to Norway where the central bank is expected to leave its main interest rate unchanged. 

FOREX: 
 
EUR/NOK 
Latest 0150 GMT 8.2474-562 
Previous 2150 GMT 8.2460-565 
%Chg +0.01 
 
EUR/SEK 
Latest 0150 GMT 9.2613-90 
Previous 2150 GMT 9.2626-764 
%Chg -0.05 
 
USD/NOK 
Latest 0150 GMT 6.3617-76 
Previous 2150 GMT 6.3573-635 
%Chg +0.07 
 
USD/SEK 
Latest 0150 GMT 7.1439-90 
Previous 2150 GMT 7.1409-91 
%Chg +0.02 
 
 
NORDIC CURRENCIES: 

Monday, all eyes will be on the results of the Swedish parliamentary election.

With nearly all votes counted from Sunday's election, the results from the election authority show the Social Democrats won 31.1% of the vote, largely unchanged from the previous election in 2010, while support for the Moderate Party slumped to 23.2%, from 30.1%.

The Swedish elections don't have a history of moving markets but concerns over what will happen if the parties cannot agree on forming a government have arisen recently. Mr. Lofven will face tough negotiations with left-leaning allies over forming a coalition government after failing to secure an absolute majority.

Nordea has said a change of government could bring tax hikes affecting the inflation path from January 2015.

Later in the week, Norway's central bank is expected to leave its main interest rate unchanged as inflation remains close to the 2.5% target.

All analysts in a Wall Street Journal poll said they expect Norges Bank to leave its benchmark rate at 1.5%. 


 
STOCK INDEXES: 
 
OMXN40  1356.00  +5.36  +0.4% 
OMXS30  1388.59  +5.74  +0.4% 
OBX      561.93  +2.72  +0.5% 
OMXC20   759.04  +7.82  +1.0% 
OMXH25  2939.65  -6.29  -0.2% 
 
Brent    $96.48 -$0.63  -0.7% 
 
NORDIC MARKETS: 

Nordic stocks edged higher Friday as investors continued to weigh the prospects of a change of government in Sweden in the general election. In corporate news, Statoil ended 0.5% higher after announcing it had sold several oil and gas assets to Wintershall AG for up to $1.3 billion, and will use the cash to invest heavily in new projects.

On the corporate agenda, H&M publishes 3Q sales figures at 0600 GMT. 


 
ENERGY: 

Oil futures continued lower in Asian trade, extending last week's falls which saw Nymex crude end the week 1% lower and Brent down 3.7%, its largest weekly decline since early July.

""Supply is overwhelming the market, and demand's not really keeping up with it,"" said Oliver Sloup, director of managed futures at brokerage iiTrader in Chicago.

""Prices in both markets are expected to remain weak as northern hemisphere refineries schedule maintenance in September/October, keeping crude demand low,"" ANZ said.

Brent crude was 63 cents lower at $96.48/bbl, while Nymex was $1.03 lower at $91.24/bbl. 


 
NEWS ROUNDUP: 

SWEDEN: Sweden's Social Democrat Leader Stefan Lofven defeated incumbent Prime Minister Fredrik Reinfeldt in parliamentary elections on Sunday, signaling the return of a left-leaning government after eight years in opposition.

NORWAY: Norway's Statoil ASA said on Friday that it had sold several oil and gas assets to Wintershall AG for up to $1.3 billion, and said that it would use the cash to invest heavily in new projects.

SWEDEN: Swedish construction company Skanska AB (SKA-B.SK) said Friday it has signed a $150 million contract to renovate and expand Riverside Community Hospital in Riverside, California, U.S.

FINLAND: Finnish airline Finnair (FIA1S.HE) said Friday it has appointed Juha Jarvinen chief commercial officer and a member of Finnair's executive board as of November 1, 2014.

SWEDEN: Swedish online search and catalog company Eniro AB (ENRO.SK) said Friday that its auditor, PwC, has presented the second part of its investigation into the company's accounting and it gives the company no reason to change its previously issued full year guidance.

DENMARK: Danish jewelry retailer Pandora A/S (PNDORA.KO) has signed an agreement with distributor Bluebell over the joint distribution of Pandora jewellery in Japan from 1 January 2015, it said Friday.

-Write to Jens Hansegard at jens.hansegard@wsj.com

15 Sep 2014 22:50 ET 
Nordic Morning Briefing: Eyes on New Swedish Government

By Jens Hansegard 


 
 
TODAY'S CALENDAR - All times GMT 
 
Other Macro 
 
0830  U.K CPI Aug. 
0900  Germany ZEW Index Sept. 
1230  U.S. PPI Aug. 
 
 
IN FOCUS: 

Tuesday, the focus in Sweden will remain on the new government. Sunday's general election left Prime Minister elect Stefan Lofven with work to do to form a stable and durable coalition after his center left party and its allies won most votes but fell short of a majority.

Mr. Lofven now faces tough and urgent negotiations with left-leaning allies.

The corporate agenda is thin on Tuesday, but Germany's Zew index tends to set the tone for the Nordic stock market. Last month's ZEW index hit a 20-month low, and now forecasts are for an even bigger drop, amid deteriorating growth, mounting deflationary pressure and the squeeze caused by sanctions and conflict with Russia over its incursions into Ukraine.

Later in the week, currency investors may take a look at the Riksbank minutes, due to be published on Wednesday. On Thursday attention will turn to Norway where the central bank is expected to leave its main interest rate unchanged. 

FOREX: 
 
EUR/NOK 
Latest 0150 GMT 8.2710-96 
Previous 2150 GMT 8.2692-767 
%Chg +0.03 
 
EUR/SEK 
Latest 0150 GMT 9.2019-70 
Previous 2150 GMT 9.2039-112 
%Chg -0.03 
 
USD/NOK 
Latest 0150 GMT 6.3835-900 
Previous 2150 GMT 6.3909-56 
%Chg -0.10 
 
USD/SEK 
Latest 0150 GMT 7.1019-56 
Previous 2150 GMT 7.1132-77 
%Chg -0.16 
 
NORDIC CURRENCIES: 

The political uncertainty created by Sunday's Swedish election result is weighing on the krona, Nordea said.

The Social Democrats are in the driving seat to form a new government, taking over from Fredrik Reinfeldt's center right alliance, but the result was indecisive, Torbjorn Isaksson at Nordea bank said.

""It may take several weeks or even longer to form a new government and several alternatives are possible,"" he said. Much suggests that economic policy will be characterized by compromises over the coming years and that it will be difficult for the new left-leaning government to implement its proposed reforms, he said.

However, the election doesn't change much for the Riksbank in the near term. Inflation is in focus for the bank and that will only be affected to a minor extent by the election.

The Swedish krona looks set to weaken slightly over the next few months, SEB bank said. This is mainly because the Riksbank is likely to follow the ECB and carry out further monetary stimulus in the autumn, but the uncertain political situation will also weigh, SEB said.

On Monday, Sweden's finance minister of eight years, Anders Borg, said he was leaving party politics.

Mr. Borg has been a high-profile public figure alongside Prime Minister Fredrik Reinfeldt over two terms in government and had been seen as a possible candidate to replace Mr. Reinfeldt as leader of the center-right Moderate Party. 


 
STOCK INDEXES: 
 
OMXN40  1361.11  +5.11  +0.4% 
OMXS30  1393.22  +4.63  +0.3% 
OBX      560.06  -1.87  -0.3% 
OMXC20   759.05  +0.01  flat 
OMXH25  2937.49  -2.16  -0.1% 
 
Brent    $98.07 +$0.19  +0.2% 
 
NORDIC MARKETS: 

Nordic stocks ended mixed Monday, as investors weighed the implications of a change of government in Sweden after Sunday's general election.

In corporate news, TDC ended 10.5% lower after saying it will buy Norwegian cable TV company Get AS for $2.2 billion as it broadens its Scandinavian reach into Norway. 


 
ENERGY: 

Oil futures were mixed in Asian trade after a slide Monday that saw Brent crude close at the lowest settlement since June 28, 2012.

""The supply overhang in major OECD markets is likely to continue to weigh on prices across the next month or so, before more price-supportive winter demand conditions toward the end of the year,"" ANZ said. Dollar strength also remains a headwind, it added.

Brent crude was 19 cents higher at $98.07/bbl, while Nymex was 7 cents lower at $92.85/bbl. The October Brent contract expired at the close of trading Monday. 


 
NEWS ROUNDUP: 

FINLAND: Finland's Prime Minister Alexander Stubb said he is confident his government will remain in office despite a junior party's threat to quit the government over a proposal to allow a Finnish-Russian consortium to proceed with its controversial nuclear power-plant project in Finland.

SWEDEN: Swedish retailer Hennes & Mauritz (HM.B-SK) said Monday its August sales increased by 19% compared with the same period last year.

SWEDEN's Minister of Defense Sten Tolgfors resigned following a three-week long controversy over Swedish arms affairs with Saudi Arabia. Earlier this month, Swedish Radio reported that the defense research agency FOI had plans to assist Saudi Arabia in building an advanced weapons-making factory.

NORWAY: Norway's Aker Solutions ASA (AKSO.OS) said Monday its Aker Oilfield Services (AKOFS) unit has been awarded a five-year $465 million contract from Petrobras (PBR) to provide subsea intervention services offshore Brazil.

NORWAY: Norwegian seafood company Marine Harvest ASA (MHG) said Monday it has agreed to buy the assets of former Chilean farming company Acuinova Chile S.A., currently in bankruptcy, for $120 million.

NORWAY: Danish telecommunications company TDC A/S ( TDC.KO) will buy Norwegian cable TV company Get AS for 13.8 billion Norwegian kroner ($2.2 billion) as it broadens its Scandinavian reach into Norway.

-Write to Jens Hansegard at jens.hansegard@wsj.com

16 Sep 2014 22:24 ET 
Nordic Morning Briefing: Central Banks in Focus

By Charles Duxbury 


 
TODAY'S CALENDAR - All times GMT 
Nordic Macro 
0730 Sweden Riksbank Minutes 
0900 Sweden Bond Auction 
 
Other Macro 
0830 Bank Of England Minutes 
0900 EU HICP Final 
1100 U.S. Mortgage 
Applications 
1200 Russia Retail Sales 
1230 U.S. CPI 
1230 U.S. Current Account 
1800 U.S. FOMC Rate Call 
1800 U.S. Fed MBS/Treasury 
Purchases 
 
 
IN FOCUS: 

The local focus early Wednesday will be on central bank minutes, due from both the Swedish Riksbank and the Bank of England.

The U.K. central bank left its benchmark interest rate unchanged on Sept. 4 as officials led by Gov. Mark Carney await signs that Britons' earnings are to set to rise.

The U.K. economy's rapid growth over recent quarters has raised expectations that it could be the first among the world's big central banks to lift borrowing costs from the ultra-low levels that have prevailed since the 2008 financial crisis.

Sweden's central bank, meanwhile, is still very much in dovish mode. It left its benchmark rate at a record low 0.25% two weeks ago and the signs are that it may need to ease policy still further if inflation doesn't rise during this autumn.

The U.S. central bank will announce its latest interest rate decision Wednesday but that is due after European markets close. 

FOREX: 
 
EUR/NOK 
Latest 0150 GMT 8.2938-94 
Previous 2150 GMT 8.2925-3014 
%Chg 0.00 
 
EUR/SEK 
Latest 0150 GMT 9.2264-340 
Previous 2150 GMT 9.2227-308 
%Chg +0.04 
 
USD/NOK 
Latest 0150 GMT 6.4036-72 
Previous 2150 GMT 6.3992-4051 
%Chg +0.05 
 
USD/SEK 
Latest 0150 GMT 7.1238-88 
Previous 2150 GMT 7.1170-223 
%Chg +0.09 
 
 
NORDIC CURRENCIES: 

Attention in the days ahead will be on the efforts of Swedish Prime Minister elect Stefan Lofven to form a new government.

""For now, both Swedish bonds and the SEK suffer from a small but palpable political risk premium,"" SEB analysts said.

Still, the Swedish krona will primarily take its lead from Riksbank policy with a rate cut from the central bank during the autumn looking a distinct possibility.

Nykredit markets said in a note that it expects the central bank to bow to pressure from low inflation and cut its benchmark rate to 0.1% this year. 


 
STOCK INDEXES: 
 
OMXN40  1355.95  -5.16 -0.4% 
OMXS30  1395.29  +0.2% +2.07 
OBX      560.88  +0.82 +0.2% 
OMXC20   752.34  -6.71 -0.9% 
OMXH25  2919.06 -18.43 -0.6% 
 
Brent    $98.91 -$0.14 -0.1% 
 
NORDIC MARKETS: 

Nordic markets closed mixed Tuesday as investors consider their options ahead of the conclusion of a U.S. Federal Reserve policy meeting which wraps up Wednesday. Leading the losses were some big Danish and Finnish firms including Vestas and Nokia.

The focus Wednesday will on central bank statements in Sweden, the U.K. and the U.S., as well as a range of other macro releases including inflation data in the form of final EU HICP and U.S. CPI. 


 
ENERGY: 

Oil futures were lower in Asian trade following gains in the U.S. session after the head of the Organization of Petroleum Exporting Countries said the oil producers' cartel could lower its production target for next year.

Traders are waiting for news from the Federal Reserve's two-day policy-making meeting, and the latest U.S. oil storage data from the U.S. Energy Information Administration.

Data from the American Petroleum Institute for the week ended Sept. 12 showed a 3.3-million-barrel increase in crude stocks, a 1.2-million-barrel drawdown from gasoline supplies and a 1-million-barrel build in distillate inventories, according to industry sources.

Brent crude was 14 cents lower at $98.91/bbl, while Nymex was 17 cents lower at $94.71/bbl. 


 
NEWS ROUNDUP: 

DENMARK: Denmark sold two-year debt with a negative yield at an auction Tuesday for the first time in more than two years, amid expectations that the country's recent rate cut will be followed by more.

FINLAND: Finnish construction company Lemminkainen Oyj (LEM1S.HE) said it has signed an agreement to renovate the Finnish Parliament building and carry out modifications at the Sibelius Academy building where the Parliament will be relocated for the duration of the renovation.

FINLAND: Finnish stainless steel company Outokumpu Oyj (OUT1V.HE) said it is considering the issuance of a new senior secured fixed rate bond with a maturity of five years and a target size of approximately EUR200 million.

FINLAND: The European Central Bank can further expand its monetary support if low inflation persists too long, ECB Governing Council member Erkki Liikanen said.

SWEDEN: Swedish retailer ICA Gruppen AB (ICA.SK) said it has signed a licensing agreement with Starbucks Coffee Company to open Starbucks retail stores in its Swedish stores.

NORWAY: Boston Properties Inc. (BXP) has agreed to sell a 45% interest in three buildings in New York City and Boston to affiliates of Norway's sovereign-wealth fund for $1.5 billion. The deal with Norges Bank Investment Management involves stakes in 601 Lexington Avenue in New York City, as well as the Atlantic Wharf Office Building and 100 Federal Street in Boston.

-Write to Charles Duxbury at charles.duxbury@wsj.com

(END) Dow Jones Newswires

September 16, 2014 22:24 ET (02:24 GMT)"
NORDIC MORNING BRIEFING: Markets Await Italy Election Results,2013-02-25,"
 
 
TODAY'S CALENDAR-All times GMT 
 
Macro 
n/a Italian parliamentary 
elections conclude O 
0145 China HSBC flash 
manufacturing PMI for Feb 
1000 Italy bond auction 
 
Nordic Equities 
n/a Songa Offshore SE 4Q 
 
Other Equities 
n/a Lowe's Cos. 4Q 
 
 
IN FOCUS: 

The election in Italy is set to take centre stage for market participants Monday. Some attention is also expected to be directed towards Chinese manufacturing data and U.S. budget talks.

Amid the eurozone turmoil, the Italian vote is one of the most globally watched for decades and the candidacy of the country's former Prime Minister Silvio Berlusconi has received a lot of attention ahead of the election. The resurgence of the controversial ex-premier, who resigned in November 2011, has made markets anxious as Italy battles with a grave debt crisis and investors are keen to see a leader who can push through restructuring efforts.

The elections, which end when polls close Monday, are being monitored by international investors and Italy's European partners. Results are expected from late Monday into Tuesday morning.

In a note published ahead of the election, SEB said that the election is pointing towards an instable mid-left-coalition with a wide range of political parties.

""The election results are expected to confirm that it is reasonable to have a continued large heavy political risk premium attached to the euro,"" said the bank.

In addition to the politics in Italy, U.S. budget talks are set to receive increased attention this week as the White House and Republicans resume their discussions.

Another highlight this week is U.S. central bank Chairman Ben Bernanke congressional testimony.

""In light of last week's revelations [in the minutes from January's FOMC meeting] Chairman Ben Bernanke's congressional testimony this week will be watched particularly closely for any signs that he is more concerned about the potential costs of further quantitative easing,"" Capital Economics said in a note.

This week's key macro events in the Nordics include minutes from the Swedish central bank and GDP data from Sweden as well as Denmark.

FOREX: 
 
EUR/NOK 
Latest 0250 GMT 7.4744-78 
Previous 2150 GMT 7.4828-922 
%Chg -0.15 
 
EUR/SEK 
Latest 0250 GMT 8.4571-610 
Previous 2150 GMT 8.4686-795 
%Chg -0.18 
 
 
USD/NOK 
Latest 0250 GMT 5.6680-98 
Previous 2150 GMT 5.6697-748 
%Chg -0.06 
 
 
USD/SEK 
Latest 0250 GMT 6.4133-52 
Previous 2150 GMT 6.4197-248 
%Chg -0.12 
 
 
NORDIC CURRENCIES: 

The Swedish krona has gained significant strength versus most other currencies during the past few months, largely because of an increased appetite for risk in the market, IG market strategist Michael Canborn said in a note. Sweden's continued strong state finances and a large interest-rate differential compared with other countries where the Swedish central bank earlier February kept its key rate on hold at 1%, also contribute to the strength, added the strategist.

However, the U.S. dollar has started to strengthen towards the Swedish krona during the past few days after worries that the Federal Reserve will end its asset purchases sooner than planned, Mr. Canborn noted.

On Friday, Sweden's Prime Minister Fredrik Reinfeldt said it was up to the markets to determine the value of the krona, adding that his government favors boosting the country's competitiveness as the best way to offset the effects of a strong currency.

Talking to reporters in Dublin, Mr. Reinfeldt cited Sweden's lowering of its corporation tax rate earlier this year, as one measure the government had taken to boost competitiveness and to ""balance the fact that we now have a very strong Swedish krona.""


STOCK INDEXES: 
 
OMXN40 1,164.03  +12.43  +1.1% 
OMXS30 1,205.10  +16.15  +1.4% 
OB       434.62   +1.27  +0.3% 
OMXC20   539.49   +3.36  +0.6% 
OMXH25 2,369.87  +24.22  +1.0% 
 
Brent  $113.81   -0.29   -0.3% 
 
 
NORDIC MARKETS: 

The underlying stock market sentiment is still strong, IG market strategist Michael Canborn said in a note. Looking ahead, a continued stock market rise is possible if the rotation from bonds to equities takes off for real, added the strategist.

Key focus for investors today is expected to be on the Italian vote as polls close later today after opening Sunday. In macro data, Chinese manufacturing PMI for February will be one to watch.

Market participants are also likely this week to pay attention to news from the mobile world congress in Barcelona. Nordic investors are set to keep an eye on Swedish network equipment vendor Ericsson (ERIC) and Finnish handset maker Nokia Oyj (NOK) which are among the string of companies participating there.


ENERGY: 

Crude-oil futures were slightly lower in Asian trading, despite news that China will raise domestic gasoline and diesel prices on Monday. Crude slipped between 3% and 3.5% last week, and money managers cut their net long position in Nymex crude oil futures and options by 6.1% in the week ended Feb. 19. In the same period, net long positions in ICE crude oil futures and options were increased by a modest 0.9%. Meanwhile, the preliminary HSBC China Manufacturing Purchasing Managers Index, a gauge of nationwide manufacturing activity, fell to 50.4 in February, compared with a final reading of 52.3 in January, HSBC Holdings PLC said Monday. Nymex crude for April delivery fell 13 cents to $93.01/bbl; Brent crude for April delivery fell 29 cents at $113.81/bbl


NEWS ROUNDUP: 

DENMARK: A.P. Moller-Maersk A/S (MAERSK-B.KO), the Danish oil and shipping conglomerate, Friday posted a rise in quarterly net profit as higher freight rates and cost reduction helped lift the performance of the company's shipping business, which it expects to remain under pressure this year due to a glut of industry capacity and modest growth prospects.

DENMARK: DONG Energy A/S, the Danish state-owned energy producer, said it is in dialogue with its principal shareholder, the Danish Ministry of Finance, on possible initiatives aimed at strengthening its capital structure, including a potential injection of equity.

NORWAY: Renewable Energy Corporation ASA (REC.OS), the Norwegian solar energy company, said it has received $27 million cash compensation from a silane gas customer.

SWEDEN: Atrium Ljungberg AB (LJGR-B.SK), the Swedish property company, said it expects its net profit to drop in 2013, amid low growth rates in the Swedish economy.

FINLAND: A Finnish food company said Friday it had asked authorities to green-light a plan to donate its products found to contain horsemeat to charities for the poor.

Food company Pouttu on Thursday withdrew more than five tonnes of kebab dishes from sale after the company's internal tests found traces of horse meat in products listing other meats on their labels.

-Write to Katarina Gustafsson at katarina.gustafsson@dowjones.com; Twitter: @DowJonesNordics [ 02-24-13 2209ET ]

By Katarina Gustafsson


 
 
TODAY'S CALENDAR-All times GMT 
 
Nordic Macro 
0830 Sweden trade balance 
for Jan 
0900 Norway unemployment 
for Dec 
 
Other Macro 
n/a US Fed Chairman Bernanke 
presents monetary policy 
report to US House Financial 
Services Committee 
n/a ECB President Draghi 
speaks 
0700 Germany GfK consumer 
confidence for March 
0930 UK GDP for 4Q 
1000 Italy bond auction 
1000 EU business climate 
indicator and economic 
sentiment indicator for Feb 
1330 US durable goods 
orders for Jan 
1500 pending home 
sales for Jan 
 
Nordic Equities 
0700 DONG Energy A/S 4Q 
 
Other Equities 
n/a J.C. Penney Co. Inc. 4Q 
n/a Target Corp. 4Q 
 
 
IN FOCUS: 

The inconclusive Italian vote has left markets in limbo and will likely continue to grab attention Wednesday while investors will also focus on U.S. budget talks. In the Nordics, eyes will be on Swedish and Norwegian macro data.

""The one thing that seems clear after the Italian election is that nothing is clear at all and uncertainty will linger on,"" Nordea Markets said in a note.

The vote, which concluded Monday, was Italy's most globally watched election in decades and euro-zone debt worries flared up again this week as the election failed to produce a clear winner. Market participants had been keen to see a leadership with the potential to push through tough reforms to reduce the country's debt burden.

""With no coalition getting a majority in both houses of parliament, ingovernability has won for now,"" Nordea Markets said, adding it sees a high probability of new elections within the next few months.

Capital Economics said the political deadlock in Italy looks set to prompt a renewed bout of market pressure which may eventually force Italy to request a support package from the euro zone.

In addition to Italy, investors will also be focused on the U.S., where Federal Reserve Chairman Ben Bernanke is set to present a monetary policy report to the U.S. House Financial Services Committee after his address yesterday to the U.S. Senate Banking Committee.

Capital Economics said the testimony Tuesday confirmed that the Federal Open Market Committee is paying a lot more attention to the potential costs of continuing with its quantitative easing this year.

""Bernanke still appears to believe that the benefits outweigh the costs, but the net benefits will continue to shrink as the Fed buys more assets this year,"" Capital Economics said, adding it is looking more likely the Federal Reserve will slow the pace of its monthly buys soon even if it doesn't see the desired improvement in labor market conditions.

Key for market participants this week is also Friday's deadline for U.S. policymakers to agree on spending cuts. Unless lawmakers act to avoid it, some $85 billion in automatic spending cuts are due to be applied on March 1. The scheduled cuts were originally set to take effect at the start of this year before being pushed back for two months.

In the Nordic region Wednesday, investors can look forward to Swedish trade data and Norwegian unemployment figures in the morning.

FOREX: 
 
EUR/NOK 
Latest 0250 GMT 7.4446-522 
Previous 2150 GMT 7.4444-530 
%Chg 0.00 
 
EUR/SEK 
Latest 0250 GMT 8.4360-426 
Previous 2150 GMT 8.4325-98 
%Chg +0.04 
 
USD/NOK 
Latest 0250 GMT 5.7064-114 
Previous 2150 GMT 5.7000-57 
%Chg +0.11 
 
USD/SEK 
Latest 0250 GMT  6.4663-704 
Previous 2150 GMT 6.4566-609 
%Chg +0.15 
 
 
NORDIC CURRENCIES: 

This is a busy week for Swedish macro data and releases. Tuesday, the minutes from the Swedish central bank's latest rate meeting were in focus, today trade balance data are due and Thursday investors can look forward to retail sales. Friday brings both PMI and GDP data.

SEB said in a note that after its recent move lower, NOK/SEK is back in a 1.11-1.17 range. The bank expects the cross to remain in this range for 2013 and, lacking potential triggers, SEB said it would focus on playing this range ahead of the upcoming monetary policy rate decision in Norway on March 14.

The bank said relative monetary policy will be NOK/SEK neutral in the coming month.

In Norway, policymakers have again verbally intervened to try and stop what SEB said seems like an inevitable appreciation pressure on the NOK, while in Sweden, the Riksbank is taking a more relaxed view on currency strength. SEB added that Tuesday's Riksbank minutes gave a reminder of this theme as the minutes showed no real stress as regards exchange rate developments.


 
STOCK INDEXES: 
 
OMXN40 1,148.42  -13.22  -1.1% 
OMXS30 1,180.90  -18.54  -1.6% 
OBX      435.02   -2.91  -0.7% 
OMXC20   544.78   +1.37  +0.3% 
OMXH25 2,314.59  -55.52  -2.3% 
 
Brent   $112.82  +$0.11  +0.1% 
 
 
NORDIC MARKETS: 

Nordic investors are set Wednesday to continue to digest the results from the Italian vote while also looking towards the U.S. budget deadline Friday.

""The election in Italy became the thriller and illustration of political risk in Europe that we would have wanted to avoid,"" SEB said in a note.

Uncertainty has risen after the polls closed in Italy Monday afternoon as the election has resulted in a political deadlock. The VIX volatility index Monday surged by 36%.

IG market strategist Michael Canborn noted that since 1990, the VIX has only risen by more than 36% during six trading sessions.


 
ENERGY: 

Crude-oil futures are slightly higher in Asian trading, buoyed by statements from U.S. Fed Chairman Ben Bernanke in favor of continuing the central bank's bond-buying programs. Prices settled at fresh lows for the year Tuesday.

Oil prices are following Asian shares higher, but uncertainty in the euro zone over Italy's election result continues to weigh. Focus will turn to U.S. oil stockpiles data due at 1530 GMT and news from talks between Iran and world powers over its nuclear program.

Nymex crude for April delivery is 13 cents higher at $92.75/bbl and. Brent crude for April delivery is up 11 cents at $112.82/bbl.


 
NEWS ROUNDUP: 

DENMARK: Pandora A/S (PNDORA.KO), the Danish jewelry manufacturer, Tuesday said it has decided to change its dividend policy to increase the pay-out ratio and to launch a share buyback program of up to 700 million Danish kroner ($123.86 million), as it posted a higher fourth-quarter net profit than analysts had expected.

SWEDEN: Minutes from the latest Riksbank policy meeting clearly showed the stark division between the four-member majority on the rate-setting board and a more dovish two-member minority.

NORWAY: Statoil ASA (STO), the Norwegian oil and gas major, began an investigation into January's attack at the In Amenas gas plant in Algeria, in which five of its employees were killed, and said the team would report by Sept. 15.

NORWAY: Norway's government cashed in heavily on its oil and gas fields last year, snatching a chunk of the gas market from Russia despite weak demand in Europe, the company that manages the resources said. But state-owned Petoro AS also renewed its warning about maturing fields, calling for a massive investment in coming years to keep pace with the rapid decline in oil output.

DENMARK: Jyske Bank A/S (JYSK.KO), the Danish bank, said it expects economic trends to remain sluggish as it posted higher full-year earnings from a year earlier, helped by increased net interest income.

DENMARK: GN Store Nord A/S (GN.KO), the Danish electronic equipment manufacturer, said a Cologne court has dismissed the company's claim over a compensation case that it brought against the German Cartel Office.

SWEDEN: IKEA, the Swedish furniture giant, has expanded the withdrawal of the sale of its meatballs in Europe to also include Asia and the Caribbean, amid fears the products could contain traces of horse meat.

DENMARK: Denmark, battling a stagnant economy and concerns about a productivity gap with other nations, is planning to slash its corporate taxes in phases over the next three years to better stack up against regional rates. The move, which follows similar tax cuts in the U.K., Sweden and Finland comes as pressure mounts on Prime Minister Helle Thorning-Schmidt. A ruling coalition led by Ms. Thorning-Schmidt's Social Democrats unveiled the planned cuts as part of a wider ""Growth Plan DK"" aimed at creating 150,000 jobs by 2020.

DENMARK: Danish jewelry maker Pandora A/S (PNDZY, PNDORA.KO), looking to reinvent itself after a string of rocky years, will slow the pace of store openings but launch online sales in Europe this year in a move that could further diminish reliance on third-party sales channels and heighten its appeal for younger buyers.

-Write to Katarina Gustafsson at katarina.gustafsson@dowjones.com; Twitter: @DowJonesNordics [ 02-26-13 2236ET ]

By Katarina Gustafsson


 
 
TODAY'S CALENDAR-All times GMT 
 
Nordic Macro 
n/a Northern Futures 
forum in Riga 
n/a Riksbank Deputy Governor 
Wickman-Parak speaks 
n/a Norges BankFX buys 
0800 Denmark GPD for 4Q 
0800 Denmark unemployment 
for Jan 
0830 Sweden PPI for Jan 
0830 Sweden retail sales 
for Jan 
0900 Norway retail sales 
for Jan 
 
Other Macro 
0001 UK GfK consumer 
confidence for Feb 
0745 France PPI for Jan 
0900 Germany unemployment 
rate for Feb 
1000 EU CPI for Jan 
1300 Germany CPI for Feb 
1330 US GDP for 4Q 
1330 US jobless claims 
1445 Chicago PMI for Feb 
 
Nordic Equities 
n/a Volvo AB investor 
day in New York 
n/a SeaDrill Ltd. 4Q 
 
Other Equities 
n/a Best Buy Co. Inc. 4Q 
n/a Gap Inc. 4Q 
 
 
IN FOCUS: 

Economic data from both the Nordic region and abroad will likely grab investor attention in the Nordics Thursday, with GDP figures from the U.S. one of the key highlights.

The data on how the U.S. economy performed during the fourth quarter come as market participants watch U.S. budget talks--$85 billion in automatic spending cuts--known as the sequester--are due to kick in on Friday unless policymakers reach an agreement.

Attention this week has also been on U.S. central bank Chairman Ben Bernanke who has been closely watched during his semi-annual testimony, and his commitment to quantitative easing was welcomed by markets, easing speculation that the Federal Reserve would end its stimulus measures earlier than planned.

Italy will also continue to be in the spotlight Thursday as market participants keep a close eye on developments after the Italian vote resulted in a political deadlock.

In the Nordics, attention will also be on local data including Swedish retail sales and the Norwegian central bank's announcement on planned FX buys in the coming month for the Government Pension Fund Global, the country's vast sovereign wealth fund also known as the oil fund. Some attention will also be on the Northern Futures Forum in Riga.

FOREX: 
 
EUR/NOK 
Latest 0250 GMT 7.4772-848 
Previous 2150 GMT 7.4707-82 
%Chg +0.09 
 
EUR/SEK 
Latest 0250 GMT 8.4430-508 
Previous 2150 GMT 8.4437-501 
%Chg +0.00 
 
USD/NOK 
Latest 0250 GMT 5.6891-942 
Previous 2150 GMT 5.6875-925 
%Chg +0.03 
 
USD/SEK 
Latest 0250 GMT 6.4239-90 
Previous 2150 GMT 6.4283-323 
%Chg -0.06 
 
 
NORDIC CURRENCIES: 

The Swedish krona still looks to be preferred to the Norwegian krone as the Norwegian central bank has indicated they will act to halt a further strengthening of the NOK while the Swedish central bank is comfortable with SEK at (almost) any level, DNB Markets said.

DNB said it projects the Norwegian krone will be in demand near term, strengthening against most its peers.

""We expect the NOK to continue to strengthen for the next six months. From there on, central bank stimuli will gradually be withdrawn, removing the appreciating pressure on the NOK,"" the bank said. ""But we expect the NOK to stay at strong levels despite seeing a correction weaker.""

Thursday eyes will be on Norwegian retail sales, which DNB expects to have picked up in January after a few rather weak months.

The bank expects no change in the daily FX purchases from Norges Bank.

For the Swedish krona, DNB said abating growth in Sweden and improved market sentiment will eventually weaken the SEK long term, but it still expect the currency at strong levels.

""The development in the export-oriented Swedish economy has taken a hit, and the possibility of another rate cut seems to be increasingly likely,"" the bank said, adding that it has revised its EUR/SEK forecast lower due to recent developments.


 
STOCK INDEXES: 
 
OMXN40 1,158.57  +10.15  +0.9% 
OMXS30 1,194.07  +13.17  +1.1% 
OBX      435.52   +0.50  +0.1% 
OMXC20   543.04   -1.74  -0.3% 
OMXH25 2,349.47  +34.88  +1.5% 
 
Brent   $112.27  +$0.40  +0.3% 
 
 
NORDIC MARKETS: 

The political uncertainty in Italy and the U.S. is having the largest influence on Nordic equity markets these days and will lead to volatility, Ole Jensen, head of Sales at Sydbank, said.

""Whether Italy gets a new government soon is important also for Denmark and the other northern European countries. The situation in southern Europe influences the whole of Europe,"" he said.

Also the budget cuts that might be triggered by the sequester in the U.S. hold a risk, while a solution to the budget issue could influence markets positively.

In the light of these two events, the macro data that is due is of less importance, according to Mr. Jensen.

""German unemployment will be closely watched of course on Thursday and on Friday the PMI data for Italy and Spain are interesting,"" he said.

There are only a few corporate reports due in the next days and these are of less interest, Mr. Jensen said.


 
ENERGY: 

Crude-oil futures rose in Asia trading, as U.S. crude inventories rose less than expected on encouraging signals from the euro zone. Brent crude climbed back above the $112/bbl-mark after falling to a five-week low on Wednesday.

Nuclear talks with Iran didn't see any major progress, but ended on an upbeat note, which could put pressure on Brent. The parties agreed to meet again in coming weeks.

The WTI-Brent spread narrowed to $19.12/bbl. Nymex crude was up 40 cents at $93.16/bbl, and Brent was up 40 cents at $112.27/bbl.


 
NEWS ROUNDUP: 

NORWAY: Norwegian oil officials Wednesday boosted the Nordic nation's estimate of undiscovered oil and gas by about 2.5 billion barrels of oil equivalent, or 15%, most of it gas in an area formerly disputed with Russia.

DENMARK: Danish state-owned oil and gas group DONG Energy said it will divest assets, cut costs and receive an equity injection of at least DKK6 billion-DKK8 billion to restore its financial health after making a DKK4.13 billion net loss in 2012.

DENMARK: NKT Holding A/S (NKT.KO), the Danish industrial company, posted a rise in full-year net profit from a year earlier but said it has scrapped targets for revenue, organic growth, operating margin and earnings per share, amid increasingly tough competition.

SWEDEN: SSAB AB (SSAB-A.SK), the Swedish steel maker, announced it has appointed Hakan Folin, who has held several senior positions in the company, as its chief financial officer.

NORWAY: Subsea 7 S.A. (SUBC.OS), the Norwegian seabed-to-surface engineering contractor, has been awarded a $285 million contract from Talisman Sinopec Energy U.K. Ltd. for subsea construction services in support of its Montrose Area Redevelopment Project in the North Sea.

DENMARK: Per Aarsleff A/S (PAAL-B.KO), the Danish infrastructure contractor, reiterated its full year 2012/2013 guidance as it posted an increase in first-quarter profit, helped by higher sales.

FINLAND: YIT Oyj (YTY1V.HE), the Finnish construction services company, said it has sold apartments in the Helsinki region and other growth centers to Alandsbanken's housing fund for EUR43 million.

SWEDEN: Swedish furniture giant IKEA said it is removing wiener sausages from its stores in five countries after tests revealed ""indications of horse DNA.""

SWEDEN: Sweden will offer a total of 3.5 billion Swedish kronor ($543.9 million) of 1.50% bonds maturing 2023 at an auction March 6, the National Debt Office said Wednesday.

-Write to Katarina Gustafsson at katarina.gustafsson@dowjones.com; Twitter: @DowJonesNordics

(Clemens Bomsdorf in Copenhagen contributed to this report) [ 02-27-13 2159ET ]

77791"
NORDIC MORNING BRIEFING: Markets Await Italy Election Results,2013-02-25,"
 
 
TODAY'S CALENDAR-All times GMT 
 
Macro 
n/a Italian parliamentary 
elections conclude O 
0145 China HSBC flash 
manufacturing PMI for Feb 
1000 Italy bond auction 
 
Nordic Equities 
n/a Songa Offshore SE 4Q 
 
Other Equities 
n/a Lowe's Cos. 4Q 
 
 
IN FOCUS: 

The election in Italy is set to take centre stage for market participants Monday. Some attention is also expected to be directed towards Chinese manufacturing data and U.S. budget talks.

Amid the eurozone turmoil, the Italian vote is one of the most globally watched for decades and the candidacy of the country's former Prime Minister Silvio Berlusconi has received a lot of attention ahead of the election. The resurgence of the controversial ex-premier, who resigned in November 2011, has made markets anxious as Italy battles with a grave debt crisis and investors are keen to see a leader who can push through restructuring efforts.

The elections, which end when polls close Monday, are being monitored by international investors and Italy's European partners. Results are expected from late Monday into Tuesday morning.

In a note published ahead of the election, SEB said that the election is pointing towards an instable mid-left-coalition with a wide range of political parties.

""The election results are expected to confirm that it is reasonable to have a continued large heavy political risk premium attached to the euro,"" said the bank.

In addition to the politics in Italy, U.S. budget talks are set to receive increased attention this week as the White House and Republicans resume their discussions.

Another highlight this week is U.S. central bank Chairman Ben Bernanke congressional testimony.

""In light of last week's revelations [in the minutes from January's FOMC meeting] Chairman Ben Bernanke's congressional testimony this week will be watched particularly closely for any signs that he is more concerned about the potential costs of further quantitative easing,"" Capital Economics said in a note.

This week's key macro events in the Nordics include minutes from the Swedish central bank and GDP data from Sweden as well as Denmark.

FOREX: 
 
EUR/NOK 
Latest 0250 GMT 7.4744-78 
Previous 2150 GMT 7.4828-922 
%Chg -0.15 
 
EUR/SEK 
Latest 0250 GMT 8.4571-610 
Previous 2150 GMT 8.4686-795 
%Chg -0.18 
 
 
USD/NOK 
Latest 0250 GMT 5.6680-98 
Previous 2150 GMT 5.6697-748 
%Chg -0.06 
 
 
USD/SEK 
Latest 0250 GMT 6.4133-52 
Previous 2150 GMT 6.4197-248 
%Chg -0.12 
 
 
NORDIC CURRENCIES: 

The Swedish krona has gained significant strength versus most other currencies during the past few months, largely because of an increased appetite for risk in the market, IG market strategist Michael Canborn said in a note. Sweden's continued strong state finances and a large interest-rate differential compared with other countries where the Swedish central bank earlier February kept its key rate on hold at 1%, also contribute to the strength, added the strategist.

However, the U.S. dollar has started to strengthen towards the Swedish krona during the past few days after worries that the Federal Reserve will end its asset purchases sooner than planned, Mr. Canborn noted.

On Friday, Sweden's Prime Minister Fredrik Reinfeldt said it was up to the markets to determine the value of the krona, adding that his government favors boosting the country's competitiveness as the best way to offset the effects of a strong currency.

Talking to reporters in Dublin, Mr. Reinfeldt cited Sweden's lowering of its corporation tax rate earlier this year, as one measure the government had taken to boost competitiveness and to ""balance the fact that we now have a very strong Swedish krona.""


STOCK INDEXES: 
 
OMXN40 1,164.03  +12.43  +1.1% 
OMXS30 1,205.10  +16.15  +1.4% 
OB       434.62   +1.27  +0.3% 
OMXC20   539.49   +3.36  +0.6% 
OMXH25 2,369.87  +24.22  +1.0% 
 
Brent  $113.81   -0.29   -0.3% 
 
 
NORDIC MARKETS: 

The underlying stock market sentiment is still strong, IG market strategist Michael Canborn said in a note. Looking ahead, a continued stock market rise is possible if the rotation from bonds to equities takes off for real, added the strategist.

Key focus for investors today is expected to be on the Italian vote as polls close later today after opening Sunday. In macro data, Chinese manufacturing PMI for February will be one to watch.

Market participants are also likely this week to pay attention to news from the mobile world congress in Barcelona. Nordic investors are set to keep an eye on Swedish network equipment vendor Ericsson (ERIC) and Finnish handset maker Nokia Oyj (NOK) which are among the string of companies participating there.


ENERGY: 

Crude-oil futures were slightly lower in Asian trading, despite news that China will raise domestic gasoline and diesel prices on Monday. Crude slipped between 3% and 3.5% last week, and money managers cut their net long position in Nymex crude oil futures and options by 6.1% in the week ended Feb. 19. In the same period, net long positions in ICE crude oil futures and options were increased by a modest 0.9%. Meanwhile, the preliminary HSBC China Manufacturing Purchasing Managers Index, a gauge of nationwide manufacturing activity, fell to 50.4 in February, compared with a final reading of 52.3 in January, HSBC Holdings PLC said Monday. Nymex crude for April delivery fell 13 cents to $93.01/bbl; Brent crude for April delivery fell 29 cents at $113.81/bbl


NEWS ROUNDUP: 

DENMARK: A.P. Moller-Maersk A/S (MAERSK-B.KO), the Danish oil and shipping conglomerate, Friday posted a rise in quarterly net profit as higher freight rates and cost reduction helped lift the performance of the company's shipping business, which it expects to remain under pressure this year due to a glut of industry capacity and modest growth prospects.

DENMARK: DONG Energy A/S, the Danish state-owned energy producer, said it is in dialogue with its principal shareholder, the Danish Ministry of Finance, on possible initiatives aimed at strengthening its capital structure, including a potential injection of equity.

NORWAY: Renewable Energy Corporation ASA (REC.OS), the Norwegian solar energy company, said it has received $27 million cash compensation from a silane gas customer.

SWEDEN: Atrium Ljungberg AB (LJGR-B.SK), the Swedish property company, said it expects its net profit to drop in 2013, amid low growth rates in the Swedish economy.

FINLAND: A Finnish food company said Friday it had asked authorities to green-light a plan to donate its products found to contain horsemeat to charities for the poor.

Food company Pouttu on Thursday withdrew more than five tonnes of kebab dishes from sale after the company's internal tests found traces of horse meat in products listing other meats on their labels.

-Write to Katarina Gustafsson at katarina.gustafsson@dowjones.com; Twitter: @DowJonesNordics [ 25-02-13 0309GMT ]

By Katarina Gustafsson


 
 
TODAY'S CALENDAR-All times GMT 
 
Nordic Macro 
0830 Sweden trade balance 
for Jan 
0900 Norway unemployment 
for Dec 
 
Other Macro 
n/a US Fed Chairman Bernanke 
presents monetary policy 
report to US House Financial 
Services Committee 
n/a ECB President Draghi 
speaks 
0700 Germany GfK consumer 
confidence for March 
0930 UK GDP for 4Q 
1000 Italy bond auction 
1000 EU business climate 
indicator and economic 
sentiment indicator for Feb 
1330 US durable goods 
orders for Jan 
1500 pending home 
sales for Jan 
 
Nordic Equities 
0700 DONG Energy A/S 4Q 
 
Other Equities 
n/a J.C. Penney Co. Inc. 4Q 
n/a Target Corp. 4Q 
 
 
IN FOCUS: 

The inconclusive Italian vote has left markets in limbo and will likely continue to grab attention Wednesday while investors will also focus on U.S. budget talks. In the Nordics, eyes will be on Swedish and Norwegian macro data.

""The one thing that seems clear after the Italian election is that nothing is clear at all and uncertainty will linger on,"" Nordea Markets said in a note.

The vote, which concluded Monday, was Italy's most globally watched election in decades and euro-zone debt worries flared up again this week as the election failed to produce a clear winner. Market participants had been keen to see a leadership with the potential to push through tough reforms to reduce the country's debt burden.

""With no coalition getting a majority in both houses of parliament, ingovernability has won for now,"" Nordea Markets said, adding it sees a high probability of new elections within the next few months.

Capital Economics said the political deadlock in Italy looks set to prompt a renewed bout of market pressure which may eventually force Italy to request a support package from the euro zone.

In addition to Italy, investors will also be focused on the U.S., where Federal Reserve Chairman Ben Bernanke is set to present a monetary policy report to the U.S. House Financial Services Committee after his address yesterday to the U.S. Senate Banking Committee.

Capital Economics said the testimony Tuesday confirmed that the Federal Open Market Committee is paying a lot more attention to the potential costs of continuing with its quantitative easing this year.

""Bernanke still appears to believe that the benefits outweigh the costs, but the net benefits will continue to shrink as the Fed buys more assets this year,"" Capital Economics said, adding it is looking more likely the Federal Reserve will slow the pace of its monthly buys soon even if it doesn't see the desired improvement in labor market conditions.

Key for market participants this week is also Friday's deadline for U.S. policymakers to agree on spending cuts. Unless lawmakers act to avoid it, some $85 billion in automatic spending cuts are due to be applied on March 1. The scheduled cuts were originally set to take effect at the start of this year before being pushed back for two months.

In the Nordic region Wednesday, investors can look forward to Swedish trade data and Norwegian unemployment figures in the morning.

FOREX: 
 
EUR/NOK 
Latest 0250 GMT 7.4446-522 
Previous 2150 GMT 7.4444-530 
%Chg 0.00 
 
EUR/SEK 
Latest 0250 GMT 8.4360-426 
Previous 2150 GMT 8.4325-98 
%Chg +0.04 
 
USD/NOK 
Latest 0250 GMT 5.7064-114 
Previous 2150 GMT 5.7000-57 
%Chg +0.11 
 
USD/SEK 
Latest 0250 GMT  6.4663-704 
Previous 2150 GMT 6.4566-609 
%Chg +0.15 
 
 
NORDIC CURRENCIES: 

This is a busy week for Swedish macro data and releases. Tuesday, the minutes from the Swedish central bank's latest rate meeting were in focus, today trade balance data are due and Thursday investors can look forward to retail sales. Friday brings both PMI and GDP data.

SEB said in a note that after its recent move lower, NOK/SEK is back in a 1.11-1.17 range. The bank expects the cross to remain in this range for 2013 and, lacking potential triggers, SEB said it would focus on playing this range ahead of the upcoming monetary policy rate decision in Norway on March 14.

The bank said relative monetary policy will be NOK/SEK neutral in the coming month.

In Norway, policymakers have again verbally intervened to try and stop what SEB said seems like an inevitable appreciation pressure on the NOK, while in Sweden, the Riksbank is taking a more relaxed view on currency strength. SEB added that Tuesday's Riksbank minutes gave a reminder of this theme as the minutes showed no real stress as regards exchange rate developments.


 
STOCK INDEXES: 
 
OMXN40 1,148.42  -13.22  -1.1% 
OMXS30 1,180.90  -18.54  -1.6% 
OBX      435.02   -2.91  -0.7% 
OMXC20   544.78   +1.37  +0.3% 
OMXH25 2,314.59  -55.52  -2.3% 
 
Brent   $112.82  +$0.11  +0.1% 
 
 
NORDIC MARKETS: 

Nordic investors are set Wednesday to continue to digest the results from the Italian vote while also looking towards the U.S. budget deadline Friday.

""The election in Italy became the thriller and illustration of political risk in Europe that we would have wanted to avoid,"" SEB said in a note.

Uncertainty has risen after the polls closed in Italy Monday afternoon as the election has resulted in a political deadlock. The VIX volatility index Monday surged by 36%.

IG market strategist Michael Canborn noted that since 1990, the VIX has only risen by more than 36% during six trading sessions.


 
ENERGY: 

Crude-oil futures are slightly higher in Asian trading, buoyed by statements from U.S. Fed Chairman Ben Bernanke in favor of continuing the central bank's bond-buying programs. Prices settled at fresh lows for the year Tuesday.

Oil prices are following Asian shares higher, but uncertainty in the euro zone over Italy's election result continues to weigh. Focus will turn to U.S. oil stockpiles data due at 1530 GMT and news from talks between Iran and world powers over its nuclear program.

Nymex crude for April delivery is 13 cents higher at $92.75/bbl and. Brent crude for April delivery is up 11 cents at $112.82/bbl.


 
NEWS ROUNDUP: 

DENMARK: Pandora A/S (PNDORA.KO), the Danish jewelry manufacturer, Tuesday said it has decided to change its dividend policy to increase the pay-out ratio and to launch a share buyback program of up to 700 million Danish kroner ($123.86 million), as it posted a higher fourth-quarter net profit than analysts had expected.

SWEDEN: Minutes from the latest Riksbank policy meeting clearly showed the stark division between the four-member majority on the rate-setting board and a more dovish two-member minority.

NORWAY: Statoil ASA (STO), the Norwegian oil and gas major, began an investigation into January's attack at the In Amenas gas plant in Algeria, in which five of its employees were killed, and said the team would report by Sept. 15.

NORWAY: Norway's government cashed in heavily on its oil and gas fields last year, snatching a chunk of the gas market from Russia despite weak demand in Europe, the company that manages the resources said. But state-owned Petoro AS also renewed its warning about maturing fields, calling for a massive investment in coming years to keep pace with the rapid decline in oil output.

DENMARK: Jyske Bank A/S (JYSK.KO), the Danish bank, said it expects economic trends to remain sluggish as it posted higher full-year earnings from a year earlier, helped by increased net interest income.

DENMARK: GN Store Nord A/S (GN.KO), the Danish electronic equipment manufacturer, said a Cologne court has dismissed the company's claim over a compensation case that it brought against the German Cartel Office.

SWEDEN: IKEA, the Swedish furniture giant, has expanded the withdrawal of the sale of its meatballs in Europe to also include Asia and the Caribbean, amid fears the products could contain traces of horse meat.

DENMARK: Denmark, battling a stagnant economy and concerns about a productivity gap with other nations, is planning to slash its corporate taxes in phases over the next three years to better stack up against regional rates. The move, which follows similar tax cuts in the U.K., Sweden and Finland comes as pressure mounts on Prime Minister Helle Thorning-Schmidt. A ruling coalition led by Ms. Thorning-Schmidt's Social Democrats unveiled the planned cuts as part of a wider ""Growth Plan DK"" aimed at creating 150,000 jobs by 2020.

DENMARK: Danish jewelry maker Pandora A/S (PNDZY, PNDORA.KO), looking to reinvent itself after a string of rocky years, will slow the pace of store openings but launch online sales in Europe this year in a move that could further diminish reliance on third-party sales channels and heighten its appeal for younger buyers.

-Write to Katarina Gustafsson at katarina.gustafsson@dowjones.com; Twitter: @DowJonesNordics [ 27-02-13 0336GMT ]

By Katarina Gustafsson


 
 
TODAY'S CALENDAR-All times GMT 
 
Nordic Macro 
n/a Northern Futures 
forum in Riga 
n/a Riksbank Deputy Governor 
Wickman-Parak speaks 
n/a Norges BankFX buys 
0800 Denmark GPD for 4Q 
0800 Denmark unemployment 
for Jan 
0830 Sweden PPI for Jan 
0830 Sweden retail sales 
for Jan 
0900 Norway retail sales 
for Jan 
 
Other Macro 
0001 UK GfK consumer 
confidence for Feb 
0745 France PPI for Jan 
0900 Germany unemployment 
rate for Feb 
1000 EU CPI for Jan 
1300 Germany CPI for Feb 
1330 US GDP for 4Q 
1330 US jobless claims 
1445 Chicago PMI for Feb 
 
Nordic Equities 
n/a Volvo AB investor 
day in New York 
n/a SeaDrill Ltd. 4Q 
 
Other Equities 
n/a Best Buy Co. Inc. 4Q 
n/a Gap Inc. 4Q 
 
 
IN FOCUS: 

Economic data from both the Nordic region and abroad will likely grab investor attention in the Nordics Thursday, with GDP figures from the U.S. one of the key highlights.

The data on how the U.S. economy performed during the fourth quarter come as market participants watch U.S. budget talks--$85 billion in automatic spending cuts--known as the sequester--are due to kick in on Friday unless policymakers reach an agreement.

Attention this week has also been on U.S. central bank Chairman Ben Bernanke who has been closely watched during his semi-annual testimony, and his commitment to quantitative easing was welcomed by markets, easing speculation that the Federal Reserve would end its stimulus measures earlier than planned.

Italy will also continue to be in the spotlight Thursday as market participants keep a close eye on developments after the Italian vote resulted in a political deadlock.

In the Nordics, attention will also be on local data including Swedish retail sales and the Norwegian central bank's announcement on planned FX buys in the coming month for the Government Pension Fund Global, the country's vast sovereign wealth fund also known as the oil fund. Some attention will also be on the Northern Futures Forum in Riga.

FOREX: 
 
EUR/NOK 
Latest 0250 GMT 7.4772-848 
Previous 2150 GMT 7.4707-82 
%Chg +0.09 
 
EUR/SEK 
Latest 0250 GMT 8.4430-508 
Previous 2150 GMT 8.4437-501 
%Chg +0.00 
 
USD/NOK 
Latest 0250 GMT 5.6891-942 
Previous 2150 GMT 5.6875-925 
%Chg +0.03 
 
USD/SEK 
Latest 0250 GMT 6.4239-90 
Previous 2150 GMT 6.4283-323 
%Chg -0.06 
 
 
NORDIC CURRENCIES: 

The Swedish krona still looks to be preferred to the Norwegian krone as the Norwegian central bank has indicated they will act to halt a further strengthening of the NOK while the Swedish central bank is comfortable with SEK at (almost) any level, DNB Markets said.

DNB said it projects the Norwegian krone will be in demand near term, strengthening against most its peers.

""We expect the NOK to continue to strengthen for the next six months. From there on, central bank stimuli will gradually be withdrawn, removing the appreciating pressure on the NOK,"" the bank said. ""But we expect the NOK to stay at strong levels despite seeing a correction weaker.""

Thursday eyes will be on Norwegian retail sales, which DNB expects to have picked up in January after a few rather weak months.

The bank expects no change in the daily FX purchases from Norges Bank.

For the Swedish krona, DNB said abating growth in Sweden and improved market sentiment will eventually weaken the SEK long term, but it still expect the currency at strong levels.

""The development in the export-oriented Swedish economy has taken a hit, and the possibility of another rate cut seems to be increasingly likely,"" the bank said, adding that it has revised its EUR/SEK forecast lower due to recent developments.


 
STOCK INDEXES: 
 
OMXN40 1,158.57  +10.15  +0.9% 
OMXS30 1,194.07  +13.17  +1.1% 
OBX      435.52   +0.50  +0.1% 
OMXC20   543.04   -1.74  -0.3% 
OMXH25 2,349.47  +34.88  +1.5% 
 
Brent   $112.27  +$0.40  +0.3% 
 
 
NORDIC MARKETS: 

The political uncertainty in Italy and the U.S. is having the largest influence on Nordic equity markets these days and will lead to volatility, Ole Jensen, head of Sales at Sydbank, said.

""Whether Italy gets a new government soon is important also for Denmark and the other northern European countries. The situation in southern Europe influences the whole of Europe,"" he said.

Also the budget cuts that might be triggered by the sequester in the U.S. hold a risk, while a solution to the budget issue could influence markets positively.

In the light of these two events, the macro data that is due is of less importance, according to Mr. Jensen.

""German unemployment will be closely watched of course on Thursday and on Friday the PMI data for Italy and Spain are interesting,"" he said.

There are only a few corporate reports due in the next days and these are of less interest, Mr. Jensen said.


 
ENERGY: 

Crude-oil futures rose in Asia trading, as U.S. crude inventories rose less than expected on encouraging signals from the euro zone. Brent crude climbed back above the $112/bbl-mark after falling to a five-week low on Wednesday.

Nuclear talks with Iran didn't see any major progress, but ended on an upbeat note, which could put pressure on Brent. The parties agreed to meet again in coming weeks.

The WTI-Brent spread narrowed to $19.12/bbl. Nymex crude was up 40 cents at $93.16/bbl, and Brent was up 40 cents at $112.27/bbl.


 
NEWS ROUNDUP: 

NORWAY: Norwegian oil officials Wednesday boosted the Nordic nation's estimate of undiscovered oil and gas by about 2.5 billion barrels of oil equivalent, or 15%, most of it gas in an area formerly disputed with Russia.

DENMARK: Danish state-owned oil and gas group DONG Energy said it will divest assets, cut costs and receive an equity injection of at least DKK6 billion-DKK8 billion to restore its financial health after making a DKK4.13 billion net loss in 2012.

DENMARK: NKT Holding A/S (NKT.KO), the Danish industrial company, posted a rise in full-year net profit from a year earlier but said it has scrapped targets for revenue, organic growth, operating margin and earnings per share, amid increasingly tough competition.

SWEDEN: SSAB AB (SSAB-A.SK), the Swedish steel maker, announced it has appointed Hakan Folin, who has held several senior positions in the company, as its chief financial officer.

NORWAY: Subsea 7 S.A. (SUBC.OS), the Norwegian seabed-to-surface engineering contractor, has been awarded a $285 million contract from Talisman Sinopec Energy U.K. Ltd. for subsea construction services in support of its Montrose Area Redevelopment Project in the North Sea.

DENMARK: Per Aarsleff A/S (PAAL-B.KO), the Danish infrastructure contractor, reiterated its full year 2012/2013 guidance as it posted an increase in first-quarter profit, helped by higher sales.

FINLAND: YIT Oyj (YTY1V.HE), the Finnish construction services company, said it has sold apartments in the Helsinki region and other growth centers to Alandsbanken's housing fund for EUR43 million.

SWEDEN: Swedish furniture giant IKEA said it is removing wiener sausages from its stores in five countries after tests revealed ""indications of horse DNA.""

SWEDEN: Sweden will offer a total of 3.5 billion Swedish kronor ($543.9 million) of 1.50% bonds maturing 2023 at an auction March 6, the National Debt Office said Wednesday.

-Write to Katarina Gustafsson at katarina.gustafsson@dowjones.com; Twitter: @DowJonesNordics

(Clemens Bomsdorf in Copenhagen contributed to this report) [ 28-02-13 0259GMT ]

77791"
NORDIC MORNING BRIEFING: Markets Await Italy Election Results,2013-02-25,"
 
 
TODAY'S CALENDAR-All times GMT 
 
Macro 
n/a Italian parliamentary 
elections conclude O 
0145 China HSBC flash 
manufacturing PMI for Feb 
1000 Italy bond auction 
 
Nordic Equities 
n/a Songa Offshore SE 4Q 
 
Other Equities 
n/a Lowe's Cos. 4Q 
 
 
IN FOCUS: 

The election in Italy is set to take centre stage for market participants Monday. Some attention is also expected to be directed towards Chinese manufacturing data and U.S. budget talks.

Amid the eurozone turmoil, the Italian vote is one of the most globally watched for decades and the candidacy of the country's former Prime Minister Silvio Berlusconi has received a lot of attention ahead of the election. The resurgence of the controversial ex-premier, who resigned in November 2011, has made markets anxious as Italy battles with a grave debt crisis and investors are keen to see a leader who can push through restructuring efforts.

The elections, which end when polls close Monday, are being monitored by international investors and Italy's European partners. Results are expected from late Monday into Tuesday morning.

In a note published ahead of the election, SEB said that the election is pointing towards an instable mid-left-coalition with a wide range of political parties.

""The election results are expected to confirm that it is reasonable to have a continued large heavy political risk premium attached to the euro,"" said the bank.

In addition to the politics in Italy, U.S. budget talks are set to receive increased attention this week as the White House and Republicans resume their discussions.

Another highlight this week is U.S. central bank Chairman Ben Bernanke congressional testimony.

""In light of last week's revelations [in the minutes from January's FOMC meeting] Chairman Ben Bernanke's congressional testimony this week will be watched particularly closely for any signs that he is more concerned about the potential costs of further quantitative easing,"" Capital Economics said in a note.

This week's key macro events in the Nordics include minutes from the Swedish central bank and GDP data from Sweden as well as Denmark.

FOREX: 
 
EUR/NOK 
Latest 0250 GMT 7.4744-78 
Previous 2150 GMT 7.4828-922 
%Chg -0.15 
 
EUR/SEK 
Latest 0250 GMT 8.4571-610 
Previous 2150 GMT 8.4686-795 
%Chg -0.18 
 
 
USD/NOK 
Latest 0250 GMT 5.6680-98 
Previous 2150 GMT 5.6697-748 
%Chg -0.06 
 
 
USD/SEK 
Latest 0250 GMT 6.4133-52 
Previous 2150 GMT 6.4197-248 
%Chg -0.12 
 
 
NORDIC CURRENCIES: 

The Swedish krona has gained significant strength versus most other currencies during the past few months, largely because of an increased appetite for risk in the market, IG market strategist Michael Canborn said in a note. Sweden's continued strong state finances and a large interest-rate differential compared with other countries where the Swedish central bank earlier February kept its key rate on hold at 1%, also contribute to the strength, added the strategist.

However, the U.S. dollar has started to strengthen towards the Swedish krona during the past few days after worries that the Federal Reserve will end its asset purchases sooner than planned, Mr. Canborn noted.

On Friday, Sweden's Prime Minister Fredrik Reinfeldt said it was up to the markets to determine the value of the krona, adding that his government favors boosting the country's competitiveness as the best way to offset the effects of a strong currency.

Talking to reporters in Dublin, Mr. Reinfeldt cited Sweden's lowering of its corporation tax rate earlier this year, as one measure the government had taken to boost competitiveness and to ""balance the fact that we now have a very strong Swedish krona.""


STOCK INDEXES: 
 
OMXN40 1,164.03  +12.43  +1.1% 
OMXS30 1,205.10  +16.15  +1.4% 
OB       434.62   +1.27  +0.3% 
OMXC20   539.49   +3.36  +0.6% 
OMXH25 2,369.87  +24.22  +1.0% 
 
Brent  $113.81   -0.29   -0.3% 
 
 
NORDIC MARKETS: 

The underlying stock market sentiment is still strong, IG market strategist Michael Canborn said in a note. Looking ahead, a continued stock market rise is possible if the rotation from bonds to equities takes off for real, added the strategist.

Key focus for investors today is expected to be on the Italian vote as polls close later today after opening Sunday. In macro data, Chinese manufacturing PMI for February will be one to watch.

Market participants are also likely this week to pay attention to news from the mobile world congress in Barcelona. Nordic investors are set to keep an eye on Swedish network equipment vendor Ericsson (ERIC) and Finnish handset maker Nokia Oyj (NOK) which are among the string of companies participating there.


ENERGY: 

Crude-oil futures were slightly lower in Asian trading, despite news that China will raise domestic gasoline and diesel prices on Monday. Crude slipped between 3% and 3.5% last week, and money managers cut their net long position in Nymex crude oil futures and options by 6.1% in the week ended Feb. 19. In the same period, net long positions in ICE crude oil futures and options were increased by a modest 0.9%. Meanwhile, the preliminary HSBC China Manufacturing Purchasing Managers Index, a gauge of nationwide manufacturing activity, fell to 50.4 in February, compared with a final reading of 52.3 in January, HSBC Holdings PLC said Monday. Nymex crude for April delivery fell 13 cents to $93.01/bbl; Brent crude for April delivery fell 29 cents at $113.81/bbl


NEWS ROUNDUP: 

DENMARK: A.P. Moller-Maersk A/S (MAERSK-B.KO), the Danish oil and shipping conglomerate, Friday posted a rise in quarterly net profit as higher freight rates and cost reduction helped lift the performance of the company's shipping business, which it expects to remain under pressure this year due to a glut of industry capacity and modest growth prospects.

DENMARK: DONG Energy A/S, the Danish state-owned energy producer, said it is in dialogue with its principal shareholder, the Danish Ministry of Finance, on possible initiatives aimed at strengthening its capital structure, including a potential injection of equity.

NORWAY: Renewable Energy Corporation ASA (REC.OS), the Norwegian solar energy company, said it has received $27 million cash compensation from a silane gas customer.

SWEDEN: Atrium Ljungberg AB (LJGR-B.SK), the Swedish property company, said it expects its net profit to drop in 2013, amid low growth rates in the Swedish economy.

FINLAND: A Finnish food company said Friday it had asked authorities to green-light a plan to donate its products found to contain horsemeat to charities for the poor.

Food company Pouttu on Thursday withdrew more than five tonnes of kebab dishes from sale after the company's internal tests found traces of horse meat in products listing other meats on their labels.

-Write to Katarina Gustafsson at katarina.gustafsson@dowjones.com; Twitter: @DowJonesNordics [ 02-24-13 2209ET ]

By Katarina Gustafsson


 
 
TODAY'S CALENDAR-All times GMT 
 
Nordic Macro 
0830 Sweden trade balance 
for Jan 
0900 Norway unemployment 
for Dec 
 
Other Macro 
n/a US Fed Chairman Bernanke 
presents monetary policy 
report to US House Financial 
Services Committee 
n/a ECB President Draghi 
speaks 
0700 Germany GfK consumer 
confidence for March 
0930 UK GDP for 4Q 
1000 Italy bond auction 
1000 EU business climate 
indicator and economic 
sentiment indicator for Feb 
1330 US durable goods 
orders for Jan 
1500 pending home 
sales for Jan 
 
Nordic Equities 
0700 DONG Energy A/S 4Q 
 
Other Equities 
n/a J.C. Penney Co. Inc. 4Q 
n/a Target Corp. 4Q 
 
 
IN FOCUS: 

The inconclusive Italian vote has left markets in limbo and will likely continue to grab attention Wednesday while investors will also focus on U.S. budget talks. In the Nordics, eyes will be on Swedish and Norwegian macro data.

""The one thing that seems clear after the Italian election is that nothing is clear at all and uncertainty will linger on,"" Nordea Markets said in a note.

The vote, which concluded Monday, was Italy's most globally watched election in decades and euro-zone debt worries flared up again this week as the election failed to produce a clear winner. Market participants had been keen to see a leadership with the potential to push through tough reforms to reduce the country's debt burden.

""With no coalition getting a majority in both houses of parliament, ingovernability has won for now,"" Nordea Markets said, adding it sees a high probability of new elections within the next few months.

Capital Economics said the political deadlock in Italy looks set to prompt a renewed bout of market pressure which may eventually force Italy to request a support package from the euro zone.

In addition to Italy, investors will also be focused on the U.S., where Federal Reserve Chairman Ben Bernanke is set to present a monetary policy report to the U.S. House Financial Services Committee after his address yesterday to the U.S. Senate Banking Committee.

Capital Economics said the testimony Tuesday confirmed that the Federal Open Market Committee is paying a lot more attention to the potential costs of continuing with its quantitative easing this year.

""Bernanke still appears to believe that the benefits outweigh the costs, but the net benefits will continue to shrink as the Fed buys more assets this year,"" Capital Economics said, adding it is looking more likely the Federal Reserve will slow the pace of its monthly buys soon even if it doesn't see the desired improvement in labor market conditions.

Key for market participants this week is also Friday's deadline for U.S. policymakers to agree on spending cuts. Unless lawmakers act to avoid it, some $85 billion in automatic spending cuts are due to be applied on March 1. The scheduled cuts were originally set to take effect at the start of this year before being pushed back for two months.

In the Nordic region Wednesday, investors can look forward to Swedish trade data and Norwegian unemployment figures in the morning.

FOREX: 
 
EUR/NOK 
Latest 0250 GMT 7.4446-522 
Previous 2150 GMT 7.4444-530 
%Chg 0.00 
 
EUR/SEK 
Latest 0250 GMT 8.4360-426 
Previous 2150 GMT 8.4325-98 
%Chg +0.04 
 
USD/NOK 
Latest 0250 GMT 5.7064-114 
Previous 2150 GMT 5.7000-57 
%Chg +0.11 
 
USD/SEK 
Latest 0250 GMT  6.4663-704 
Previous 2150 GMT 6.4566-609 
%Chg +0.15 
 
 
NORDIC CURRENCIES: 

This is a busy week for Swedish macro data and releases. Tuesday, the minutes from the Swedish central bank's latest rate meeting were in focus, today trade balance data are due and Thursday investors can look forward to retail sales. Friday brings both PMI and GDP data.

SEB said in a note that after its recent move lower, NOK/SEK is back in a 1.11-1.17 range. The bank expects the cross to remain in this range for 2013 and, lacking potential triggers, SEB said it would focus on playing this range ahead of the upcoming monetary policy rate decision in Norway on March 14.

The bank said relative monetary policy will be NOK/SEK neutral in the coming month.

In Norway, policymakers have again verbally intervened to try and stop what SEB said seems like an inevitable appreciation pressure on the NOK, while in Sweden, the Riksbank is taking a more relaxed view on currency strength. SEB added that Tuesday's Riksbank minutes gave a reminder of this theme as the minutes showed no real stress as regards exchange rate developments.


 
STOCK INDEXES: 
 
OMXN40 1,148.42  -13.22  -1.1% 
OMXS30 1,180.90  -18.54  -1.6% 
OBX      435.02   -2.91  -0.7% 
OMXC20   544.78   +1.37  +0.3% 
OMXH25 2,314.59  -55.52  -2.3% 
 
Brent   $112.82  +$0.11  +0.1% 
 
 
NORDIC MARKETS: 

Nordic investors are set Wednesday to continue to digest the results from the Italian vote while also looking towards the U.S. budget deadline Friday.

""The election in Italy became the thriller and illustration of political risk in Europe that we would have wanted to avoid,"" SEB said in a note.

Uncertainty has risen after the polls closed in Italy Monday afternoon as the election has resulted in a political deadlock. The VIX volatility index Monday surged by 36%.

IG market strategist Michael Canborn noted that since 1990, the VIX has only risen by more than 36% during six trading sessions.


 
ENERGY: 

Crude-oil futures are slightly higher in Asian trading, buoyed by statements from U.S. Fed Chairman Ben Bernanke in favor of continuing the central bank's bond-buying programs. Prices settled at fresh lows for the year Tuesday.

Oil prices are following Asian shares higher, but uncertainty in the euro zone over Italy's election result continues to weigh. Focus will turn to U.S. oil stockpiles data due at 1530 GMT and news from talks between Iran and world powers over its nuclear program.

Nymex crude for April delivery is 13 cents higher at $92.75/bbl and. Brent crude for April delivery is up 11 cents at $112.82/bbl.


 
NEWS ROUNDUP: 

DENMARK: Pandora A/S (PNDORA.KO), the Danish jewelry manufacturer, Tuesday said it has decided to change its dividend policy to increase the pay-out ratio and to launch a share buyback program of up to 700 million Danish kroner ($123.86 million), as it posted a higher fourth-quarter net profit than analysts had expected.

SWEDEN: Minutes from the latest Riksbank policy meeting clearly showed the stark division between the four-member majority on the rate-setting board and a more dovish two-member minority.

NORWAY: Statoil ASA (STO), the Norwegian oil and gas major, began an investigation into January's attack at the In Amenas gas plant in Algeria, in which five of its employees were killed, and said the team would report by Sept. 15.

NORWAY: Norway's government cashed in heavily on its oil and gas fields last year, snatching a chunk of the gas market from Russia despite weak demand in Europe, the company that manages the resources said. But state-owned Petoro AS also renewed its warning about maturing fields, calling for a massive investment in coming years to keep pace with the rapid decline in oil output.

DENMARK: Jyske Bank A/S (JYSK.KO), the Danish bank, said it expects economic trends to remain sluggish as it posted higher full-year earnings from a year earlier, helped by increased net interest income.

DENMARK: GN Store Nord A/S (GN.KO), the Danish electronic equipment manufacturer, said a Cologne court has dismissed the company's claim over a compensation case that it brought against the German Cartel Office.

SWEDEN: IKEA, the Swedish furniture giant, has expanded the withdrawal of the sale of its meatballs in Europe to also include Asia and the Caribbean, amid fears the products could contain traces of horse meat.

DENMARK: Denmark, battling a stagnant economy and concerns about a productivity gap with other nations, is planning to slash its corporate taxes in phases over the next three years to better stack up against regional rates. The move, which follows similar tax cuts in the U.K., Sweden and Finland comes as pressure mounts on Prime Minister Helle Thorning-Schmidt. A ruling coalition led by Ms. Thorning-Schmidt's Social Democrats unveiled the planned cuts as part of a wider ""Growth Plan DK"" aimed at creating 150,000 jobs by 2020.

DENMARK: Danish jewelry maker Pandora A/S (PNDZY, PNDORA.KO), looking to reinvent itself after a string of rocky years, will slow the pace of store openings but launch online sales in Europe this year in a move that could further diminish reliance on third-party sales channels and heighten its appeal for younger buyers.

-Write to Katarina Gustafsson at katarina.gustafsson@dowjones.com; Twitter: @DowJonesNordics [ 02-26-13 2236ET ]

By Katarina Gustafsson


 
 
TODAY'S CALENDAR-All times GMT 
 
Nordic Macro 
n/a Northern Futures 
forum in Riga 
n/a Riksbank Deputy Governor 
Wickman-Parak speaks 
n/a Norges BankFX buys 
0800 Denmark GPD for 4Q 
0800 Denmark unemployment 
for Jan 
0830 Sweden PPI for Jan 
0830 Sweden retail sales 
for Jan 
0900 Norway retail sales 
for Jan 
 
Other Macro 
0001 UK GfK consumer 
confidence for Feb 
0745 France PPI for Jan 
0900 Germany unemployment 
rate for Feb 
1000 EU CPI for Jan 
1300 Germany CPI for Feb 
1330 US GDP for 4Q 
1330 US jobless claims 
1445 Chicago PMI for Feb 
 
Nordic Equities 
n/a Volvo AB investor 
day in New York 
n/a SeaDrill Ltd. 4Q 
 
Other Equities 
n/a Best Buy Co. Inc. 4Q 
n/a Gap Inc. 4Q 
 
 
IN FOCUS: 

Economic data from both the Nordic region and abroad will likely grab investor attention in the Nordics Thursday, with GDP figures from the U.S. one of the key highlights.

The data on how the U.S. economy performed during the fourth quarter come as market participants watch U.S. budget talks--$85 billion in automatic spending cuts--known as the sequester--are due to kick in on Friday unless policymakers reach an agreement.

Attention this week has also been on U.S. central bank Chairman Ben Bernanke who has been closely watched during his semi-annual testimony, and his commitment to quantitative easing was welcomed by markets, easing speculation that the Federal Reserve would end its stimulus measures earlier than planned.

Italy will also continue to be in the spotlight Thursday as market participants keep a close eye on developments after the Italian vote resulted in a political deadlock.

In the Nordics, attention will also be on local data including Swedish retail sales and the Norwegian central bank's announcement on planned FX buys in the coming month for the Government Pension Fund Global, the country's vast sovereign wealth fund also known as the oil fund. Some attention will also be on the Northern Futures Forum in Riga.

FOREX: 
 
EUR/NOK 
Latest 0250 GMT 7.4772-848 
Previous 2150 GMT 7.4707-82 
%Chg +0.09 
 
EUR/SEK 
Latest 0250 GMT 8.4430-508 
Previous 2150 GMT 8.4437-501 
%Chg +0.00 
 
USD/NOK 
Latest 0250 GMT 5.6891-942 
Previous 2150 GMT 5.6875-925 
%Chg +0.03 
 
USD/SEK 
Latest 0250 GMT 6.4239-90 
Previous 2150 GMT 6.4283-323 
%Chg -0.06 
 
 
NORDIC CURRENCIES: 

The Swedish krona still looks to be preferred to the Norwegian krone as the Norwegian central bank has indicated they will act to halt a further strengthening of the NOK while the Swedish central bank is comfortable with SEK at (almost) any level, DNB Markets said.

DNB said it projects the Norwegian krone will be in demand near term, strengthening against most its peers.

""We expect the NOK to continue to strengthen for the next six months. From there on, central bank stimuli will gradually be withdrawn, removing the appreciating pressure on the NOK,"" the bank said. ""But we expect the NOK to stay at strong levels despite seeing a correction weaker.""

Thursday eyes will be on Norwegian retail sales, which DNB expects to have picked up in January after a few rather weak months.

The bank expects no change in the daily FX purchases from Norges Bank.

For the Swedish krona, DNB said abating growth in Sweden and improved market sentiment will eventually weaken the SEK long term, but it still expect the currency at strong levels.

""The development in the export-oriented Swedish economy has taken a hit, and the possibility of another rate cut seems to be increasingly likely,"" the bank said, adding that it has revised its EUR/SEK forecast lower due to recent developments.


 
STOCK INDEXES: 
 
OMXN40 1,158.57  +10.15  +0.9% 
OMXS30 1,194.07  +13.17  +1.1% 
OBX      435.52   +0.50  +0.1% 
OMXC20   543.04   -1.74  -0.3% 
OMXH25 2,349.47  +34.88  +1.5% 
 
Brent   $112.27  +$0.40  +0.3% 
 
 
NORDIC MARKETS: 

The political uncertainty in Italy and the U.S. is having the largest influence on Nordic equity markets these days and will lead to volatility, Ole Jensen, head of Sales at Sydbank, said.

""Whether Italy gets a new government soon is important also for Denmark and the other northern European countries. The situation in southern Europe influences the whole of Europe,"" he said.

Also the budget cuts that might be triggered by the sequester in the U.S. hold a risk, while a solution to the budget issue could influence markets positively.

In the light of these two events, the macro data that is due is of less importance, according to Mr. Jensen.

""German unemployment will be closely watched of course on Thursday and on Friday the PMI data for Italy and Spain are interesting,"" he said.

There are only a few corporate reports due in the next days and these are of less interest, Mr. Jensen said.


 
ENERGY: 

Crude-oil futures rose in Asia trading, as U.S. crude inventories rose less than expected on encouraging signals from the euro zone. Brent crude climbed back above the $112/bbl-mark after falling to a five-week low on Wednesday.

Nuclear talks with Iran didn't see any major progress, but ended on an upbeat note, which could put pressure on Brent. The parties agreed to meet again in coming weeks.

The WTI-Brent spread narrowed to $19.12/bbl. Nymex crude was up 40 cents at $93.16/bbl, and Brent was up 40 cents at $112.27/bbl.


 
NEWS ROUNDUP: 

NORWAY: Norwegian oil officials Wednesday boosted the Nordic nation's estimate of undiscovered oil and gas by about 2.5 billion barrels of oil equivalent, or 15%, most of it gas in an area formerly disputed with Russia.

DENMARK: Danish state-owned oil and gas group DONG Energy said it will divest assets, cut costs and receive an equity injection of at least DKK6 billion-DKK8 billion to restore its financial health after making a DKK4.13 billion net loss in 2012.

DENMARK: NKT Holding A/S (NKT.KO), the Danish industrial company, posted a rise in full-year net profit from a year earlier but said it has scrapped targets for revenue, organic growth, operating margin and earnings per share, amid increasingly tough competition.

SWEDEN: SSAB AB (SSAB-A.SK), the Swedish steel maker, announced it has appointed Hakan Folin, who has held several senior positions in the company, as its chief financial officer.

NORWAY: Subsea 7 S.A. (SUBC.OS), the Norwegian seabed-to-surface engineering contractor, has been awarded a $285 million contract from Talisman Sinopec Energy U.K. Ltd. for subsea construction services in support of its Montrose Area Redevelopment Project in the North Sea.

DENMARK: Per Aarsleff A/S (PAAL-B.KO), the Danish infrastructure contractor, reiterated its full year 2012/2013 guidance as it posted an increase in first-quarter profit, helped by higher sales.

FINLAND: YIT Oyj (YTY1V.HE), the Finnish construction services company, said it has sold apartments in the Helsinki region and other growth centers to Alandsbanken's housing fund for EUR43 million.

SWEDEN: Swedish furniture giant IKEA said it is removing wiener sausages from its stores in five countries after tests revealed ""indications of horse DNA.""

SWEDEN: Sweden will offer a total of 3.5 billion Swedish kronor ($543.9 million) of 1.50% bonds maturing 2023 at an auction March 6, the National Debt Office said Wednesday.

-Write to Katarina Gustafsson at katarina.gustafsson@dowjones.com; Twitter: @DowJonesNordics

(Clemens Bomsdorf in Copenhagen contributed to this report) [ 02-27-13 2159ET ]

77791"
NORDIC MORNING BRIEFING: Markets Await Italy Election Results,2013-02-25,"
 
 
TODAY'S CALENDAR-All times GMT 
 
Macro 
n/a Italian parliamentary 
elections conclude O 
0145 China HSBC flash 
manufacturing PMI for Feb 
1000 Italy bond auction 
 
Nordic Equities 
n/a Songa Offshore SE 4Q 
 
Other Equities 
n/a Lowe's Cos. 4Q 
 
 
IN FOCUS: 

The election in Italy is set to take centre stage for market participants Monday. Some attention is also expected to be directed towards Chinese manufacturing data and U.S. budget talks.

Amid the eurozone turmoil, the Italian vote is one of the most globally watched for decades and the candidacy of the country's former Prime Minister Silvio Berlusconi has received a lot of attention ahead of the election. The resurgence of the controversial ex-premier, who resigned in November 2011, has made markets anxious as Italy battles with a grave debt crisis and investors are keen to see a leader who can push through restructuring efforts.

The elections, which end when polls close Monday, are being monitored by international investors and Italy's European partners. Results are expected from late Monday into Tuesday morning.

In a note published ahead of the election, SEB said that the election is pointing towards an instable mid-left-coalition with a wide range of political parties.

""The election results are expected to confirm that it is reasonable to have a continued large heavy political risk premium attached to the euro,"" said the bank.

In addition to the politics in Italy, U.S. budget talks are set to receive increased attention this week as the White House and Republicans resume their discussions.

Another highlight this week is U.S. central bank Chairman Ben Bernanke congressional testimony.

""In light of last week's revelations [in the minutes from January's FOMC meeting] Chairman Ben Bernanke's congressional testimony this week will be watched particularly closely for any signs that he is more concerned about the potential costs of further quantitative easing,"" Capital Economics said in a note.

This week's key macro events in the Nordics include minutes from the Swedish central bank and GDP data from Sweden as well as Denmark.

FOREX: 
 
EUR/NOK 
Latest 0250 GMT 7.4744-78 
Previous 2150 GMT 7.4828-922 
%Chg -0.15 
 
EUR/SEK 
Latest 0250 GMT 8.4571-610 
Previous 2150 GMT 8.4686-795 
%Chg -0.18 
 
 
USD/NOK 
Latest 0250 GMT 5.6680-98 
Previous 2150 GMT 5.6697-748 
%Chg -0.06 
 
 
USD/SEK 
Latest 0250 GMT 6.4133-52 
Previous 2150 GMT 6.4197-248 
%Chg -0.12 
 
 
NORDIC CURRENCIES: 

The Swedish krona has gained significant strength versus most other currencies during the past few months, largely because of an increased appetite for risk in the market, IG market strategist Michael Canborn said in a note. Sweden's continued strong state finances and a large interest-rate differential compared with other countries where the Swedish central bank earlier February kept its key rate on hold at 1%, also contribute to the strength, added the strategist.

However, the U.S. dollar has started to strengthen towards the Swedish krona during the past few days after worries that the Federal Reserve will end its asset purchases sooner than planned, Mr. Canborn noted.

On Friday, Sweden's Prime Minister Fredrik Reinfeldt said it was up to the markets to determine the value of the krona, adding that his government favors boosting the country's competitiveness as the best way to offset the effects of a strong currency.

Talking to reporters in Dublin, Mr. Reinfeldt cited Sweden's lowering of its corporation tax rate earlier this year, as one measure the government had taken to boost competitiveness and to ""balance the fact that we now have a very strong Swedish krona.""


STOCK INDEXES: 
 
OMXN40 1,164.03  +12.43  +1.1% 
OMXS30 1,205.10  +16.15  +1.4% 
OB       434.62   +1.27  +0.3% 
OMXC20   539.49   +3.36  +0.6% 
OMXH25 2,369.87  +24.22  +1.0% 
 
Brent  $113.81   -0.29   -0.3% 
 
 
NORDIC MARKETS: 

The underlying stock market sentiment is still strong, IG market strategist Michael Canborn said in a note. Looking ahead, a continued stock market rise is possible if the rotation from bonds to equities takes off for real, added the strategist.

Key focus for investors today is expected to be on the Italian vote as polls close later today after opening Sunday. In macro data, Chinese manufacturing PMI for February will be one to watch.

Market participants are also likely this week to pay attention to news from the mobile world congress in Barcelona. Nordic investors are set to keep an eye on Swedish network equipment vendor Ericsson (ERIC) and Finnish handset maker Nokia Oyj (NOK) which are among the string of companies participating there.


ENERGY: 

Crude-oil futures were slightly lower in Asian trading, despite news that China will raise domestic gasoline and diesel prices on Monday. Crude slipped between 3% and 3.5% last week, and money managers cut their net long position in Nymex crude oil futures and options by 6.1% in the week ended Feb. 19. In the same period, net long positions in ICE crude oil futures and options were increased by a modest 0.9%. Meanwhile, the preliminary HSBC China Manufacturing Purchasing Managers Index, a gauge of nationwide manufacturing activity, fell to 50.4 in February, compared with a final reading of 52.3 in January, HSBC Holdings PLC said Monday. Nymex crude for April delivery fell 13 cents to $93.01/bbl; Brent crude for April delivery fell 29 cents at $113.81/bbl


NEWS ROUNDUP: 

DENMARK: A.P. Moller-Maersk A/S (MAERSK-B.KO), the Danish oil and shipping conglomerate, Friday posted a rise in quarterly net profit as higher freight rates and cost reduction helped lift the performance of the company's shipping business, which it expects to remain under pressure this year due to a glut of industry capacity and modest growth prospects.

DENMARK: DONG Energy A/S, the Danish state-owned energy producer, said it is in dialogue with its principal shareholder, the Danish Ministry of Finance, on possible initiatives aimed at strengthening its capital structure, including a potential injection of equity.

NORWAY: Renewable Energy Corporation ASA (REC.OS), the Norwegian solar energy company, said it has received $27 million cash compensation from a silane gas customer.

SWEDEN: Atrium Ljungberg AB (LJGR-B.SK), the Swedish property company, said it expects its net profit to drop in 2013, amid low growth rates in the Swedish economy.

FINLAND: A Finnish food company said Friday it had asked authorities to green-light a plan to donate its products found to contain horsemeat to charities for the poor.

Food company Pouttu on Thursday withdrew more than five tonnes of kebab dishes from sale after the company's internal tests found traces of horse meat in products listing other meats on their labels.

-Write to Katarina Gustafsson at katarina.gustafsson@dowjones.com; Twitter: @DowJonesNordics [ 25-02-13 0309GMT ]

By Katarina Gustafsson


 
 
TODAY'S CALENDAR-All times GMT 
 
Nordic Macro 
0830 Sweden trade balance 
for Jan 
0900 Norway unemployment 
for Dec 
 
Other Macro 
n/a US Fed Chairman Bernanke 
presents monetary policy 
report to US House Financial 
Services Committee 
n/a ECB President Draghi 
speaks 
0700 Germany GfK consumer 
confidence for March 
0930 UK GDP for 4Q 
1000 Italy bond auction 
1000 EU business climate 
indicator and economic 
sentiment indicator for Feb 
1330 US durable goods 
orders for Jan 
1500 pending home 
sales for Jan 
 
Nordic Equities 
0700 DONG Energy A/S 4Q 
 
Other Equities 
n/a J.C. Penney Co. Inc. 4Q 
n/a Target Corp. 4Q 
 
 
IN FOCUS: 

The inconclusive Italian vote has left markets in limbo and will likely continue to grab attention Wednesday while investors will also focus on U.S. budget talks. In the Nordics, eyes will be on Swedish and Norwegian macro data.

""The one thing that seems clear after the Italian election is that nothing is clear at all and uncertainty will linger on,"" Nordea Markets said in a note.

The vote, which concluded Monday, was Italy's most globally watched election in decades and euro-zone debt worries flared up again this week as the election failed to produce a clear winner. Market participants had been keen to see a leadership with the potential to push through tough reforms to reduce the country's debt burden.

""With no coalition getting a majority in both houses of parliament, ingovernability has won for now,"" Nordea Markets said, adding it sees a high probability of new elections within the next few months.

Capital Economics said the political deadlock in Italy looks set to prompt a renewed bout of market pressure which may eventually force Italy to request a support package from the euro zone.

In addition to Italy, investors will also be focused on the U.S., where Federal Reserve Chairman Ben Bernanke is set to present a monetary policy report to the U.S. House Financial Services Committee after his address yesterday to the U.S. Senate Banking Committee.

Capital Economics said the testimony Tuesday confirmed that the Federal Open Market Committee is paying a lot more attention to the potential costs of continuing with its quantitative easing this year.

""Bernanke still appears to believe that the benefits outweigh the costs, but the net benefits will continue to shrink as the Fed buys more assets this year,"" Capital Economics said, adding it is looking more likely the Federal Reserve will slow the pace of its monthly buys soon even if it doesn't see the desired improvement in labor market conditions.

Key for market participants this week is also Friday's deadline for U.S. policymakers to agree on spending cuts. Unless lawmakers act to avoid it, some $85 billion in automatic spending cuts are due to be applied on March 1. The scheduled cuts were originally set to take effect at the start of this year before being pushed back for two months.

In the Nordic region Wednesday, investors can look forward to Swedish trade data and Norwegian unemployment figures in the morning.

FOREX: 
 
EUR/NOK 
Latest 0250 GMT 7.4446-522 
Previous 2150 GMT 7.4444-530 
%Chg 0.00 
 
EUR/SEK 
Latest 0250 GMT 8.4360-426 
Previous 2150 GMT 8.4325-98 
%Chg +0.04 
 
USD/NOK 
Latest 0250 GMT 5.7064-114 
Previous 2150 GMT 5.7000-57 
%Chg +0.11 
 
USD/SEK 
Latest 0250 GMT  6.4663-704 
Previous 2150 GMT 6.4566-609 
%Chg +0.15 
 
 
NORDIC CURRENCIES: 

This is a busy week for Swedish macro data and releases. Tuesday, the minutes from the Swedish central bank's latest rate meeting were in focus, today trade balance data are due and Thursday investors can look forward to retail sales. Friday brings both PMI and GDP data.

SEB said in a note that after its recent move lower, NOK/SEK is back in a 1.11-1.17 range. The bank expects the cross to remain in this range for 2013 and, lacking potential triggers, SEB said it would focus on playing this range ahead of the upcoming monetary policy rate decision in Norway on March 14.

The bank said relative monetary policy will be NOK/SEK neutral in the coming month.

In Norway, policymakers have again verbally intervened to try and stop what SEB said seems like an inevitable appreciation pressure on the NOK, while in Sweden, the Riksbank is taking a more relaxed view on currency strength. SEB added that Tuesday's Riksbank minutes gave a reminder of this theme as the minutes showed no real stress as regards exchange rate developments.


 
STOCK INDEXES: 
 
OMXN40 1,148.42  -13.22  -1.1% 
OMXS30 1,180.90  -18.54  -1.6% 
OBX      435.02   -2.91  -0.7% 
OMXC20   544.78   +1.37  +0.3% 
OMXH25 2,314.59  -55.52  -2.3% 
 
Brent   $112.82  +$0.11  +0.1% 
 
 
NORDIC MARKETS: 

Nordic investors are set Wednesday to continue to digest the results from the Italian vote while also looking towards the U.S. budget deadline Friday.

""The election in Italy became the thriller and illustration of political risk in Europe that we would have wanted to avoid,"" SEB said in a note.

Uncertainty has risen after the polls closed in Italy Monday afternoon as the election has resulted in a political deadlock. The VIX volatility index Monday surged by 36%.

IG market strategist Michael Canborn noted that since 1990, the VIX has only risen by more than 36% during six trading sessions.


 
ENERGY: 

Crude-oil futures are slightly higher in Asian trading, buoyed by statements from U.S. Fed Chairman Ben Bernanke in favor of continuing the central bank's bond-buying programs. Prices settled at fresh lows for the year Tuesday.

Oil prices are following Asian shares higher, but uncertainty in the euro zone over Italy's election result continues to weigh. Focus will turn to U.S. oil stockpiles data due at 1530 GMT and news from talks between Iran and world powers over its nuclear program.

Nymex crude for April delivery is 13 cents higher at $92.75/bbl and. Brent crude for April delivery is up 11 cents at $112.82/bbl.


 
NEWS ROUNDUP: 

DENMARK: Pandora A/S (PNDORA.KO), the Danish jewelry manufacturer, Tuesday said it has decided to change its dividend policy to increase the pay-out ratio and to launch a share buyback program of up to 700 million Danish kroner ($123.86 million), as it posted a higher fourth-quarter net profit than analysts had expected.

SWEDEN: Minutes from the latest Riksbank policy meeting clearly showed the stark division between the four-member majority on the rate-setting board and a more dovish two-member minority.

NORWAY: Statoil ASA (STO), the Norwegian oil and gas major, began an investigation into January's attack at the In Amenas gas plant in Algeria, in which five of its employees were killed, and said the team would report by Sept. 15.

NORWAY: Norway's government cashed in heavily on its oil and gas fields last year, snatching a chunk of the gas market from Russia despite weak demand in Europe, the company that manages the resources said. But state-owned Petoro AS also renewed its warning about maturing fields, calling for a massive investment in coming years to keep pace with the rapid decline in oil output.

DENMARK: Jyske Bank A/S (JYSK.KO), the Danish bank, said it expects economic trends to remain sluggish as it posted higher full-year earnings from a year earlier, helped by increased net interest income.

DENMARK: GN Store Nord A/S (GN.KO), the Danish electronic equipment manufacturer, said a Cologne court has dismissed the company's claim over a compensation case that it brought against the German Cartel Office.

SWEDEN: IKEA, the Swedish furniture giant, has expanded the withdrawal of the sale of its meatballs in Europe to also include Asia and the Caribbean, amid fears the products could contain traces of horse meat.

DENMARK: Denmark, battling a stagnant economy and concerns about a productivity gap with other nations, is planning to slash its corporate taxes in phases over the next three years to better stack up against regional rates. The move, which follows similar tax cuts in the U.K., Sweden and Finland comes as pressure mounts on Prime Minister Helle Thorning-Schmidt. A ruling coalition led by Ms. Thorning-Schmidt's Social Democrats unveiled the planned cuts as part of a wider ""Growth Plan DK"" aimed at creating 150,000 jobs by 2020.

DENMARK: Danish jewelry maker Pandora A/S (PNDZY, PNDORA.KO), looking to reinvent itself after a string of rocky years, will slow the pace of store openings but launch online sales in Europe this year in a move that could further diminish reliance on third-party sales channels and heighten its appeal for younger buyers.

-Write to Katarina Gustafsson at katarina.gustafsson@dowjones.com; Twitter: @DowJonesNordics [ 27-02-13 0336GMT ]

By Katarina Gustafsson


 
 
TODAY'S CALENDAR-All times GMT 
 
Nordic Macro 
n/a Northern Futures 
forum in Riga 
n/a Riksbank Deputy Governor 
Wickman-Parak speaks 
n/a Norges BankFX buys 
0800 Denmark GPD for 4Q 
0800 Denmark unemployment 
for Jan 
0830 Sweden PPI for Jan 
0830 Sweden retail sales 
for Jan 
0900 Norway retail sales 
for Jan 
 
Other Macro 
0001 UK GfK consumer 
confidence for Feb 
0745 France PPI for Jan 
0900 Germany unemployment 
rate for Feb 
1000 EU CPI for Jan 
1300 Germany CPI for Feb 
1330 US GDP for 4Q 
1330 US jobless claims 
1445 Chicago PMI for Feb 
 
Nordic Equities 
n/a Volvo AB investor 
day in New York 
n/a SeaDrill Ltd. 4Q 
 
Other Equities 
n/a Best Buy Co. Inc. 4Q 
n/a Gap Inc. 4Q 
 
 
IN FOCUS: 

Economic data from both the Nordic region and abroad will likely grab investor attention in the Nordics Thursday, with GDP figures from the U.S. one of the key highlights.

The data on how the U.S. economy performed during the fourth quarter come as market participants watch U.S. budget talks--$85 billion in automatic spending cuts--known as the sequester--are due to kick in on Friday unless policymakers reach an agreement.

Attention this week has also been on U.S. central bank Chairman Ben Bernanke who has been closely watched during his semi-annual testimony, and his commitment to quantitative easing was welcomed by markets, easing speculation that the Federal Reserve would end its stimulus measures earlier than planned.

Italy will also continue to be in the spotlight Thursday as market participants keep a close eye on developments after the Italian vote resulted in a political deadlock.

In the Nordics, attention will also be on local data including Swedish retail sales and the Norwegian central bank's announcement on planned FX buys in the coming month for the Government Pension Fund Global, the country's vast sovereign wealth fund also known as the oil fund. Some attention will also be on the Northern Futures Forum in Riga.

FOREX: 
 
EUR/NOK 
Latest 0250 GMT 7.4772-848 
Previous 2150 GMT 7.4707-82 
%Chg +0.09 
 
EUR/SEK 
Latest 0250 GMT 8.4430-508 
Previous 2150 GMT 8.4437-501 
%Chg +0.00 
 
USD/NOK 
Latest 0250 GMT 5.6891-942 
Previous 2150 GMT 5.6875-925 
%Chg +0.03 
 
USD/SEK 
Latest 0250 GMT 6.4239-90 
Previous 2150 GMT 6.4283-323 
%Chg -0.06 
 
 
NORDIC CURRENCIES: 

The Swedish krona still looks to be preferred to the Norwegian krone as the Norwegian central bank has indicated they will act to halt a further strengthening of the NOK while the Swedish central bank is comfortable with SEK at (almost) any level, DNB Markets said.

DNB said it projects the Norwegian krone will be in demand near term, strengthening against most its peers.

""We expect the NOK to continue to strengthen for the next six months. From there on, central bank stimuli will gradually be withdrawn, removing the appreciating pressure on the NOK,"" the bank said. ""But we expect the NOK to stay at strong levels despite seeing a correction weaker.""

Thursday eyes will be on Norwegian retail sales, which DNB expects to have picked up in January after a few rather weak months.

The bank expects no change in the daily FX purchases from Norges Bank.

For the Swedish krona, DNB said abating growth in Sweden and improved market sentiment will eventually weaken the SEK long term, but it still expect the currency at strong levels.

""The development in the export-oriented Swedish economy has taken a hit, and the possibility of another rate cut seems to be increasingly likely,"" the bank said, adding that it has revised its EUR/SEK forecast lower due to recent developments.


 
STOCK INDEXES: 
 
OMXN40 1,158.57  +10.15  +0.9% 
OMXS30 1,194.07  +13.17  +1.1% 
OBX      435.52   +0.50  +0.1% 
OMXC20   543.04   -1.74  -0.3% 
OMXH25 2,349.47  +34.88  +1.5% 
 
Brent   $112.27  +$0.40  +0.3% 
 
 
NORDIC MARKETS: 

The political uncertainty in Italy and the U.S. is having the largest influence on Nordic equity markets these days and will lead to volatility, Ole Jensen, head of Sales at Sydbank, said.

""Whether Italy gets a new government soon is important also for Denmark and the other northern European countries. The situation in southern Europe influences the whole of Europe,"" he said.

Also the budget cuts that might be triggered by the sequester in the U.S. hold a risk, while a solution to the budget issue could influence markets positively.

In the light of these two events, the macro data that is due is of less importance, according to Mr. Jensen.

""German unemployment will be closely watched of course on Thursday and on Friday the PMI data for Italy and Spain are interesting,"" he said.

There are only a few corporate reports due in the next days and these are of less interest, Mr. Jensen said.


 
ENERGY: 

Crude-oil futures rose in Asia trading, as U.S. crude inventories rose less than expected on encouraging signals from the euro zone. Brent crude climbed back above the $112/bbl-mark after falling to a five-week low on Wednesday.

Nuclear talks with Iran didn't see any major progress, but ended on an upbeat note, which could put pressure on Brent. The parties agreed to meet again in coming weeks.

The WTI-Brent spread narrowed to $19.12/bbl. Nymex crude was up 40 cents at $93.16/bbl, and Brent was up 40 cents at $112.27/bbl.


 
NEWS ROUNDUP: 

NORWAY: Norwegian oil officials Wednesday boosted the Nordic nation's estimate of undiscovered oil and gas by about 2.5 billion barrels of oil equivalent, or 15%, most of it gas in an area formerly disputed with Russia.

DENMARK: Danish state-owned oil and gas group DONG Energy said it will divest assets, cut costs and receive an equity injection of at least DKK6 billion-DKK8 billion to restore its financial health after making a DKK4.13 billion net loss in 2012.

DENMARK: NKT Holding A/S (NKT.KO), the Danish industrial company, posted a rise in full-year net profit from a year earlier but said it has scrapped targets for revenue, organic growth, operating margin and earnings per share, amid increasingly tough competition.

SWEDEN: SSAB AB (SSAB-A.SK), the Swedish steel maker, announced it has appointed Hakan Folin, who has held several senior positions in the company, as its chief financial officer.

NORWAY: Subsea 7 S.A. (SUBC.OS), the Norwegian seabed-to-surface engineering contractor, has been awarded a $285 million contract from Talisman Sinopec Energy U.K. Ltd. for subsea construction services in support of its Montrose Area Redevelopment Project in the North Sea.

DENMARK: Per Aarsleff A/S (PAAL-B.KO), the Danish infrastructure contractor, reiterated its full year 2012/2013 guidance as it posted an increase in first-quarter profit, helped by higher sales.

FINLAND: YIT Oyj (YTY1V.HE), the Finnish construction services company, said it has sold apartments in the Helsinki region and other growth centers to Alandsbanken's housing fund for EUR43 million.

SWEDEN: Swedish furniture giant IKEA said it is removing wiener sausages from its stores in five countries after tests revealed ""indications of horse DNA.""

SWEDEN: Sweden will offer a total of 3.5 billion Swedish kronor ($543.9 million) of 1.50% bonds maturing 2023 at an auction March 6, the National Debt Office said Wednesday.

-Write to Katarina Gustafsson at katarina.gustafsson@dowjones.com; Twitter: @DowJonesNordics

(Clemens Bomsdorf in Copenhagen contributed to this report) [ 28-02-13 0259GMT ]

77791"
NORDIC MORNING BRIEFING: Norway Oil Strike Ends; Now Data In Focus,2012-07-10,"
 
TODAY'S CALENDAR - All times GMT 
Nordic Macro 
 
0600 Finland Industrial Production 
0700 Denmark HICP Inflation 
0730 Sweden Industrial Production 
0800 Lithuania CPI Inflation 
0800 Norway CPI-ATE Inflation 
 
Other Macro 
 
0645 France Industrial Production 
0800 Italy Industrial Production 
0830 UK Industrial Production 
1400 US Labor Turnover Survey 
NA   German court hears appeals against 
eurozone fiscal treaty 
NA   EU Finance Ministers meet in Brussels 
 
Nordic Equities 
 
0600 Axis Communications 2Q 
NA   Alliance Oil 2Q Op Update 
NA   Brinova 2Q 
NA   Oresund Investment 2Q 
 
IN FOCUS: 

Norway's government intervened to end an offshore workers' strike just minutes ahead of a threatened lockout at the country's oil production sites, the labour ministry said Tuesday. ""The strike is over,"" ministry spokesman Jan Richard Kjelstrup said. Brent prices tumbled as a result.

Jan Hodneland, a negotiator for the Norwegian Oil Industry Association, or OLF, employers' group, said the government made a ""responsible choice.""

The Norwegian oil bosses had sought government action Monday in a pension dispute with hundreds of workers that culminated in the industry lockout threat in Western Europe's largest oil and gas producer.

Tuesday sees a slew of data releases in the Nordics including Swedish industrial production figures, as well as June inflation data from Norway and Denmark.

Apart from Nordic data releases, focus will remain on developments in the wider euro zone. A constitutional court in Germany is set to have a first hearing over the constitutionality of Europe's new bailout fund, the European Stability Mechanism, and fiscal pact.

Although the pacts were backed by both houses of the German parliament, they don't become law until German President Joachim Gauk has signed them. The president was asked by the German federal constitutional court in Karlsruhe to delay his signature so that the court would have time to prove the constitutionality of the pacts.

The ESM and European fiscal pact are considered key to fortifying the euro zone. However, political adversaries have filed legal challenges against the new laws before Germany's highest court. The ESM was expected to be launched later this month, pending ratification by national governments.

As to the specifics of the Nordic data releases, Danish HICP-inflation is seen at 2.2% on the year in June and negative 0.2% on the month, while Norway's CPI-ATE inflation is seen at 1.6% on the year and 0.1% on the month, according to economists polled by Dow Jones Newswires.

Swedish industrial production in May is seen decreasing 4.8% compared to the same month a year ago, as demand for Swedish exports fades amid a weakening euro zone economy. However, the May figure is seen 0.6% higher compared to April.

FOREX: 
 
EUR/NOK 
Latest 0150 GMT 7.4655-722 
Previous 2150 GMT 7.4832-99 
%Chg -0.24 
 
EUR/SEK 
Latest 0150 GMT 8.6177-256 
Previous 2150 GMT 8.6222-98 
%Chg  -0.05 
 
USD/NOK 
Latest 0150 GMT 6.0691-734 
Previous 2150 GMT 6.0782-825 
%Chg  -0.15 
 
USD/SEK 
Latest 0150 GMT 7.0057-108 
Previous 2150 GMT 7.0033-82 
%Chg  +0.04 
 
NORDIC CURRENCIES: 

On Monday, EUR/SEK was trading close to the 11-year low printed last Thursday, after the European Central Bank announced a 25 basis points rate cut. The cut increased Sweden's rate differential, as the Riksbank one day earlier opted to stay its hand and leave its key rate at 1.5%.

Nordea strategists said Monday they were surprised by the extent and speed of the SEK strengthening. The bank revised its EUR/SEK forecasts downwards, and now sees the cross trading at 8.70 in early October.

The bank noted a sharp contrast between the Swedish Riksbank's unwillingness to stimulate the economy, and other countries, competing against each other in stimulus packages and measures to weaken their currencies.

Also, the Swedish economy so far remains resilient, while ""prospects for euro-zone growth have continued to fade,"" the bank said.

However, later this fall, Nordea expects a softer Swedish economy and lower rate differential. That would weigh on the krona, and the bank forecasts EUR/SEK at 8.85 when the year ends.

As for the EUR/NOK, Nordea said trade is likely to be range-bound until Norges Bank starts hiking rates, which it believes the central bank will do in 2013. Hence, Nordea forecasts EUR/NOK at 7.50 both in three months time, and at year-end.


STOCK INDEXES: 
 
OMXN40  961.27   -3.51   -0.4% 
OMXS30 1020.44   -3.43   -0.3% 
OBX     372.88   -2.11   -0.6% 
OMXC20  458.03   -2.17   -0.5% 
OMXH25 1869.56  -31.15   -0.8% 
 
Brent  $98.70  -$1.62   -1.6% 
 
NORDIC MARKETS: 

Nordea equity strategist Magnus Dagel said trading on Nordic markets looks to be calm and cautions ahead of the earnings season that kicks off in earnest as from next week, when many regional heavy weights are due to report second quarter financial.

""Focus now is gradually shifting back from macro to companies,"" Mr. Dagel said.

He added that investors are likely to keep a close eye on major U.S. companies that are due to report earnings this week, especially after earlier profit warnings from the likes of PepsiCo Inc (PEP), FedEx Corp. (FDX) and Procter & Gamble Co (PG), who all cited concerns about developments in Europe.

""It does looks fairly mixed as far as results go, with profit estimates having been downgraded somewhat ahead of this earnings season,"" Mr. Dagel said. ""But it still seems as if results will be on an alright level, maybe somewhat lower compared to the previous quarter,"" he added.

Bellwether Alcoa swung to a 2Q loss as aluminum prices continue to decline and as special items weigh on the aluminum giant's bottom-line result. Adjusted EPS came in at 6c on revenue of $5.96 billion. Analysts predicted profit of 5c a share and revenue of $5.81 billion.


ENERGY: 

Brent crude fell below $100 in Asia Tuesday, hours after a Norwegian crude supply disruption due to an oil workers' strike was ended by the government.

New York's main contract, light sweet crude for delivery in August dived 77 cents to $85.22 a barrel and Brent North Sea crude for August delivery plunged $1.62 to $98.70.

A resumption of crude production in Norway after the government stepped in to end an offshore workers' strike was pulling prices south, said Nick Trevethan, senior commodities strategist for ANZ Research.

""After the government stepped in and ordered a settlement to the strike, that's returned one to two million barrels per day of oil to the market. That's having a relatively bearish impact on prices right now,"" he told AFP.

Authorities intervened just minutes ahead of a threatened lockout of Norway's oil production sites, and ended a 16-day strike by hundreds of workers in Western Europe's largest oil and gas producer.

The workers wanted employers to reconsider a decision not to grant special benefits to those who wish to retire at the age of 62, three years before the legal retirement age in the field and five years before the country-wide age.

The lockout, which was to have been enforced from midnight on Monday, had loomed after talks between employers and unions failed to end a prolonged strike which began on June 24.

Norwegian oil giant Statoil, the group most hit by the strike, said in a statement that it was ""preparing to resume production at installations that have been affected"".


NEWS ROUNDUP: 

DENMARK: Maersk Oil, the oil and gas arm of Danish conglomerate A.P. Moller-Maersk A/S (MAERSK-B.KO), said the state-run oil and gas company Nordsofonden has joined the Danish Underground Consortium, which operates 16 fields with a daily production of about 180,000 barrels of oil and 14 million cubic metres of gas.

LATVIA's annual inflation rate continued slowing in June, to 1.9% from 2.2% in May, official data showed Monday. This brings the Baltic nation closer to its goal of adopting the euro in 18 months time.

FINLAND: Finnish start-up Jolla Ltd. is in talks with various hardware makers and other potential partners in hopes of unveiling within the next six months a smartphone that runs Nokia Corp.'s (NOK) largely abandoned MeeGo operating system, the company's chief executive said in an interview Monday.

FINLAND: Finnair Oyj (FIA1S.HE), the Finnish airline, said it carried 798,700 passengers in June, up 10% compared with the same month last year. Finnair traffic, measured in revenue passenger kilometers, rose by 9.3% as the overall capacity, measured in available seat kilometers, grew 1.3% compared with the same period last year.

Write to Sven Grundberg at sven.grundberg@dowjones.com

(Niclas Rolaner in Stockholm contributed to this report.) [ 10-07-12 0233GMT ]

77791"
NORDIC MORNING BRIEFING: Norway Oil Strike Ends; Now Data In Focus,2012-07-10,"
 
TODAY'S CALENDAR - All times GMT 
Nordic Macro 
 
0600 Finland Industrial Production 
0700 Denmark HICP Inflation 
0730 Sweden Industrial Production 
0800 Lithuania CPI Inflation 
0800 Norway CPI-ATE Inflation 
 
Other Macro 
 
0645 France Industrial Production 
0800 Italy Industrial Production 
0830 UK Industrial Production 
1400 US Labor Turnover Survey 
NA   German court hears appeals against 
eurozone fiscal treaty 
NA   EU Finance Ministers meet in Brussels 
 
Nordic Equities 
 
0600 Axis Communications 2Q 
NA   Alliance Oil 2Q Op Update 
NA   Brinova 2Q 
NA   Oresund Investment 2Q 
 
IN FOCUS: 

Norway's government intervened to end an offshore workers' strike just minutes ahead of a threatened lockout at the country's oil production sites, the labour ministry said Tuesday. ""The strike is over,"" ministry spokesman Jan Richard Kjelstrup said. Brent prices tumbled as a result.

Jan Hodneland, a negotiator for the Norwegian Oil Industry Association, or OLF, employers' group, said the government made a ""responsible choice.""

The Norwegian oil bosses had sought government action Monday in a pension dispute with hundreds of workers that culminated in the industry lockout threat in Western Europe's largest oil and gas producer.

Tuesday sees a slew of data releases in the Nordics including Swedish industrial production figures, as well as June inflation data from Norway and Denmark.

Apart from Nordic data releases, focus will remain on developments in the wider euro zone. A constitutional court in Germany is set to have a first hearing over the constitutionality of Europe's new bailout fund, the European Stability Mechanism, and fiscal pact.

Although the pacts were backed by both houses of the German parliament, they don't become law until German President Joachim Gauk has signed them. The president was asked by the German federal constitutional court in Karlsruhe to delay his signature so that the court would have time to prove the constitutionality of the pacts.

The ESM and European fiscal pact are considered key to fortifying the euro zone. However, political adversaries have filed legal challenges against the new laws before Germany's highest court. The ESM was expected to be launched later this month, pending ratification by national governments.

As to the specifics of the Nordic data releases, Danish HICP-inflation is seen at 2.2% on the year in June and negative 0.2% on the month, while Norway's CPI-ATE inflation is seen at 1.6% on the year and 0.1% on the month, according to economists polled by Dow Jones Newswires.

Swedish industrial production in May is seen decreasing 4.8% compared to the same month a year ago, as demand for Swedish exports fades amid a weakening euro zone economy. However, the May figure is seen 0.6% higher compared to April.

FOREX: 
 
EUR/NOK 
Latest 0150 GMT 7.4655-722 
Previous 2150 GMT 7.4832-99 
%Chg -0.24 
 
EUR/SEK 
Latest 0150 GMT 8.6177-256 
Previous 2150 GMT 8.6222-98 
%Chg  -0.05 
 
USD/NOK 
Latest 0150 GMT 6.0691-734 
Previous 2150 GMT 6.0782-825 
%Chg  -0.15 
 
USD/SEK 
Latest 0150 GMT 7.0057-108 
Previous 2150 GMT 7.0033-82 
%Chg  +0.04 
 
NORDIC CURRENCIES: 

On Monday, EUR/SEK was trading close to the 11-year low printed last Thursday, after the European Central Bank announced a 25 basis points rate cut. The cut increased Sweden's rate differential, as the Riksbank one day earlier opted to stay its hand and leave its key rate at 1.5%.

Nordea strategists said Monday they were surprised by the extent and speed of the SEK strengthening. The bank revised its EUR/SEK forecasts downwards, and now sees the cross trading at 8.70 in early October.

The bank noted a sharp contrast between the Swedish Riksbank's unwillingness to stimulate the economy, and other countries, competing against each other in stimulus packages and measures to weaken their currencies.

Also, the Swedish economy so far remains resilient, while ""prospects for euro-zone growth have continued to fade,"" the bank said.

However, later this fall, Nordea expects a softer Swedish economy and lower rate differential. That would weigh on the krona, and the bank forecasts EUR/SEK at 8.85 when the year ends.

As for the EUR/NOK, Nordea said trade is likely to be range-bound until Norges Bank starts hiking rates, which it believes the central bank will do in 2013. Hence, Nordea forecasts EUR/NOK at 7.50 both in three months time, and at year-end.


STOCK INDEXES: 
 
OMXN40  961.27   -3.51   -0.4% 
OMXS30 1020.44   -3.43   -0.3% 
OBX     372.88   -2.11   -0.6% 
OMXC20  458.03   -2.17   -0.5% 
OMXH25 1869.56  -31.15   -0.8% 
 
Brent  $98.70  -$1.62   -1.6% 
 
NORDIC MARKETS: 

Nordea equity strategist Magnus Dagel said trading on Nordic markets looks to be calm and cautions ahead of the earnings season that kicks off in earnest as from next week, when many regional heavy weights are due to report second quarter financial.

""Focus now is gradually shifting back from macro to companies,"" Mr. Dagel said.

He added that investors are likely to keep a close eye on major U.S. companies that are due to report earnings this week, especially after earlier profit warnings from the likes of PepsiCo Inc (PEP), FedEx Corp. (FDX) and Procter & Gamble Co (PG), who all cited concerns about developments in Europe.

""It does looks fairly mixed as far as results go, with profit estimates having been downgraded somewhat ahead of this earnings season,"" Mr. Dagel said. ""But it still seems as if results will be on an alright level, maybe somewhat lower compared to the previous quarter,"" he added.

Bellwether Alcoa swung to a 2Q loss as aluminum prices continue to decline and as special items weigh on the aluminum giant's bottom-line result. Adjusted EPS came in at 6c on revenue of $5.96 billion. Analysts predicted profit of 5c a share and revenue of $5.81 billion.


ENERGY: 

Brent crude fell below $100 in Asia Tuesday, hours after a Norwegian crude supply disruption due to an oil workers' strike was ended by the government.

New York's main contract, light sweet crude for delivery in August dived 77 cents to $85.22 a barrel and Brent North Sea crude for August delivery plunged $1.62 to $98.70.

A resumption of crude production in Norway after the government stepped in to end an offshore workers' strike was pulling prices south, said Nick Trevethan, senior commodities strategist for ANZ Research.

""After the government stepped in and ordered a settlement to the strike, that's returned one to two million barrels per day of oil to the market. That's having a relatively bearish impact on prices right now,"" he told AFP.

Authorities intervened just minutes ahead of a threatened lockout of Norway's oil production sites, and ended a 16-day strike by hundreds of workers in Western Europe's largest oil and gas producer.

The workers wanted employers to reconsider a decision not to grant special benefits to those who wish to retire at the age of 62, three years before the legal retirement age in the field and five years before the country-wide age.

The lockout, which was to have been enforced from midnight on Monday, had loomed after talks between employers and unions failed to end a prolonged strike which began on June 24.

Norwegian old giant Staoil, the group most hit by the strike, said in a statement that it was ""preparing to resume production at installations that have been affected"".


NEWS ROUNDUP: 

DENMARK: Maersk Oil, the oil and gas arm of Danish conglomerate A.P. Moller-Maersk A/S (MAERSK-B.KO), said the state-run oil and gas company Nordsofonden has joined the Danish Underground Consortium, which operates 16 fields with a daily production of about 180,000 barrels of oil and 14 million cubic metres of gas.

LATVIA's annual inflation rate continued slowing in June, to 1.9% from 2.2% in May, official data showed Monday. This brings the Baltic nation closer to its goal of adopting the euro in 18 months time.

FINLAND: Finnish start-up Jolla Ltd. is in talks with various hardware makers and other potential partners in hopes of unveiling within the next six months a smartphone that runs Nokia Corp.'s (NOK) largely abandoned MeeGo operating system, the company's chief executive said in an interview Monday.

FINLAND: Finnair Oyj (FIA1S.HE), the Finnish airline, said it carried 798,700 passengers in June, up 10% compared with the same month last year. Finnair traffic, measured in revenue passenger kilometers, rose by 9.3% as the overall capacity, measured in available seat kilometers, grew 1.3% compared with the same period last year.

Write to Sven Grundberg at sven.grundberg@dowjones.com

(Niclas Rolaner in Stockholm contributed to this report.) [ 10-07-12 0228GMT ]

77791"
NORDIC MORNING BRIEFING: Norway Oil Strike Ends; Now Data In Focus,2012-07-10,"
 
TODAY'S CALENDAR - All times GMT 
Nordic Macro 
 
0600 Finland Industrial Production 
0700 Denmark HICP Inflation 
0730 Sweden Industrial Production 
0800 Lithuania CPI Inflation 
0800 Norway CPI-ATE Inflation 
 
Other Macro 
 
0645 France Industrial Production 
0800 Italy Industrial Production 
0830 UK Industrial Production 
1400 US Labor Turnover Survey 
NA   German court hears appeals against 
eurozone fiscal treaty 
NA   EU Finance Ministers meet in Brussels 
 
Nordic Equities 
 
0600 Axis Communications 2Q 
NA   Alliance Oil 2Q Op Update 
NA   Brinova 2Q 
NA   Oresund Investment 2Q 
 
IN FOCUS: 

Norway's government intervened to end an offshore workers' strike just minutes ahead of a threatened lockout at the country's oil production sites, the labour ministry said Tuesday. ""The strike is over,"" ministry spokesman Jan Richard Kjelstrup said. Brent prices tumbled as a result.

Jan Hodneland, a negotiator for the Norwegian Oil Industry Association, or OLF, employers' group, said the government made a ""responsible choice.""

The Norwegian oil bosses had sought government action Monday in a pension dispute with hundreds of workers that culminated in the industry lockout threat in Western Europe's largest oil and gas producer.

Tuesday sees a slew of data releases in the Nordics including Swedish industrial production figures, as well as June inflation data from Norway and Denmark.

Apart from Nordic data releases, focus will remain on developments in the wider euro zone. A constitutional court in Germany is set to have a first hearing over the constitutionality of Europe's new bailout fund, the European Stability Mechanism, and fiscal pact.

Although the pacts were backed by both houses of the German parliament, they don't become law until German President Joachim Gauk has signed them. The president was asked by the German federal constitutional court in Karlsruhe to delay his signature so that the court would have time to prove the constitutionality of the pacts.

The ESM and European fiscal pact are considered key to fortifying the euro zone. However, political adversaries have filed legal challenges against the new laws before Germany's highest court. The ESM was expected to be launched later this month, pending ratification by national governments.

As to the specifics of the Nordic data releases, Danish HICP-inflation is seen at 2.2% on the year in June and negative 0.2% on the month, while Norway's CPI-ATE inflation is seen at 1.6% on the year and 0.1% on the month, according to economists polled by Dow Jones Newswires.

Swedish industrial production in May is seen decreasing 4.8% compared to the same month a year ago, as demand for Swedish exports fades amid a weakening euro zone economy. However, the May figure is seen 0.6% higher compared to April.

FOREX: 
 
EUR/NOK 
Latest 0150 GMT 7.4655-722 
Previous 2150 GMT 7.4832-99 
%Chg -0.24 
 
EUR/SEK 
Latest 0150 GMT 8.6177-256 
Previous 2150 GMT 8.6222-98 
%Chg  -0.05 
 
USD/NOK 
Latest 0150 GMT 6.0691-734 
Previous 2150 GMT 6.0782-825 
%Chg  -0.15 
 
USD/SEK 
Latest 0150 GMT 7.0057-108 
Previous 2150 GMT 7.0033-82 
%Chg  +0.04 
 
NORDIC CURRENCIES: 

On Monday, EUR/SEK was trading close to the 11-year low printed last Thursday, after the European Central Bank announced a 25 basis points rate cut. The cut increased Sweden's rate differential, as the Riksbank one day earlier opted to stay its hand and leave its key rate at 1.5%.

Nordea strategists said Monday they were surprised by the extent and speed of the SEK strengthening. The bank revised its EUR/SEK forecasts downwards, and now sees the cross trading at 8.70 in early October.

The bank noted a sharp contrast between the Swedish Riksbank's unwillingness to stimulate the economy, and other countries, competing against each other in stimulus packages and measures to weaken their currencies.

Also, the Swedish economy so far remains resilient, while ""prospects for euro-zone growth have continued to fade,"" the bank said.

However, later this fall, Nordea expects a softer Swedish economy and lower rate differential. That would weigh on the krona, and the bank forecasts EUR/SEK at 8.85 when the year ends.

As for the EUR/NOK, Nordea said trade is likely to be range-bound until Norges Bank starts hiking rates, which it believes the central bank will do in 2013. Hence, Nordea forecasts EUR/NOK at 7.50 both in three months time, and at year-end.


STOCK INDEXES: 
 
OMXN40  961.27   -3.51   -0.4% 
OMXS30 1020.44   -3.43   -0.3% 
OBX     372.88   -2.11   -0.6% 
OMXC20  458.03   -2.17   -0.5% 
OMXH25 1869.56  -31.15   -0.8% 
 
Brent  $98.70  -$1.62   -1.6% 
 
NORDIC MARKETS: 

Nordea equity strategist Magnus Dagel said trading on Nordic markets looks to be calm and cautions ahead of the earnings season that kicks off in earnest as from next week, when many regional heavy weights are due to report second quarter financial.

""Focus now is gradually shifting back from macro to companies,"" Mr. Dagel said.

He added that investors are likely to keep a close eye on major U.S. companies that are due to report earnings this week, especially after earlier profit warnings from the likes of PepsiCo Inc (PEP), FedEx Corp. (FDX) and Procter & Gamble Co (PG), who all cited concerns about developments in Europe.

""It does looks fairly mixed as far as results go, with profit estimates having been downgraded somewhat ahead of this earnings season,"" Mr. Dagel said. ""But it still seems as if results will be on an alright level, maybe somewhat lower compared to the previous quarter,"" he added.

Bellwether Alcoa swung to a 2Q loss as aluminum prices continue to decline and as special items weigh on the aluminum giant's bottom-line result. Adjusted EPS came in at 6c on revenue of $5.96 billion. Analysts predicted profit of 5c a share and revenue of $5.81 billion.


ENERGY: 

Brent crude fell below $100 in Asia Tuesday, hours after a Norwegian crude supply disruption due to an oil workers' strike was ended by the government.

New York's main contract, light sweet crude for delivery in August dived 77 cents to $85.22 a barrel and Brent North Sea crude for August delivery plunged $1.62 to $98.70.

A resumption of crude production in Norway after the government stepped in to end an offshore workers' strike was pulling prices south, said Nick Trevethan, senior commodities strategist for ANZ Research.

""After the government stepped in and ordered a settlement to the strike, that's returned one to two million barrels per day of oil to the market. That's having a relatively bearish impact on prices right now,"" he told AFP.

Authorities intervened just minutes ahead of a threatened lockout of Norway's oil production sites, and ended a 16-day strike by hundreds of workers in Western Europe's largest oil and gas producer.

The workers wanted employers to reconsider a decision not to grant special benefits to those who wish to retire at the age of 62, three years before the legal retirement age in the field and five years before the country-wide age.

The lockout, which was to have been enforced from midnight on Monday, had loomed after talks between employers and unions failed to end a prolonged strike which began on June 24.

Norwegian oil giant Statoil, the group most hit by the strike, said in a statement that it was ""preparing to resume production at installations that have been affected"".


NEWS ROUNDUP: 

DENMARK: Maersk Oil, the oil and gas arm of Danish conglomerate A.P. Moller-Maersk A/S (MAERSK-B.KO), said the state-run oil and gas company Nordsofonden has joined the Danish Underground Consortium, which operates 16 fields with a daily production of about 180,000 barrels of oil and 14 million cubic metres of gas.

LATVIA's annual inflation rate continued slowing in June, to 1.9% from 2.2% in May, official data showed Monday. This brings the Baltic nation closer to its goal of adopting the euro in 18 months time.

FINLAND: Finnish start-up Jolla Ltd. is in talks with various hardware makers and other potential partners in hopes of unveiling within the next six months a smartphone that runs Nokia Corp.'s (NOK) largely abandoned MeeGo operating system, the company's chief executive said in an interview Monday.

FINLAND: Finnair Oyj (FIA1S.HE), the Finnish airline, said it carried 798,700 passengers in June, up 10% compared with the same month last year. Finnair traffic, measured in revenue passenger kilometers, rose by 9.3% as the overall capacity, measured in available seat kilometers, grew 1.3% compared with the same period last year.

Write to Sven Grundberg at sven.grundberg@dowjones.com

(Niclas Rolaner in Stockholm contributed to this report.) [ 10-07-12 0233GMT ]

77791"
NORDIC MORNING BRIEFING: Norway Oil Strike Ends; Now Data In Focus,2012-07-10,"
 
TODAY'S CALENDAR - All times GMT 
Nordic Macro 
 
0600 Finland Industrial Production 
0700 Denmark HICP Inflation 
0730 Sweden Industrial Production 
0800 Lithuania CPI Inflation 
0800 Norway CPI-ATE Inflation 
 
Other Macro 
 
0645 France Industrial Production 
0800 Italy Industrial Production 
0830 UK Industrial Production 
1400 US Labor Turnover Survey 
NA   German court hears appeals against 
eurozone fiscal treaty 
NA   EU Finance Ministers meet in Brussels 
 
Nordic Equities 
 
0600 Axis Communications 2Q 
NA   Alliance Oil 2Q Op Update 
NA   Brinova 2Q 
NA   Oresund Investment 2Q 
 
IN FOCUS: 

Norway's government intervened to end an offshore workers' strike just minutes ahead of a threatened lockout at the country's oil production sites, the labour ministry said Tuesday. ""The strike is over,"" ministry spokesman Jan Richard Kjelstrup said. Brent prices tumbled as a result.

Jan Hodneland, a negotiator for the Norwegian Oil Industry Association, or OLF, employers' group, said the government made a ""responsible choice.""

The Norwegian oil bosses had sought government action Monday in a pension dispute with hundreds of workers that culminated in the industry lockout threat in Western Europe's largest oil and gas producer.

Tuesday sees a slew of data releases in the Nordics including Swedish industrial production figures, as well as June inflation data from Norway and Denmark.

Apart from Nordic data releases, focus will remain on developments in the wider euro zone. A constitutional court in Germany is set to have a first hearing over the constitutionality of Europe's new bailout fund, the European Stability Mechanism, and fiscal pact.

Although the pacts were backed by both houses of the German parliament, they don't become law until German President Joachim Gauk has signed them. The president was asked by the German federal constitutional court in Karlsruhe to delay his signature so that the court would have time to prove the constitutionality of the pacts.

The ESM and European fiscal pact are considered key to fortifying the euro zone. However, political adversaries have filed legal challenges against the new laws before Germany's highest court. The ESM was expected to be launched later this month, pending ratification by national governments.

As to the specifics of the Nordic data releases, Danish HICP-inflation is seen at 2.2% on the year in June and negative 0.2% on the month, while Norway's CPI-ATE inflation is seen at 1.6% on the year and 0.1% on the month, according to economists polled by Dow Jones Newswires.

Swedish industrial production in May is seen decreasing 4.8% compared to the same month a year ago, as demand for Swedish exports fades amid a weakening euro zone economy. However, the May figure is seen 0.6% higher compared to April.

FOREX: 
 
EUR/NOK 
Latest 0150 GMT 7.4655-722 
Previous 2150 GMT 7.4832-99 
%Chg -0.24 
 
EUR/SEK 
Latest 0150 GMT 8.6177-256 
Previous 2150 GMT 8.6222-98 
%Chg  -0.05 
 
USD/NOK 
Latest 0150 GMT 6.0691-734 
Previous 2150 GMT 6.0782-825 
%Chg  -0.15 
 
USD/SEK 
Latest 0150 GMT 7.0057-108 
Previous 2150 GMT 7.0033-82 
%Chg  +0.04 
 
NORDIC CURRENCIES: 

On Monday, EUR/SEK was trading close to the 11-year low printed last Thursday, after the European Central Bank announced a 25 basis points rate cut. The cut increased Sweden's rate differential, as the Riksbank one day earlier opted to stay its hand and leave its key rate at 1.5%.

Nordea strategists said Monday they were surprised by the extent and speed of the SEK strengthening. The bank revised its EUR/SEK forecasts downwards, and now sees the cross trading at 8.70 in early October.

The bank noted a sharp contrast between the Swedish Riksbank's unwillingness to stimulate the economy, and other countries, competing against each other in stimulus packages and measures to weaken their currencies.

Also, the Swedish economy so far remains resilient, while ""prospects for euro-zone growth have continued to fade,"" the bank said.

However, later this fall, Nordea expects a softer Swedish economy and lower rate differential. That would weigh on the krona, and the bank forecasts EUR/SEK at 8.85 when the year ends.

As for the EUR/NOK, Nordea said trade is likely to be range-bound until Norges Bank starts hiking rates, which it believes the central bank will do in 2013. Hence, Nordea forecasts EUR/NOK at 7.50 both in three months time, and at year-end.


STOCK INDEXES: 
 
OMXN40  961.27   -3.51   -0.4% 
OMXS30 1020.44   -3.43   -0.3% 
OBX     372.88   -2.11   -0.6% 
OMXC20  458.03   -2.17   -0.5% 
OMXH25 1869.56  -31.15   -0.8% 
 
Brent  $98.70  -$1.62   -1.6% 
 
NORDIC MARKETS: 

Nordea equity strategist Magnus Dagel said trading on Nordic markets looks to be calm and cautions ahead of the earnings season that kicks off in earnest as from next week, when many regional heavy weights are due to report second quarter financial.

""Focus now is gradually shifting back from macro to companies,"" Mr. Dagel said.

He added that investors are likely to keep a close eye on major U.S. companies that are due to report earnings this week, especially after earlier profit warnings from the likes of PepsiCo Inc (PEP), FedEx Corp. (FDX) and Procter & Gamble Co (PG), who all cited concerns about developments in Europe.

""It does looks fairly mixed as far as results go, with profit estimates having been downgraded somewhat ahead of this earnings season,"" Mr. Dagel said. ""But it still seems as if results will be on an alright level, maybe somewhat lower compared to the previous quarter,"" he added.

Bellwether Alcoa swung to a 2Q loss as aluminum prices continue to decline and as special items weigh on the aluminum giant's bottom-line result. Adjusted EPS came in at 6c on revenue of $5.96 billion. Analysts predicted profit of 5c a share and revenue of $5.81 billion.


ENERGY: 

Brent crude fell below $100 in Asia Tuesday, hours after a Norwegian crude supply disruption due to an oil workers' strike was ended by the government.

New York's main contract, light sweet crude for delivery in August dived 77 cents to $85.22 a barrel and Brent North Sea crude for August delivery plunged $1.62 to $98.70.

A resumption of crude production in Norway after the government stepped in to end an offshore workers' strike was pulling prices south, said Nick Trevethan, senior commodities strategist for ANZ Research.

""After the government stepped in and ordered a settlement to the strike, that's returned one to two million barrels per day of oil to the market. That's having a relatively bearish impact on prices right now,"" he told AFP.

Authorities intervened just minutes ahead of a threatened lockout of Norway's oil production sites, and ended a 16-day strike by hundreds of workers in Western Europe's largest oil and gas producer.

The workers wanted employers to reconsider a decision not to grant special benefits to those who wish to retire at the age of 62, three years before the legal retirement age in the field and five years before the country-wide age.

The lockout, which was to have been enforced from midnight on Monday, had loomed after talks between employers and unions failed to end a prolonged strike which began on June 24.

Norwegian old giant Staoil, the group most hit by the strike, said in a statement that it was ""preparing to resume production at installations that have been affected"".


NEWS ROUNDUP: 

DENMARK: Maersk Oil, the oil and gas arm of Danish conglomerate A.P. Moller-Maersk A/S (MAERSK-B.KO), said the state-run oil and gas company Nordsofonden has joined the Danish Underground Consortium, which operates 16 fields with a daily production of about 180,000 barrels of oil and 14 million cubic metres of gas.

LATVIA's annual inflation rate continued slowing in June, to 1.9% from 2.2% in May, official data showed Monday. This brings the Baltic nation closer to its goal of adopting the euro in 18 months time.

FINLAND: Finnish start-up Jolla Ltd. is in talks with various hardware makers and other potential partners in hopes of unveiling within the next six months a smartphone that runs Nokia Corp.'s (NOK) largely abandoned MeeGo operating system, the company's chief executive said in an interview Monday.

FINLAND: Finnair Oyj (FIA1S.HE), the Finnish airline, said it carried 798,700 passengers in June, up 10% compared with the same month last year. Finnair traffic, measured in revenue passenger kilometers, rose by 9.3% as the overall capacity, measured in available seat kilometers, grew 1.3% compared with the same period last year.

Write to Sven Grundberg at sven.grundberg@dowjones.com

(Niclas Rolaner in Stockholm contributed to this report.) [ 10-07-12 0228GMT ]

77791"
NORDIC MORNING BRIEFING: Norway Oil Strike Ends; Now Data In Focus,2012-07-10,"
 
TODAY'S CALENDAR - All times GMT 
Nordic Macro 
 
0600 Finland Industrial Production 
0700 Denmark HICP Inflation 
0730 Sweden Industrial Production 
0800 Lithuania CPI Inflation 
0800 Norway CPI-ATE Inflation 
 
Other Macro 
 
0645 France Industrial Production 
0800 Italy Industrial Production 
0830 UK Industrial Production 
1400 US Labor Turnover Survey 
NA   German court hears appeals against 
eurozone fiscal treaty 
NA   EU Finance Ministers meet in Brussels 
 
Nordic Equities 
 
0600 Axis Communications 2Q 
NA   Alliance Oil 2Q Op Update 
NA   Brinova 2Q 
NA   Oresund Investment 2Q 
 
IN FOCUS: 

Norway's government intervened to end an offshore workers' strike just minutes ahead of a threatened lockout at the country's oil production sites, the labour ministry said Tuesday. ""The strike is over,"" ministry spokesman Jan Richard Kjelstrup said. Brent prices tumbled as a result.

Jan Hodneland, a negotiator for the Norwegian Oil Industry Association, or OLF, employers' group, said the government made a ""responsible choice.""

The Norwegian oil bosses had sought government action Monday in a pension dispute with hundreds of workers that culminated in the industry lockout threat in Western Europe's largest oil and gas producer.

Tuesday sees a slew of data releases in the Nordics including Swedish industrial production figures, as well as June inflation data from Norway and Denmark.

Apart from Nordic data releases, focus will remain on developments in the wider euro zone. A constitutional court in Germany is set to have a first hearing over the constitutionality of Europe's new bailout fund, the European Stability Mechanism, and fiscal pact.

Although the pacts were backed by both houses of the German parliament, they don't become law until German President Joachim Gauk has signed them. The president was asked by the German federal constitutional court in Karlsruhe to delay his signature so that the court would have time to prove the constitutionality of the pacts.

The ESM and European fiscal pact are considered key to fortifying the euro zone. However, political adversaries have filed legal challenges against the new laws before Germany's highest court. The ESM was expected to be launched later this month, pending ratification by national governments.

As to the specifics of the Nordic data releases, Danish HICP-inflation is seen at 2.2% on the year in June and negative 0.2% on the month, while Norway's CPI-ATE inflation is seen at 1.6% on the year and 0.1% on the month, according to economists polled by Dow Jones Newswires.

Swedish industrial production in May is seen decreasing 4.8% compared to the same month a year ago, as demand for Swedish exports fades amid a weakening euro zone economy. However, the May figure is seen 0.6% higher compared to April.

FOREX: 
 
EUR/NOK 
Latest 0150 GMT 7.4655-722 
Previous 2150 GMT 7.4832-99 
%Chg -0.24 
 
EUR/SEK 
Latest 0150 GMT 8.6177-256 
Previous 2150 GMT 8.6222-98 
%Chg  -0.05 
 
USD/NOK 
Latest 0150 GMT 6.0691-734 
Previous 2150 GMT 6.0782-825 
%Chg  -0.15 
 
USD/SEK 
Latest 0150 GMT 7.0057-108 
Previous 2150 GMT 7.0033-82 
%Chg  +0.04 
 
NORDIC CURRENCIES: 

On Monday, EUR/SEK was trading close to the 11-year low printed last Thursday, after the European Central Bank announced a 25 basis points rate cut. The cut increased Sweden's rate differential, as the Riksbank one day earlier opted to stay its hand and leave its key rate at 1.5%.

Nordea strategists said Monday they were surprised by the extent and speed of the SEK strengthening. The bank revised its EUR/SEK forecasts downwards, and now sees the cross trading at 8.70 in early October.

The bank noted a sharp contrast between the Swedish Riksbank's unwillingness to stimulate the economy, and other countries, competing against each other in stimulus packages and measures to weaken their currencies.

Also, the Swedish economy so far remains resilient, while ""prospects for euro-zone growth have continued to fade,"" the bank said.

However, later this fall, Nordea expects a softer Swedish economy and lower rate differential. That would weigh on the krona, and the bank forecasts EUR/SEK at 8.85 when the year ends.

As for the EUR/NOK, Nordea said trade is likely to be range-bound until Norges Bank starts hiking rates, which it believes the central bank will do in 2013. Hence, Nordea forecasts EUR/NOK at 7.50 both in three months time, and at year-end.


STOCK INDEXES: 
 
OMXN40  961.27   -3.51   -0.4% 
OMXS30 1020.44   -3.43   -0.3% 
OBX     372.88   -2.11   -0.6% 
OMXC20  458.03   -2.17   -0.5% 
OMXH25 1869.56  -31.15   -0.8% 
 
Brent  $98.70  -$1.62   -1.6% 
 
NORDIC MARKETS: 

Nordea equity strategist Magnus Dagel said trading on Nordic markets looks to be calm and cautions ahead of the earnings season that kicks off in earnest as from next week, when many regional heavy weights are due to report second quarter financial.

""Focus now is gradually shifting back from macro to companies,"" Mr. Dagel said.

He added that investors are likely to keep a close eye on major U.S. companies that are due to report earnings this week, especially after earlier profit warnings from the likes of PepsiCo Inc (PEP), FedEx Corp. (FDX) and Procter & Gamble Co (PG), who all cited concerns about developments in Europe.

""It does looks fairly mixed as far as results go, with profit estimates having been downgraded somewhat ahead of this earnings season,"" Mr. Dagel said. ""But it still seems as if results will be on an alright level, maybe somewhat lower compared to the previous quarter,"" he added.

Bellwether Alcoa swung to a 2Q loss as aluminum prices continue to decline and as special items weigh on the aluminum giant's bottom-line result. Adjusted EPS came in at 6c on revenue of $5.96 billion. Analysts predicted profit of 5c a share and revenue of $5.81 billion.


ENERGY: 

Brent crude fell below $100 in Asia Tuesday, hours after a Norwegian crude supply disruption due to an oil workers' strike was ended by the government.

New York's main contract, light sweet crude for delivery in August dived 77 cents to $85.22 a barrel and Brent North Sea crude for August delivery plunged $1.62 to $98.70.

A resumption of crude production in Norway after the government stepped in to end an offshore workers' strike was pulling prices south, said Nick Trevethan, senior commodities strategist for ANZ Research.

""After the government stepped in and ordered a settlement to the strike, that's returned one to two million barrels per day of oil to the market. That's having a relatively bearish impact on prices right now,"" he told AFP.

Authorities intervened just minutes ahead of a threatened lockout of Norway's oil production sites, and ended a 16-day strike by hundreds of workers in Western Europe's largest oil and gas producer.

The workers wanted employers to reconsider a decision not to grant special benefits to those who wish to retire at the age of 62, three years before the legal retirement age in the field and five years before the country-wide age.

The lockout, which was to have been enforced from midnight on Monday, had loomed after talks between employers and unions failed to end a prolonged strike which began on June 24.

Norwegian oil giant Statoil, the group most hit by the strike, said in a statement that it was ""preparing to resume production at installations that have been affected"".


NEWS ROUNDUP: 

DENMARK: Maersk Oil, the oil and gas arm of Danish conglomerate A.P. Moller-Maersk A/S (MAERSK-B.KO), said the state-run oil and gas company Nordsofonden has joined the Danish Underground Consortium, which operates 16 fields with a daily production of about 180,000 barrels of oil and 14 million cubic metres of gas.

LATVIA's annual inflation rate continued slowing in June, to 1.9% from 2.2% in May, official data showed Monday. This brings the Baltic nation closer to its goal of adopting the euro in 18 months time.

FINLAND: Finnish start-up Jolla Ltd. is in talks with various hardware makers and other potential partners in hopes of unveiling within the next six months a smartphone that runs Nokia Corp.'s (NOK) largely abandoned MeeGo operating system, the company's chief executive said in an interview Monday.

FINLAND: Finnair Oyj (FIA1S.HE), the Finnish airline, said it carried 798,700 passengers in June, up 10% compared with the same month last year. Finnair traffic, measured in revenue passenger kilometers, rose by 9.3% as the overall capacity, measured in available seat kilometers, grew 1.3% compared with the same period last year.

Write to Sven Grundberg at sven.grundberg@dowjones.com

(Niclas Rolaner in Stockholm contributed to this report.) [ 07-09-12 2233ET ]

77791"
NORDIC MORNING BRIEFING: Norway Oil Strike Ends; Now Data In Focus,2012-07-10,"
 
TODAY'S CALENDAR - All times GMT 
Nordic Macro 
 
0600 Finland Industrial Production 
0700 Denmark HICP Inflation 
0730 Sweden Industrial Production 
0800 Lithuania CPI Inflation 
0800 Norway CPI-ATE Inflation 
 
Other Macro 
 
0645 France Industrial Production 
0800 Italy Industrial Production 
0830 UK Industrial Production 
1400 US Labor Turnover Survey 
NA   German court hears appeals against 
eurozone fiscal treaty 
NA   EU Finance Ministers meet in Brussels 
 
Nordic Equities 
 
0600 Axis Communications 2Q 
NA   Alliance Oil 2Q Op Update 
NA   Brinova 2Q 
NA   Oresund Investment 2Q 
 
IN FOCUS: 

Norway's government intervened to end an offshore workers' strike just minutes ahead of a threatened lockout at the country's oil production sites, the labour ministry said Tuesday. ""The strike is over,"" ministry spokesman Jan Richard Kjelstrup said. Brent prices tumbled as a result.

Jan Hodneland, a negotiator for the Norwegian Oil Industry Association, or OLF, employers' group, said the government made a ""responsible choice.""

The Norwegian oil bosses had sought government action Monday in a pension dispute with hundreds of workers that culminated in the industry lockout threat in Western Europe's largest oil and gas producer.

Tuesday sees a slew of data releases in the Nordics including Swedish industrial production figures, as well as June inflation data from Norway and Denmark.

Apart from Nordic data releases, focus will remain on developments in the wider euro zone. A constitutional court in Germany is set to have a first hearing over the constitutionality of Europe's new bailout fund, the European Stability Mechanism, and fiscal pact.

Although the pacts were backed by both houses of the German parliament, they don't become law until German President Joachim Gauk has signed them. The president was asked by the German federal constitutional court in Karlsruhe to delay his signature so that the court would have time to prove the constitutionality of the pacts.

The ESM and European fiscal pact are considered key to fortifying the euro zone. However, political adversaries have filed legal challenges against the new laws before Germany's highest court. The ESM was expected to be launched later this month, pending ratification by national governments.

As to the specifics of the Nordic data releases, Danish HICP-inflation is seen at 2.2% on the year in June and negative 0.2% on the month, while Norway's CPI-ATE inflation is seen at 1.6% on the year and 0.1% on the month, according to economists polled by Dow Jones Newswires.

Swedish industrial production in May is seen decreasing 4.8% compared to the same month a year ago, as demand for Swedish exports fades amid a weakening euro zone economy. However, the May figure is seen 0.6% higher compared to April.

FOREX: 
 
EUR/NOK 
Latest 0150 GMT 7.4655-722 
Previous 2150 GMT 7.4832-99 
%Chg -0.24 
 
EUR/SEK 
Latest 0150 GMT 8.6177-256 
Previous 2150 GMT 8.6222-98 
%Chg  -0.05 
 
USD/NOK 
Latest 0150 GMT 6.0691-734 
Previous 2150 GMT 6.0782-825 
%Chg  -0.15 
 
USD/SEK 
Latest 0150 GMT 7.0057-108 
Previous 2150 GMT 7.0033-82 
%Chg  +0.04 
 
NORDIC CURRENCIES: 

On Monday, EUR/SEK was trading close to the 11-year low printed last Thursday, after the European Central Bank announced a 25 basis points rate cut. The cut increased Sweden's rate differential, as the Riksbank one day earlier opted to stay its hand and leave its key rate at 1.5%.

Nordea strategists said Monday they were surprised by the extent and speed of the SEK strengthening. The bank revised its EUR/SEK forecasts downwards, and now sees the cross trading at 8.70 in early October.

The bank noted a sharp contrast between the Swedish Riksbank's unwillingness to stimulate the economy, and other countries, competing against each other in stimulus packages and measures to weaken their currencies.

Also, the Swedish economy so far remains resilient, while ""prospects for euro-zone growth have continued to fade,"" the bank said.

However, later this fall, Nordea expects a softer Swedish economy and lower rate differential. That would weigh on the krona, and the bank forecasts EUR/SEK at 8.85 when the year ends.

As for the EUR/NOK, Nordea said trade is likely to be range-bound until Norges Bank starts hiking rates, which it believes the central bank will do in 2013. Hence, Nordea forecasts EUR/NOK at 7.50 both in three months time, and at year-end.


STOCK INDEXES: 
 
OMXN40  961.27   -3.51   -0.4% 
OMXS30 1020.44   -3.43   -0.3% 
OBX     372.88   -2.11   -0.6% 
OMXC20  458.03   -2.17   -0.5% 
OMXH25 1869.56  -31.15   -0.8% 
 
Brent  $98.70  -$1.62   -1.6% 
 
NORDIC MARKETS: 

Nordea equity strategist Magnus Dagel said trading on Nordic markets looks to be calm and cautions ahead of the earnings season that kicks off in earnest as from next week, when many regional heavy weights are due to report second quarter financial.

""Focus now is gradually shifting back from macro to companies,"" Mr. Dagel said.

He added that investors are likely to keep a close eye on major U.S. companies that are due to report earnings this week, especially after earlier profit warnings from the likes of PepsiCo Inc (PEP), FedEx Corp. (FDX) and Procter & Gamble Co (PG), who all cited concerns about developments in Europe.

""It does looks fairly mixed as far as results go, with profit estimates having been downgraded somewhat ahead of this earnings season,"" Mr. Dagel said. ""But it still seems as if results will be on an alright level, maybe somewhat lower compared to the previous quarter,"" he added.

Bellwether Alcoa swung to a 2Q loss as aluminum prices continue to decline and as special items weigh on the aluminum giant's bottom-line result. Adjusted EPS came in at 6c on revenue of $5.96 billion. Analysts predicted profit of 5c a share and revenue of $5.81 billion.


ENERGY: 

Brent crude fell below $100 in Asia Tuesday, hours after a Norwegian crude supply disruption due to an oil workers' strike was ended by the government.

New York's main contract, light sweet crude for delivery in August dived 77 cents to $85.22 a barrel and Brent North Sea crude for August delivery plunged $1.62 to $98.70.

A resumption of crude production in Norway after the government stepped in to end an offshore workers' strike was pulling prices south, said Nick Trevethan, senior commodities strategist for ANZ Research.

""After the government stepped in and ordered a settlement to the strike, that's returned one to two million barrels per day of oil to the market. That's having a relatively bearish impact on prices right now,"" he told AFP.

Authorities intervened just minutes ahead of a threatened lockout of Norway's oil production sites, and ended a 16-day strike by hundreds of workers in Western Europe's largest oil and gas producer.

The workers wanted employers to reconsider a decision not to grant special benefits to those who wish to retire at the age of 62, three years before the legal retirement age in the field and five years before the country-wide age.

The lockout, which was to have been enforced from midnight on Monday, had loomed after talks between employers and unions failed to end a prolonged strike which began on June 24.

Norwegian old giant Staoil, the group most hit by the strike, said in a statement that it was ""preparing to resume production at installations that have been affected"".


NEWS ROUNDUP: 

DENMARK: Maersk Oil, the oil and gas arm of Danish conglomerate A.P. Moller-Maersk A/S (MAERSK-B.KO), said the state-run oil and gas company Nordsofonden has joined the Danish Underground Consortium, which operates 16 fields with a daily production of about 180,000 barrels of oil and 14 million cubic metres of gas.

LATVIA's annual inflation rate continued slowing in June, to 1.9% from 2.2% in May, official data showed Monday. This brings the Baltic nation closer to its goal of adopting the euro in 18 months time.

FINLAND: Finnish start-up Jolla Ltd. is in talks with various hardware makers and other potential partners in hopes of unveiling within the next six months a smartphone that runs Nokia Corp.'s (NOK) largely abandoned MeeGo operating system, the company's chief executive said in an interview Monday.

FINLAND: Finnair Oyj (FIA1S.HE), the Finnish airline, said it carried 798,700 passengers in June, up 10% compared with the same month last year. Finnair traffic, measured in revenue passenger kilometers, rose by 9.3% as the overall capacity, measured in available seat kilometers, grew 1.3% compared with the same period last year.

Write to Sven Grundberg at sven.grundberg@dowjones.com

(Niclas Rolaner in Stockholm contributed to this report.) [ 07-09-12 2228ET ]

77791"
NORDIC MORNING BRIEFING: Norway Oil Strike Ends; Now Data In Focus,2012-07-10,"
 
TODAY'S CALENDAR - All times GMT 
Nordic Macro 
 
0600 Finland Industrial Production 
0700 Denmark HICP Inflation 
0730 Sweden Industrial Production 
0800 Lithuania CPI Inflation 
0800 Norway CPI-ATE Inflation 
 
Other Macro 
 
0645 France Industrial Production 
0800 Italy Industrial Production 
0830 UK Industrial Production 
1400 US Labor Turnover Survey 
NA   German court hears appeals against 
eurozone fiscal treaty 
NA   EU Finance Ministers meet in Brussels 
 
Nordic Equities 
 
0600 Axis Communications 2Q 
NA   Alliance Oil 2Q Op Update 
NA   Brinova 2Q 
NA   Oresund Investment 2Q 
 
IN FOCUS: 

Norway's government intervened to end an offshore workers' strike just minutes ahead of a threatened lockout at the country's oil production sites, the labour ministry said Tuesday. ""The strike is over,"" ministry spokesman Jan Richard Kjelstrup said. Brent prices tumbled as a result.

Jan Hodneland, a negotiator for the Norwegian Oil Industry Association, or OLF, employers' group, said the government made a ""responsible choice.""

The Norwegian oil bosses had sought government action Monday in a pension dispute with hundreds of workers that culminated in the industry lockout threat in Western Europe's largest oil and gas producer.

Tuesday sees a slew of data releases in the Nordics including Swedish industrial production figures, as well as June inflation data from Norway and Denmark.

Apart from Nordic data releases, focus will remain on developments in the wider euro zone. A constitutional court in Germany is set to have a first hearing over the constitutionality of Europe's new bailout fund, the European Stability Mechanism, and fiscal pact.

Although the pacts were backed by both houses of the German parliament, they don't become law until German President Joachim Gauk has signed them. The president was asked by the German federal constitutional court in Karlsruhe to delay his signature so that the court would have time to prove the constitutionality of the pacts.

The ESM and European fiscal pact are considered key to fortifying the euro zone. However, political adversaries have filed legal challenges against the new laws before Germany's highest court. The ESM was expected to be launched later this month, pending ratification by national governments.

As to the specifics of the Nordic data releases, Danish HICP-inflation is seen at 2.2% on the year in June and negative 0.2% on the month, while Norway's CPI-ATE inflation is seen at 1.6% on the year and 0.1% on the month, according to economists polled by Dow Jones Newswires.

Swedish industrial production in May is seen decreasing 4.8% compared to the same month a year ago, as demand for Swedish exports fades amid a weakening euro zone economy. However, the May figure is seen 0.6% higher compared to April.

FOREX: 
 
EUR/NOK 
Latest 0150 GMT 7.4655-722 
Previous 2150 GMT 7.4832-99 
%Chg -0.24 
 
EUR/SEK 
Latest 0150 GMT 8.6177-256 
Previous 2150 GMT 8.6222-98 
%Chg  -0.05 
 
USD/NOK 
Latest 0150 GMT 6.0691-734 
Previous 2150 GMT 6.0782-825 
%Chg  -0.15 
 
USD/SEK 
Latest 0150 GMT 7.0057-108 
Previous 2150 GMT 7.0033-82 
%Chg  +0.04 
 
NORDIC CURRENCIES: 

On Monday, EUR/SEK was trading close to the 11-year low printed last Thursday, after the European Central Bank announced a 25 basis points rate cut. The cut increased Sweden's rate differential, as the Riksbank one day earlier opted to stay its hand and leave its key rate at 1.5%.

Nordea strategists said Monday they were surprised by the extent and speed of the SEK strengthening. The bank revised its EUR/SEK forecasts downwards, and now sees the cross trading at 8.70 in early October.

The bank noted a sharp contrast between the Swedish Riksbank's unwillingness to stimulate the economy, and other countries, competing against each other in stimulus packages and measures to weaken their currencies.

Also, the Swedish economy so far remains resilient, while ""prospects for euro-zone growth have continued to fade,"" the bank said.

However, later this fall, Nordea expects a softer Swedish economy and lower rate differential. That would weigh on the krona, and the bank forecasts EUR/SEK at 8.85 when the year ends.

As for the EUR/NOK, Nordea said trade is likely to be range-bound until Norges Bank starts hiking rates, which it believes the central bank will do in 2013. Hence, Nordea forecasts EUR/NOK at 7.50 both in three months time, and at year-end.


STOCK INDEXES: 
 
OMXN40  961.27   -3.51   -0.4% 
OMXS30 1020.44   -3.43   -0.3% 
OBX     372.88   -2.11   -0.6% 
OMXC20  458.03   -2.17   -0.5% 
OMXH25 1869.56  -31.15   -0.8% 
 
Brent  $98.70  -$1.62   -1.6% 
 
NORDIC MARKETS: 

Nordea equity strategist Magnus Dagel said trading on Nordic markets looks to be calm and cautions ahead of the earnings season that kicks off in earnest as from next week, when many regional heavy weights are due to report second quarter financial.

""Focus now is gradually shifting back from macro to companies,"" Mr. Dagel said.

He added that investors are likely to keep a close eye on major U.S. companies that are due to report earnings this week, especially after earlier profit warnings from the likes of PepsiCo Inc (PEP), FedEx Corp. (FDX) and Procter & Gamble Co (PG), who all cited concerns about developments in Europe.

""It does looks fairly mixed as far as results go, with profit estimates having been downgraded somewhat ahead of this earnings season,"" Mr. Dagel said. ""But it still seems as if results will be on an alright level, maybe somewhat lower compared to the previous quarter,"" he added.

Bellwether Alcoa swung to a 2Q loss as aluminum prices continue to decline and as special items weigh on the aluminum giant's bottom-line result. Adjusted EPS came in at 6c on revenue of $5.96 billion. Analysts predicted profit of 5c a share and revenue of $5.81 billion.


ENERGY: 

Brent crude fell below $100 in Asia Tuesday, hours after a Norwegian crude supply disruption due to an oil workers' strike was ended by the government.

New York's main contract, light sweet crude for delivery in August dived 77 cents to $85.22 a barrel and Brent North Sea crude for August delivery plunged $1.62 to $98.70.

A resumption of crude production in Norway after the government stepped in to end an offshore workers' strike was pulling prices south, said Nick Trevethan, senior commodities strategist for ANZ Research.

""After the government stepped in and ordered a settlement to the strike, that's returned one to two million barrels per day of oil to the market. That's having a relatively bearish impact on prices right now,"" he told AFP.

Authorities intervened just minutes ahead of a threatened lockout of Norway's oil production sites, and ended a 16-day strike by hundreds of workers in Western Europe's largest oil and gas producer.

The workers wanted employers to reconsider a decision not to grant special benefits to those who wish to retire at the age of 62, three years before the legal retirement age in the field and five years before the country-wide age.

The lockout, which was to have been enforced from midnight on Monday, had loomed after talks between employers and unions failed to end a prolonged strike which began on June 24.

Norwegian oil giant Statoil, the group most hit by the strike, said in a statement that it was ""preparing to resume production at installations that have been affected"".


NEWS ROUNDUP: 

DENMARK: Maersk Oil, the oil and gas arm of Danish conglomerate A.P. Moller-Maersk A/S (MAERSK-B.KO), said the state-run oil and gas company Nordsofonden has joined the Danish Underground Consortium, which operates 16 fields with a daily production of about 180,000 barrels of oil and 14 million cubic metres of gas.

LATVIA's annual inflation rate continued slowing in June, to 1.9% from 2.2% in May, official data showed Monday. This brings the Baltic nation closer to its goal of adopting the euro in 18 months time.

FINLAND: Finnish start-up Jolla Ltd. is in talks with various hardware makers and other potential partners in hopes of unveiling within the next six months a smartphone that runs Nokia Corp.'s (NOK) largely abandoned MeeGo operating system, the company's chief executive said in an interview Monday.

FINLAND: Finnair Oyj (FIA1S.HE), the Finnish airline, said it carried 798,700 passengers in June, up 10% compared with the same month last year. Finnair traffic, measured in revenue passenger kilometers, rose by 9.3% as the overall capacity, measured in available seat kilometers, grew 1.3% compared with the same period last year.

Write to Sven Grundberg at sven.grundberg@dowjones.com

(Niclas Rolaner in Stockholm contributed to this report.) [ 07-09-12 2233ET ]

77791"
NORDIC MORNING BRIEFING: Norway Oil Strike Ends; Now Data In Focus,2012-07-10,"
 
TODAY'S CALENDAR - All times GMT 
Nordic Macro 
 
0600 Finland Industrial Production 
0700 Denmark HICP Inflation 
0730 Sweden Industrial Production 
0800 Lithuania CPI Inflation 
0800 Norway CPI-ATE Inflation 
 
Other Macro 
 
0645 France Industrial Production 
0800 Italy Industrial Production 
0830 UK Industrial Production 
1400 US Labor Turnover Survey 
NA   German court hears appeals against 
eurozone fiscal treaty 
NA   EU Finance Ministers meet in Brussels 
 
Nordic Equities 
 
0600 Axis Communications 2Q 
NA   Alliance Oil 2Q Op Update 
NA   Brinova 2Q 
NA   Oresund Investment 2Q 
 
IN FOCUS: 

Norway's government intervened to end an offshore workers' strike just minutes ahead of a threatened lockout at the country's oil production sites, the labour ministry said Tuesday. ""The strike is over,"" ministry spokesman Jan Richard Kjelstrup said. Brent prices tumbled as a result.

Jan Hodneland, a negotiator for the Norwegian Oil Industry Association, or OLF, employers' group, said the government made a ""responsible choice.""

The Norwegian oil bosses had sought government action Monday in a pension dispute with hundreds of workers that culminated in the industry lockout threat in Western Europe's largest oil and gas producer.

Tuesday sees a slew of data releases in the Nordics including Swedish industrial production figures, as well as June inflation data from Norway and Denmark.

Apart from Nordic data releases, focus will remain on developments in the wider euro zone. A constitutional court in Germany is set to have a first hearing over the constitutionality of Europe's new bailout fund, the European Stability Mechanism, and fiscal pact.

Although the pacts were backed by both houses of the German parliament, they don't become law until German President Joachim Gauk has signed them. The president was asked by the German federal constitutional court in Karlsruhe to delay his signature so that the court would have time to prove the constitutionality of the pacts.

The ESM and European fiscal pact are considered key to fortifying the euro zone. However, political adversaries have filed legal challenges against the new laws before Germany's highest court. The ESM was expected to be launched later this month, pending ratification by national governments.

As to the specifics of the Nordic data releases, Danish HICP-inflation is seen at 2.2% on the year in June and negative 0.2% on the month, while Norway's CPI-ATE inflation is seen at 1.6% on the year and 0.1% on the month, according to economists polled by Dow Jones Newswires.

Swedish industrial production in May is seen decreasing 4.8% compared to the same month a year ago, as demand for Swedish exports fades amid a weakening euro zone economy. However, the May figure is seen 0.6% higher compared to April.

FOREX: 
 
EUR/NOK 
Latest 0150 GMT 7.4655-722 
Previous 2150 GMT 7.4832-99 
%Chg -0.24 
 
EUR/SEK 
Latest 0150 GMT 8.6177-256 
Previous 2150 GMT 8.6222-98 
%Chg  -0.05 
 
USD/NOK 
Latest 0150 GMT 6.0691-734 
Previous 2150 GMT 6.0782-825 
%Chg  -0.15 
 
USD/SEK 
Latest 0150 GMT 7.0057-108 
Previous 2150 GMT 7.0033-82 
%Chg  +0.04 
 
NORDIC CURRENCIES: 

On Monday, EUR/SEK was trading close to the 11-year low printed last Thursday, after the European Central Bank announced a 25 basis points rate cut. The cut increased Sweden's rate differential, as the Riksbank one day earlier opted to stay its hand and leave its key rate at 1.5%.

Nordea strategists said Monday they were surprised by the extent and speed of the SEK strengthening. The bank revised its EUR/SEK forecasts downwards, and now sees the cross trading at 8.70 in early October.

The bank noted a sharp contrast between the Swedish Riksbank's unwillingness to stimulate the economy, and other countries, competing against each other in stimulus packages and measures to weaken their currencies.

Also, the Swedish economy so far remains resilient, while ""prospects for euro-zone growth have continued to fade,"" the bank said.

However, later this fall, Nordea expects a softer Swedish economy and lower rate differential. That would weigh on the krona, and the bank forecasts EUR/SEK at 8.85 when the year ends.

As for the EUR/NOK, Nordea said trade is likely to be range-bound until Norges Bank starts hiking rates, which it believes the central bank will do in 2013. Hence, Nordea forecasts EUR/NOK at 7.50 both in three months time, and at year-end.


STOCK INDEXES: 
 
OMXN40  961.27   -3.51   -0.4% 
OMXS30 1020.44   -3.43   -0.3% 
OBX     372.88   -2.11   -0.6% 
OMXC20  458.03   -2.17   -0.5% 
OMXH25 1869.56  -31.15   -0.8% 
 
Brent  $98.70  -$1.62   -1.6% 
 
NORDIC MARKETS: 

Nordea equity strategist Magnus Dagel said trading on Nordic markets looks to be calm and cautions ahead of the earnings season that kicks off in earnest as from next week, when many regional heavy weights are due to report second quarter financial.

""Focus now is gradually shifting back from macro to companies,"" Mr. Dagel said.

He added that investors are likely to keep a close eye on major U.S. companies that are due to report earnings this week, especially after earlier profit warnings from the likes of PepsiCo Inc (PEP), FedEx Corp. (FDX) and Procter & Gamble Co (PG), who all cited concerns about developments in Europe.

""It does looks fairly mixed as far as results go, with profit estimates having been downgraded somewhat ahead of this earnings season,"" Mr. Dagel said. ""But it still seems as if results will be on an alright level, maybe somewhat lower compared to the previous quarter,"" he added.

Bellwether Alcoa swung to a 2Q loss as aluminum prices continue to decline and as special items weigh on the aluminum giant's bottom-line result. Adjusted EPS came in at 6c on revenue of $5.96 billion. Analysts predicted profit of 5c a share and revenue of $5.81 billion.


ENERGY: 

Brent crude fell below $100 in Asia Tuesday, hours after a Norwegian crude supply disruption due to an oil workers' strike was ended by the government.

New York's main contract, light sweet crude for delivery in August dived 77 cents to $85.22 a barrel and Brent North Sea crude for August delivery plunged $1.62 to $98.70.

A resumption of crude production in Norway after the government stepped in to end an offshore workers' strike was pulling prices south, said Nick Trevethan, senior commodities strategist for ANZ Research.

""After the government stepped in and ordered a settlement to the strike, that's returned one to two million barrels per day of oil to the market. That's having a relatively bearish impact on prices right now,"" he told AFP.

Authorities intervened just minutes ahead of a threatened lockout of Norway's oil production sites, and ended a 16-day strike by hundreds of workers in Western Europe's largest oil and gas producer.

The workers wanted employers to reconsider a decision not to grant special benefits to those who wish to retire at the age of 62, three years before the legal retirement age in the field and five years before the country-wide age.

The lockout, which was to have been enforced from midnight on Monday, had loomed after talks between employers and unions failed to end a prolonged strike which began on June 24.

Norwegian old giant Staoil, the group most hit by the strike, said in a statement that it was ""preparing to resume production at installations that have been affected"".


NEWS ROUNDUP: 

DENMARK: Maersk Oil, the oil and gas arm of Danish conglomerate A.P. Moller-Maersk A/S (MAERSK-B.KO), said the state-run oil and gas company Nordsofonden has joined the Danish Underground Consortium, which operates 16 fields with a daily production of about 180,000 barrels of oil and 14 million cubic metres of gas.

LATVIA's annual inflation rate continued slowing in June, to 1.9% from 2.2% in May, official data showed Monday. This brings the Baltic nation closer to its goal of adopting the euro in 18 months time.

FINLAND: Finnish start-up Jolla Ltd. is in talks with various hardware makers and other potential partners in hopes of unveiling within the next six months a smartphone that runs Nokia Corp.'s (NOK) largely abandoned MeeGo operating system, the company's chief executive said in an interview Monday.

FINLAND: Finnair Oyj (FIA1S.HE), the Finnish airline, said it carried 798,700 passengers in June, up 10% compared with the same month last year. Finnair traffic, measured in revenue passenger kilometers, rose by 9.3% as the overall capacity, measured in available seat kilometers, grew 1.3% compared with the same period last year.

Write to Sven Grundberg at sven.grundberg@dowjones.com

(Niclas Rolaner in Stockholm contributed to this report.) [ 07-09-12 2228ET ]

77791"
*DJ Norges Bank Gov: Won't  Intervene  To Control Krone Exchange Rate,2012-05-29,"29 May 2012 11:48 EDT *DJ  Norges Bank Gov: Greek Exit Could Send NOK Either Way

29 May 2012 11:49 EDT *DJ  Norges Bank Gov: Ready To Help Banks If Turmoil Increases

29 May 2012 11:49 EDT *DJ  Norges Bank Gov: We Must Live With Greece Uncertainty

29 May 2012 11:50 EDT DJ  Norges Bank Governor: Won't Intervene To Control Krone Exchange Rate


 
   By Kjetil Malkenes Hovland 
   Of DOW JONES NEWSWIRES 
 

OSLO (Dow Jones)--Norway's central bank will not intervene in the currency markets to avoid a stronger krone in the event of Greece leaving the euro and any resulting economic turmoil in the euro zone, its Governor Oystein Olsen told Dow Jones Newswires Tuesday.

Speaking on the sidelines of a parliamentary hearing about financial markets and asked whether Norges Bank is ready to take action to avoid investors seeking refuge in the Norwegian krone, Olsen said the bank doesn't usually intervene in the currency market, and hinted it might not even be necessary.

""We did not intervene [after the crisis] in 2008 to 2009,"" he said. ""We have a steady policy on currency. We don't intervene in the currency market to affect or control the krone exchange rate. So my comments stop there. It's also uncertain which way the krone would move if the turmoil increases in Europe.""

Norges Bank has previously said the krone is not refuge of choice for investors if the financial markets turn bad.

""Often, when there is real turmoil in the markets, the krone is not very [interesting], investors go to the Swiss franc, gold and dollar,"" said Deputy Governor Jan Qvigstad after Norges Bank's previous rate meeting on May 10. ""With less turmoil, Norway could be a safe haven, but when the situation is really bad"" other options become more favorable, he said.

Swedbank First Securities analyst Bjorn-Roger Wilhelmsen supported this view and said the krone tended to weaken when upheaval increased in the financial markets. ""I believe that the trade-weighted krone exchange rate will weaken if Greece leaves the euro. I don't think much will happen against the euro, because the euro will weaken significantly. The NOK will first and foremost weaken against the dollar,"" he said.

Earlier Tuesday, Oystein Olsen told a parliamentary hearing on financial markets and regulation that the situation would be very challenging if Greece leaves the euro, and that ""strong forces"" in Greece and the euro countries are trying to avoid it.

Olsen also said Norges Bank is prepared to help Norwegian banks in the confusion that could arise following a Greek euro exit.

""I think the uncertainty is huge, and we have to live with that,"" he said. ""You shouldn't rule out that a Greek exit could lead to contagion in other countries, leading to more turmoil in the financial markets. If that happens, we will be on alert immediately, watching what occurs in the financial markets and the funding markets for Norwegian banks.""

If needed, Norges Bank will provide liquidity as it did in 2008 to 2009, he said.

Olsen also told Norwegian MPs that the idea of joint euro-zone bonds would be an ""enormous reform,"" and would require a lot of work to design a system to replace each country's bonds.

At 1411 GMT, EUR/NOK traded at 7.5247.

-By Kjetil Malkenes Hovland, Dow Jones Newswires: +47 902 27 908; kjetilmalkenes.hovland@dowjones.com

(END) Dow Jones Newswires

May 29, 2012 11:50 ET (15:50 GMT)"
MARKET TALK: JPMorgan Bullish On NOK After Strong Local Data,2012-04-16,"1355 GMT [Dow Jones] JPMorgan takes a bullish view on NOK as recent economic data indicate a remarkably strong domestic environment in Norway. Notes soaring manufacturing PMI, consensus-beating retail sales and falling unemployment figures for recent months. Norway's central bank has become more inclined to intervene against the strong krone, but rate cuts or policy measures to weaken the currency are likely to have only short-term effects, it says. Has a medium-term target of 5.53 for USD/NOK and 7.40 for EUR/NOK. USD/NOK trades at 5.7910 and EUR/NOK at 7.5590. (gustav.sandstrom@dowjones.com)


 
Contact us in London. +44-20-7842-9464 
Markettalk.eu@dowjones.com 
 

[ 16-04-12 1355GMT ]

1085"
RPT-Norwegian crown allure intact despite rate cut,2012-03-15," (Repeats Wednesday story, text unchanged)

 * Norwegian crown slides after surprise rate cut

 * Impact seen limited, will not dent the crown's allure

 * Crown to stay strong vs euro, dollar

 * But further falls possible vs Swedish crown 

 By Jessica Mortimer and Nia Williams

 LONDON, March 14 (Reuters) - Norway's central bank has fired a warning shot at speculators who drove the Norwegian crown to a nine-year high against the euro, but the country's oil-fuelled growth and safe-haven status mean long-term investors are set to keep buying the currency.

 The Norges Bank cut interest rates by 25 basis points to 1.5 percent, confounding market expectations for no change, and said more currency strength could prompt further reductions. Its decision hit the crown, which could slip again as short-term traders who had bet on a rise cut their losses. 

 But investors who do not believe the Norges Bank will intervene to stem currency appreciation in the way the Swiss National Bank has done, given Norway's still healthy growth outlook, are seen snapping up the currency at cheaper levels. 

 Even if Norway did intervene for the first time since 1999, it would not have the credibility of the SNB, which has a long track record of determined currency management. 

 ""They (the Norges Bank) have done their work for now ... But of course if the oil price stays high and risk appetite is increasing we might see investors eager to buy the Norwegian crown again,"" said Kyrre Aamdahl, senior economist at Den Norske Bank in Oslo.

 The euro surged nearly 2 percent to a one-month high of 7.5925 crowns, taking it well above a recent nine-year low of 7.3927 crowns. The crown lost 2 percent versus the dollar

and slid sharply against the Swedish crown. 

 SEB chief currency strategist Carl Hammer said the euro could rise further, towards 7.60-7.70 crowns, but the bank would look to sell the single currency on rallies above that level.

 Analysts said the crown was unlikely to return to its recent highs in the near term. 

 But Norway's strong economy and the currency's links to oil make it attractive to investors seeking alternatives to the crisis-hit euro, especially with oil prices high. 

 The central bank may struggle to stem further gains given many of the reasons behind the crown's appeal are due to developments abroad which are outside its control.

 STRONG MESSAGE

 The bank's decision came as a surprise due to Norway's strong economy and rapidly rising house prices. Analysts said lower rates risked causing a housing bubble, which may fuel speculation the bank will hold off from further rate cuts.

 However, despite the many reasons to buy the crown, analysts said speculators may be wary given the Norges Bank had sent a strong message that it was serious about crown strength, and still had room to cut rates further if it needed to.

 ""People will be very careful about buying back the Norwegian crown ... The central bank stated clearly that they would not hesitate to cut again if the crown were to strengthen substantially once again,"" said Niels Christensen, currency strategist at Nordea.

 Other factors may also weigh on the crown in the coming months.

 Some analysts warned oil prices risk falling from their current high levels, while SEB's Hammer said Norway may make ""substantial"" purchases of foreign assets through its oil fund in the second half of this year, which would have a negative impact on the currency.

 CONTRAST WITH SWEDEN

 The Norwegian central bank's strong concerns about currency strength contrast with statements made by the Swedish Riksbank, which could prompt a further steep correction in the Norwegian crown versus the Swedish crown.

 Sweden's central bank governor Stefan Ingves said at a rate-setting meeting last month that he expected the Swedish krona to strengthen in the months ahead, minutes of their discussion showed. 

 The Norwegian crown slid as low as 1.1741 Swedish crowns, taking it well below Wednesday's high just below 1.19 and the high of 1.2040 crowns hit on March 8.

 Traders said buying the Norwegian crown against the Swedish crown had been a very popular trade among long-term investors and it could fall further.

 ""The Norges Bank is incredibly unwilling to accept further Norwegian crown strength, while the Riksbank has projected euro/Swedish crown to reach 8.50 by year-end (versus 8.9 crowns currently),"" SEB's Hammer said. 

 In the longer-term SEB expect the Norwegian crown to fall to 1.10 Swedish crowns or even below, he said. 

(Editing by Catherine Evans)

MARKETS-FOREX/NORWEGIAN CROWN | ABN | D | E | RBN | M | DA | FN | NW | SW"
UPDATE 1-Norway to cut oil money spending in 2013,2012-03-11,"* Currency strength an ""important consideration"" -minister

* Sees good prospects for domestic economy

(Adds quotes by finance minister)

By Gwladys Fouche

JEVNAKER, Norway, March 11 (Reuters) - Norway is likely to slash the ratio of oil revenue it uses in the 2013 budget, its finance minister said on Sunday, as prospects for the Norwegian economy outshine Europe's and the country's currency reaches multi-year highs against the euro.

Oil-rich Norway, largely sheltered from the global economic crisis, has a spending rule that recommends limiting oil-revenue spending in most years to 4 percent of the value of its $604-billion sovereign wealth fund.

""In 2013, if little happens ... we will use significantly less than 4 percent from the oil fund,"" Sigbjoern Johnsen told reporters ahead of government budget negotiations for next year.

""It is important that we hold back on the use of oil money because prospects for the Norwegian economy are good.""

Cutting the ratio of oil money Norway spends does not necessarily mean it will spend less oil money in absolute terms, however, as the size of the fund may grow.

Johnsen said the precise figure would be given in October.

""What we can do from the Norwegian government side is to ... use significantly less than 4 percent of the oil money ... And it looks like we will do that in 2012 and 2013.""

The relative strength of the Norwegian crown against the euro, which makes larges swathes of the country's industry less competitive than foreign manufacturers, was also a significant factor in the setting of next year's state budget, he added.

""We have seen a strengthening of the crown over a long time. It is an important consideration when we set the parameters for the budget in 2013.""

Norway's safe-haven crown currency hit a nine-year high against the euro on Monday, helped by a strong economy, high oil prices and the low risk of central bank intervention.

Johnsen repeated the growth of Norway's mainland economy, which excludes activity from the energy and shipping sectors, would be somewhat lower than the 3.1 percent the government had anticipated, due to lower expected growth in the rest of Europe.

An updated estimate for growth will be given in the revised budget in May, he said.

(Editing by David Hulmes)

NORWAY-BUDGET/ (UPDATE 1) | ABN | D | DA | E | RBN | FN | M | NW | O | OIL | SW | RNP | DNP | PTD | PEN"
Norway  does not want to  intervene  in  forex  markets -c.bank,2012-02-27,"MOSS, Norway, Feb 27 (Reuters) - The Norwegian central bank does not want to intervene in the currency market to weaken the crown, which is trading near a nine-year high, the bank's governor told Reuters on Monday.

""We can never rule out anything forever when it comes to interventions, but we have always said that we do not wish to intervene in the currency market,"" Oeystein Olsen said.

(Reporting by Joachim Dagenborg)

NORWAY/ (URGENT) | ABN | D | DA | FN | M | NW | SW | RNP | DNP | PTD"
Nordic crowns shine as refuge from euro crisis,2012-02-21,"* Norwegian crown rises to 9-year high against euro

* Swedish crown also buoyed by sound finances

* Small bond markets limit chance of intervention, big gains

By Anirban Nag

LONDON, Feb 21 (Reuters) - Investors seeking shelter from the euro zone debt crisis have driven the Norwegian and Swedish crowns higher as other currencies once viewed as safe havens rapidly lose their appeal.

The strength of the two crowns, which are backed by top-notch credit ratings, solid public finances and current account surpluses, has so far drawn muted expressions of official discomfort unlike the Swiss and Japanese authorities' aggressive action to curb the franc and yen.

In fact, say analysts, the small size of the Scandinavian bond markets are a hurdle to further big gains in the Norwegian and Swedish crowns and indeed could see their strength drain away quickly, leaving little reason for intervention.

But for now the Norwegian crown trades near a nine-year high against the euro while the Swedish currency stands close to a 10-month peak struck in mid-January.

""For investors seeking safety from the debt crisis these countries are AAA-rated with low levels of indebtness and offer sound financial stability,"" said Carl Hammer, chief currency strategist, at SEB Merchant Banking, Stockholm.

""But because their debt markets are small, liquidity is an issue and many euro zone reserve managers do not look at them. So their currencies will not gain to the full extent.""

Demand for the two crowns picked up after the Swiss National Bank put a cap on the Swiss franc's exchange rate against the euro last September and discouraged safe-haven inflows that had pushed the currency to record highs.

Some of those flows turned to British government bonds, helping sterling, but after rating agency Moody's said last week it might cut the UK's triple-A ratings, Scandinavian currencies were left as the main beneficiaries in the near term.

Norway and Sweden are small, open economies that rely on exports. So stronger currencies will hurt growth and could lead to deflation, which policymakers seek to avoid.

This was the threat Switzerland and Japan have fought in recent months by intervention which has caught speculators napping and left them nursing losses.

By contrast, the Norwegian and Swedish central banks have room to ease monetary policy to support growth rather than intervene, analysts say, and in any case there has been no sign of deflation.

Sweden's Riksbank is rarely seen in the currency market while Norway's central bank, Norges Bank, has not intervened in the market since 1999.

""In our view we are unlikely to see more than verbal interventions (from Norges Bank) - and consider the probability of those low as well - which will only have a short-term effect on the Norwegian currency,"" said Commerzbank analyst Antje Praefcke.

SOLID FUNDAMENTALS

Sound public finances in Norway and Sweden have meant little need to borrow and issue bonds, limiting opportunities for investors. Figures from the OECD think-tank showed Norway's outstanding central government debt at the end of 2010 was $111.5 billion while Sweden's was $171.6 billion. Both were dwarfed by the $2.1 trillion outstanding for the UK.

^^^^^^^^^^^^^^^^^^^^^^^^^^^^^^^^^^^^^^^^^^^^^^^^^^^^^^^

Graphic on Norwegian, Swedish crowns vs euro

http://link.reuters.com/zac76s(""http://link.reuters.com/zac76s"")

^^^^^^^^^^^^^^^^^^^^^^^^^^^^^^^^^^^^^^^^^^^^^^^^^^^^^^^

Similarly, the Norwegian crown accounted for just 1.3 percent of global foreign exchange turnover, while the Swedish crown made up around 2.2 percent. That compared with 85 percent for the U.S. dollar.

This limited liquidity means swings in the two crowns can be fast and furious, with investors vulnerable to huge losses as they struggle to close their positions.

Between the Nokkie and Stokkie, as they are known in currency markets, investors have shown a preference for the former partly because non-EU member Norway is a huge exporter of oil and because many are wary of Sweden's close trade and financial links to the euro zone.

Swedish exports account for around 50 percent of gross domestic product with the bulk heading to the euro zone. Norway, on the other hand, is a global oil and commodity exporter, so this week's rise in oil prices translates into more revenues.

""Right now the Norwegian crown has momentum on its side and if oil prices continue to rise, it could be headed higher,"" said Niels Christensen, FX strategist at Nordea, Copenhagen.

""Its gains against the Swedish crown are also helping as investors like Norway's solid fundamentals more, but if global stocks get hit, then it will come under pressure.""

(Graphic and editing by Nigel Stephenson)

MARKETS-FOREX/SCANDIES"
Norway  maintains  forex  non- intervention  policy -c.bank,2011-03-18,"OSLO, March 18 (Reuters) - Norway will continue its policy of not intervening in currency markets, the country's central bank chief said on Friday.

""Our policy is not to intervene,"" Oeystein Olsen told a news conference, adding that the bank would nevertheless continue its policy of buying foreign currency on behalf of the country's sovereign wealth fund which invests in foreign assets.

(Reporting by Oslo newsroom)

NORWAY-CENTRALBANK/ (URGENT)"
Norway  c.bank: No change in  fx intervention  view,2009-03-27,"OSLO, March 27 (Reuters) - Norway's central bank said on Friday it had not changed its view towards currency intervention, one day after Governor Svein Gjedrem said the bank will consider intervening.

""Gjedrem did not say anything that we haven't said before. Norges Bank's view on currency intervention has absolutely not changed,"" central bank spokeswoman Siv Meisingseth told Reuters.

In a speech in London, Gjedrem said Norges Bank will consider intervening if the crown becomes ""out of line"", adding this was not necessary at present.

The crown swung after the comments, as investors struggled to understand if Gjedrem signalled a new, more hands-on currency policy after the crown's sharp appreciation in past months.

Meisingseth said in addition to changing interest rates, Norges Bank can buy or sell crowns in the market to influence the exchange rate, although ""normally the bank will not use interventions"".

""Exchange market intervention, irrespective of whether currency is bought or sold, is not an appropriate instrument for influencing the crown over a longer period,"" Norges Bank said on its Web site, detailing its array of monetary policy instruments.

""However, interventions may be appropriate if the crown deviates substantially from the level that the bank judges to be reasonable in relation to fundamentals, and if exchange rate developments weaken the prospect of achieving the inflation target.""

It said ""interventions may also be appropriate in response to pronounced short-term crown fluctuations when liquidity in the foreign exchange market falls to a very low level.""

Norges Bank said it has not intervened in the foreign exchange market since January 1999.

The crown, which some analysts said may become the world's new ""safe haven currency"", fell this week after Norges Bank cut its main rate by half a point to 2 percent and said borrowing costs may continue to fall to 1 percent in 2009. (Reporting by Wojciech Moskwa; editing by Chris Pizzey)

NORWAY/INTERVENTION|LANGEN|ABN|M|E|RBN|D|DA|FN|NW|SW|RNP"
"UPDATE 2- Norway  cbanker: Wd only  intervene  if NOK ""out of line""",2009-03-26,"(Adds quotes, comments, context)

LONDON, March 26 (Reuters) - Norway's central bank will only consider intervening on the Norwegian crown (NOK) if the currency becomes ""out of line"", governor Svein Gjedrem said on Thursday, adding that this is not necessary at present.

""Our stated policy is that we may intervene in the currency market for liquidity reasons. Another reason would be if the value of the currency was out of line with fundamentals in the economy and hindered our possibility to reach our inflation target,"" Gjedrem said at a London presentation of the Norges Bank's Monetary Policy Report after it cut interest rates by 50 basis points to 2.0 percent on Wednesday.

""When it comes to interventions in the currency markets, we have not done that since January 1999,"" he said, adding that those conditions for intervention had not so far been met.

The bank's mandate is to target core inflation of 2.5 percent in the medium term.

""We are a very small and open economy. The development in our currency influences price inflation and the real economy more strongly than in most countries. We have seen large swings in our currency,"" he said.

Gjedrem noted that the Norwegian crown weakened against the euro and the dollar until the end of the fourth quarter, then started appreciating against both. The crown has gained about 10 percent versus the euro this year after reaching all-time lows against the single European currency at the end of 2008.

""If we did (intervene), we would communicate it well in advance,"" he added.

Asked by Reuters whether he saw the crown as a safe haven currency, he said: ""No. With oil prices changing so fast it cannot (be described as a safe haven currency).""

NO SPACE FOR BOND BUYBACKS, OIS MONEY MARKET

Gjedrem said the country's capital market was too small to afford a buyback of fixed income assets of the type carried out by central banks in the United Kingdom or the United States to kickstart stalling economies.

""We don't have the kind of market to buy as others do. It is not a very deep domestic currency (government) bond market, nor for commercial bonds, because most big companies borrow in foreign currencies as they are so export-orientated,"" he said.

Gjedrem also said there was insufficient liquidity in Norway, which is not a member of the European Union, to establish an OIS market as seen in other countries. He said there was not enough overnight market trading to achieve this.

The Overnight Index Swap rates are used as a base line for calculating a spread with three-month interbank offered rates in the money market which is an indicator of the propensity for banks to lend.

""The crown market depends on international money markets. When banks lend to each other its via the swaps market. The market is too small to establish that (OIS) sophisticated kind of market,"" he said.

OIL FUND NOT PROVINCE OF FINE-TUNING

The $323 billion Norwegian sovereign wealth fund, Europe's biggest shareholder, is in the process of shifting from a policy of investing 40 percent in equities to 60 percent, while reducing its fixed-income component to 40 percent.

Yet, last year, the fund lost 633 billion crowns, nearly $90 billion) on investments, posting its weakest return in the 10-year history of the fund, a negative 23.3 percent. [ID:nLB219293]

Gjedrem said it was not appropriate to ""fine-tune"" the fund by putting off a decision to invest more in equities.

""We don't try to fine-tune this. A decision was taken to increase the allocation to equities to 60 percent from 40 percent. We have a strategy largely based on indexing,"" he said.

""So we buy a lot when equity prices go down, and not so much when equity prices rise."" (Reporting by George Matlock; Editing by Victoria Main)

MARKETS-NORWAY-GJEDREM (UPDATE 2)|LANGEN|ABN|M|E|RBN|D|DA|FN|NW|SW|RNP"
Norway Fin Min Calls Krone Overvalued;No Action Signaled ,2003-01-09," STOCKHOLM -(Dow Jones)- Norwegian Finance Minister Per-Kristian Foss repeated Thursday that he considers the krone to be overvalued. 

 ""The message from the Minister is that we think the krone is being overestimated,"" said Kaj Martin Georgsen, political advisor to Foss. 

 The finance minister's comments were made at a seminar Aalesund, a town in northwestern Norway. 

 Specific action like market intervention or interest rate cuts wasn't touched upon by Foss Thursday, according to Georgsen. He added that the Minister has mentioned previously that the krone is overvalued. 

 A Norwegian-language news wire, NTB, and a Norwegian  Internet news site, Nettavisen, reported the remarks by Foss. Some participants in foreign-exchange markets misinterpreted the articles as the announcement of active measures to bring down the krone's strength. 

 The euro soared against the krone on the news, but when the finance minister's comments were put in the proper context, the single currency surrendered part of its gain. Neither of the Norwegian-language articles directly quoted Foss as saying he intended to break the krone's strength. 

 The euro had jumped above NOK7.2600 from record-low levels around NOK7.2200 as rumors of Norwegian government action to weaken the krone circulated in markets, but fell back when Foss' remarks were clarified. Early afternoon in New York, the euro fetched NOK7.2414 in thin trading. 

 Against the dollar Thursday, the krone reached its strongest point since April 1997, with the greenback sinking as far as NOK6.8505. In afternoon trading in New York, the dollar had recovered to NOK6.9050. 

 As investors worry about war with Iraq and higher oil prices, the krone has gained dramatically on both the euro and the dollar. With its vast deposits of offshore petroleum, Norway benefits when the price of oil rises. The country also boasts a hefty current account surplus and the highest interest rates in the western world, making the krone an attractive option for investors. 

 However, the strong krone hurts Norway's non-petroleum sector by making Norwegian manufactured exports more expensive in world markets. 

 Georgsen said the Ministry of Finance expects Norway's general economic policies to help to bring down the exchange rate sometime during the spring. 

 ""The strength of the Norwegian krone seems to be too high when we look at the real economy of this country,"" said Georgsen. 

 -By Rod Stone, Dow Jones Newswires; +46 8 545 13094; rod.stone@dowjones. 

 (Robert Flint in New York contributed to this article.)"
ANALYSIS-Robust Norway crown unlikely to vex  central bank . ,2002-04-09," LONDON, April 9 (Reuters) - The Middle East conflict and higher oil prices sent the Norwegian crown to yet another record high against the euro on Tuesday but analysts doubted this would trigger any action from the central bank. 

 The oil-backed currency, which has been almost constantly hitting record peaks versus the euro since January, reached comparable levels in early 1997, prompting the central bank to intervene by selling more than 20 billion crowns and slashing rates twice in two days. 

 But this time round, economists expect the bank to keep its rates unchanged at 6.5 percent when it meets on Wednesday. Moreover, they think direct intervention is highly unlikely. 

Norway, which is the third largest oil exporter after Saudi Arabia and Russia, has rates that are double those in the eurozone and which carry a juicy premium of 475 basis points over U.S. fed funds. 

 ""The central bank has been surprisingly hawkish about trends in inflation and they are concerned about the tight domestic labour market, which gives them some justification for why they are reluctant to cut rates,"" said Juli Collins-Thompson, senior economist at BNP Paribas. 

 ""We had such a rally in the crown and this is actually beneficial for their inflation profile."" 

 The petrocurrency hit a record high of 7.6151 against the euro , according to Reuters data, and stayed close to its six-month peak of 8.6394 versus the greenback set last week. It also stands at a 15-month high in trade weighted terms, illustrating the currency's broad-based appeal. 

 ""I don't think the current valuation of the crown is historically so strong. I'd be surprised to see the central bank stepping in to reverse the trend given formidable flows,"" said Steven Pearson, head of currency strategy at Halifax. 

 ""The crown could go a lot higher in the short term given the strong Norwegian economy and prospects that interest rate differentials could widen in favour of the crown. Norway is a lot closer to raising rates than the U.S. or the eurozone."" 

 EVENLY BALANCED 

 The situation in the Middle East is also benefiting currencies that run large current account surpluses as any escalation in risk aversion highlights trade flows instead of capital flows as the main driver of currency movements. 

 Estimated in 2001 by the IMF at 12.5 percent of gross domestic product, Norway's current account surplus is among the biggest in the world. 

 The domestic economy enjoys one of the highest growth rates among developed countries with high revenues from oil helping to insulate Norway from the global downturn. 

 Last month, the bank shifted to a neutral outlook for rates from an easing bias, reflecting diminished worries the downturn would brake inflation in Norway to below the target. 

 The bank shifted last year to target inflation of 2.5 percent in two years' time, dropping a goal of crown stability against the euro. 

 Economists predict Norway's annual inflation rate to have remained at a six-year low of 0.8 percent in March. Such predictions underpin market forecasts for unchanged rates on Wednesday. The consumer price index is due also on Wednesday. 

 The labour market is indeed tight with official data showing the unemployment rate at 3.0 percent in March, far below that of the United States or the euro zone. 

 ""Norway has almost full employment now and the central bank is concerned about wage growth and labour costs. But it's not in danger of missing its inflation target,"" Thompson said. 

 Analysts also believe that ongoing 2002 wage settlements, where workers are demanding higher wages and pension reform, could buoy wage growth, but the crown strength and the revised 2002 budget to be finalised in June could cushion inflationary pressure. 

 ""Downward pressure on inflation from the crown strength is likely to be offset by the tight labour market and the risk of bigger-than-expected fiscal expansion, so we have a relatively balanced picture here,"" said Karl Johan Haarberg, senior analyst at Nordea in Oslo. 

 ""I think the central bank learnt a lesson in 1997 that it can't fine-tune the market."""
Norway  c.bank to give notice of any  intervention . ,2001-06-20," OSLO, June 20 (Reuters) - Norway's central bank said on Wednesday that it would announce in advance if it plans to intervene in foreign exchange markets to prop up or depress the crown, but said the weapon would be used only rarely. 

 ""Normally we wouldn't use it (intervention), but there could be special situations,"" central bank governor Svein Gjedrem told a news conference. 

 ""If we were to intervene we would communicate it in advance. But we would not communicate the size"" of intervention, he said. 

 Gjedrem was asked about the Norwegian central bank's intervention policy after Sweden's central bank, the Riksbank, intervened in recent days to prop up the Swedish crown and stave off a growing inflationary threat. 

 He said any intervention would aim to reinforce the central bank's overriding goal of keeping inflation to 2.5 percent. Norway's crown, unlike the Swedish crown, was at record highs against the euro on Wednesday."
Norway  Ctrl Bank To Warn Mkt Ahead Of Any  Intervention ,2001-06-20," OSLO -(Dow Jones)- Norway's central bank said Wednesday an intervention in foreign exchange markets to support the krone would be a rare event and that the bank would announce any such move in advance. 

 ""We would normally not intervene, but if so, it would (occur after) communication we have with the market beforehand,"" said Norges Bank Governor Svein Gjedrem at a press conference following Wednesday's interest rate decision. 

 An intervention by the central bank would be aimed at supporting the bank's targeted 2.5% inflation level, Gjedrem said. 

 Gjedrem's comment on the bank's intervention policy comes in the wake of the Swedish central bank's recent intervention to support the Swedish krona. 


-By Kristin Haug, Dow Jones Newswires; 47-23357070;
kristin.haug@dowjones.com
-0- 20/06/01 16-06G"
Norway  Ctrl Bank To Warn Mkt Ahead Of Any  Intervention ,2001-06-20," OSLO -(Dow Jones)- Norway's central bank said Wednesday an intervention in foreign exchange markets to support the krone would be a rare event and that the bank would announce any such move in advance. 

 ""We would normally not intervene, but if so, it would (occur after) communication we have with the market beforehand,"" said Norges Bank Governor Svein Gjedrem at a press conference following Wednesday's interest rate decision. 

 An intervention by the central bank would be aimed at supporting the bank's targeted 2.5% inflation level, Gjedrem said. 

 Gjedrem's comment on the bank's intervention policy comes in the wake of the Swedish central bank's recent intervention to support the Swedish krona. 


-By Kristin Haug, Dow Jones Newswires; 47-23357070;
kristin.haug@dowjones.com
-0- 20/06/01 16-06G"
Norway  c.bank no plans for big  intervention . ,1999-04-23," OSLO, April 23 (Reuters) - Norway's central bank governor Svein Gjedrem said on Friday he had no plans to use major intervention on foreign currency markets to steer the crown. 

 He told a news conference that the central bank would not use intervention as a tool as it did in 1992, 1997 and in 1998. In 1992 and 1998 the central bank aggressively bought crowns to try to bolster the currency. In 1997, it sold crowns to try to stem an appreciation of the crown. 

 ((Oslo newsroom, +47 22 42 50 41, fax +47 22 42 00 18, oslo.newsroom@reuters.com)). 

 (C) Reuters Limited 1999."
Norway c.bank to resume  forex  buying for oil fund. ,1999-03-25," OSLO, March 25 (Reuters) - Norway's central bank said on Thursday it was resuming purchases of foreign currency for its Petroleum Fund, due to save cash for coming generations, and planned to buy between the equivalent of two to six billion crowns ($255 million-$770 million) in 1999. 

 ""Norges Bank will resume market purchases of foreign currency for the accumulation of capital in the Government Petroleum Fund on March 25,"" it said in a statement. 

 ""Daily purchases will amount to 20 million crowns in March,"" the central bank said. ""In special cases Norges Bank may decide not to purchase foreign currency due to exchange rate developments."" 

 The central bank suspended purchases of foreign currency last year for the Fund after a plunge in the price of oil, Norway's main export. It intervened heavily on the foreign exchange markets late last year in a bid to bolster the crown. 

 The central bank said it would publish daily purchase amounts in crowns for the following month on the last business day of each month at 10 a.m (0900 GMT). 

 ""The amount may also be changed after the presentation of the National Budget and the Revised National Budget as a result of new estimates for annual transfers to the fund,"" it said. 

 The Petroleum Fund, set up for when oil and gas wells run dry next century, totalled 171.8 billion crowns at the end of 1998. 

 ((Alister Doyle, Oslo newsroom, +47 22 42 50 41, fax +47 22 42 00 18, oslo.newsroom@reuters.com)). 

 (C) Reuters Limited 1999."
Norway's  Central Bank  Made No Krone Purchases Feb. 3-5 ,1999-02-11," OSLO (Dow Jones)--The Norwegian central bank, made no purchases in the foreign exchange market from Feb. 3-5, according to fresh data from the Bank of Norway Thursday. 

 Norges Bank resumed its practice of periodically intervening in the foreign exchange market to prop the krone (NOK) in October last year following a steep weakening of the currency, amid heavy selling pressure. 

 Since the start of 1999, Norges Bank has been a net NOK88 million in kroner. 

 (END) Dow Jones Newswires  02-11-99 

 0622EST"
Norway's  Central Bank  Made No Krone Purchases Feb. 3-5 ,1999-02-11," OSLO (Dow Jones)--The Norwegian central bank, made no purchases in the foreign exchange market from Feb. 3-5, according to fresh data from the Bank of Norway Thursday. 

 Norges Bank resumed its practice of periodically intervening in the foreign exchange market to prop the krone (NOK) in October last year following a steep weakening of the currency, amid heavy selling pressure. 

 Since the start of 1999, Norges Bank has been a net NOK88 million in kroner. 

 (END) Dow Jones Newswires 11-02-99 

 1122GMT"
Norway's  Central Bank  Made No Krone Purchases Feb 1-2 ,1999-02-08," OSLO (Dow Jones)--The Central Bank of Norway made no purchases in the foreign exchange market from Feb. 1-2, according to the central bank Monday. 

 The Bank of Norway resumed its practice of periodically intervening in the foreign exchange market to prop the krone last October, following a sharp weakening in the currency, amid heavy selling pressure. 

 Since the start of 1999 the Bank of Norway has bought 88 million kroner. 

 (END) Dow Jones Newswires 08-02-99 

 1107GMT"
Norway's  Central Bank  Made No Krone Purchases Feb 1-2 ,1999-02-08," OSLO (Dow Jones)--The Central Bank of Norway made no purchases in the foreign exchange market from Feb. 1-2, according to the central bank Monday. 

 The Bank of Norway resumed its practice of periodically intervening in the foreign exchange market to prop the krone last October, following a sharp weakening in the currency, amid heavy selling pressure. 

 Since the start of 1999 the Bank of Norway has bought 88 million kroner. 

 (END) Dow Jones Newswires  02-08-99 

 0607EST"
Norway foreign min plays down euro-crown link hope. ,1999-01-19," OSLO, Jan 19 (Reuters) - Norwegian Foreign Minister Knut Vollebaek played down hopes on Tuesday of a currency intervention deal with the European Union to help bolster the crown, saying it would only make sense if the crown were pegged to the euro. 

 ""Intervention accords only make economic sense within fixed rate regimes,"" he told parliament outlining Norway's policies towards Europe. ""The Norwegian fixed rate regime was abandoned in 1992."" 

 Prime Minister Kjell Magne Bondevik will visit European Commission President Jacques Santer on Tuesday in Brussels and German Chancellor Gerhard Schroeder in Bonn on Wednesday for talks about non-member Norway's future relationship with the EU. 

 Norwegian opposition parties, which have a majority in parliament, have told Bondevik to investigate possible links between the euro and the crown, which has been weak in recent months due to a fall in the price of oil, Norway's main export. 

 Vollebaek reiterated that Norway, which voted ""No"" to EU membership in a 1994 referendum, had no plans to change its monetary policy to secure any deal on intervention with the European central bank. 

Norway's central bank hiked interest rates seven times in 1998 in a vain bid to keep the crown stable against European currencies before giving up in August and putting the currency into a virtual float. 

 Norway pegged the crown to the euro's forerunner, the European currency unit (Ecu) in 1990 until selling pressure forced the central bank to abandon the system in 1992. 

 Economists see little reason why the EU should offer Norway, led by a government opposed to membership, any concessions. Opposition parties have suggested Norway could get greater access to credit at the ECB to help possible intervention deals. 

 ((Torbjoern Pedersen, Oslo newsroom, +47 22 42 50 41, fax +47 22 42 00 18, oslo.newsroom@reuters.com)). 

 (C) Reuters Limited 1999."
Norway  c.bank says no net  intervention  Mon-Tue. ,1999-01-18," OSLO, Jan 18 (Reuters) - Norway's central bank said on Monday it made no net purchases or sales on foreign currency markets last Monday and Tuesday. 

Central bank statistics for the two days showed that it had made no interventions in the year so far. The central bank often intervenes as part of a policy aimed at keeping the crown steady against European currencies. 

 It bought crowns heavily late last year when the currency was weakened by a tumble in the price of oil, Norway's main export. 

 At midday Monday the crown was at 8.6425 per euro, against 8.6800 late on Friday, below what many economists view as the central bank's target range. 

 ((Oslo newsroom, +47 22 42 50 41, fax +47 22 42 00 18, oslo.newsroom@reuters.com)). 

 (C) Reuters Limited 1999."
Norway  c.bank made no net  intervention  Mon-Tues. ,1999-01-11," OSLO, Jan 11 (Reuters) - Norway's central bank said on Monday it made no net purchases or sales of crowns on foreign currency markets last Monday and Tuesday. 

Central bank statistics for the two days also showed it had made no net intervention in the year so far. The central bank often intervenes as part of a policy aimed at keeping the crown steady against European currencies. 

 It bought crowns heavily late last year when the currency was weakened by a tumble in the price of oil, Norway's main export. 

 At midday Monday the crown was at 8.5700 per euro, against 8.5875 late on Friday, well below what many economists view as the central bank's target range. 

 ((Oslo newsroom, +47 22 93 69 32, redaksjonen@reuters.no)). 

 (C) Reuters Limited 1999."
Norway  c.bank made no net  intervention  Mon-Tues. ,1999-01-04," OSLO, Jan 4 (Reuters) - Norway's central bank said on Monday it made no net purchases or sales of crowns on foreign currency markets last Monday and Tuesday. 

Central bank statistics for the two days showed it had bought a net 10.9 billion crowns in the year to December 29. The central bank often intervenes as part of a policy aimed at keeping the crown steady against European currencies. 

 It bought crowns heavily late last year when the currency was weakened by a tumble in the price of oil, Norway's main export. 

 ((Alister Doyle, Oslo newsroom, +47 22 42 50 41, fax +47 22 42 00 18, oslo.newsroom@reuters.com)). 

 (C) Reuters Limited 1999."
Norway  Central Bk Didn't  Intervene  In  Forex  Mkt Dec 22-25 ,1998-12-31," OSLO (Dow Jones)--The Central Bank of Norway, Norges Bank, didn't intervene in the foreign exchange market in the Dec. 22-25 period, according to data from the central bank Thursday. 

 Since the start of 1998, Norges Bank has bought a net NOK10.898 billion. 

 (END) Dow Jones Newswires  12-31-98 

 0803EST"
Norway  Central Bk Didn't  Intervene  In  Forex  Mkt Dec 22-25 ,1998-12-31," OSLO (Dow Jones)--The Central Bank of Norway, Norges Bank, didn't intervene in the foreign exchange market in the Dec. 22-25 period, according to data from the central bank Thursday. 

 Since the start of 1998, Norges Bank has bought a net NOK10.898 billion. 

 (END) Dow Jones Newswires 31-12-98 

 1303GMT"
Norway  c.bank made no net  intervention  Dec 21-22. ,1998-12-28," OSLO, Dec 28 (Reuters) - Norway's central bank said on Monday it made no net purchases or sales of crowns on foreign currency markets last Monday or Tuesday. 

Central bank statistics showed that the bank had bought a net 10.9 billion crowns in the year so far. 

 The central bank has bought crowns heavily since mid-October as part of policy aimed at keeping the crown stable against European currencies. 

 ((Alister Doyle, Oslo newsroom, +47 22 42 50 41, fax +47 22 42 00 18, oslo.newsroom@reuters.com)). 

 (C) Reuters Limited 1998."
Norway  c.bank made no net  intervention  Dec 16-18. ,1998-12-24," OSLO, Dec 24 (Reuters) - Norway's central bank said on Thursday it made no net intervention in the foreign exchange markets on December 16-18 after heavy buying of crowns since mid-October. 

Central bank statistics for the three days showed the central bank has bought a net 10.9 billion crowns in the year so far. 

 The central bank has bought large amounts of crowns sporadically in recent weeks under a mandate to try to keep the crown stable against European currencies after the currency was weakened by a tumble in oil prices. 

 ((Alister Doyle, Oslo newsroom, +47 22 42 50 41, fax +47 22 42 00 18, oslo.newsroom@reuters.com)). 

 (C) Reuters Limited 1998."
Norway 's Storvik Won't Reveal Mkt  Intervention  Tactics ,1998-12-16,"
OSLO (Dow Jones)--Currency market participants must be aware of
Norway's monetary policy goals, but can't be allowed to know of its
strategy in implementing it, the governor of the Central Bank of Norway,
Kjell Storvik said Wednesday.
   Storvik was responding to questions from Oslo reporters on why
Norges Bank didn't appear to intervene in the foreign exchange market
earlier this week in the face of a steep descent for the currency,
given its monetary policy mandate of maintaining a stable krone versus
European currencies.



""It's obvious Norges Bank could never reveal its strategy with regard
to use of interventions,"" Storvik said at an Oslo press conference.


 The central bank's intervention data for late last week hasn't yet been made available, but market participants have claimed Norges Bank hasn't been active in the market. 

 The bank's most recent liquidity statistics from the central bank shows it bought kroner worth NOK7.595 billion from Dec. 7-8, and so far in 1998 the bank has bought kroner worth NOK8.815 billion. 

 Separately Storvik ascribed the krone's weakening over the past months to a combination of international financial truculence, low crude oil prices and excessive wage settlements between labor unions and employers this year. 

 (END) Dow Jones Newswires 16-12-98 

 1133GMT"
"Dlr calm, Swiss motors up, Nordics bumpy near lows. ",1998-12-11," 1015 GMT - Dollar steady above 1.65 marks, 117 yen. Swiss franc rises to new 2-mth high vs mark, 7-week high vs dollar on safe-haven flow amid worry about U.S. stocks, Clinton impeachment vote. Swiss central bank sees franc rate ""adequate"", future rate cut conceivable but not central. Nordics weak on weak oil prices and Swedish govt's lower economic forecasts. 

 * Swedish crown edges off 8-week low vs mark, govt lowers GDP forecast to 2.8 percent in 1998, 2.2 percent in 1999, says raises jobless estimate for 2001 to 4.7 percent. 

 * Norwegian crown pulls off 7-week low, central bank and finance department deny rumours of news conference. Norway crown also hit by speculation central bank will not intervene and will switch policy target to inflation from currency stability. 

 * European Union summit in Vienna, news conferences 1730 GMT 

 * U.S. Treasury Secretary Rubin speaks at conference. 

 * U.S. Nov retail sales and producer price data 1330 GMT. 

 (C) Reuters Limited 1998."
Europe Focus: No End To Krone's Woes In Sight Until Mid '99 ,1998-12-10," LONDON (Dow Jones)--The Norwegian krone looks set to fall back to its 1998 lows against the Deutsche mark, with little hope of a recovery until the middle of 1999 at the earliest, analysts said. 

 Weak commodity prices and the risk of an overheating of the domestic economy have battered the krone in recent weeks. Indeed, some analysts see the mark pushing up to its all-time high of NOK4.7180, reached in mid-October. 

Intervention by Norway's central bank, the Norges Bank, had helped the krone to stabilize into a NOK4.40-4.44 range. But with Brent crude oil futures trading at just under $10 a barrel - a 12 year-low - the krone's prospects look bleak. 

 ""A more positive outlook for oil may have to wait for March 1999, when OPEC (Organization of Petroleum Exporting Countries) oil ministers are next skeduled to meet,"" said Rebecca Patterson, currency analyst at J.P. Morgan Securities Ltd. 

 The global economic downturn and unusually warm early winter in North America are expected to keep a lid on demand for commodities prices in the first few months of the year. 

 ""Should oil prices continue to weaken into early 1999 as we expect, price-supporting news of production cuts are more likely to emerge from the March meeting,"" Patterson said. 

 At 1456 GMT, the mark stood at NOK4.5425, down slightly from NOK4.5470 earlier but up from NOK4.5350 Wednesday. 

 Fears that Norway's economy has been growing too quickly, generating wage inflation, have prompted speculation that the mark could test resistance at NOK4.6000 before revisiting its high. 

 (MORE) Dow Jones Newswires 10-12-98 

 1600GMT 

 1089"
FX  IN EUROPE - Dollar soggy in flows-driven trade. ,1998-12-10," LONDON, Dec 10 (Reuters) - The dollar fell to a one-month low against the mark in Europe on Thursday and was soft against the yen, undermined by sales from investors adjusting their holdings of the U.S. currency ahead of year-end. 

 Concern about a slowdown in U.S. growth have also prompted some selling, dealers said. The mark, meanwhile, has been underpinned by expectations that European interest rates will remain steady after last week's cut by the 11 nations due to start monetary union in January. 

 The dollar fell to a low of 1.6580 marks, its weakest since November 6, when it dropped to 1.6555, an area now eyed as near-term support. 

 ""It's driven by flows. There are players unwinding dollar positions ahead of the end of the year,"" said Audrey Childe-Freeman, economist at CIBC Wood Gundy World Markets. 

 At 0825 GMT the dollar was at 1.6580/90 marks, down from 1.6690/6700 in late European trading on Wednesday. Against the yen it hovered just above a one-month low hit in Asian trading at 116.65, trading at 117.16/26, still down from 118.00/10 late on Wednesday. 

 Dealers said buying of Swiss francs featured in Europe, with dollar/Swiss hitting a one-month low below 1.35 Swiss francs and mark/Swiss at a five-week low of 81.30 centimes. 

 Even though dollar sentiment is bearish, there appeared to be little conviction to kick the dollar much lower through the bottom of its month-old range. 

 ""The dollar's early push lower is indicative of the overall mood, but whether there is much follow-through is a moot point as volumes remain very thin,"" said Tim Fox, chief economist at Standard Chartered. 

 Dollar/yen recovered from its lows after Japanese Finance Minister Kiichi Miyazawa said his comment on Wednesday about forex levels did not refer to current market levels. He said Wednesday the U.S. was comfortable with levels at 110-120 yen. 

 Dealers said another negative backdrop for the dollar was the start of debate in the U.S. House of Representatives on Thursday about whether to remove President Bill Clinton from office for his conduct in the Monica Lewinsky affair. 

 In European currency trading, the mark surged against the Norwegian crown to a seven-week high just shy of 4.56 crowns. 

 Dealers said speculators felt encouraged to dump crowns amid expectations that Norway's central bank may have abandoned the use of intervention to support the crown after benchmark oil prices fell to 12-year lows below $10 earlier this week. Norway is the second biggest oil exporter after Saudi-Arabia. 

 Sterling came under pressure from the weaker dollar/mark but trading was sidelined ahead of an annoucement on interest rates by the Bank of England (BOE) at 1200 GMT. Britain is expected to cut interest rates by 25 or 50 basispoints in response to a flow of depressing economic data. 

 Significant moves in sterling would only happen if the BOE sprung a surprise by either keeping the repo rate steady at 6.75 percent of by an aggressive 75 basis points, dealers said. 

 The pound was at 2.7620/30 marks, down from 2.7665/75 marks late on Wednesday but off its low at 2.7578 marks. It was up against the weaker dollar at $1.6634/44, up from $1.6579/89. 

 ((Astrid Zweynert London newsroom + 44 171 542 7792 fax +44 171 542 5293, uk.forex.news@reuters.com)). 

 (C) Reuters Limited 1998."
BONDS - Oslo closing Wednesday. ,1998-12-10," OSLO, Dec 9 (Reuters) - The Norwegian crown weakened further on Wednesday against European currencies, pushing up short-term interest rates and with worries focused on floundering oil prices. 

 The yield curve inverted further, with three-month rates at 8.40 percent more than 300 basis points above the 5.35 percent yield on the benchmark 2007 bond yield. 

 Analysts said the central bank appeared to have few options to bolster the currency under monetary policy guidelines aimed at a stable crown against European currencies. 

 That in turn could intensify calls for a shift in monetary policy towards a goal of keeping inflation low in coming months if oil prices stay low, they said. 

 The crown, overshadowed by a fall in oil prices to around 12-year lows this week, was at a late 110.84 against its inverse European Currency Unit (Ecu) index compared to 110.21 late on Wednesday. 

 Traders said the central bank appeared to have scaled back intervention in recent sessions after resuming purchases of crowns in mid-October in a policy that briefly helped push the currency higher. ""Maybe they just want to be unpredictable. Intervention is still a possible weapon, and Norway still has huge currency reserves,"" one analyst said. 

 Yields on the benchmark 2007 bond fell slightly after opening higher but the market again underperformed Germany. The yield gap widened two basis points to 152. 

 1500 GMT vs 1500 GMT on Tuesday 

 * 2007 bond yield four basis points lower at 5.35 pct 

 * Norway 2007 bond gap over Bunds two basis points wider at 152 

 * Three-month eurokrone rates two basis points higher at 8.40 pct 

 * Crown at 110.84 against the inverse European currency unit (Ecu) index versus 110.21 

 * Crown at 4.5330 per mark versus 4.4900 

 ((Oslo newsroom, +47 22 42 50 41, fax +47 22 42 00 18, oslo.newsroom@reuters.com))."
"Norway NOK weakens, interest rates up on oil woes. ",1998-12-09," OSLO, Dec 9 (Reuters) - The Norwegian crown weakened further on Wednesday against European currencies, pushing up short-term interest rates with worries focused on floundering oil prices. 

 The yield curve inverted further, with three-month rates at 8.40 percent more than 300 basis points above the 5.35 percent yield on the benchmark 2007 bond yield. 

 Analysts said the central bank appeared to have few options to bolster the currency under monetary policy guidelines aimed at a stable crown against European currencies. 

 That in turn could intensify calls for a shift in monetary policy towards a goal of keeping inflation low in coming months if oil prices stay low, they said. 

 The crown, overshadowed by a fall in oil prices to around 12-year lows this week, was at a late 110.84 against its inverse European Currency Unit (Ecu) index compared to 110.21 late on Wednesday. 

 Traders said the central bank appeared to have scaled back intervention in recent sessions after resuming purchases of crowns in mid-October in a policy that briefly helped push the currency higher. 

 ""Maybe they just want to be unpredictable. Intervention is still a possible weapon, and Norway still has huge currency reserves,"" one analyst said. 

 Yields on the benchmark 2007 bond fell slightly after opening higher but the market again underperformed Germany. The yield gap widened two basis points to 152. 

 1500 GMT vs 1500 GMT on Tuesday 

 * 2007 bond yield four basis points lower at 5.35 pct 

 * Norway 2007 bond gap over Bunds two basis points wider at 152 

 * Three-month eurokrone rates two basis points higher at 8.40 pct 

 * Crown at 110.84 against the inverse European currency unit (Ecu) index versus 110.21 

 * Crown at 4.5330 per mark versus 4.4900 

 ((Oslo newsroom, +47 22 42 50 41, fax +47 22 42 00 18, oslo.newsroom@reuters.com)). 

 (C) Reuters Limited 1998."
Nordic  Forex  -2: Norwegian Krone Gains Despite Fundamentals ,1998-11-24,"
   Meanwhile, the Norwegian krone has risen to three-month highs
against the mark. The move has been underpinned by a promise from
Norway's central bank to intervene in the market to support the
currency.



Traders said investors were also buying krone to cover short
positions. The short-covering was bolstering the krone despite normally
bearish macro-economic fundamentals such as sagging oil prices and
political bickering over next year's draft budget.


 Although the political row could intensify and possibly lead to the downfall of the minority-centrist coalition government, market watchers have been largely sanguine saying fiscal discipline will be ensured no matter which government is in power. 

 Elsewhere in the Nordic region, the Danish krone and the Finnish markka were little changed against the mark. 


At 0915 GMT, the following prices were quoted as follows. Comparisons
are with late trade in the previous European session:
                Deutsche mark       ECU Index
Swedish SEK    4.7335 vs 4.7600   125.45 vs 126.20
Danish DKK     3.8016 vs 3.8017    -      -
Norwegian NOK  4.3805 vs 4.3905   107.48 vs 107.68
Finnish FIM    3.0405 vs 3.0400     -      -
TCW Index
 Swedish SEK   128.13 vs 128.78



The weighted ECU index tracks a basket of currencies that doesn't
include the dollar or the yen. A higher index means a strengthening of
the currencies in the basket.



The Danish krone isn't quoted on a weighted ECU index. Only the
Swedish krona is quoted on a total, competitive, trade-weighted index.



-By Chip Cummins; 46-8-545-130-91; ccummins@ap.org



(END) Dow Jones Newswires 24-11-98



0955GMT


 1058"
Nordic  Forex  -2: Confidence In Norway's Ctrl Bk Boosts Krone ,1998-11-24," Norway's second largest opposition party, the Progress Party, said Tuesday that it is ready to resume negotiations with the country's minority government and the Conservative party, Norwegian media reported Tuesday. 

 The Progress party's move followed the government's decision earlier Tuesday to scrap planned tax increases in its original 1999 draft budget, which has been viewed as the main point of contention in the budget talks. 

 ""If we're seeing an agreement, we can see the Norwegian krone strengthening in that regard,"" Unibank's Soerensen said. 

 Analysts, however, point out that underpinning this new political optimism is renewed confidence that Norway's central bank is ready to intervene in the markets to support the currency. 

 ""I think it's no secret that the Norwegian central bank is satisfied with a strengthening Norwegian krone,"" Soerensen said. 

 Elsewhere in the Nordic region, the Danish krone and the Finnish markka were little changed against the mark. 


At 1515 GMT, the following prices were quoted. Comparisons are with
late trade in the previous European session:
                Deutsche mark       ECU Index
Swedish SEK    4.7285 vs 4.7600   125.24 vs 126.20
Danish DKK     3.8018 vs 3.8017    -      -
Norwegian NOK  4.3885 vs 4.3905   107.67 vs 107.68
Finnish FIM    3.0405 vs 3.0400     -      -
TCW Index
 Swedish SEK   127.78 vs 128.78



The weighted ECU index tracks a basket of currencies that doesn't
include the dollar or the yen. A higher index means a strengthening of
the currencies in the basket.



The Danish krone isn't quoted on a weighted ECU index. Only the
Swedish krona is quoted on a total, competitive, trade-weighted index.



-By Chip Cummins; 46-8-545-130-91; ccummins@ap.org



(END) Dow Jones Newswires 24-11-98



1545GMT


 1058"
FX  CROSS - Mark/yen tracks dollar/yen higher. ,1998-11-10," Broad-based dlr rally focus for market and giving direction to mark crosses, traders say. 


* Mark/yen	     at 72.78/81 vs session high of 72.89 and Monday's European close of 72.00/05. Dlr/yen topped 123 for first time since Oct 8.


 * German Chancellor Gerhard Schroeder says inherited burdens will force resolute German budget consolidation but fighting unemployment was govt's priority. He also says govt would respect Buba, ECB independence. 

 * Mark gains against Norway crown, rising to 4.4435 vs 4.4310/60 late in Europe on Monday. However, traders say upside may be limited given wariness Norwegian central bank could intervene as it did recently in crown's support. 

 * Norway Oct inflation rate falls to 2.2 pct from 2.5 pct in Sept, compares with expected 2.5 pct. 

 * ECB President Wim Duisenberg expected to speak at 1030 GMT in Dublin. 

 ((Swaha Pattanaik, London newsroom, +44 171 542 6284, swaha.pattanaik@reuters.com)). 

 (C) Reuters Limited 1998."
Norway  C.Bank shows no  intervention  Nov 2-3. ,1998-11-09," OSLO, Nov 9 (Reuters) - Norway's central bank, Norges Bank, said on Monday it did not make any purchases or sales of crowns on the foreign exchange market between November 2 and 3. 

 The bank resumed intervention on the forex market on October 16 as part of monetary policy to maintain a stable exchange rate for the crown. 

 It last intervened during the period October 28-30 when it bought a net 5.42 billion crowns. 

 Norges Bank said that so far this year it had sold a net 4.75 billion crowns. 

 ((Tanya Pang, Oslo newsroom +47 22 42 50 41, fax +47 22 42 00 18, oslo.newsroom@reuters.com)). 

 (C) Reuters Limited 1998."
Nordic  Forex : Mixed Vs Mark In Calm Late Trade ,1998-11-05," OSLO (Dow Jones)--The four Nordic currencies were mixed against the Deutsche mark in calm trade late Thursday afternoon. 


In spot trade at 1541 GMT, the mark fetched 3.8019 Danish kroner
(DKK), down from its intraday peak of DKK3.8026 but unchanged from
DKK3.8018 late Wednesday.
   Dealers said mild foreign buying helped the Danish currency regain
the small losses it suffered against the mark after an expected rate
cut by the Danish central bank.


 Earlier in the day, Denmark's Nationalbank trimmed its repo rate and floor discount rate by 25 basis points each to 4.40%, and 4.0%, respectively. 


Financial markets had anticipated an easing in monetary policy as a
normalization following a one percentage point rise in the repo and a 50
basis point rise in the discount rate in September.
   The Norwegian krone gained against the mark. a move one dealer
attributed to krone short-covering. The same trader added that the
most recent intervention data from Norway's central bank may also have
bolstered the currency. Indeed, fresh figures showed Norges Bank bought
a net NOK5.2 billion kroner between Oct.28 and Oct 30, to stem the
currency's fall.



Looking ahead, dealers argued that continued low oil prices, and an
unresolved budget situation would cap the currency's advance in the
medium term.



Meanwhile the Swedish krona slipped against its German counterpart on
profit-taking, according to dealers.



The Bank of England's 50 basis point repo rate cut to 6.75% hadn't
much of an impact on the Nordic currencies, market watchers said.



In addition, the market took in its stride the Deutsche Bundesbank's
decision not to lower interest rates. ""Some investors may have wished
the Buba to cut rates, but no one actually believed it would do so,""
said a Danish trader.



(MORE) Dow Jones Newswires 05-11-98



1554GMT


 1058"
Norway  c.bank made no net  intervention  Oct 26-27. ,1998-11-02," OSLO, Nov 2 (Reuters) - Norway's central bank, Norges Bank, said on Monday it made no net intervention on the foreign exchange markets on October 26 and 27 after heavy buying of crowns in the previous 10 days. 

 The bank resumed a policy of intervention in mid-October to steer the currency after suspending intervention since late August. Central bank statistics showed that it has sold a net total of 10.17 billion Norwegian crowns on the foreign exchange markets so far this year. 

 ((Alister Doyle, Oslo newsroom +47 22 42 50 41, fax +47 22 42 00 18, oslo.newsroom@reuters.com)). 

 (C) Reuters Limited 1998."
FX  CROSS - Mark crosses steady into late Europe. ,1998-10-22,"
* Mark/yen	     backs off earlier highs as profit-taking trims earlier technical-driven gain, at 71.74 from session highs around 72.00.



* Mark under pressure vs Nordics. Market wariness of Norway central bank intervention props crown, while Swedish crown buoyed as recent oversold conditions correct, Swedish econ fundamentals crown supportive, say dealers.


 * Denmark cuts key rates as expected. Repo and CD rates both trimmed 10 basis points to 4.65 pct. 


* Mark/Norway	     at 4.4900/50 vs 4.5020/70 earlier high, mark/Swedish	     trading at 4.7070/20 vs 4.7420 session high. Mark/Denmark	     at 3.8018/23 vs 3.8027.
* Mark/lira	     steady at 989.28/33. New Italy PM D'Alema says in parliamentary address govt will adopt fully 1999 draft budget of Prodi govt, committed to lowering fiscal pressure. As Italy political crisis ebbs, market eyes rate cut as soon as Fri.



* ECB President Duisenberg due to speak on euro in Berlin at 1530 GMT.



((London newsroom +44 171 542 6745, uk.forex.news@reuters.com)).



(C) Reuters Limited 1998."
FX  CROSS - Mark crosses shrug off steady Buba rates. ,1998-10-22,"
* Mark/yen	     holds session gains, firm just below 72.00 yen. Mark ranging vs Nordics, off early tops on Swiss franc.



* Italy PM D'Alema says in parliamentary address govt will adopt fully 1999 draft budget of Prodi govt, committed to lowering fiscal pressure.


 * As Italy political crisis ebbs, market looking for rate cuts soon. Mark/lira at 989.22/25 vs 989.18/23 late Weds. 


* Mark/Danish crown shrugs off Danish rate cut. Central bank trims repo rate 10 basis points to 4.65 pct, says stable, strong crown behind rate cut. Mark/Danish	     at 3.8024/29 vs 3.8022/27 Weds.
* Norway's central bank said it intervened in FX market buying crowns on Oct 14-16. Mark/crown off earlier tops as market increasingly wary of central bank action to defend crown. Mark/crown	     at 4.4890/940 vs 4.4980/5030 Weds.



((London newsroom +44 171 542 6745, uk.forex.news@reuters.com)).



(C) Reuters Limited 1998."
"FX  CROSS - Mark starts mixed in Europe, soft vs yen. ",1998-10-19,"
* Mark/yen	     starts weaker alongside soft dlr/yen amid ongoing concern over dlr, U.S. credit crunch worries. Nikkei rally lends some yen support. Mark at 70.66/69 yen vs 71.38/43 late Friday in Europe.



* German econ ministry says Q3 GDP likely to have risen significantly vs Q2, upturn to continue in 1999.


 * Buba says in October monthly report German industrial activity up in July, Aug with domestic orders especially strong. 


* Mark slipping vs Nordics in morning trade, down to 4.5720/70 Nowegian crowns	     from 4.6080/130 Friday, 4.7930/80 Swedish crowns     vs 4.8075/8125.



* Norway central bank's decision Friday to resume intervention to curb crown weakness continues to lend crown support, slightly firmer oil prices.



* Mark/lira	     starts easier at 989.30/45. Italy would-be prime minister D'Alema edges toward taking top post, forming new government.



* Mark/Swiss franc firmer at 81.33/36 centimes vs 81.20/23 late Friday.



((Andrew Reierson, London newsroom +44 171 542 6745, uk.forex.news@reuters.com)).



(C) Reuters Limited 1998."
Nordic  Forex : Uptrend In Place; Norway Krone Steady ,1998-10-19," STOCKHOLM (Dow Jones)--The Norwegian krone (NOK) held on to the higher levels reached early in the session Monday and by the end of European trading it was around 3.7% stronger against the Deutsche mark than its record low of NOK4.7380 reached early Friday. 

 The krone rallied to a high of NOK4.5650 against the mark at the outset of European trading Monday from NOK4.6090 late Friday and after some minor intra-day set-backs it once again returned to these levels reaching NOK4.5620 by 1445 GMT. 

 The initial rally came amid speculation that Norges Bank, Norway's central bank, was intervening in the market to support the krone. That would have been in line with the central bank's statement on Friday that it would once again take an active role via market interventions. Since the central bank decided to let the krone float earlier this autumn the currency has continued to weaken away from the bank's desired range between 103 and 105 on the trade-weighted ECU index reaching a high above 115 early Friday. Late Monday the krone was quoted at 111.76 on the index. 

 ""If you look at the price performance of the krone since (early) Friday it's easy to make the connection that the central bank has been buying, and I suppose that's a fair connection,"" one currency analyst in Oslo said. Like his colleagues at other banks he didn't wish to confirm whether or not Norges Bank had actually done any buying however. 

 The central bank which traditionally doesn't comment on day-to-day interventions, also refused to comment. 

 ""After the initial rally the krone ran out of steam though and the market is now looking for a new catalyst to gain further,"" said Oeystein Stephansen, foreign exchange analyst with SEB in Oslo. ""But after such massive strengthening in such a short time it isn't strange to see some consolidation around this levels,"" he added. 

 Another analyst noted however that a test of resistance around NOK4.54 versus the mark feels more likely amid the current upbeat tone in the market than a fall back to NOK4.60. Both levels are very important for the future direction however, he said. 

 (MORE) Dow Jones Newswires 19-10-98 

 1508GMT 

 1058"
Nordic  Forex :Norwegian Krone Soars Amid Talk Of  Intervention ,1998-10-19," COPENHAGEN (Dow Jones)--The Norwegian krone (NOK) is sharply higher against the Deutsche mark early Monday in Europe amid market speculation that Norway's central bank is intervening to push the currency higher. 

 However, the central bank traditionally doesn't comment on day-to-day interventions and while dealers said talk of possible intervention was rife in the market they were unable to confirm it. 

 At 0853 GMT, the mark was fetching NOK4.5775, down sharply from NOK4.6090 late Friday in Europe and well below its record high of NOK4.7380 early Friday morning. 

 On the weighted inverse ECU currency index the krone is at 112.00 up from 112.75 late Friday. 

 ""The central bank said Friday it was resuming its practice of market intervention and I have no doubt but that it is doing so today,"" one Oslo based currency analyst said. 

 One head trader said his suspicions of Norges Bank's presence in the market were heightened by sudden krone buying by one particular lender, which he said ""is always in front of the pack."" He believed this institution, which he declined to name, may have received krone buy orders on behalf of Norges Bank, as it often does when the central bank has business to be done in the market. 

 Though the krone has gained more than 3% against the mark since Friday's all-time low, the Oslo currency analyst believes the central bank would like to see the krone appreciate even more. 

 ""One should remember that the central bank's goal is to have the krone around 105 on the ECU index,"" he said. 

 Whether or when the central bank will achieve this depends on oil price developments, he added. 

 Norway is the world's second largest exporter of crude oil and the krone is highly sensitive to oil price fluctuations. 

 ""If oil prices rise to around $17 a barrel during the winter then we could see a simultaneous krone strengthening to around NOK4.30 to NOK4.40 against the mark,"" the analyst said. 

 As to the immediate term, the analyst couldn't offer a range for Monday's krone trading other than suggest that the central bank might try to push the krone below 110 on the ECU index and stronger than NOK4.50 against the mark. 

 (MORE) Dow Jones Newswires 19-10-98 

 0910GMT 

 1058"
FOCUS- Norway  c.bank says to resume  intervention . ,1998-10-16," OSLO, Oct 16 (Reuters) - Norway's central bank, Norges Bank, said on Friday it was resuming interventions on the foreign exchange market to defend the crown, saying a recent plunge in the oil-backed currency was over-exaggerated. 

 The bank, which suspended monetary policy instruments in late August after seven successive interest rate hikes failed to halt a sharp depreciation in the crown, said the current slide in the currency was primarily due to international conditions. 

 ""The Norwegian economic situation has not undergone substantial changes that justify such a weakening,"" the bank said in a statement. 

 The crown has declined sharply in recent days, falling overnight to new record lows against the mark mainly because of a renewed softening of oil prices, uncertainty over the 1999 budget and investors' aversion to minority currencies during unrest on international financial markets. 

 Following the bank's announcement, the currency recovered to 4.6775 against the mark at 0824 GMT after hitting a low at 4.7380 overnight. Against the inverse European currency unit index it was quoted at 114.29. 

 Norwegian monetary policy is orientated to return the crown over time to a range widely believed to be between 103 and 105 on the Ecu index. 

 The bank's attempts earlier this year to defend the currency led to a 4.50 percentage point surge in its key interest rates, sending the overnight lending rate to 10 percent and the discount rate to eight percent. Norway now has the highest interest rates in western Europe after Greece. 

 Norges Bank noted that monetary policy had resulted in a ""significant widening of the interest rate differential"" between the crown and European currencies. 

 ""This interest rate level, combined with a tight fiscal policy, will also contribute to limiting inflation expectations,"" it said. ""Against this background, Norges Bank will resume foreign exchange trading as part of its implementation of monetary policy."" 

 In a speech in late August, central bank governor Kjell Storvik said that it was widely perceived that interventions, as a rule, had limited effect. 

 But Harald Boehn, head of the central bank's market operations, said on Friday that intervention had now become a more suitable tool. 

 ""We have to a larger degree than previously been influenced by international factors which have affected the crown, and therefore interventions may be a more effective instrument,"" Boehn told Reuters. 

 Analysts said the bank's participation should help dampen excessive volatility in the currency. 

 ""I think this will be stabilising and contribute to an appreciation of the crown,"" said Harald Magnus Andreassen, chief economist at Elcon securities. 

 ""This is an extremely irrational market. This shows that Norges Bank doesn't believe it has earned such a weak crown and what that will mean for the dangers if increased inflation."" 

 Others, however, said it might set off speculation. 

 ""It's not obvious what will happen now. Norges Bank could stop the weakening trend we have seen, or this could start speculation all over again. Which of these will dominate it is too early to tell,"" said Solveig Erlandsen, economist at Handelsbanken. 

 ((Oslo newsroom +47 22 42 50 41, fax +47 22 42 00 18, oslo.newsroom@reuters.com)). 

 (C) Reuters Limited 1998."
Norway  NOK firms as C.Bank resumes  interventions . ,1998-10-16," 1400 GMT - The Norwegian crown strengthened from overnight record lows against the mark after the central bank announced it would resume intervening on the foreign exchange market to defend the currency. 

 The bank, which abandoned the use of interest rates to support the crown in late August, said the crown's recent weakening was mainly linked to international conditions and was not justified by the Norwegian economic situation. 

 Dealers said bank intervention should help increase activity on the thin market, which has helped to exaggerate moves in the currency. 

 ""It is good that Norges Bank will help to increase liquidity (through intervention). It is positive that the central bank will have a more active role."" 

 Overnight the crown fell to a low against the mark of 4.7380, continuing the downtrend of earlier this week. 

 Money-market rates fell in line with the crown's firming and players said they expected further declines next week. 

 Long bond yields were also down. The government benchmark S467 bond yield fell 10 basis points and narrowed the spread with German Bunds by 11 basis points to 163. 

 Dealers reported good buying interest across the curve. 

 * 2007 bond yield 10 basis points down at 5.60 pct 

 * Norway 2007 bond gap over Bunds 11 basis points down at 163 

 * Three-month eurokrone rates five basis points lower at 8.00 pct 

 * Crown at 112.52 against inverse European currency unit (Ecu) index against 114.56 

 * Crown at 4.6100 per mark vs 4.6790. 

 OSLO, Oct 16 (Reuters) - The Norwegian crown strengthened on Friday after hitting record lows against the mark after the central bank announced that it would resume interventions on the forex market to defend the currency. 

 The bank, which suspended using interest rates to defend the crown in late August, said the recent weakening of the crown was largely linked to international conditions. 

 ""The Norwegian economic situation has not undergone substantial changes to justify such a weakening,"" Norges Bank said in a statement. 

 The crown, which had hit an overnight record low against the mark at 4.7380, bounced back to stand at 4.6100 at 1400 GMT. Against the inverse European currency index it stood at 112.52 compared with 114.56 a day earlier. 

 ""There has been good buying interest in the crown today. We think it can firm even further next week now that the central bank is again involved,"" said a foreign exchange dealer. 

 Analysts said the bank's participation should help dampen excessive volatility in the currency, which has been exacerbated by a thin market. 

 ""I think this will be stabilising and contribute to an appreciation of the crown,"" said Harald Magnus Andreassen, chief economist at Elcon securities. 

 ""This is an extremely irrational market. This shows that Norges Bank doesn't believe it has earned such a weak crown and what that will mean for the dangers if increased inflation."" 

 Others, however, said it might set off speculation. 

 ""It's not obvious what will happen now. Norges Bank could stop the weakening trend we have seen, or this could start speculation all over again. Which of these will dominate it is too early to tell,"" said Solveig Erlandsen, economist at Handelsbanken. 

 Short rates crept down on the announcement, the three-month swap rate declining five basis points to 8.00 percent. 

 Long debt yields also fell. The government benchmark S467 bond yield slid 10 basis points to 5.60 percent and narrowed the 

 ((Oslo newsroom +47 22 42 50 41, fax +47 22 42 00 18, oslo.newsroom@reuters.com)). 

 (C) Reuters Limited 1998."
* Norway Central Bank  To Resume  Forex  Mkt  Interventions ,1998-10-16," (MORE) Dow Jones Newswires 16-10-98 

 0658GMT"
Norway  Ctrl Bk/ Interventions  -2:As Part Of Monetary Policy ,1998-10-16," OSLO (Dow Jones)--Norges Bank, the Central Bank of Norway, said Friday it will resume interventions in the foreign exchange market as part of implementing its monetary policy mandate of maintaining a stable krone. 

 The central bank said the recent weakening of the krone (NOK) was largely a result of international developments, and wasn't justified by Norwegian economic fundamentals. 

 The krone hit an all-time low of NOK4.7380 against the Deutsche mark overnight, but in spot trade early Friday, the Norwegian unit had rebounded to NOK4.6765 per mark. 

 ""Monetary policy, which has resulted in a significant widening of the interest rate differential between the Norwegian krone and European currencies, is oriented towards bringing the krone exchange rate over time back to its initial range,"" Norges Bank said in a statement. 

 Norges Bank has previously indicated it prefers the krone to trade in a range between 103 to 105 on the weighted ECU index. In early trade Friday, the krone stood at 114.37 on the index. 

 According to the bank, Norway's interest rate level combined with a tight fiscal policy will also contribute to damping inflation expectations. Against this background Norges Bank said it would resume interventions in the foreign exchange market as part of its implementation of monetary policy. 

 The central bank has been forced to boost its key interest rates seven times this year by a total of 4.5 percentage points in the face of a sagging krone. Those moves have taken the banks deposit rate to 8% and the overnight lending rate to 10%. 

 (END) Dow Jones Newswires 16-10-98 

 0747GMT"
Norway  Ctrl Bk Says  Forex Intervention  Has Limited Effect ,1998-09-23," OSLO (Dow Jones)--Norway's central bank governor Kjell Storvik said Thursday that central bank intervention in the foreign exchange markets isn't a very effective tool to affect the value of currencies. 

 ""Our experience is in line with experience from other central banks, that intervening to boost currencies has a limited effect,"" Storvik said at press conference. ""We've used other and more powerful means too,"" Storvik said. 

 Indeed, faced with a sagging Norwegian krone the central bank has boosted its key interest rate corridor seven times this year, raising it a total of 4.5 percentage points to stem the currency's slide. 

 Storvik noted Norges Bank's view on the desirability of market intervention may be at odds with many market participants' view. ""I'm sure many would just like Norges Bank to offer some cheap kroner in the market."" 

 Asked why Denmark's central bank has chosen to use market intervention over the past week to prop the Danish krone, Storvik argued that Denmark is in an entirely different situation. Denmark plans to join the successor to to Europe's exchange-rate mechanism, while Norway isn't taking part. 

 ""Denmark has also used the interest rate weapon,"" he added. 

 On Friday, Danmarks Nationalbank raised its floor discount and deposit rates by 50 basis points, and its repo rate by 1 percentage point. 

 (END) Dow Jones Newswires 23-09-98 

 1038GMT"
Nordic  Forex  -2: Traders Expect Danish Interest Rate Hike ,1998-09-15," Meanwhile, traders said they believe the Danish government will have no choice but to increase interest rates there due to the instability of the Danish krone. 

 Earlier Tuesday, Denmark's central bank intervened in an attempt to bolster the currency, with the market speculating on the size of the intervention at DKK300 million to DKK500 million. 

 ""The krone has only weakened marginally, but it has still weakened, and I would be surprised if we don't see interest rates there raised in the next five to six weeks,"" one Stockholm-based currency trader said. 

 At 1551 GMT, the Deutsche mark changed hands at DKK3.8117, down from DKK3.8133 early Tuesday before the intervention, and marginally up on DKK3.8115 late Monday. 

 In Norway, trading in the krone was ""very calm"" Tuesday with little activity, though the krone softened against the mark. 

 Traders said many foreign exchange players are on the sidelines, awaiting the results of the Swedish general election on Sept. 20, and the 1999 Norwegian budget in October. 


At 1551 GMT Tuesday, the following prices were quoted (compared with
late Monday in Europe):
                     Deutsche mark      ECU Index
Swedish SEK         4.5940 vs 4.6225    121.71 vs 122.73
Danish DKK          3.8117 vs 3.8115     --        --
Norwegian NOK       4.4580 vs 4.4430    109.35 vs 109.26
Finnish FIM         3.0443 vs 3.0430     --        --
TCW Index
Swedish SEK         123.21 vs 124.39



The weighted ECU index tracks a basket of currencies that doesn't
include the dollar or the yen. A higher index means a strengthening of
the currencies in the basket.



The Danish krone isn't quoted on a weighted ECU index. Only the
Swedish krona is quoted on a total, competitive, trade-weighted index.



-By Polly Stewart; 46-8-545 13090



(END) Dow Jones Newswires 15-09-98



1631GMT


 1058"
Norway  C.Bank made no  intervention  Aug 31-Sept 1. ,1998-09-07," OSLO, Sept 7 (Reuters) - Norway's central bank said on Monday it made no net interventions on the foreign currency markets on Monday and Tuesday last week. 

 At the end of August, the central bank said it would suspend use of interest rates and intervention to bolster the crown, which weakened sharply after a plunge in oil prices to 10-year lows. 

Central bank statistics showed that so far this year it sold a net 18.24 billion crowns on the foreign exchanges. The central bank has made large overall sales of crowns this year as part of its management of the state's Petroleum Fund, which is invested in overseas bond and equity markets. 

 ((Oslo newsroom +47 22 42 50 41, fax +47 22 42 00 18, oslo.newsroom@reuters.com)). 

 (C) Reuters Limited 1998."
"FX  CROSS - Mark/yen down, safe-haven Swissie up. ",1998-09-03," Swissie gains on safe-haven flows. But mark hits nine-month highs vs dollar. 

 * Bundesbank leaves rates unchanged, as expected. 

 * EU's Santer says no G7 meeting planned on Russia, Moscow must sort out own problems. Santer says Russia crisis has limited impact on Europe, no need to revise EU autumn econ forecasts. 

 * Germany's Kohl sees growth up 2.9 pct in 1998-99. 

 * German July wholesale sales up real 2.7 pct on year. 

 * Japan MOF's Kuroda says yen correction has begun, Japan ready to intervene at any time. MOF's Sakakibara says risky to have large forex positions in current conditions. 


* Mark/yen	     at 78.42/47 against 78.68/70 in late trade on Wednesday and off 79.14 session high.



* Markets watching results of Rubin, Greenspan meeting with Japan finmin Miyazawa on Friday.



* Swiss franc gains on safe-haven flows as Russian financial crisis continues. Mark/Swiss franc	     eases to 82.13/16 compared with 82.47/50 Tuesday.
* Swedish crown slips back from 3-1/2-week highs as recovery stalls. Sweden's Riksbank says leaves rates unchanged after board meeting. Mark/Swedish crown	     trading at 4.5650/80 compared with 4.5385/15.



* Norwegian crown slumps. Norway reports Q2 overall GDP rises 1.7 pct y/y. Statistics Norway revises 1998 GDP down to 3.0 pct from 3.2 pct. Norway central bank says did not intervene on Aug 26-28.



* Mark/Norwegian crown	     trading at 4.4800/50 compared with 4.4185/40.


FX CROSSES REPORT



LONDON, Sept 3 (Reuters) - A stronger mark battled with a firmer yen on Thursday and slid back against the Swiss franc after making gains earlier this week, analysts said.



The mark slipped to lows just above 78 yen in active trading amid verbal intervention from Japanese Ministry of Finance officials and on talk of Japanese repatriation of capital helped yen gains.



""All the talk seems to be about repatriation and the mark is a little undermined relative to the yen by indications the German economy is suffering from the Russian and Asian crises,"" said Rob Hayward, economic advisor at Bank of Boston in London.



Dealers also said investors continued to unwind long dollar/yen positions to cover emerging market losses, buoying the yen.



The Reuters German Service Index blamed Asian financial woes on a fall in its main business activity index to 56.8 in August from a revised 57.3 in July.



The survey of business executives at 460 service sector companies, covering about 40 percent of the German economic output had some cooling impact both on demand and business expectations.



At 1100 GMT mark/yen was trading at 78.38/40 compared with 78.68/70 in late Europe on Wednesday, while the mark was trading just off a nine-month high of 1.7297 per dollar.



Japanese Ministry of Finance official Haruhiko Kuroda said overnight the yen's correction from weakness has begun and that Japan was ready to intervene at any time.



His warnings were echoed by finance ministry colleague, Eisuke Sakakibara, who said it was risky to have large forex positions in the current conditions.



The mark also slipped back against the Swiss franc as safe-haven flows and the continued unwinding of carry trade supported the franc, pushing it to a seven-month high against the dollar.



""The market is generally unsettled about where it should be looking for safe-havens,"" said Steve Barrow, currency strategist at Bear Stearns in London. ""But there is a lot of uncertainty and people don't have a clear idea of whether Swissie should become a super-strong currency or not.""



At 1030 GMT mark/Swiss franc had slipped to 82.15/18 compared with 82.4750 in late Europe on Tuesday and down from earlier session and one-week highs just under 82.60.



There was little impact from the Bundesbank's decision to hold its repo rate steady at 3.30 percent, as expected.



European politicians put pressure on Russia to continue the process of economic reform if it wants to be bailed out of its economic crisis.



The European Commission said it would back international aid to Russia only when reforms were assured and that financial aid would be ""useless"" without a Russian commitment to reform.



German Chancellor Helmut Kohl said the European Union agreed that Russia's stability was critical for Germany and said the whole EU hoped the Duma would confirm Prime Minister-designate Viktor Chernomyrdin in its second vote on Friday.



Elsewhere the Greek drachma fell against the mark to around 171.81/91 per mark from one-week highs around 169.35 it reached on Wednesday.



((Paul Casciato, London newsroom +44 171 542 8968 fax +44 171 542 5293, paul.casciato@reuters.com)).



(C) Reuters Limited 1998."
Norway  c.bank did not  intervene  August 26-28. ,1998-09-03," OSLO, Sept 3 (Reuters) - Norway's central bank said on Thursday it made no net intervention on the foreign currency markets from Wednesday to Friday last week. 

 The central bank said last week that it was suspending use of interest rates and intervention to bolster the crown, which weakened sharply in August after a plunge in oil prices to 10-year lows. 

 So far this year, central bank statistics showed that it sold a net 18.24 billion crowns on the foreign exchanges. The central bank has made large overall sales of crowns this year as part of its foreign investment policy. 

 ((Oslo newsroom +47 22 42 50 41, fax +47 22 42 00 18, oslo.newsroom@reuters.com)). 

 (C) Reuters Limited 1998."
FX  CROSS - Mark/yen falls as U.S. stocks slide. ,1998-09-03," 1440 GMT - Weaker mark/yen nears 7-wk lows as yen rises to 10-week highs vs dlr. Weaker U.S. stocks intensify pressure. Mark/Swiss franc slips on safe-haven flows. But mark reaches 9-1/2 wk highs vs dlr. 

 * Bundesbank leaves rates unchanged, as expected. 

 * EU's Santer says no G7 meeting planned on Russia, Moscow must sort out own problems. Santer says Russia crisis has limited impact on Europe, no need to revise EU autumn econ forecasts. 

 * Germany's Kohl sees growth up 2.9 pct in 1998-99. 

 * German July wholesale sales up real 2.7 pct on year. 

 * Japan MOF's Kuroda says yen correction has begun, Japan ready to intervene at any time, Sakakibara says risky to have large fx positions in current conditions. 


* Mark/yen	     at 78.00/05 against 78.68/70 in late trade on Wednesday and off 79.14 session high.



* Markets watching results of Rubin, Greenspan meeting with Japan finmin Miyazawa on Friday.



* Swiss franc gains on safe-haven flows as Russian financial crisis continues. Mark/Swiss franc	     at 82.14/17 compared with 82.47/50 Tuesday.



* Swiss central bank leaves discount rate unchanged.



* Swedish crown slips back from 3-1/2-week highs as recovery stalls. Sweden's Riksbank leaves rates unchanged after board meeting. Mark/Swedish crown	     trading at 4.5760/90 compared with 4.5385/15.



* Norwegian crown slumps. Norway reports Q2 overall GDP rises 1.7 pct y/y. Statistics Norway revises 1998 GDP down to 3.0 pct from 3.2 pct. Norway central bank says did not intervene on Aug 26-28.



* Mark/Norwegian crown	     trading at 4.4800/50 compared with 4.4185/40.



((Paul Casciato, London newsroom +44 171 542 8968 fax +44 171 542 5293, paul.casciato@reuters.com)).



(C) Reuters Limited 1998."
FX  CROSS - Norway crown off lows amid cenbank talk. ,1998-08-24," * Norway central bank chief says regards interest rate level as sustainable, while Norway's finance minister says it is unlikely today's high interest rate level can last. 

 * Today's rate rise follows 150 basis point rise in Norwegian interest rates last Friday. 


* Mark/Norway	     trading at 4.3560/80 vs highs at 4.3630 and 4.2885/4.2905 late in Europe on Friday.



* Norway crown's inverse European currency unit index at 107.53 against 106.03 close Friday.



* Speculative sales weigh on Norway crown, weak oil prices, fiscal concerns also weigh.



* Analysts say central bank will have to follow up rate rises with aggressive intervention to stop rout of Norway crown.



* German Economics Minister Rexrodt says German economic recovery not endangered by Russian turmoil, says it is unlikely that Russian crisis will spread to eastern Europe.



* Mark soft on other crosses amid Russia concerns after President Yeltsin sacked government on Sunday but losses limited by talk of European central banks offers in dollar/mark just above 1.80.



* Market awaits terms of Russian debt restructuring, due later on Monday.



* Mark/yen softer amid softer mark and as dollar/yen slips off highs on profit-taking, lingering intervention fears buoy yen. MOF's Sakakibara tells Wall Street Journal Tokyo may intervene soon.



* European stock markets up in morning. Eyes on Dow which closed down 0.90 percent on Friday and Latin American markets.



* German July PPI -0.2 pct m/m, -0.4 pct y/y, softer than expected -0.1 pct m/m and 0.3 pct y/y. * German state of North Rhine-Westphalia CPI -0.1 pct m/m, +0.6 pct y/y. Bavaria said CPI fell 0.1 percent m/m in July but rose 0.8 pct y/y. Baden-Wuerttemberg up 0.2 pct /m and 0.8 pct y/y.



* Mark/Swiss	     at 83.50/54 centimes vs 83.54/56 in late European trading on Friday.
* Mark/yen	     at 80.07/11 vs 80.70/73 late on Friday.



((Astrid Zweynert London newsroom + 44 171 542 7792 fax +44 171 542 5293, uk.forex.news@reuters.com)).



(C) Reuters Limited 1998."
FX  CROSS - Mark/Norway sees new near-2-yr high. ,1998-08-24," * Mark/Norway sees 4.3230, highest level since September 1996, last at 4.3190/3.3210 from 4.2885/4.2905 late Friday. 

 * Norway crown's inverse European currency unit index at 106.58 against 106.03 close Friday. Index dropped towards 105 after Norges Bank rate rise. Analysts say central bank unofficial target channel for index 103-105. 

 * Speculative sales weigh on Norway crown, weak oil prices, fiscal concerns also weigh. 

 * Analysts say central bank will have to follow up rate rise with aggressive intervention to stop rout of Norway crown. 

 * Mark soft on other crosses amid Russia concerns after President Yeltsin sacked government on Sunday but losses limited by talk of European central banks offers in dollar/mark just above 1.80. 

 * Yeltsin will meet his nominee for prime minster, Chernomyrdin, and will address nation on TV over political crisis later on Monday. Market awaits terms of Russian debt restructuring, due later on Monday. 

 * Mark/yen struggles near session lows, on softer mark and as dollar/yen slips off highs on profit-taking, lingering intervention fears buoy yen. MOF's Sakakibara tells Wall Street Journal Tokyo may intervene soon. 

 * European stock markets up in morning. Eyes on Dow which closed down 0.90 percent on Friday and Latin American markets. 

 * German July PPI -0.2 pct m/m, -0.4 pct y/y, softer than expected -0.1 pct m/m and 0.3 pct y/y. 

 * German state of North Rhine-Westphalia CPI -0.1 pct m/m, +0.6 pct y/y. Bavaria said CPI fell 0.1 percent m/m in July but rose 0.8 pct y/y. Baden-Wuerttemberg data due later Mon, Hesse on Tues. 


* Mark/Swiss	     at 83.43/46 centimes vs 83.54/56 in late European trading on Friday.
* Mark/yen	     at 80.05/08 vs 80.70/73 late on Friday.



((Pratima Desai, London newsroom + 44 171 542 2737 fax +44 171 542 5293, uk.forex.news@reuters.com)).



(C) Reuters Limited 1998."
FX  CROSS - Norway crown sags after latest rate rise. ,1998-08-24," * Today's rate hike follows 150 basis point rise in Norwegian interest rates last Friday. 


* Mark/Norway	     trading at 4.3460/80 vs highs at 4.3590/10 and 4.2885/4.2905 late in Europe on Friday.


 * Norway crown's inverse European currency unit index at 107.45 against 106.03 close Friday. 

 * Speculative sales weigh on Norway crown, weak oil prices, fiscal concerns also weigh. 

 * Analysts say central bank will have to follow up rate rises with aggressive intervention to stop rout of Norway crown. 

 * German Economics Minister Rexrodt says German economic recovery not endangered by Russian turmoil, says it is unlikely that Russian crisis will spread to eastern Europe. 

 * Mark soft on other crosses amid Russia concerns after President Yeltsin sacked government on Sunday but losses limited by talk of European central banks offers in dollar/mark just above 1.80. 

 * Market awaits terms of Russian debt restructuring, due later on Monday. 

 * Mark/yen softer amid softer mark and as dollar/yen slips off highs on profit-taking, lingering intervention fears buoy yen. MOF's Sakakibara tells Wall Street Journal Tokyo may intervene soon. 

 * European stock markets up in morning. Eyes on Dow which closed down 0.90 percent on Friday and Latin American markets. 

 * German July PPI -0.2 pct m/m, -0.4 pct y/y, softer than expected -0.1 pct m/m and 0.3 pct y/y. * German state of North Rhine-Westphalia CPI -0.1 pct m/m, +0.6 pct y/y. Bavaria said CPI fell 0.1 percent m/m in July but rose 0.8 pct y/y. Baden-Wuerttemberg up 0.2 pct /m and 0.8 pct y/y. 


* Mark/Swiss	     at 83.43/46 centimes vs 83.54/56 in late European trading on Friday.
* Mark/yen	     at 80.30/36 vs 80.70/73 late on Friday.



((Astrid Zweynert London newsroom + 44 171 542 7792 fax +44 171 542 5293, uk.forex.news@reuters.com)).



(C) Reuters Limited 1998."
Norway  Ctrl Bank/No Large  Intervention  -2:Technical Moves ,1998-08-24," OSLO (Dow Jones)--Kjell Storvik, governor of Norway's central bank Norges Bank, said Monday that he isn't planning large-scale intervention to prop up the Norwegian krone. 

 ""Substantial intervention won't take place, just technical intervention,"" he said at a press conference. 

 Prior to the latest wave of currency turbulence in Norway, it had been the policy of the central bank to intervene regularly in the market, buying or selling the krone in small amounts to keep it within its target range against a basked of European core currencies. 

 (END) Dow Jones Newswires 24-08-98 

 1401GMT"
Norway  C.Bank  intervened  to buy crowns - dealers. ,1998-08-21," OSLO, Aug 21 (Reuters) - Norway's central bank was buying crowns on the foreign exchange market on Friday to support the currency, dealers said. 

 The said the intervention was not for large amounts. 

 The bank's intervention came after it raised official interest rates by 150 basis points to try to bolster the crown from day-earlier six-year lows against the Ecu. 

 ""Norges Bank is in the market (buying crowns), but it does not appear to be large amounts,"" said one dealer. 

 The crown lifted from day-earlier lows after the rate hike to a high of 4.2730 against the mark but gradually slid back to stand at 4.2930 at 1355 GMT. 

 ((Oslo newsroom +47 22 42 50 41, fax +47 22 42 00 18, oslo.newsroom@reuters.com)). 

 (C) Reuters Limited 1998."
"FX  CROSS - Mark offered below 79 yen, 4-wk lows. ",1998-08-20," * Bundesbank leaves interest rates unchanged, sets next two weekly securities repurchase tenders at an unchanged fixed rate of 3.30 percent. 

 * German July annualised M3 grows five percent from fourth quarter 1997 against 5.3 percent in June. 


* Mark/yen	     at 78.96/98 versus 79.97/80.00 in late Europe trade on Wednesday. Mark at 83.81/83 Swiss centimes	     vs 83.77/80 Swiss centimes late Wednesday.



* Fears of Bank of Japan intervention and profit-taking on short positions continue to underpin yen. Dlr/yen sinks to new 3-wk low.



* Japanese officials in recent days have warned of currency intervention, the most recent warning issued Thursday by chief of the Finance Ministry's International Bureau, Haruhiko Kuroda.



* German foreign minister Klaus Kinkel warns against too much Russia gloom. Earlier this week, Russia effectively devalued the rouble and announced a 90-day moratorium on some foreign debt repayments.



* Mark levels weighed by Russia's economic and financial market turmoil.



* Norwegian crown	     sees new near-two-year low, last at 4.2920/40 per mark against session low at 4.2980 and versus 4.2940/60 per mark late Wednesday. Norwegian crown weighed by weak oil prices.



* Norway crown trade-weighted index at 105.76 vs 105.53 on Wednesday. Analysts expect Norges Bank to raise rates or intervene to support crown.



* Norway's central bank said it bought a net 426 million crowns between Wednesday and Friday last week.



* Sweden's Riksbank leaves repo rate unch at 4.10 percent.



* Mark/Swedish crown	     at 4.5205/35 against early high at 4.5400 and versus 4.5420/50 on Weds.



((Pratima Desai, London newsroom +44 171 542 2737)).



(C) Reuters Limited 1998."
"FX  CROSS - Mark tests lows vs yen, up vs Norway. ",1998-08-20," * Bundesbank leaves interest rates unchanged, sets next two weekly securities repurchase tenders at an unchanged fixed rate of 3.30 percent. 

 * German July annualised M3 grows five percent from fourth quarter 1997 against 5.3 percent in June. 


* Mark/yen	     at 79.46/46 from session low at 79.44 and versus 79.97/80.00 in late Europe trade on Wednesday. Mark at 83.81/83 Swiss centimes	     vs 83.77/80 Swiss centimes late Wednesday.



* Fears of Bank of Japan intervention and profit-taking on short positions continue to underpin yen.



* Japanese officials in recent days have warned of currency intervention, the most recent warning issued Thursday by chief of the Finance Ministry's International Bureau, Haruhiko Kuroda.



* German foreign minister Klaus Kinkel warns against too much Russia gloom. Earlier this week, Russia effectively devalued the rouble and announced a 90-day moratorium on some foreign debt repayments.



* Mark levels weighed by Russia's economic and financial market turmoil.



* Norwegian crown	     sees new near-two-year low, last at 4.2920/40 per mark against session low at 4.2980 and versus 4.2940/60 per mark late Wednesday. Norwegian crown weighed by weak oil prices.



* Norway crown trade-weighted index at 105.76 vs 105.53 on Wednesday. Analysts expect Norges Bank to raise rates or intervene to support crown.



* Norway's central bank said it bought a net 426 million crowns between Wednesday and Friday last week.



* Sweden's Riksbank leaves repo rate unch at 4.10 percent.



* Mark/Swedish crown	     at 4.5205/35 from early high at 4.5400 and versus 4.5420/50 on Weds.



((Pratima Desai, London newsroom +44 171 542 2737)).



(C) Reuters Limited 1998."
FX  CROSS - Mark/yen falls through four-week lows. ,1998-08-20," LONDON, Aug 20 (Reuters) - The mark fell to four-week lows against the yen and tested near-two-year highs against the Norwegian crown in European trade on Thursday. 

 As Japanese officials continued their battle against yen bears and markets continued to fret about the impact of Russian troubles on Germany, mark/yen continued to drift lower from the 5-1/2 year high at 82.80 seen last week. 

 ""We've seen the mark hit by the fallout from Russia, too hard in my opinion. I think the economic impact is less than people think,"" said Gerard Lyons, chief economist at DKB International. 

 Last week investors who were worried about Russia's economy and finances withdrew from the share and debt markets and concerns about the impact on German banks and exporters meant the mark also came under pressure, analysts said. 

 On Monday, Russia effectively devalued the rouble and announced a 90-day moratorium on some foreign debt payments. This development added to negative mark sentiment. 

 ""And the yen has been talked higher by Japanese officials over the past eight days,"" Lyons said. 

 Japanese officials have warned of currency intervention in recent days. The latest was the head of the Japanese Finance Ministry's International Bureau, Haruhiko Kuroda. 

 At 1304 GMT mark/yen was at 78.89/92, down from a Thursday high at 80.19 and versus 79.97/80.00 in late Europe on Wednesday. It has now fallen about five percent from last week's high. 

 A slowdown in Germany's July annualised M3 growth, which rose five percent from the fourth quarter of 1997 against 5.3 percent in June, dampened mark sentiment, as did a decision by the German central bank to leave interest rates on hold. 

 The Bundesbank, meeting for the first time after its four-week summer break, set the next two weekly securities repurchase tenders at an unchanged fixed rate of 3.30 percent. 

 Regarding the Norwegian crown, analysts said weak oil prices are behind the mark's rise to near-two-year-highs against Norway's currency. 

 Despite five interest rate hikes since March, the central Norges Bank has been unable to stem the decline in the crown. The last increment, on August 11, raised the deposit rate to 5.50 percent from five percent. 

 ""The Norwegian crown is a classic example of a situation where higher interest rates don't help the currency,"" Lyons said. 

 Frequent intervention to support the crown by Norway's central bank has only tempered the crown's fall against the mark, traders said. 

 On Thursday, Norges Bank said it bought a net 426 million crowns between Wednesday and Friday last week. 

 The Norwegian crown was last at 4.2995/15 per mark after a session high at 4.3000 and versus 4.2940/60 per mark in late Wednesday trade. 

 The Norwegian crown's trade-weighted index was last at 105.82. Analysts said Norges Bank has in the past intervened or raised interest rates when this index has risen above 105. 

 The mark was fairly steady against the Swiss franc, it was last at 83.85/88 centimes vs 83.77/80 centimes late Wednesday. 

 Sweden's Riksbank left the repo rate at 4.10 percent. 

 Mark/Swedish crown was last at 4.5180/00 from a session high at 4.5400 and from 4.5420/50 late Wednesday. 

 ((Pratima Desai, London newsroom +44 171 542 2737)). 

 (C) Reuters Limited 1998."
"Norway  NOK falls sharply, no sign of  intervention . ",1998-08-18," OSLO, Aug 18 (Reuters) - The Norwegian crown weakened sharply on Tuesday with some players pointing to a steep rise in interest rates as driving the market. 

 Others said commodity-linked currencies were being hit across the board after Russia effectively devalued the rouble on Monday. It said on Tuesday that it would use all instruments possible, as well as precious metal reserves, to prop up the currency. 

 The crown fell to 4.2805 against the mark at 1300 GMT compared with 4.2705 at 1400 GMT on Tuesday. Against the inverse European currency unit index, it stood at 105.42 versus 105.17. 

 Despite the decline, dealers said there were no signs of the central bank stepping in to defend the currency. Norges Bank's mandate is to use monetary policy to maintain a stable crown against a basket of European currencies. 

 ""Any country with a high dependency on commodity exports is being hammered today and Norway has one of the biggest exposures with oil accounting for something like 65 percent (of exports). Norway is very vulnerable,"" said a London-based dealer. 

 Other said the move was on the back of a run-up in short-term rates. Norway's three-month swap rate jumped 24 basis points on Tuesday to 6.20 percent and now stands 70 basis points above the official deposit rate at 5.50 percent. 

 The central bank announced a 0.50 percentage point rate hike on August 11 to support a depreciating crown and at the same time intervened on the foreign exchange market, buying 1.71 billion crowns between Monday and Tuesday last week. 

 The crown picked up slightly after the rate rise but has since slid back to levels below those seen before the last hike. 

 ""The (central) bank is caught between a rock and a hard place. At the moment it is continuously following the market, which today has discounted another (rate) rise of 50 basis points,"" said a market player. 

 ""It needs to go past market expectations, but at the same time is limited by what it can do, there is a risk they might be penalised for overkill."" 

 Others said it was unclear what the central bank might do. 

 ""The might want to wait and see if this is a spoof by the market or they might hammer it down fast. If they don't (intervene or raise rates), the market might take it as carte blanche to run the crown down,"" said Peter Warren, chief dealer at Finansbanken. 

 ((Tanya Pang, Oslo newsroom +47 22 42 50 41, fax +47 22 42 00 18, oslo.newsroom@reuters.com)). 

 (C) Reuters Limited 1998."
Norway  C.Bank  intervenes  to buy crowns - traders. ,1998-08-11," OSLO, Aug 11 (Reuters) - Norway's central bank, Norges Bank, intervened on the foreign exchange market on Tuesday to buy crowns to defend the flagging currency, traders said. 

 The crown continued to slide in early trade after oil prices tumbled almost 70 cents on the International Petroleum Exchange on Monday due to the glut in global supplies. 

 Dealers said a weak Swedish crown was also adding to the downward pressure on the Norwegian currency. 

 Norges Bank was not immediately available to comment on the intervention talk. 

 The crown stood at 4.2725 against the mark at 0944 GMT and at 105.29 versus the inverse European currency unit index. 

 It remained in a downtrend even though the central bank on Monday pushed up short-term money market rates by setting an interest rate of 5.40 percent for fixed-term deposits between August 11 and 13. It was the first time the bank has set a fixed rate since February. 

 The three-month swap rated continued to climb on Tuesday to stand at 5.91 percent at 0944 GMT compared with 5.77 percent at 1400 GMT on Monday. 

 Dealers said the oil price slide and weakness in the Swedish crown had outweighed the effect of the fixed deposit rate. ""We would have gone firmer but reaction (to the fixed rate) became marginal because of the other factors,"" said a dealer. 

 The three-month swap rate historically stands around 40 basis points above the official discount rate, which is currently at 5.00 percent. The rate is now 90 basis points above the discount rate leaving room for a 0.50 percentage point rise in official rates. 

 Norges Bank last raised rates on July 6 to 5.00 percent for the discount rate and 7.00 percent for the overnight lending rate. It was the fourth rate hike this year to bolster the sliding crown. 

 At the same time the bank intervened to support the currency, the first time it had stepped into the foreign exchange market to defend the crown since January 1997. 

 Most recent figures from the bank on Monday showed it net bought 213 million crowns between Monday and Tuesday last week. The bank has historically been a net seller of crowns for the state's Petroleum Fund. 

 ""Everyone believes in higher interest rates soon,"" said another dealer. ""The intervention so far has been too small,"" he said. 

 ((Tanya Pang, Oslo newsroom +47 22 42 50 41, fax +47 22 42 00 18, oslo.newsroom@reuters.com)). 

 (C) Reuters Limited 1998."
Norway  CB Gov:  Intervention  Not Best Way To Stabilize Kroner ,1998-08-11," OSLO (Dow Jones)--The Central Bank Governor of Norges Bank Kjell Storvik said Tuesday that intervention in foreign exchange markets may not be the best instrument for steadying the krone. 

 ""Interest rates are the most important means for stabilizing the krone,"" he said. 

 Storvik added that the central bank will not use large scale intervention to stabilize the krone. He admitted, however, that the central bank has been active in foreign exchange markets with moderate interventions in recent weeks. 

 In the month of July, Storvik said the central bank had intervened on the scale of 3.0 billion kroner to stabilize the krone. Storvik was talking at a press briefing after the central bank earlier in the day raised its interest rate corridor by 0.5 percentage point. 

 (END) Dow Jones Newswires 11-08-98 

 1349GMT"
Nordic  Forex :  Norway  Krone Steady Late Amid  Intervention  Talk ,1998-08-06," OSLO (Dow Jones)--Both the Norwegian and Swedish units are steady to slightly weaker against the Deutsche mark in late dealings Thursday compared to their quotes at the start of the day. 

 At 1429 GMT the mark fetched NOK4.2720, up slightly from NOK4.2670 in early dealings, and higher than NOK4.2640 at Wednesday's close. 

 But the Norwegian krone's relative steadiness has given rise to market speculation that Norges Bank, the country's central bank, has been in the market to bolster the currency. 

 ""We haven't seen Norges Bank, but we have a suspicion that it might have been active in the market (buying kroner),"" said a dealer with a Norwegian bank. 

 Although dealers conceded the krone may have been propped up a bit by some light commercial demand given its weakness, they still found it hard to believe the unit could hold up so well as it did amid negative pressures such as the weaker dollar and pound, low crude oil prices and a sagging domestic equities market, without any help. 

 Norges Bank's only monetary policy mandate is to keep the krone stable against other European currencies. So far this year it has boosted rates four times, and has periodically intervened to halt the currency's fall 

 ""Sentiment for the krone is just negative,"" said the same dealer. He believed the Norwegian unit will hold in a range between NOK4.26 and NOK4.29 per mark in the medium term, with a bias for the weaker end of the scale. 

 But in order to stem the krone's slide, the trader argued Norges Bank would have to be decisive in its actions and raise interest rates instead of using small periodic interventions. 

 ""Only a rate hike will do if the (selling) pressure mounts (on the krone,"" said an Oslo-based dealer. 

 Meanwhile, in neighboring Sweden the krona (SEK) moved lower against its German counterpart, and is quoted down to SEK4.5050, compared with SEK4.4885 at the start of the European day, amid a late but mild bout of selling interest. 

 This is in line with its recent trend of losing ground once U.S. trade gets underway. 

 (MORE) Dow Jones Newswires 06-08-98 

 1437GMT 

 1058"
"Norges Bank Checked Mkt Prices, May Have  Intervened -Traders ",1998-07-30," OSLO (Dow Jones)--According to Oslo-based currency dealers Norges Bank, Norway's central bank has been checking prices, and possibly intervening in the foreign exchange market Thursday. 

 Traders said Norges Bank, the country's central bank had been checking prices to buy kroner and even possibly been buying kroner for marks just above the NOK4.2500 level. 

 At 1440 GMT, the mark fetched NOK4.2465, down from its intraday peak of NOK4.2565 reached in mid-morning trade. 

 ""Rumor has it that that Norges Bank was checking prices through Den Norske Bank, and we saw some (krone) buying in Norway after that,"" said a dealer with a Norwegian financial institution. He noted there had been heavy volumes flowing through the market all day, although there was nothing dramatic about this. 

 The Norwegian central bank resumed its practice of periodic interventions in the market earlier this month, after nearly 18 months of abstinence, in an effort to lift the sagging currency and abide by its only monetary policy of maintaining a stable krone. 

 Previously the Norwegian currency's weakness prompted the central bank to boost its key interest rate corridor four times this year 

 As a matter of policy, Norges Bank declines to comment on intervention. 

 (END) Dow Jones Newswires 30-07-98 

 1448GMT"
"Norway  NOK stable, dealers say C.Bank  intervened . ",1998-07-09," 1400 GMT - The crown was steady for most of Thursday's session and dealers said that the central bank had intervened to buy crowns for marks. 

 ""The central bank is in the market offering marks for crowns,"" said one dealer who declined to be named. 

 Dealers said the bank had intervened when the crown was between 4.2450 and 4.2500 versus the mark. 

 Norges Bank declined to comment on its market activities saying that it releases such information one week later. 

 Since Monday the crown has recovered from last week's six-year lows, after the central bank hiked its key interest rates by 0.50 percentage points. 

 However, by 1400 GMT the crown had slipped slightly to 4.2455 against the mark. 

 Long bonds were little changed over the day, and the yield spread between Norway's S467 government benchmark bond due 2007 and German Bunds was stable at 72 basis points. 

 Some dealers reported good bidding interest for long Norwegian paper. ""There was surprisingly good interest for bonds in spite of the weak crown,"" said another dealer. 

 On Friday, Statistics Norway will release fresh inflation figures for June. A Reuters poll of 10 analysts forecast consumer prices to rise by 2.2 percent year-on-year and by 0.3 percent from May. 

 * 2007 bond yield one basis point lower at 5.41 pct 

 * Norway 2007 bond gap over Bunds unchanged at 72 basis points 

 * Three month eurokrone rates two basis points up at 5.32 pct 

 * Crown at 104.97 against inverse European Currency Unit (Ecu) index vs 104.92 

 * Crown at 4.2455 against the mark versus 4.2440 

 ((Oslo newsroom +47 22 42 50 41, fax +47 22 42 00 18, oslo.newsroom@reuters.com)). 

 (C) Reuters Limited 1998."
Norges Bank Buys Kroner Vs Mark At About NOK4.25 - Dealers ,1998-07-09,"
   OSLO (Dow Jones)--Norges Bank, Norway's central bank, has
intervened in the foreign exchange market Thursday, buying
kroner against the Deutsche mark, dealers said.
   Dealers said Norges Bank has been in the market several
times buying kroner against the mark at the 4.2450 to
NOK4.2500 levels. The volumes of Norges Bank's purchases
weren't known.
   ""They (Norges Bank) are concentrating the buy orders on
just a handful of institutions to keep it (the intervention)
quiet,"" said a dealer with a Norwegian bank.
   Norges Bank declined to comment.
   The Norwegian krone has sagged in recent months because
of an expansionary fiscal policy, a too generous wage
settlement and plummeting crude oil prices.
   That weakness has prompted the central bank to boost its
key interest rate corridor four times this year, in order to
stick to its only monetary policy of keeping the krone
stable vis-a-vis European currencies.



(END) Dow Jones Newswires  07-09-98


 1013EDT"
Norges Bank Buys Kroner Vs Mark At About NOK4.25 - Dealers ,1998-07-09," OSLO (Dow Jones)--Norges Bank, Norway's central bank, has intervened in the foreign exchange market Thursday, buying kroner against the Deutsche mark, dealers said. 

 Dealers said Norges Bank has been in the market several times buying kroner against the mark at the 4.2450 to NOK4.2500 levels. The volumes of Norges Bank's purchases weren't known. 

 ""They (Norges Bank) are concentrating the buy orders on just a handful of institutions to keep it (the intervention) quiet,"" said a dealer with a Norwegian bank. 

 Norges Bank declined to comment. 

 The Norwegian krone has sagged in recent months because of an expansionary fiscal policy, a too generous wage settlement and plummeting crude oil prices. 

 That weakness has prompted the central bank to boost its key interest rate corridor four times this year, in order to stick to its only monetary policy of keeping the krone stable vis-a-vis European currencies. 

 (END) Dow Jones Newswires 09-07-98 

 1413GMT"
Norway  C.Bank says  intervention  not suitable tool. ,1998-06-17," OSLO, June 17 (Reuters) - Norway's central bank, Norges Bank, said on Wednesday intervention on a large scale on foreign exchange markets was not a suitable to maintain a stable exchange rate for the crown. 

 The bank said it would inform markets if it decided to intervene on any large scale again, a practice that it has not used since January 1997. 

 ""Intervention on a large scale is not a suitable tool,"" Jan Qvigstad, a director at the central bank, told a news conference. 

 ""Intervention can help flatten out (changes) in a single day when the market is thin,"" he said. 

 The crown, which has been depressed recently due to tumbling oil prices, government wrangling with opposition parties over the revised 1998 budget and high wage settlements, firmed slightly on Wednesday against the mark to 4.2345 compared with 4.2455 late on Tuesday. 

 ((Oslo newsroom +47 22 42 50 41, fax +47 22 42 00 18, oslo.newsroom@reuters.com)). 

 (C) Reuters Limited 1998."
Europe Focus: Norway Krone Gains Don't Kill Rate-Rise Fears ,1998-05-28," OSLO (Dow Jones)--The Norwegian krone (NOK) gained some ground against the Deutsche mark Thursday, but the currency's advance wasn't enough to dispel market expectations of a central bank rate rise in the near term. 

 ""The krone can't shake off the pressure that easily,"" said a dealer with one of Norway's biggest banks. 

 He said he expects the krone to be hurt by fears that spring wage negotiations among employers and unions will result in a generous wage settlement, which could drive up prices. He also noted concerns that the government's 1998 budget was too expansionary to cool down the booming economy. 

 Such concerns already have pushed the krone to around its lowest level since October 1996. And a weak krone boosts market expectations of an interest rate increase from Norges Bank, the Norwegian central bank, since the bank's only monetary policy mandate is to keep the krone stable versus European currencies. 

 In late trade Thursday the Deutsche mark fetched NOK4.2355, down from NOK4.2510 late in the previous session, and market sources noted that Norges Bank, the Central Bank of Norway, hadn't intervened to prop up the currency. 

 Peter Warren, chief dealer at Finansbanken in Oslo. attributed the krone's gains to a correction following a steep drop a day earlier, saying the mark had been overbought. 

 ""There was krone buying from both domestic and foreign investors"" Thursday, he said. 

 (MORE) Dow Jones Newswires 28-05-98 

 1407GMT 

 1089"
Norway has no plans to contact ECB on euro-Restad. ,1998-05-06," OSLO, May 6 (Reuters) - Norwegian Finance Minister Gudmund Restad said on Wednesday Norway had no plan to contact the European Central Bank for possible cooperation on monetary policy after the launch of the euro from 1999. 

 ""I don't think there is a special reason for contact. They know what we will do,"" Restad told a news conference. 

 Restad announced earlier that Norway would extend its policy of keeping the crown stable against foreign currencies after the euro supplants the Ecu from 1999. The Ecu is the current anchor of Norway's crown. 

 Restad also said there were no plans to seek a bilateral deal with the ECB on intervention to smooth out currency variations. 

Norway in 1990 pegged the crown to the Ecu and set up swap accords with European central banks in a strategy of joint intervention to smooth currency variations. 

 That deal collapsed in 1992 just before Norway abandoned the formal link with the Ecu. 

 ((Oslo newsroom +47 22 42 50 41, fax +47 22 42 00 18, oslo.newsroom@reuters.com)). 

 (C) Reuters Limited 1998."
Norway PM says monetary policy to stay unchanged. ,1998-01-21," OSLO, Jan 21 (Reuters) - Prime Minister Kjell Magne Bondevik on Wednesday pledged to stick to Norway's monetary policy of a stable crown against European currencies and urged unions to limit wage demands for 1998. 

 ""The existing flexible policy of a fixed rate will stay the same,"" Bondevik told a news conference. ""The partners in the wage negotiations can rely on this."" 

 The International Monetary Fund has suggested that Norway should shift monetary policy to a target of limiting inflation, away from the present overriding target of keeping the crown stable against the European currency unit. 

Norway says the existing policy, under which the central bank intervenes to smooth out swings in the exchange rate, helps unions and safeguards jobs by giving the big export sector greater predictability about future earnings. 

 Bondevik said that, with the ""important premise"" of a stable crown ""we hope and believe that the wage round will succeed. We don't say without turbulence, there can be a good deal of that, but we hope that it will be agreed within an acceptable framework."" 

 He said that workers had seen ""considerable"" hikes in real wages in recent years. 

 ""The partners in working life are well served by moderate rises,"" he said. ""Then it's easier to keep inflation and interest rates down and continue the fixed rate policy."" 

 Officials say a switch to an inflation target could lead to higher interest rates to dampen growth in a booming oil-fuelled economy, and in turn spur demands for higher wages. 

 The IMF last month said the economy, bolstered by North Sea oil wealth, had begun to overheat and urged Norway either to hike short-term interest rates by about one percentage point or tighten fiscal policy. 

 ((Alister Doyle, Oslo newsroom +47 22 42 50 41, fax +47 22 42 00 18, oslo.newsroom@reuters.com)) 

 (c) Reuters Limited 1998"
Norway fin min says stable crown helps wage talks. ,1997-12-05," OSLO, Dec 5 (Reuters) - Finance Minister Gudmund Restad on Friday reaffirmed Norway's monetary policy goal of keeping the crown stable on foreign exchange markets, saying it was an important tool to help keep a lid on wage rises. 

 ""It is the government's target to stick to it (a stable crown). It is also an important condition among other things for wage negotiations,"" he told Reuters. 

 ""If the condition of a stable crown is removed, I think it would be much harder to get agreement on a moderate wage round,"" he said. 

 He said that keeping wages in check at a time of strong economic growth by the oil-backed economy would be one of his biggest challenges in coming months. 

 Restad rejected suggestions by some economists that Norway should switch monetary policy to a goal of keeping inflation in check, away from the existing target of keeping the crown stable against a basket of European currencies. 

 He declined to say how big a swing was possible for the crown against a basket of European currencies under current guidelines. 

 Last month Norway's central bank, which intervenes regularly to keep the crown stable against the Ecu, urged greater flexibility in Norway's monetary policy, saying that it wanted to allow greater swings for the crown. 

 The Finance Ministry replied at the time that current guidelines allowed sufficient ""flexibility"". 

 Restad said that: ""If there are situations with especially strong pressures on the crown in either direction, the crown rate can change in the short term, but the bank will use instruments so that the rate is brought back to the original range after a while."" 

 ((Alister Doyle, Oslo newsroom +47 22 42 50 41, fax +47 22 42 00 18, oslo.newsroom@reuters.com)) 

 (c) Reuters Limited 1997"
Norway  C.Bank  intervened  to stabilise crown. ,1997-10-09," OSLO, Oct 9 (Reuter) - Norway's central bank, Norges Bank, said on Thursday it been selling crowns on the foreign exchange market during the second half of September in order to stabilise the petrocurrency. 

 Norges Bank is often seen buying foreign currency as part of its role to manage the state's Petroleum Fund. 

 ""We have intervened outside of the Petroleum Fund (acquisitons) since the second half of September,"" Leif Eide, a director at the bank, told Reuters. 

 The central bank said on Thursday it had sold 1.264 billion crowns between Wednesday and Friday last week. To date this year it has sold a net 55.932 billion crowns, it said. 

 As well as its role in managing the Petroleum Fund, Norges Bank also has the mandate from the government to use monetary policy to maintain a stable exchange rate of the crown against a basket of European currencies. 

 The Norwegian currency has appreciated strongly since mid-September, climbing around two percent against the inverse European Currency Unit (ECU) index and the mark, to which it touched around 3.98. 

 The crown has weakened slightly since last week and at 1300 GMT it stood at 99.22 versus the ECU index and at 4.0420 compared with the mark. 

 Eide said the intervention was due to the strength of the crown and short-term developments of the currency. 

 ""The crown was not very stable and there were large swings during the day. Our intervention was to try and stabilise it,"" he said. 

 John Eriksen, analyst at I.D.E.A. in London, said the intervention confirmed that the central bank was uneasy about the crown's rapid appreciation, although this was not surprising given its goal of monetary policy. 

 ""If the crown continues to strengthen we cannot rule out rate cuts despite the hot economy,"" Eriksen said. ""But at the moment there doesn't seem to be a dramatic situation."" 

 --Tanya Pang, Oslo newsroom +47 22 42 50 41 

 (c) Reuters Limited 1997"
"Nordic  Forex : Norway, Sweden Kr Sinks Vs DM On Foreign Sales ",1997-09-19," OSLO (AP-Dow Jones)--Both the Norwegian and Swedish currencies are down against the Deutsche mark around midday Friday, compared with their levels earlier in the day, on foreign selling. 

 'We've been suffering from 'Scandi-mania' over past week,' said one trader said, citing heavy speculative buying of both the Norwegian and Swedish units from U.S. investment banks. 'However, foreign flows are now moving out, and it's a healthy correction.' the same trader added. 

 At 1145 GMT, the Deutsche mark was at 4.0770 Norwegian kroner, markedly up from 4.0625 kroner at the start of European trade, and even stronger than its quote 4.0465 kroner in Asian trade. 

 But volatility continues to be a dominant feature for the Norwegian unit, owing to Norway's indecisive parliamentary elections at the start of this week, traders said. 

 And if the Norwegian unit continues to exhibit big swings, traders argued the Norges Bank, Norway's central bank, may intervene to smooth the currency's fluctuations. 

 Meanwhile, the Swedish krona is also losing ground against the mark. 

 At 1145 GMT, the Deutsche mark fetched 4.2845 kroner, up from 4.2715 at the start of the day, but down a touch down from 4.2910 kronor late Thursday. 

 Sweden's 1998 budget bill figures released early Friday failed to stir up much excitement in the market, as most of its contents had been leaked to the local press overnight, according to traders. 

 (MORE) AP-DOW JONES NEWS 19-09-97 

 1157GMT 

 1058"
FOCUS-Norway crown firms on fixed deposit rate. ,1997-06-26," OSLO, June 16 (Reuter) - The Norwegian crown bounced back from early lows on Thursday after Norway's central bank, Norges Bank, announced it had set an interest rate of 3.6 percent for its fixed-term deposit rate for the period July 1 to July 14. 

 Norges Bank regularly announces fixed-term deposits or fixed-term loans, which usually are carried out through ordinary auction, in order to control money market liquidity. 

 Analysts said the bank appeared to be testing the market's reaction to higher money market rates to see if it was enough to stabilise the crown. 

 ""It is a clear signal that the central bank is uncomfortable with the situation of low interest rates and a weak crown and they want to put up money market rates,"" said an Oslo-based economist. 

 The crown pulled back to around the 4.1990 level against the mark immediately after the announcement from above 4.21. At 1200 GMT, it stood at 4.1970. 

 The bank has previously announced fixed interest rates at times of instability in the money market or if the fixed term collided with a repo arrangement, Leif Eide, department head at the bank said. 

 Eide said the bank's announcement was an attempt to carefully bring money market rates closer to the comparable ECU rates. 

 In the last auction between June 25 and July 1, the average fixed-term deposit rate was 3.46 percent and the highest rate was 3.52 percent. 

 At 1124 GMT, Norway's three-month money market rate stood at 3.59 percent, while the comparable ECU rate was 4.14 percent. 

 ""Following the pressure against the crown half a year ago, we reduced official interest rates almost down to German levels,"" Eide told Reuters. 

 ""Now the crown is more or less normalised, but interest rates are still considerably lower than ECU interest rates."" 

 One London-based player said the move to a fixed rate could indicate a potential rise in official interest rates. 

 ""This could be the first warning shot of a hike in official rates. The bank is concerned about the weak crown. It already has announced that it will begin intervention again to try and stabilise it. Now maybe they are giving an initial milder signal to the market. The potential threat is there,"" he said. 

 On June 17 Norges Bank lifted a self-imposed ban on intervention in the foreign exchange market in order to stabilise the currency. Norway uses monetary policy to stabilise the crown and the central bank intervenes to maintain a level that is not officially declared. 

 In January the bank announced it would stop intervening after three interest rate cuts in two months and extensive intervention failed to dampen a surge in the crown. 

Norway's official deposit rate is 3.25 percent and the overnight lending rate is 5.25 percent. 

 --Oslo newsroom, +47 22 42 50 41 

 (c) Reuters Limited 1997"
PRESS DIGEST - NORWAY - JUNE 18. ,1997-06-18," OSLO, June 18 (Reuter) - Following are some of the leading stories in Norwegian newspapers this morning. 

 AFTENPOSTEN 

 -The government wants to compile all information on the number of days and why workers are on sick leave in a new register. But the proposal is now being criticised by doctors and legal experts. 

 -The competition authority has approved of plans by Telenor and publishing house Schibsted to cooperate on the Internet. 

 -Nobody would be surprised if Sparebankgruppen were to drop its takeover bid for Fokus Bank today. The Banking, Insurance and Securities Commission yesterday asked the group of savings banks to consider withdrawing its offer to buy Fokus. 

 -After sidelining itself for nearly 22 weeks, Norway's central bank is again intervening on the foreign exchange market to keep the crown from fluctuating too much. 

 DAGENS NAERINGSLIV 

 -The Njord oil production platform will be almost 30 percent more expensive than originally believed. Yesterday Norsk Hydro received a claim from Aker Stord, a unit of Aker Maritime ASA, for about one billion crowns for Aker's work on the platform. 

 -Forex traders fear that Kjell Magne Bondevik of the Christian People's Party or Johan Jaboksen of the Centre Party could be Norway's next prime minister after the election in September. Traders are worried that a centrist government would disrupt the Norwegian economy by overspending its oil wealth and this concern is making the crown more volatile than usual. 

 -The planned merger of the saw mills and board production of forestry group Norske Skog ASA and KS Hedalm Trelast will further strengthen Norske Skog's dominating role in Norwegian forestry. 

 -The board of Fokus Bank has welcomed yesterday's statement by the Banking, Insurance and Securities Commission, which asked Sparebankgruppen, a group of 16 savings banks, to consider withdrawing its takeover bid for Fokus. 

 (c) Reuters Limited 1997"
FOCUS-Norway  central bank  returns to  forex  market. ,1997-06-17," OSLO, June 17 (Reuter) - Norway's central bank on Tuesday lifted a self-imposed ban on intervention in the foreign exchange market in order to stabilise the crown. 

 The bank said it had decided to reverse a decision in January not to step into the currrency market following a recent slide in the crown. Any intervention would be limited, however, it said. 

Norway uses monetary policy to stabilise the currency and the central bank intervenes to maintain a level that is not officially declared. 

 But on January 10 the bank, Norges Bank, announced it would stop intervening after three interest rate cuts in two months and extensive intervention failed to dampen a surge in the currency. 

 The bank, however, has continued to buy foreign currency in order to service Norway's huge Petroleum Fund, into which the budget surplus is pumped every year for investment abroad. 

 ""Norges Bank's transactions in the foreign exchange market have since January 10 1997 been confined to regular purchases of foreign exchange for the equivalent of about NOK 3 billion per month for the Government Petroleum Fund,"" the central bank said in a statement. 

 ""In the light of developments in the foreign exchange market, Norges Bank no longer finds it appropriate to maintain special limitations on the use of instruments for the purpose of exchange rate management,"" it said. 

 ""This means we are lifting the self-imposed decision not to intervene,"" Leif Eide, executive director of monetary policy at the central bank, told Reuters. 

 ""We don't see any strong pressure any more on the crown to appreciate,"" he added. 

 Recently the crown has weakened considerably, losing around two percent since June 3. 

 Market players attributed the fall to higher-than-expected inflation figures for May, weaker oil prices and growing concern over the outcome of parliamentary elections in September, based on recent opinion polls. 

 The thin Norwegian foreign exchange market means movements are often exaggerated in little volume. 

 The crown immediately rose on Tuesday as market players took the bank's announcement as a signal that the situation had normalised and that it wanted to stabilise the exchange rate. 

 At 0910 GMT it stood at 103.07 against the inverse European Currency Unit index and at 4.1930 against the mark, compared with 103.95 and 4.2310, respectively, at 0630 GMT. 

 Harald Andreassen, chief economist at Oslo-based Elcon Securities, said the bank's decision was sensible given recent strong fluctuations. 

 ""It's better to use intervention than interest rates to stabilise short-term swings in the market. This is a very sensible solution,"" Andreassen said, adding that he saw little chance of the bank raising interest rates in the near future. 

 ""In order for them to do that (raise interest rates) what they are doing today wouldn't work, but we already see that it is working,"" he said. 

 Stein Bruun, senior analyst at Orkla Finans, said the bank had sent a calming signal to both currency and money markets. But it was too early to tell if the crown's recent fall was a fundamental shift in the exchange level. 

 ""The pace and the size of the weakening has been concerning but I think this was caused by a few sellers and a breaking of several technical levels. Foreigners are concerned about inflation and there's growing concern that the situation in parliament will be messy after the election. 

 ""But on the other hand you have one of the best economies, there are not many countries with a budget surplus of six percent (of gross domestic product) and a current account of seven percent,"" Bruun said. 

 --Oslo newsroom, +47 22 42 50 41 

 (c) Reuters Limited 1997"
Norway  c.bank lifts self-imposed  intervention  curb. ,1997-06-17," OSLO, June 17 (Reuter) - Norway's central bank announced on Tuesday it no longer finds it necessary to maintain some self-imposed limits on its management of the crown exchange rate. 

 It said developments in the foreign exchange market, where the crown has weakened recently, facilitated such a move. 

 The bank on January 10 gave up trying to stop the crown from appreciating and said it would let the petrocurrency run its course for a while. 

 ""Norges Bank's transactions in the foreign exchange market have since January 10, 1997 been confined to regular purchases of foreign exchange for the equivalent of about NOK 3 billion per month for the Government Petroleum Fund,"" the central bank said in a statement. 

 ""In the light of developments in the foreign exchange market, Norges Bank no longer finds it appropriate to maintain special limitations on the use of instruments for the purpose of exchange rate management,"" it said. 

 ""Any foreign exchange interventions will normally be undertaken with a view to curbing short-term fluctuations in the value of the Norwegian crown and will thus be on a limited scale,"" it said. 

 ""This means we are lifting the self-imposed decision not to intervene,"" Leif Eide, executive director of monetary policy at the central bank, told Reuters. 

 ""We don't see any strong pressure any more on the crown to appreciate,"" he added. 

 The crown stood at 4.2020 against the German mark at 0725 GMT, compared with 4.2125 against the mark at 1400 GMT on Monday. 

 --Rolf Soderlind, Oslo newsroom +47 22 42 50 41 

 (c) Reuters Limited 1997"
Norway  Central Bank  -2:To Curb Short-Term Kr Fluctuations ,1997-06-17," OSLO (AP-Dow Jones)--Norges Bank, the central bank of Norway, said Tuesday it will resume interventions in the foreign exchange market to curb short-term fluctuations in the value of the Norwegian krone. 

 Since Jan. 10, Norges Bank's transactions in the foreign exchange market have been confined to regular purchases of foreign currency for the equivalent 3 billion kroner per month for the State Petroleum Fund. 

 According to a written statement, the Norwegian central bank no longer finds it 'appropriate to maintain special limitations on the use of instruments for the purpose of exchange rate management' in the light of recent developments in the foreign exchange market. 

 Since late February the Norwegian currency has weakened by over 5% against the Deutsche mark, and at 0724 GMT the mark was quoted at 4.2035 kroner. 

 (MORE) AP-DOW JONES NEWS 17-06-97 

 0736GMT"
Nordic  Forex : Norway's Krone Muscles Higher Against DM ,1997-01-13," STOCKHOLM (AP-Dow Jones)--The remarkable rally in the Norwegian krone which forced the Norwegian central bank to cut its key rate twice in a week, continued Monday and late in the session the German mark had slipped close to 4.000 kronor. 

 At 1545 GMT the Deutsche mark changed hands at 4.0050 kroner, down from 4.0200 kronor in early morning trade, and markedly lower from 4.0370 kronor late Friday in Europe. 

 Traders accredited some of the strength to a generally weaker German mark but said that most of Monday's gains came in the wake of statements about interest rates and monetary policy over the weekend by Norway's finance minister, Jens Stoltenberg. 

 'The finance minister's comments added to last week's rally and the stronger it gets the more players seem to want to hop on the train,' said a trader at a major Scandinavian bank. 

 In an article in Oslo newspaper Aftenposten Stoltenberg said that 'there is room lower interest rates in Norway.' 

 Stoltenberg also said in Aftenposten that Norges Bank's decision Friday to step down its interventions in the foreign exchange market won't change Norway's main and only monetary policy goal of a stable currency. 

 The comments followed a busy week in the foreign exchange market, where Norges Bank cut key interest rates twice last week in an effort to stem the Norwegian krone's rapid appreciation. The central bank's key deposit rate now stands at 3.25% and the overnight lending at 5.25% 

 In the near term traders are taking a positive view on the krone but caution that the 4.000 kroner level presents a technical resistance level of some dignity. 

 'On top of that, in situations like this, not much is needed to provoke a wave of profit taking,' said one dealer. 

 (MORE) AP-DOW JONES NEWS 13-01-97 

 1605GMT 

 1058"
Nordic  Forex :Norway's Krone Up Vs DM; Firmer Trend Eyed ,1997-01-13," OSLO (AP-Dow Jones)--The Norwegian krone is continuing its appreciation against the Deutsche mark amid moderate buying interest around midday Monday in Europe. 

 Traders say statements about interest rates and monetary policy over the weekend by Norway's finance minister, Jens Stoltenberg, has bolstered interest in the the Norwegian unit. 

 At 1130 GMT the Deutsche mark changed hands at 4.0040 kroner, down from 4.0200 kroner in early morning trade, and markedly lower from 4.0370 kroner late Friday in Europe. 

 'Stoltenberg's comments boosted confidence in the krone, and didn't dampen interest for the currency,' said one trader with a Scandinavian bank in Oslo. 

 In weekend article in Aftenposten, an Oslo newspaper, Stoltenberg said, 'There's room lower interest rates in Norway.' 

 'We'll achieve international credibility by maintaining a tight fiscal policy, and showing that we have no intention of fueling the economy with oil funds,' Stoltenberg said in the newspaper interview. 

 Stoltenberg also said in Aftenposten that Norges Bank's decision Friday to step down its interventions in the foreign exchange market won't change Norway's main and only monetary policy goal of a stable currency. 

 The comments follow a busy week in the foreign exchange market, where Norges Bank cut key interest rates twice last week in an effort to stem the Norwegian krone's rapid appreciation. The central bank's key deposit rate now stands at 3.25% and the overnight lending at 5.25% 

 Looking ahead, although traders predict the krone will continue to have a strong undertone, the Norwegian unit will encounter resistance at the technically significant 4.0000 kroner a mark level in the near term. Also, profit taking may knock the krone temporarily weaker against the mark, dealers said. 

 (MORE) AP-DOW JONES NEWS 13-01-97 

 1215GMT 

 1058"
Norway Central Bank /Cuts -3: Will  Intervene  Less ,1997-01-10," Since the start of 1996, the Norwegian currency has appreciated by 4.9% on the weighted European Currency Unit index to reach its strongest level in over four years. At 0929 GMT the unit stood at 98.72 on the ECU index significantly stronger than 104.05 at the start of 1996. 

 From the start of the year to Jan. 8, Norges Bank said it had bought foreign currency for 20 billion kroner. 

 The central bank also said according to the exchange rate regulation issued by Royal Decree, the krone may deviate temporarily from a particular range. However, the decree doesn't specify what the range is. 

 Based on this, Norges Bank said it won't intervene substantially in the foreign exchange market over a period, although it didn't say how long this period would last. 

 At 0929 GMT in the spot market, the Deutsche mark traded at 4.0495 kroner, down from 4.0860 kroner just before the rate change and 4.0810 kroner late Thursday afternoon in Europe. 

 (END) AP-DOW JONES NEWS 10-01-97 

 0936GMT"
"Norway  bank cuts rates again, curbs  intervention . ",1997-01-10," OSLO, Jan 10 (Reuter) - Norway's central bank, facing a runaway crown, cut official interest rates for the second time in two days on Friday only to see the oil-backed currency power to new peaks. 

 The beleaguered bank, buckling under market pressure, simultaneously announced it would now curb its massive but fruitless intervention and let the crown run its course for a while. 

 Effective immediately, the bank reduced the deposit rate and the overnight lending rate charged to commercial and savings banks by 25 basis points to 3.25 and 5.25 percent respectively. 

 But markets had discounted the cut, according to dealers. 

 Analysts say the crown is undervalued as the Norwegian economy is booming with huge surpluses in the national budget and current account. Norway is the world's second biggest oil exporter after Saudi Arabia. 

 Finance Minister Jens Stoltenberg said the government had no plans to change currency policies despite failing to keep the strong crown from appreciating. 

 ""We have not planned for that,"" Stoltenberg told reporters in response to a question. 

 He said the goal was to gradually return the crown to normal levels, but declined to say how this might be done. ""I don't want to say anything about possible measures. The central bank has the operative responsibility. It is the job of a finance minister to be a bit unclear in some areas."" 

 The bank on Wednesday announced a 50 basis point reduction in both rates effective Thursday, but in vain. Friday's cut also failed to slow down the crown's bull run. 

 ""The crown exchange rate has recently been under persistent pressure,"" the bank said in a statement. ""Norges Bank (central bank) has purchased foreign currency equivalent to 20 billion Norwegian crowns ($3.13 billion) since the start of 1997."" 

 The primary objective of Norwegian monetary policy is exchange rate stability. The crown is in a dirty float, which means the central bank intervenes to maintain a level that is not officially declared. 

 Announcing a temporary policy shift, the bank said ""...in the light of developments in the foreign exchange market, Norges Bank will not intervene to any substantial extent in the foreign exchange market over a period"". 

 Oystein Stephansen at S-E Banken in Oslo, commenting on the bank's decision to curb intervention, told Reuters Financial Television (RFTV): 

 ""It means that the crown might be more volatile than we've seen before, that the markets are going to have a closer look at the crown, possibly test it towards the D-mark...We are going to see a new level for the crown. 

 ""I expect it to stay there at least in the short term. We would have to see whether economic fundamentals then justify that level or whether we still have what you call an undervalued crown,"" Stephansen said. 

 The mark plunged to its lowest level against the Norwegian crown for more than four years because of a combination of weak German economic data released on Thursday and the curbing of intervention by the Norwegian central bank. 

 The mark/Norwegian crown rate fell to a low of 4.03 per mark before recovering to 4.0470/10 by midsession. At the start of this week the crown stood around 4.13 per mark. 

 (c) Reuters Limited 1997"
FOCUS-Nordic  currency  gains to stay in spotlight. ,1997-01-10," STOCKHOLM, Jan 10 (Reuter) - Nordic currencies, particularly the Norwegian crown, are expected to continue feeling upward pressure after lively central bank action on Friday ranging from market intervention to high-speed key rate cuts, dealers said. 

Norway's central bank, facing a runaway crown, cut official interest rates for the second time in two days on Friday only to see the currency power more than two percent in three days to a new four-year peak of 4.03 per mark at one stage. 

 Buckling under market pressure, the bank simultaneously announced it would now curb its massive but fruitless interventions and let the crown run its course for a while. 

 Dealers in Finland, Denmark and Sweden said their central banks had also sold their respective currencies, all of which have also been strengthening recently, for German marks. 

 The Norwegian and Swedish crowns have each risen more than two percent since January 7. The Danish crown and Finnish markka rises have been notable though less dramatic. 

 Dollar strength, coupled with strong economic growth prospects, have boosted currencies across the Nordic area although only Norway has so far seen the market test levels significant enough to force key rate cuts. 

 Oystein Stephansen at S-E Banken in Oslo told Reuters Financial Television the Norwegian central bank's decision to curb interventions would lead to more volatility. 

 ""Markets are going to have a closer look at the crown, possibly test it towards the D-mark. It is a tough call today when the markets are moving very rapidly. We are going to see a new level for the crown,"" he said. 

 Sweden's Riksbank, eager to show the currency is stable without being linked to the European Union's Exchange Rate Mechansim (ERM), has already said it would enter the market to iron out sudden crown movements. 

 ""It is a small stake to stop the strengthening of the crown in the international turbulence,"" one dealer said. ""The Riksbank is not worried about the crown in itself."" 

 Dealers said the dollar's recent surge has sparked interest in peripheral currencies, particularly in the Nordic ones because their economies have stronger than average European growth prospects. 

 Swedish economic think-tank KI forecasts gross domestic product (GDP) growth of 2.7 percent in 1997. Official forecasts for Finland are for GDP growth of up to four percent in 1997. 

 The Norwegian government said in its budget it expected 1997 GDP growth of 3.1 percent for the overall economy and 2.5 percent excluding oil production. For Denmark, consensus market forecasts are for 1997 GDP of 2.7 percent. 

 Analysts said these strong fundamentals suggest further gains for the Finnish markka, which has been linked to Europe's ERM since last October. 

 ""On balance, there are strengthening pressures on the markka,"" SE-Banken's Helsinki chief economist Esko Torsti said. 

 (c) Reuters Limited 1997"
"FOCUS-Mark tumbles on Euro crosses, Norway shines. ",1997-01-10," LONDON, Jan 10 (Reuter) - The mark weakened sharply on many of its European crosses on Friday, plunging to its lowest level against the Norwegian crown for more than four years and eroding key levels against the peseta. 

 The backdrop of weak German economic data released on Thursday helped to push the mark lower, while the apparent halting of intervention by the central banks of Norway and Spain sped up the decline, analysts said. 

 Many European countries have been locked in a struggle to prevent their currencies from appreciating further in order to avoid losing export competitiveness. 

 ""As it is, the central banks of Norway and Spain appear to have given up the fight for the time being,"" said Tony Norfield, treasury economist at ABN Amro in London. 

 But several other central banks were said to have jumped to the mark's defence in European morning trading as its weakness gathered momentum. 

 Dealers said the Bank of Finland sold markkas for marks, while the Bank of Portugal was seen buying marks for escudos. The Swedish Riksbank was also rumoured to have intervened in the market to slow the decline of the mark/Swedish crown rate. 

 The mark's slide accelerated after the Norwegian central bank said it would not intervene in the currency market for some time. It had been an aggressive seller of the crown recently to stem its appreciation, traders said. 

 The mark/Norwegian crown rate fell to a low of 4.03 per mark before recovering to 4.0470/10 by midsession. At the start of this week the crown stood around 4.13 per mark. 

 The crown is subject to a ""dirty float"", which means that the central bank intervenes to maintain a level that is not declared officially. 

 Announcing a temporary policy shift, the Norwegian bank said it would not intervene to any substantial extent in the foreign exchange market over a period. 

 The crown's surge forced the central bank to cut official interest rates for the second time this week, lowering the deposit and overnight rates by a quarter of a percentage point to 3.25 and 5.25 percent, respectively. 

 The Norwegian central bank said it had sold a cumulative 20 billion crowns ($3.1 billion) since the start of 1997. 

 Dealers said the mark/peseta rate fell through the key 84 peseta level as the Bank of Spain, which had been defending the mark heavily against the peseta since Wednesday, pulled its bids. 

 The Spanish central bank had been defending the 84 level for several months, they said. Its currency reserves have swollen considerably and rose by $1.64 billion in December to $61.83 billion. 

 The Norwegian crown has become a favourite for foreign exchange traders attracted by the solid fundamentals of the Norwegian economy, such as its huge, oil-related current account and fiscal surpluses, analysts said. 

 The recent rise in oil prices has been a boon for the crown as Norway is a key oil producer and exporter. 

 ""There is a lot on the plus side for the Norwegian crown and a lot of investors are waking up to that,"" said Norfield. 

 The weak mark theme was reinforced by German data released on Thursday. 

 ""It's not solely a Norwegian crown story,"" said Keith Edmonds, chief analyst at IBJ International in London. ""The weak German data helped revive speculation that German interest rates will be cut again."" 

 German unemployment rose by 48,000 in December to 4.156 million, or 10.8 percent of the workforce. 

 Gross domestic product data reinforced perceptions that the German economy would remain in the doldrums for quite some time. 

 GDP rose by 1.4 percent last year after 1.9 percent growth in 1995. The economy stagnated in the final quarter with virtually no growth from the third quarter. 

 -- London newsroom + 44 171 542 7792 ($1=6.396 Norwegian Crown) 

 (c) Reuters Limited 1997"
Norway Central Bank  says curbing  intervention . ,1997-01-10," OSLO, Jan 10 (Reuter) - Norway's Central Bank said on Friday it would not intervene on the foreign exchange market for some time to try and dampen a strongly appreciating crown. 

 In a statement announcing a second interest rate cut in two days, the bank said it would now significantly reduce its interventions in the foreign exchange market. 

 ""...in the light of developments in the foreign exchange market, Norges Bank will not intervene to any substantial extent in the foreign exchange market over a period,"" the bank said. 

 The bank said it had reduced its overnight deposit and overnight lending rate by 25 basis points to 3.25 percent and 5.25 percent respectively. 

 On Thursday the bank cut rates by 50 basis points. 

 ""Since the reduction in interest rates on January 8, the crown has continued to appreciate against European currencies and Norges Bank has had to intervene heavily in the market with a view to stabilising the exchange rate,"" the statement said. 

 The bank said it had bought foreign currency equivalent to 20 billion crowns since the start of 1997. 

 --Oslo newsroom, +47 22 42 50 41 

 (c) Reuters Limited 1997"
"Norway  Central Bank  Sold Norwegian Krone, Traders Say ",1996-12-03," OSLO (AP-Dow Jones)--According to local traders, Norway's central bank, Norges Bank, intervened in the foreign exchange market earlier Tuesday, selling Norwegian kroner to stem the currency's recent firming spurt. 

 Traders say Norges Bank intervened at around the 101.04 to 101.06 levels on the weighted ECU index, in sizable amounts. 

 At 1046 GMT, the krone is quoted at 101.05 on the ECU index, stronger than 101.13 on the index early Thursday morning in Europe and 4.1935 kroner late Wednesday in Europe. 

 In line with normal practice, Norges Bank refused to comment on any intervention. But local traders say the Norwegian central bank regularly intervenes to stabilize the krone, since a stable krone is the central bank's only stated monetary policy goal. 

 According to analysts, the central bank's intention isn't to target a specific level for the krone, but rather to dampen too sharp strengthening or weakening movements by the Norwegian unit. 

 Traders say Tuesday's intervention came as a counter-reaction to strong buying interest in the krone early on from foreign investors. 

 On Nov. 5, the central bank cut key official interest rates to cool the krone's strengthening streak. The 0.50 percentage point rate easing brought the deposit rate down to 4.00% and the overnight lending rate to 6%. 

 (END) AP-DOW JONES NEWS 03-12-96 

 1105GMT"
Nordic  Forex  -2: NOK Steady Vs DEM; Firming Spurt Slows ,1996-11-14," Meanwhile, in Norway, the Norwegian unit is steady against the Deutsche mark late Thursday in Europe, compared with levels the day before. 

 In spot trade at 1722 GMT, the German mark is at 4.1940 kroner, little changed from 4.1935 kroner late Wednesday in Europe. 

 However, earlier in the session traders said Norway's central bank, Norges Bank, intervened in the foreign exchange market, selling Norwegian kroner to stem the currency's recent firming spurt. Traders said Thursday's intervention came as a counter-reaction to strong buying interest in the krone early Thursday morning in Europe from foreign investors. 

 According to dealers, Norges Bank intervened at around the 4.1910 kroner a Deutsche mark level to 4.1920 kroner a mark levels, in undisclosed amounts. 

 In line with normal practice, Norges Bank refused to comment on any intervention. However, Oslo traders say the Norwegian central bank regularly intervenes to stabilize the krone. 

 According to analysts, the central bank's intention isn't to target a specific level for the krone, but rather to dampen too sharp strengthening or weakening movements by the Norwegian unit. 


Following are exchange rates for Nordic currencies at 1712 GMT
Thursday, compared with quotations from late afternoon Wednesday in
Europe:
                  Deutsche mark      ECU Index
Swedish SEK       4.3930    4.4135   114.54   114.97
Danish DKK        3.8381    3.8389    -       -
Norwegian NOK     4.1940    4.1935   101.24   101.21
Finnish FIM       3.0090    3.0130   100.03   100.11
Note: The weighted ECU index moves inversely to the currency's
strength, so that an increase represents a weakening of the currency.
The Danish krone isn't regularly quoted on a weighted ECU index.



(END) AP-DOW JONES NEWS 14-11-96



1725GMT


 1058"
Nordic  Forex : NOK Softer Vs DEM; After Early Firming Bout ,1996-11-14," OSLO (AP-Dow Jones)--The Norwegian krone is slightly softer against the Deutsche mark early Thursday afternoon in Europe, after a firming bout by the Norwegian unit earlier in the session. 

 Traders say the Norwegian central bank sold kroner earlier in the European session, in an effort to dampen the krone's strengthening streak. 

 In spot trade at 1310 GMT, the Deutsche mark is fetching 4.1932 kroner, up from 4.1885 in early morning trade Thursday, but little changed from 4.1935 kroner late Wednesday in Europe. 

 According to dealers, Norges Bank, Norway's central bank, intervened in the market selling kroner at around the 4.1910 kroner a mark level to 4.1920 kroner a mark level earlier in the day for undisclosed amounts. Traders say the intervention came as a counter-reaction to strong interest in the krone from foreign investors early on. 

 In line with normal practice, Norges Bank refused to comment on any intervention. But traders say the central bank regularly intervenes to stabilize the krone. 

 According to analysts, the central bank's intention isn't to target a specific level for the krone, but rather to dampen too sharp strengthening or weakening movements by the Norwegian unit. 

 However, looking ahead, markets players say the recent firming pressure on the krone will persist as strong economic fundamentals and a strong price of oil continue to underpin the Norwegian unit. 

 A trader with an Oslo-based bank predicted the krone is heading for the significant 101.00 points level on its theoretical ECU index in the near term. At around mid-session in Europe the currency was slightly softer at 101.23 points on the ECU index, from 101.21 late Wednesday. 

 (MORE) AP-DOW JONES NEWS 14-11-96 

 1314GMT 

 1058"
Norway's  Central Bank  Sold Norwegian Krone Traders Say ,1996-11-14," OSLO (AP-Dow Jones)--According to local traders, Norway's central bank, Norges Bank, intervened in the foreign exchange market earlier Thursday, selling Norwegian kroner to stem the currency's recent firming spurt. 

 Traders say Norges Bank intervened at around the 4.1910 kroner a Deutsche mark level to 4.1920 kroner a mark levels, in undisclosed amounts. 

 At 1226 GMT the Deutsche mark mark is quoted at 4.1941 kroner, up from 4.1905 kroner early Thursday morning in Europe and 4.1935 kroner late Wednesday in Europe. 

 In line with normal practice, Norges Bank refused to comment on any intervention. However, Oslo traders say the Norwegian central bank regularly intervenes to stabilize the krone, since a stable krone is the central bank's only stated monetary policy. 

 According to analysts, the central bank's intention isn't to target a specific level for the krone, but rather to dampen too sharp strengthening or weakening movements by the Norwegian unit. 

 Traders say Thursday's intervention came as a counter-reaction to strong buying interest in the krone early on from foreign investors. 

 Last week, the central bank cut key official interest rates to cool the krone's strengthening streak. The 0.50 percentage point rate easing brought the deposit rate down to 4.00% and the overnight lending rate to 6%. 

 (END) AP-DOW JONES NEWS 14-11-96 

 1247GMT"
Nordic  Forex -2: Mkt Mixed On Chances Of Norwegian Rate Cut ,1996-11-11," Meanwhile, measured on its theoretical ECU index, which moves inversely to the currency's strength, the krone was at 101.28 points at 1320 GMT, slightly weaker compared with 101.15 points late Friday in Europe. 

 In the near term, dealers expect the krone to stick to its current level of around 101.30 index points on its theoretical ECU index. 

 However, looking further ahead, market players are mixed about the chances of new interest rate easing from the Norwegian central bank. 

 Last week, Norges Bank surprised market players when it slashed 0.5 percentage point off its key rates, bringing its deposit rate to 4.00% and its overnight lending rate to 6.00%. 

 Some traders say the strengthening pressure on the krone will continue, with the currency expected to test the significant 4.1940 kroner a mark level. This was the level at which Norway's central bankintervened heavily last week to stem the krone's strengthening, traders say. 

 However, others argue that profit-taking is bound to set in after the Norwegian unit's recent firming run and this will relieve Norway's central bank from any immediate need to trim official interest rates in the near term. 


Following are exchange rates for Nordic currencies at 1351 GMT Monday,
compared with quotations from late afternoon Friday in Europe:
                  Deutsche mark      ECU Index
Swedish SEK       4.3945    4.3785   114.02   114.04
Danish DKK        3.8449    3.8449    -       -
Norwegian NOK     4.2052    4.1985   101.26   101.15
Finnish FIM       3.0190    3.0180   100.12   100.37
Note: The weighted ECU index moves inversely to the currency's
strength, so that an increase represents a weakening of the currency.
The Danish krone isn't regularly quoted on a weighted ECU index.



(END) AP-DOW JONES NEWS 11-11-96



1357GMT


 1058"
Norway 's NOK Softens Slightly On  Intervention  Speculation ,1995-09-15," OSLO (AP-DJ)--The Norwegian krone (NOK) is marginally weaker in quiet trade mid-session Friday, according to local dealers. 

 They say the currency has softened slightly against a basket of European crosses because of market expectations about central bankinterventions. 

 'The central bank has played its cards very wisely,' said a dealer with Citibank Norway in Oslo. 'It's achieved the objective of an intervention without actually carrying out the intervention, merely by playing on market psychology.' 

 The central bank intervened frequently with small amounts last week, local dealers say. Unlike most of its European counterparts, the Norwegian central bank is relatively active in the market, often carrying out small-scale inventions to smooth out the edges. 

 But this week, the central bank hasn't been seen in the market. Many investors who'd prepared for another round of interventions by buying up kroner last week have been forced to sell again this week, thereby weakening the currency, dealers say. 

 Measured on the theoretical weighted ECU index, which moves inversely to the currency's strength, the krone is at 103.21 points mid-session Friday, compared with 103.18 points late afternoon a day earlier. 

 Meanwhile, the Deutsche mark is trading at 4.3585 kroner, down from 4.3634 kroner late afternoon Thursday. The mark has weakened broadly because of the dollar's continued rally against the yen, which spilled over to Europe Friday morning, dealers say. 

 In the money market, the three-month Norwegian interbank lending rate (NIBOR) tightened Friday to 5.26% from 5.23% a day earlier. 

 (END) AP-DOW JONES NEWS 15-09-95 

 1234GMT 

 1162"
Norway 's  Central Bank Intervened  To Weaken NOK Sept 4-5 ,1995-09-11," OSLO (AP-DJ)--Norges Bank, the Norwegian central bank, increased its holdings of foreign currencies by the equivalent of 900 million kroner between Sept. 4 and 5, the bank said Monday. 

 That brings the bank's total currency reserves up to 147.4 billion kroner. 

 The bank presumably sold Norwegian kroner (NOK) in small-scale interventions to prevent the krone from continuing its recent strengthening streak. 

 Unlike most central banks, the Norwegian central bank plays a relatively active role in the Norwegian currency market with frequent but small interventions. 

 (END) AP-DOW JONES NEWS 11-09-95 

 1048GMT"
Norway 's NOK Gains Slightly Vs. DEM After  Intervention ,1995-08-02," OSLO (AP-DJ)--The Norwegian krone (NOK) is slightly stronger against the Deutsche mark shortly after the intervention by U.S. and Japanese central banks to strengthen the dollar Wednesday afternoon. 

 The Norwegian central bank said it didn't participate in any concerted European intervention, and Norwegian dealers say they saw no sign of any other European central banks in the currency market. 

 'The market was ripe for an intervention at this time,' said Aamund Lunde, an analyst with Den norske Bank AS in Oslo. 'The dollar had gained against the yen overnight, but it needed a push to make the same gains against the Deutsche mark as well.' 

 He said it was too early to say whether the intervention would actually work, but added, 'If it doesn't work, that's a bad omen for the dollar.' 

 At 1350 the mark is trading at 4.4195 kroner, sharply down from 4.4435 kroner late afternoon Tuesday. 

 In the money market, meanwhile, the Norwegian three-month interbank lending rate (NIBOR) continued to ease Wednesday to 5.53% from 5.55%. 

 (END) AP-DOW JONES NEWS 02-08-95 

 1349GMT 

 1162"
Norway  NOK Stable; Minor  Central Bank Intervention  Seen ,1995-05-05," OSLO (AP-DJ)--The Norwegian krone remains stable in a tight range in quiet trade Friday, dealers say. 

 They say the krone is trading in the weaker end of its 104.25-104.45 range on the weighted ECU trade index. 

 They say the krone's continuing weak position probably spurred a small central bank intervention to strengthen the krone in early morning trade Friday. 

 The central bank has bought kroner regularly in the past few weeks in an attempt to support the currency. The krone has slipped some on the ECU index since March, when it traded around 103.20 at its strongest. 

 Although the Norwegian krone is officially floating, the Norwegian central bank frequently intervenes with small amounts to keep the currency stable. 

 Meanwhile, traders say the market is calm ahead of the release of the government's revised budget Wednesday. 

 'The numbers aren't out yet, but the trend is widely known,' said a dealer with Den norske Bank AS in Bergen. 'The government is likely to tighten the budget further, and the market loves it.' 

 The budget currently has a deficit of 11 billion kroner, or 1.4% of gross domestic product (GDP). The newspaper Aftenposten reported earlier this week that the government plans to trim several billion kroner from the deficit. but not enough to swing it into a surplus. 

 However, analysts say they expect parliament to pass a budget with a surplus for next year. 

 On the international arena, dealers say they are looking for the French presidential election Sunday to calm European currency markets some. They say worries ahead of the election have spilled over to other markets, including Scandinavia. 

 In the money market, meanwhile, the three-month interbank lending rate tightened to 5.76% from 5.64%. 

 (END) AP-DOW JONES NEWS 05-05-95 

 1027GMT 

 1162"
Norway Central Bank  -2:  Intervened  Last Week To Firm NOK ,1995-04-27," OSLO (AP-DJ)--Norges Bank, Norway's central bank, said Thursday its foreign currency reserves fell by 1.1 billion kroner between April 19 and April 21, apparently because of intervention to strengthen the krone. 

 The central bank doesn't give the actual level of reserves in its biweekly reports. 

 The bank reports changes in currency reserves on Monday and Thursday every week with a one-week delay. 

 Although the Norwegian krone has officially been floating since 1992, the Norwegian central bank regularly intervenes in small amounts to keep the currency stable. 

 So far this year, the bank has increased its foreign currency reserves by 8.3 billion kroner. 

 (END) AP-DOW JONES NEWS 27-04-95 

 1225GMT"
Norway Central Bank  -2:  Intervened  Last Week To Firm NOK ,1995-04-24," OSLO (AP-DJ)--Norges Bank, Norway's central bank, said Monday its foreign currency reserves fell by 200 million kroner April 18-20, presumably because of interventions to strengthen the krone. 

 The bank reports changes in currency reserves every week with a one-week delay on Monday and Thursday. 

 Although the Norwegian krone has been officially floating since 1992, the Norwegian central bank regularly intervenes with small amounts to keep the currency stable. 

 So far this year, the bank has increased its foreign currency reserves by 9.4 billion kroner. 

 (END) AP-DOW JONES NEWS 24-04-95 

 1028GMT"
Norway Central Bank  Did Not  Intervene  April 3-4 ,1995-04-10," OSLO (AP-DJ)--Norges Bank, Norway's central bank, said Monday its foreign currency reserves remained unchanged April 3-4. The bank reports changes in currency reserves with a one-week delay on Monday and Thursday every week. 

 Although the Norwegian krone has officially been floating since 1992, the Norwegian central bank regularly intervenes with small amounts to keep the currency stable. 

 So far this year, the bank has increased its foreign currency reserves by 10.0 billion kroner. 

 (END) AP-DOW JONES NEWS 10-04-95 

 1026GMT"
Norway Central Bank Intervened  For 800 Mln NOK March 28-30 ,1995-04-06," OSLO (AP-DJ)--Norges Bank, Norway's central bank, said Thursday it had used 800 million kroner in currency interventions from March 28 though March 30. 

 Although the Norwegian krone has officially been floating since 1992, the Norwegian central bank regularly intervenes with small amounts to keep the currency stable. 

 The bank intervened to strengthen the krone, which has weakened some in the two past weeks. 

 So far this year, the bank has increased its foreign currency reserves by 10.0 billion kroner. 

 (END) AP-DOW JONES NEWS 06-04-95 

 1316GMT"
Norway 's NOK Weaker;  Interventions  Deemed 'Unsuccessful' ,1995-04-06," OSLO (AP-DJ)--The Norwegian krone is markedly weaker against the Deutsche mark Thursday morning following the mark's sharp strengthening in the wake of Wednesday afternoon's largely unsuccessful interventions by U.S., Japanese and German central banks, traders say. 

 But they add that the mark has retreated some from early morning highs, when it almost touched the all-time high from about a month ago. At its strongest Thursday morning, the mark traded at about 4.5030, compared with the all-time high of 4.5125 kroner reached March 8. 

 Since then, the mark has slid some and is trading at 4.4925 kroner in late morning. 

 Meanwhile, the krone is holding stable against other crosses, traders say, but the currency is nonetheless weaker on the theoretical ECU index because the mark is a heavy component in the weighted index, which moves inversely to the currency's strength. 

 The krone has weakened beyond the 104.00 level on the index for the first time since its broad gain in early March, when the currency dipped down to about 103.20 on the index as it weakened less against the mark than it strengthened against other crosses. In late morning trade, the krone is at 104.04 index points. 

 Analysts say the krone could consolidate at this weaker level for awhile, as the central bank, Norges Bank, probably would like to see a somewhat weaker krone in its attempts to help support the ailing dollar. But they add that the krone is likely to strengthen in the long term because of Norway's solid fiscal situation. 

 'We still believe the krone could appreciate in the course of the year, and that a strengtening beyond 103.00 ECU index points will cause the central bank to lower interest rates in the long term,' said Eirik Larsen, senior analyst at Den norske Bank AS (DnB) in Oslo. 

 (END) AP-DOW JONES NEWS 06-04-95 

 0850GMT 

 1162"
Traders See Little Impact For  Norway  NOK From  Intervention ,1995-04-05," OSLO (AP-DJ)--The interventions by the German Bundesbank and the U.S. Federal Reserve Wednesday aren't expected to have much impact on the Norwegian krone, dealers say. 

 'In the long term a weakening of the dollar will hurt the krone, but any short-term fluctuations due to central bank interventions won't affect the Norwegian currency unless the dollar sees a sharp strengthening as a consequence of the latest action by the Bundesbank and the Federal Reserve,' said Paal Martinsen with Industri & Skipbanken AS in Bergen. 

 He said it was very unlikely that the Norwegian central bank, Norges Bank, participated in the move, because the bank usually operates in the Norwegian market within its own opening hours. The bank closed at 1400 GMT Wednesday, and no one at the central bank was available for comment. 

Currency trading is usually very thin in Norway after the market close at 1400 GMT, which typically leads to greater fluctuations in the krone overnight. 

 After Wednesday's interventions, the dollar is up to 6.2055 kroner at 1500 GMT, compared with 6.1535 kroner an hour earlier. Meanwhile, the mark is down to 4.4800 kroner, down from 4.4835 kroner an hour earlier. 

 (END) AP-DOW JONES NEWS 05-04-95 

 1503GMT"
Norway 's  Central Bank  Didn't  Intervene  March 27-28 ,1995-04-03," OSLO (AP-DJ)--Norges Bank, the Norwegian central bank, did not intervene in currency markets from March 27 to 28, the bank confirmed Monday. 

 Although the Norwegian krone (NOK) is officially floating, the central bank frequently intervenes with small amounts to keep the krone stable. 

 So far this year, the central bank has increased its foreign currency reserves by 10.8 billion kroner. 

 (END) AP-DOW JONES NEWS 03-04-95 

 1112GMT"
Norway Central Bank  -2:  Intervened  To Weaken NOK ,1995-03-30," OSLO (AP-DJ)--Norges Bank, Norway's central bank, said Thursday it had used 200 million kroner in currency interventions from March 24 through March 28. 

 Although the Norwegian krone has officially been floating since 1992, the Norwegian central bank regularly intervenes with small amounts to keep the currency stable. 

 The bank intervened to weaken the krone, which has strengthened substantially since Norway's rejection of European Union membership on Nov. 28, 1994. 

 So far this year, the bank has increased its foreign currency reserves by 10.8 billion kroner. 

 (END) AP-DOW JONES NEWS 30-03-95 

 1002GMT"
Norway's NOK Stable; Lower Money Market Interest Rates ,1995-03-20," OSLO (AP-DJ)--Norway's krone is stable to slightly stronger in a quiet market Monday, traders say. 

 In early afternoon trade, the Deutsche mark trades at 4.4785 kroner, down from 4.4820 kroner late Friday. 

 Meanwhile, the krone appears to be strengthening some against other crosses. Measured on the unofficial ECU index, which moves inversely to the currency's strength, the krone is at 103.27 index points in the early afternoon, compared with 103.41 points late afternoon Friday. 

 'The krone probably won't strengthen much beyond the 103.20 level on the ECU index Monday,' said Arnstein Gundersen with Christiania Bank AS in Stavanger. 

 Local traders say there are no major data, neither from Norway nor from abroad, expected to have any impact on the Norwegian currency Monday. 

 The foreign currency reserves of Norges Bank, the central bank of Norway, remained unchanged at 145 billion kroner Monday and Tuesday last week, the bank said in its twice-weekly report Monday. 

 The size of the bank's currency reserves is released with a one-week delay on Monday and Thursday every week, indicating any interventions by the bank. Although Norway's krone is officially floating, the central bank frequently intervenes with small amounts to keep the krone stable. 

 In the money market, meanwhile, the three-month interbank lending rate has eased Monday to 5.33% compared with 5.45% Friday. 

 (END) AP-DOW JONES NEWS 20-03-95 

 1211GMT 

 1162"
Norway's  Central Bank  -2:  Currency  Reserves At 145 Bln NOK ,1995-03-20," OSLO (AP-DJ)--The foreign currency reserves of Norges Bank, the central bank of Norway, remained unchanged at 145 billion kroner Monday and Tuesday last week, the bank said in its twice-weekly report Monday. 

 The size of the bank's currency reserves is released with a one-week delay on Monday and Thursday every week, indicating any interventions by the bank. Although Norway's krone is officially floating, the central bank frequently intervenes with small amounts to keep the krone stable. 

 (END) AP-DOW JONES NEWS 20-03-95 

 1206GMT"
Norway Central Bank  Spent 1.5 Bln NOK To  Intervene  Mar.8-10 ,1995-03-16," OSLO (AP-DJ)--Norges Bank, Norway's central bank, said Thursday it spent 1.5 billion kroner for currency intervention from March 8 through March 10. 

 Although the Norwegian krone has officially been floating since 1992, the Norwegian central bank regularly intervenes in small amounts to keep the currency stable. 

 The bank had intervened to weaken the krone, which has strengthened substantially since Norway rejected European Union membership on Nov. 28, 1994. 

 So far this year, the bank has increased its foreign currency reserves by 10.0 billion kroner to 145 billion kroner, the bank said Thursday. 

 (END) AP-DOW JONES NEWS 16-03-95 

 1446GMT"
Norway's NOK Strengthens In Calming Mkt; U.S. Jobs Data Eyed ,1995-03-10," OSLO (AP-DJ)--Norway's krone is strengthening Friday as traders await the release of U.S. jobless data at 1330 GMT for a fresh indication of the U.S. economy and the likely course of the dollar in coming days. 

 Measured on the theoretical weighted ECU index, which moves inversely to the currency's strength, the krone is at 103.24, compared with 103.63 late afternoon Thursday. 

 Traders say Norges Bank, the central bank hasn't been seen intervening in the market. But, many believe the central bank will intervene to prevent the krone trading below 103.20 on the index. Norway's central bank frequently intervenes with small amounts to keep the krone stable. 

 Against the Deutsche mark, the krone has also strengthened Friday. At 1150 GMT the mark trades at 4.4535 kroner, down from 4.4725 late afternoon Thursday. 

 'The market is calmer Friday, but there's a sense this is a lull before the storm,' said a dealer with a bank in Northern Norway. There are rumors in the market that there could be intervention in support of the dollar later Friday, said the dealer. 

 He said the market largely ignored Norwegian consumer price data released Friday. The state statistics agency said Norwegian prices rose 0.4% in February from January, bringing the year-on-year rise to 2.6%. 

 'Inflation has risen lately, but there's still no fear in the market that the Norwegian economy could be overheating,' he said. 

 Norwegian retail sales data were also released Friday. The state statistics agency said retail sales rose 4.8% in January compared with the same month a year earlier. 

 In the money market, meanwhile, the three-month interbank lending rate rose Friday to 5.70%, compared with 5.61% Thursday. 

 (END) AP-DOW JONES NEWS 10-03-95 

 1208GMT 

 1162"
Norway's NOK Weaker Vs DEM; Up From Early Morning Lows ,1995-03-03," OSLO (AP-DJ)--The Norwegian krone is weaker versus the Deutsche mark Friday as the currency suffers from the latest bout of European currency market jitters following concerted central bank interventions to prop up the dollar Friday morning. 

 At 1200 GMT, the mark is trading at 4.4233 kroner, up from 4.4185 kroner late Thursday in Europe. The krone has regained some strength against the mark though, with the German currency hitting highs of around 4.4275 kroner early Friday. 

 The krone is however, well above its all-time lows versus the mark which it set earlier this week. On Monday, the mark hit a record high of 4.4405 kroner. 

 Meanwhile though, the krone is remaining largely stable on its theoretical European Currency Unit (ECU) index, which moves inversely to the currency's strength. At 1200 GMT, the krone trades at 103.56, compared with 103.52 midday Thursday. 

 Krone traders are keeping their focus on the dollar, with some expecting more currency interventions later Friday. Many see dollar buying by central banks giving a helping hand to the other European currencies like the krone in regaining some strength versus the mark. 

Norway's central bank also participated in Friday morning's interventions. It confirmed that it intervened buying dollars two times Friday morning. 

 In the money market, meanwhile, the three-month interbank lending rate eased to 5.26% Friday from 5.32% a day earlier. 

 (END) AP-DOW JONES NEWS 03-03-95 

 1210GMT 

 1162"
Norway's NOK Strengthens With DEM; Traders See Trend ,1995-03-02," OSLO (AP-DJ)--The Norwegian krone is strengthening along with the Deutsche mark Thursday, dealers say. As the krone gains against other European crosses, it remains stable against the German currency. 

 In mid-afternoon trade in the spot market, the mark trades at 4.4178 kroner, little changed from 4.4162 kroner the day before. 

 Measured on the theoretical ECU index, which moves inversely to the currency's strength, the krone is slightly firmer at 103.52 pointsin mid-afternoon trading Thursday, compared with 103.65 points late afternoon Wednesday. 

 Although the mark is a heavy component of the weighted index, dealers say the krone's strengthening against other currencies is substantial enough to yield a total gain of 0.1% on the index since late afternoon Wednesday. 

 Dealers said they had seen no trace of Norges Bank, the central bank, in the market Thursday, despite the krone's strengthening streak. Although the krone is officially floating, Norway's central bank frequently intervenes in the market with small amounts to keep the krone stable. 

 'The krone's strengthening this week merely confirms a trend we've noticed ever since the referendum on European Union membership on Nov. 28 of last year,' said a dealer with Fokus Bank A.S. in Norway. 'Some foreign traders, particularly from London, are fleeing to the krone when the market's in turmoil. There's no doubt in my mind the krone is one of the strongest currencies in Europe now, and that it's quickly building a reputation as a safehaven.' 

 In the money market, meanwhile, the three-month interbank lending rate eased marginally Thursday to 5.32%, from 5.33% the day before. 

 (END) AP-DOW JONES NEWS 02-03-95 

 1313GMT 

 1162"
Norway's NOK Weaker Against Most European Crosses ,1995-02-20," OSLO (AP-DJ)--Norway's krone is slightly weaker against most European crosses, notably the Deutsche mark, in early-afternoon trade Monday. 

 In line with the pan-European trend, the krone is weakening against the mark as market players rally to the perceived safe haven of the German currency. In the spot market the mark traded at 4.3974 kroner at 1210 GMT Monday, up from 4.3875 kroner late afternoon Friday. 

 Measured on the unofficial ECU index, which moves inverse to the currency's strength, the krone is weaker at 103.74 points early afternoon Monday, from 103.66 points late afternoon Friday. 

 Last week, the krone strengthened against most other European crosses because of news that government revenues would increase dramatically on the back of higher-than-projected oil production. 

 Dealers say Norges Bank, the central bank, intervened late last week to weaken the krone. In Norway, the central bank frequently intervenes with small amounts to prevent the krone from strengthening or weakening too sharply, although the currency is officialy floating. 

 'I believe the krone will remain strong,' said a dealer with Finansbanken a.s. 'The fact that the krone strengthened substantially (last week) while the pound and the Swedish krona softened, is an indication of the market's long-term confidence in the currency.' 

 (MORE) AP-DOW JONES NEWS 20-02-95 

 1251GMT 

 1162"
"Norway's NOK Softer Against DEM, But Strong On ECU Index ",1995-02-17," OSLO (AP-DJ)--Norway's krone is slipping against the Deutsche mark Friday, but is holding on to its strong gains against other European currencies as market players report the Norwegian central bank is selling off kroner in order to prevent the currency from firming further. 

 Although the Norwegian krone is officially floating, Norges Bank, Norway's central bank, regularly intervenes in the market with small amounts to keep the currency stable. 

 Against the Deutsche mark, the krone is weakening in line with most other European currencies. In early-afternoon trade Friday the mark is at 4.3908 kroner, up from 4.3865 kroner late afternoon Thursday. 

 But measured on the unofficial weighted ECU index, which moves inverse to the currency's strength, the krone is holding on to gains made earlier in the week. The krone is trading at 103.70 point on the index early afternoon Friday, little changed from late Thursday's level of 103.66 points. 

 Dealers say the krone firmed to 103.65 points on the ECU index Friday morning, its strongest level since the krone was allowed to float in 1992. 

 'But the central bank won't let the krone strengthen below the 103.70 level,' one dealer said. He said the bank is selling off kroner to offset a further strengthening of the krone against other European currencies. 

 'The central bank now has to make a decision whether its monetary policy should give priority to keeping inflation low or to increasing Norway's competitiveness,' said DnB Fonds, Norway's largest arbitrage company, in an analysis this week. 

 DnB Fonds said a tightening of monetary policies would strengthen the Norwegian krone. Such a policy would enable the bank to fight inflation, but would hurt Norwegian businesses' international competitiveness. 

 (MORE) AP-DOW JONES NEWS 17-02-95 

 1115GMT 

 1162"
Norway's NOK Strengthens On Higher Oil Revenues ,1995-02-16," OSLO (AP-DJ)--Norway's krone is strengthening Thursday against most European currencies following Wednesday's news that the government will see its revenues increase dramatically because of higher oil production. 

 Measured on the unofficial ECU index, which moves inversely to the currency's strength, the krone is at 103.66 points in mid-afternoon trade, down from 103.84 points late afternoon Wednesday. 

 In line with most European currencies though, the krone is weaker against the Deutsche mark, although dealers point out the krone is softening much less than other crosses. At 1235 GMT the mark trades at 4.3850 kroner, up from 4.3765 kroner late afternoon Wednesday. 

 'This is most likely a permanent strengthening of the krone based on Norway's solid economic fundamentals,' said one dealer with Den norske Bank (DnB) in Bergen. 'Month after month the krone's been supported by positive current account data. Now, with the unexpectedly high oil revenues coming in on top of that, the krone's firming Thursday is a reflection of long-term confidence in the economy.' 

 He said the krone is now at its strongest level on the ECU index since the currency was allowed to float in 1992. He said he did not know whether the central bank had intervened to weaken the krone. Norway's central bank frequently intervenes with small amounts to keep the krone stable. 

 (MORE) AP-DOW JONES NEWS 16-02-95 

 1322GMT 

 1162"
Norway's NOK Firms; Trade Surplus Rose 54% Mo-On-Mo ,1995-02-13," OSLO (AP-DJ)--Norway's krone is stronger against most European crosses Monday, notably against a broadly weaker British pound. Dealers said positive trade data released Monday supported the krone's strength. 

 At 1335 GMT the pound trades at 10.3995 kroner, down from 10.4090 kroner late Friday. 

 Measured on the unofficial ECU index, which moves inverse to the currency's strength, the krone is at 103.84 points in mid-afternoon trade Monday, compared with 103.90 points late Friday. 

 'The krone is now at its firmest level on the ECU index since November 1992,' said a dealer with Fokus Bank a.s. in Trondheim. 

 He said Norges Bank, the Norwegian central bank, regularly intervenes to weaken the krone when it strengthens beyond the 103.85 level on the ECU index. In Norway, the central bank frequently intervenes with small amounts, even though the currency is floating. 

 The dealer said there had been no sign of the central bank in the market so far Monday. 

 Against the Deutsche mark, however, the krone continues to weaken slightly Monday. At 1335 GMT the Deustche mark trades at 4.3796 kroner, up from 4.3753 late Friday. 

 Dealers said trade balance figures released Monday confirmed the krone's strong position. The data, released by the state statistics agency, showed that Norway's trade balance surplus rose 54% to 6.3 billion kroner in January, compared with 4.1 billion kroner a month earlier. 

 Compared with the year earlier, the trade surplus rose 33% from 4.7 billion kroner in January 1994. 

 Excluding the oil and offshore industry, there was a trade deficit in January of 3.6 billion kroner, the same as in January 1994, the statistics agency reported. 

 Meanwhile, in the money market, the Norwegian three-month interbank lending rate tightened to 5.63% Monday, from 5.47% Friday. 

 (END) AP-DOW JONES NEWS 13-02-95 

 1353GMT 

 1162"
Norway Central Bank  Says 1994  Interventions  Balanced Out ,1995-01-26," OSLO (AP-DJ)--Intervention in foreign exchange markets by Norges Bank, the central bank of Norway, balanced out last year and the net interventions 'amounted to virtually nothing,' Torstein Moland, the governor of Norges Bank said Thursday. 

 He said selling of foreign currency before the European Union membership referendum on Nov. 28 had been offset by buying of foreign currency when the krone began to firm after the referendum. 

 He said interest rates had fallen substantially since the referendum, but are still higher than a year ago. 

 The governor spoke to a group of economists gathered for a yearly currency seminar. 

 (MORE) AP-DOW JONES NEWS 26-01-95 

 1641GMT"
Norway's NOK Softens In Line With Other Scandinavian Units ,1995-01-18," OSLO (AP-DJ)--The Norwegian krone is slightly weaker against most European crosses in very light trade mid-afternoon Wednesday. 

 Compared with last week, when the Scandinavian currencies suffered a broad softening streak because of turmoil on the international currency markets, the krone is firmer this week. But the Norwegain unit is trading within a wider range because of the thin volume. 

 'Last week, the krone moved within the range of 103.94 to 104.05 on the ECU index. Wednesday it has been moving between 103.83 and 104.00,' said a dealer with Handelsbanken in Oslo. The unofficial ECU index moves inversely to the currency's strength. 

 At 1400 GMT the krone is softer at 104.00 on the index, compared with 103.88 late afternoon Tuesday. 

 Although the krone is officially a floating currency, dealers say in practice the central bank, Norges Bank, will often smooth out ripples in the market with very limited interventions. 

 Dealers say the central bank tends to sell off small amounts of kroner when the currency dips below 104.00 on the ECU index. However, Norway's central bank reports its interventions only one week after the event. 

 'In line with the bank's policy, I can't comment on whether we have sold Norwegian kroner in the past few days,' said Leif Eide, director of market operations at Norway's central bank. 

 Against the Deutsche mark, the krone is softening in line with other Scandinavian currencies. The mark is trading at 4.3777 kroner at 1400 GMT, up from 4.3703 kroner late afternoon Tuesday. 

 In the money market, the Norwegian three-month interbank lending rate is unchanged from Tuesday at 5.74%. 

 (END) AP-DOW JONES NEWS 18-01-95 

 1409GMT 

 1162"
