title,date,text
"Hungary, Factors to watch, March 12",2014-03-12,"BUDAPEST, March 12 (Reuters) - Following is a list of events in Hungary and the region, as well as news stories and press reports which may influence financial markets.               

(For any queries: Budapest editorial +36 1 327 4745)                              

WHAT IS HAPPENING IN HUNGARY (ALL TIMES GMT)               

BUDAPEST - Trade balance, Jan (0800)                              

IN THE REGION               

ROMANIA - Trade balance, Jan (0800)               

SLOVAKIA - Inflation, Feb (0800)               

SLOVAKIA - Industry output, Jan (0800)               

CZECH - NATO conference with NATO Sec Gen Robertson, Czech PM, President (0900)               

CZECH - Conference on CNB FX interventions with Czech, Slovak cbank governors (1330)                              

IN THE NEWS REUTERS               

Hungary's annual inflation 0.1 percent in February - stats               

Hungary's headline inflation was 0.1 percent in annual terms in February after year-on-year inflation fell to zero in January, the Central Statistics Office (KSH) said on Tuesday.               

TABLE                              

CEE MARKETS - Forint dips as low CPI fuels rate cut expectations               

The forint eased on Tuesday after inflation rose less than expected in Hungary, reinforcing expectation the country's central bank will cut interest rates again.                              

Czech PM wants EU support for energy security investment               

Released: 2014-3-12T07:50:35.000Z"
FACTBOX-Five facts on Slovak cbank governor Sramko,2008-12-31,"BRATISLAVA, Dec 31 (Reuters) - Ivan Sramko, governor of the National Bank of Slovakia (NBS), will take a seat on the policy-making Governing Council of the European Central Bank (ECB) after Slovakia becomes the 16th member of the euro zone on Jan. 1.

Following are five facts about Ivan Sramko:

-- Sramko was born on Sept. 3, 1957 in Bratislava and graduated from the Bratislava-based Economic University in 1980. He is married and has three children.

-- He became NBS governor on Jan. 1, 2005, after having served as the bank's deputy governor since Jan. 11, 2002.

-- Sramko joined the central bank from his post as a board member of Tatra Banka, Slovakia's third largest bank and a unit of Austria's Raiffeisen Bank. He was the CEO of small local bank Istrobanka before.

-- Under Sramko's leadership, the NBS repeatedly intervened to slow the appreciation of the Slovak crown. It also propped up the crown in 2006 when it weakened due to investors fearing the new leftist government would dismantle market-friendly reforms and abandon the 2009 euro adoption target.

-- Sramko oversaw Slovakia's entry to the exchange rate mechanism ERM-2 in 2005 and two revaluations of the crown's parity rate within the pre-euro currency grid. Before the unit was irrevocably fixed to the euro in July 2009, Sramko said the exchange rate had a minor impact on inflation and cautioned about the negative effect of too strong a currency on the economy, which the market viewed as a sign he was against an overly strong conversion rate for the euro switchover.

In the end, Prime Minister Robert Fico had advocated as strong a conversion rate as possible, and the fixing rate of 30.1260 crowns per euro was the unit's strongest level ever. (Reporting by Peter Laca; Editing by Michael Winfrey/Tony Austin)

SLOVAKIA-EURO/SRAMKO (FACTBOX)|LANGEN|ABN|M|D|CZS|DNP"
Slovakia - Factors To Watch on Oct 17   ,2007-10-17,"BRATISLAVA, Oct 17 (Reuters) - Here are news stories, press reports and events to watch which may affect Slovak financial markets on Wednesday.   

GOVERNMENT MEETING   

Government will hold its regular weekly meeting, 0800 GMT.   

SEPT JOBLESS DATA   

Labour Office will release September jobless rate data, 0900 GMT.   

NO BIG NEED FOR RATE HIKE-SLOVAK CBANKER   

Slovak EU-norm inflation has picked up more than expected due to food price growth, but there is no big need to tighten monetary conditions, central bank (NBS) board member Ludovit Odor said on Tuesday.   

[ID:nL16552908] [RTRS-PLCY-CEN--SK]   

SEPT CPI OFF RECORD LOW, BUT EURO ON TRACK   

Rising food prices lifted Slovak EU-norm inflation from record lows in September, but analysts said interest rates would stay on hold as the country appeared on track to meet a key euro entry test.   

[ID:nL16530233] [RTRS-MCE-ECI-SK]   

[ID:nL16891453] [RTRS-MCE-ECI-SK]   

C.BANK SAYS SEPT INFLATION ABOVE ITS FCAST   

Slovak EU-norm inflation, running at 1.7 percent year-on-year, was above the central bank's (NBS) forecast in September mainly due to a sharper increase in food prices, the NBS said on Tuesday.   

[ID:nPRG000544] [RTRS-MCE-ECI-CEN-SK]   

ENEL MAY RETHINK SLOVAK INVESTMENT IF RULES CHANGE   

Italy's Enel could rethink its plans to invest $4.64 billion in Slovakia if the government intervenes in the free energy market, Enel's Slovak unit said on Tuesday.   

[ID:nL16265500] [RTRS-UTIL-ELEU-ELG-SK]   

CBANK DRAINS SKK 156 BLN IN REPO TENDER   

The Slovak central bank (NBS) accepted all bids in a regular two-week repo tender on Tuesday, draining 156.046 billion crowns ($6.59 billion) from the market, NBS data showed.   

[ID:nL16362482] [RTRS-CEN-MMT-INT-SK]   

PRESS DIGEST   

------------   

PENSION SYSTEM   

Slovak ruling coalition parties have agreed on changes to the pension system. Parliament is expected to debate the draft later his month.   

Sme, page 2   

FICO MEETS GYURSCANY   

Prime Minister Robert Fico is expected to meet his Hungary's counterpart Ferenc Gyurscany in Lisbon later this week, seeking ways to calm political tensions between Slovakia and Hungary.   

Sme, page 2   

SONY LAUNCHES PRODUCTION   

Sony starts mass production at its 73 million-euro ($103.7 million) plant near the western Slovak town of Nitra.   

Sme, page 6   

HIGHWAY CONSTRUCTION   

The government is expected to debate the transport ministry's plan to build 151 kilometers of highways through public-private partnerships. The finance ministry's analysis advises to cut the planned volume by 30 percent.   

Sme, page 9   

PM FICO ILL   

Prime Minister Robert Fico was forced to scrap his program for an illness on Wednesday.   

Pravda, page 4   

For news on upcoming events in the United States and other Group of Seven countries, see <G7TODAY>. For a diary of forthcoming Slovak events, double click [SK/DIARY], and a calendar of east European economic indicators, see [CONV/DIARY].   

News editor of the day: Peter Laca on +421 2 5341 8402; fax: +421 2 5341 8403   

E-mail: editorial@reuters.sk   

Reuters Messaging: peter.laca.reuters.com@reuters.net   

For real-time index quotes, double click in brackets:   

Warsaw WIG20 <.WIG20> Budapest BUX <.BUX> Prague PX50 <.PX50> Other related news:    


 Slovak equities      [SK-E]  E.Europe equities           [.CEE]
 Slovak money         [SK-M]  Czech debt                  [CZ-D]
 Slovak Indicators  [SK-ECI]  Emerging forex          [EMRG/FRX]
 Eastern European     [EEU]   All emerging markets        [EMRG]
 Hot stocks           [HOT]   Stock markets                [STX]
 Market debt news     [DBT]   Forex news                   [FRX]
 TOP NEWS -- Emerging markets                         [TOP/EMRG]
 TOP NEWS -- Convergence watch                        [TOP/EAST]
   

SLOVAKIA-FACTORS/|LANGEN|Table|ABN|M|D|E|RBN|CZS|REVU|RNP|DNP|PTD|PMF"
TABLE-Slovak c.bank  forex  reserves rise to $17.66 bln   ,2007-06-01,"June 1 (Reuters) - The Slovak central bank's (NBS) foreign currency reserves edged up to $17.658 billion as of May 30, from $17.603 billion a week ago, the bank said on Friday.   

Central bank reserves jumped seven weeks ago after the NBS intervened on the foreign exchange market to weaken the crown.   

The NBS said, after a monthly monetary policy meeting on Tuesday, the size of its April 4 intervention reached 700 million euro. SLOVAK FOREIGN RESERVES MAY 30 MAY 23 MAY 16 ($ million)    

Central Bank               17,657.5    17,602.6   17,702.1
 Commercial banks            2,029.7     2,307.3    3,295.7
 Total banking sector       19,687.2    19,909.9   20,997.8
 NOTE: Reserves data are calculated according to methodology
compatible with European Central Bank standards.
  (Reporting by Martin Santa in Bratislava)
   

SLOVAKIA-CBANK/RESERVES|LANGEN|Table|ABN|M|D|CZS"
Slovakia - Factors To Watch on May 30   ,2007-05-30," BRATISLAVA, May 30 (Reuters) - Here are news stories, press reports and events to watch which may affect Slovak financial markets Wednesday.   

 GOVERNMENT MEETING   

 The government will hold a regular meeting in the eastern Slovak town of Sobrance.   

 TELEFONICA NEWS CONFERENCE   

 Mobile phone services provider, Telefonica O2 Slovakia, to hold a news conference, 0830 GMT.   

 CBANK HOLDS RATES, SIGNALS EASING PAUSE   

 The Slovak central bank (NBS) left interest rates unchanged at a policy meeting on Tuesday and signalled a pause in the current monetary policy easing as recent inflation and trade data were worse than expected.   

 [ID:nL29581569] [RTRS-CEN-PLCY-SK]   

 CBANKER: BOARD UNANIMOUS IN HOLDING RATES   

 The Slovak central bank (NBS) held interest rates at a policy meeting on Tuesday because recent economic data differed slightly from forecasts and the NBS needs more time to analyse the figures, Governor Ivan Sramko said.   

 [ID:nPRG000365] [RTRS-CEN-PLCY-SK]   

 CBANK APRIL INTERVENTION HIT 700 MLN EUROS   

 The Slovak central bank (NBS) said on Tuesday it had bought 700 million euros in one intervention aimed at curbing the crown's strength on April 4.   

 [ID:nL29191430] [RTRS-MMT-FRX-CEN-SK]   

 END-MARCH CURRENT ACCOUNT SURPLUS SKK 0.7 BLN   

 Slovakia's current account showed a preliminary surplus of 0.7 billion crowns ($27.79 million) at the end of the first quarter, compared with a gap of 23.3 billion a year ago, the central bank (NBS) said on Tuesday.   

 [ID:nPRG000366] [RTRS-MCE-ECI-CEN-SK]   

 GAS FIRM SPP 2006 PROFIT JUMPS, DIVIDENDS UP   

 Slovakia's top natural gas firm  Slovensky Plynarensky Priemysel (SPP) reported on Tuesday a 17.6 percent jump in its net profit for 2006, and decided to pay the entire amount out in dividends.   

 [ID:nL29658442] [RTRS-ELG-NGS-SK]   

 CROWN DOWN VS EURO ON REGION, IGNORES C.BANK   

 Bearish sentiment on emerging markets pushed the Slovak crown weaker against the euro on Tuesday and analysts said the unit was likely to ease further in the short-run.   

 [ID:nL2911162] [RTRS-MMT-FRX-SK]   

 CBANK DRAINS SKK 168 BLN IN 2-WK REPO   

 The Slovak central bank (NBS) accepted all bids in a regular two-week repo tender on Tuesday, draining 167.892 billion crowns ($6.64 billion) from the market.   

 [ID:nL2963826] [RTRS-FRX-CEN-SK]   

 END-FEB FOREIGN DEBT RISES TO $32.2 BLN   

 Slovakia's gross foreign debt rose to $32.177 billion at the end of February from $31.280 billion at the end of January, the central bank (NBS) said on Tuesday.   

 [ID:nL29293475] [RTRS-MMT-ECI-CEN-SK]   

 PRESS DIGEST   

 ------------   

 CBANK DEPUTY GOVERNOR   

 Viliam Ostrozlik, appointed to the central bank's policy-making board earlier this year, is the most likely candidate for the post of central bank deputy governor, sources who wished not to be named said.   

 Pravda, page 2   

 FUEL PRICES   

 Prime Minister Robert Fico wants to bring Slovak petrol fuel prices to the lowest level in the European Union. The government would have to cut excise taxes to achieve that goal and make fuels less expensive, analysts said.   

 Sme, page 7   

 SLOVAKIA, CZECH REPUBLIC, POLAND SUE EU   

 Slovakia, Czech Republic and Poland will file a lawsuit against the European Commission (EC), against its fine for excess inventories of some goods.   

 Sme, page 9   

 AUSTRIA IMMORENT TO INVEST $238 MLN IN KOSICE   

 Austria's Immorent is expected to build an industrial-logistic centre, worth 6 billion crowns ($238.2 million), in the eastern Slovak town of Kosice.   

 Hospodarske Noviny, page 13   

 For news on upcoming events in the United States and other Group of Seven countries, see <G7TODAY>. For a diary of forthcoming Slovak events, double click [SK/DIARY], and a calendar of east European economic indicators, see [CONV/DIARY].   

 News editor of the day: Peter Laca, on +421 2 5341 8402; fax: +421 2 5341 8403   

 E-mail: editorial@reuters.sk   

 Reuters Messaging: peter.laca.reuters.com@reuters.net   

 For real-time index quotes, double click in brackets:   

 Warsaw WIG20 <.WIG20>  Budapest BUX <.BUX>  Prague PX50 <.PX50>  Other related news:    


 Slovak equities      [SK-E]  E.Europe equities           [.CEE]
 Slovak money         [SK-M]  Czech debt                  [CZ-D]
 Slovak Indicators  [SK-ECI]  Emerging forex          [EMRG/FRX]
 Eastern European     [EEU]   All emerging markets        [EMRG]
 Hot stocks           [HOT]   Stock markets                [STX]
 Market debt news     [DBT]   Forex news                   [FRX]
 TOP NEWS -- Emerging markets                         [TOP/EMRG]
 TOP NEWS -- Convergence watch                        [TOP/EAST]
   

Slovakia - Factors To Watch on May 30|LANGEN|ABN|M|D|E|RBN|CZS|REVU|RNP|DNP|PTD|PMF"
Slovak  cbank April  intervention  hit 700 mln euros   ,2007-05-29,"BRATISLAVA, May 29 (Reuters) - The Slovak central bank (NBS) said on Tuesday it had bought 700 million euros in one intervention aimed at curbing the crown's strength on April 4.   

The crown, the fastest rising currency in central Europe last year, hit a record of 32.710 per euro on March 19 after its peg to the euro within the exchange rate mechanism ERM-2 was revalued by 8.5 percent.   

The Slovak unit has lost 3.9 percent to the euro since then, partly due to NBS efforts to stem its rise.   

Apart from interventions, the central also flooded the market with excess crown liquidity to make it less attractive for hot money.   

The crown was quoted at 34.035 per euro <EURSKK> as of 1300 GMT, following the central bank Tuesday's decision to leave key two-week repo rate unchanged at 4.25 percent, after two 25 basis-points cuts in March and April.   

SLOVAKIA-CBANK/INTERVENTION|LANGEN|Table|ABN|D|M|CZS|DNP"
"Slovak crown further down on region, euro rumour   ",2007-05-25,"BRATISLAVA, May 25 (Reuters) - The Slovak crown weakened through 34.0 level against the euro to a 10-week low on Friday amid easing on global emerging markets and rumours of an early setting of an euro conversion rate for the currency.   

The crown traded in a volatile session as low as 34.130 to the euro, its weakest level since its peg to the euro in the exchange rate mechanism ERM-2 was revalued by 8.5 percent in mid-March, before rebounding slightly to 34.050 as of 1330 GMT.   

It traded at 33.850 late on Thursday.   

""There is profit taking in the whole region, which is mostly felt on the crown,"" said Tatra Banka trader Milan Cavojec. ""It is partly an the effect of the interventions.""   

The Slovak central bank sold an estimated 2.5 billion euros on the market in March and April interventions aimed at halting fast firming of the crown. Analysts have said the interventions allowed foreign players to open bigger positions, which has made the crown more vulnerable to changes of sentiment on emerging markets.   

The crown also traditionally comes under pressure in April and May as local companies pay dividends to their foreign shareholders, traders said.   

In addition, several traders in Bratislava said the crown was also affected by a rumour that its conversion rate to the euro will be fixed in the near future.   

Slovakia plans to adopt the euro in 2009, with the conversion rate expected to be set at around mid 2008, but it has yet to meet inflation and fiscal criteria for euro zone entry.   

""The rumour is a factor moving the crown, however incredible or improbable it sounds,"" a foreign bank trader in Bratislava said.   

SLOVAKIA-CROWN/AFTERNOON|LANGEN|CZS|ABN|M|D|RBN|RNP|DNP|PTD|PMF"
TABLE-Slovak c.bank  forex  reserves fall to $17.6 bln   ,2007-05-25,"May 25 (Reuters) - The Slovak central bank's (NBS) foreign currency reserves fell to $17.603 billion as of May 23 from $17.702 billion a week ago, the bank said on Friday.   

Central bank reserves jumped six weeks ago after the NBS intervened on the foreign exchange market to weaken the crown.   

The NBS is expected to announce the size of its April intervention after a monthly monetary policy meeting on May 29. SLOVAK FOREIGN RESERVES MAY 23 MAY 16 MAY 9 ($ million)    

Central Bank               17,602.6   17,702.1   17,786.5
 Commercial banks            2,307.3    3,295.7    2,309.4
 Total banking sector       19,909.9   20,997.8   20,095.9
 NOTE: Reserves data are calculated according to methodology
compatible with European Central Bank standards.
  (Reporting by Martin Santa in Bratislava)
   

SLOVAKIA-CBANK/RESERVES|LANGEN|Table|ABN|M|D|CZS"
TABLE-Slovak c.bank  forex  reserves dip to $17.7 bln   ,2007-05-18,"May 18 (Reuters) - The Slovak central bank's (NBS) foreign currency reserves dipped to $17.702 billion as of May 16 from $17.787 billion a week ago, the bank said on Friday.   

Central bank reserves jumped five weeks ago after the NBS intervened on the foreign exchange market to weaken the crown.   

The NBS is expected to announce the size of its April intervention after a monthly monetary policy meeting on May 29. SLOVAK FOREIGN RESERVES MAY 16 MAY 9 MAY 2 ($ million)    

Central Bank              17,702.1   17,786.5    17,759.5
 Commercial banks           3,295.7    2,309.4     2,224.1
 Total banking sector      20,997.8   20,095.9    19,983.6
 NOTE: Reserves data are calculated according to methodology
compatible with European Central Bank standards.
  (Reporting by Martin Santa in Bratislava)
   

SLOVAKIA-CBANK/RESERVES|LANGEN|Table|ABN|D|M|CZS"
TABLE-Slovak c.bank  forex  reserves rise to $17.79 bln   ,2007-05-11,"May 11 (Reuters) - The Slovak central bank's (NBS) foreign currency reserves edged up to $17.787 billion as of May 9 from $17.760 billion a week ago, the bank said on Friday.   

Central bank reserves jumped one month ago after the NBS intervened on the foreign exchange market to weaken the crown.   

The NBS is expected to announce the size of its April intervention after a monthly monetary policy meeting on May 29.   

SLOVAK FOREIGN RESERVES MAY 9 MAY 2 APRIL 25 ($ million)    

Central Bank              17,786.5    17,759.5     17,739.3
 Commercial banks           2,309.4     2,224.1      2,426.3
 Total banking sector      20,095.9    19,983.6     20,165.6
 
 NOTE: Reserves data are calculated according to methodology
compatible with European Central Bank standards.
  (Reporting by Martin Santa in Bratislava)
   

SLOVAKIA-CBANK/RESERVES/(TABLE)|LANGEN|Table|ABN|D|M|CZS"
TABLE-Slovak c.bank  forex  reserves rise to $17.76 bln   ,2007-05-04,"May 4 (Reuters) - The Slovak central bank's (NBS) foreign currency reserves edged up to $17.760 billion as of May 2 from $17.739 billion a week ago, the bank said on Friday.   

Central bank reserves jumped three weeks ago after the NBS intervened on the foreign exchange market to weaken the crown.   

The NBS is expected to announce the size of its April intervention after the monthly monetary policy meeting on May 29.   

SLOVAK FOREIGN RESERVES MAY 2 APRIL 25 APRIL 18 ($ million)    

Central Bank              17,759.5     17,739.3    17,729.6
 Commercial banks           2,224.1      2,426.3     4,403.0
 Total banking sector      19,983.6     20,165.6    22,132.6
 
 NOTE: Reserves data are calculated according to methodology
compatible with European Central Bank standards.
  (Reporting by Martin Santa in Bratislava)
   

SLOVAKIA-CBANK/RESERVES/(TABLE) EMBARGOED|LANGEN|Table|ABN|M|D|CZS"
TABLE-Slovak c.bank  forex  reserves rise to $17.74 bln   ,2007-04-27,"April 27 (Reuters) - The Slovak central bank's (NBS) foreign currency reserves edged up to $17.740 billion as of April 25 from $17.730 billion a week ago, the bank said on Friday.   

Central bank reserves jumped two weeks ago after the central bank intervened on the foreign exchange market to weaken the crown.   

The NBS is expected to announce the size of its April intervention after the monthly monetary policy meeting on May 29. SLOVAK FOREIGN RESERVES APRIL 25 APRIL 18 APRIL 11 ($ million)    

Central Bank              17,739.3   17,729.6   17,578.2
 Commercial banks           2,426.3    4,403.0    3,883.7
 Total banking sector      20,165.6   22,132.6   21,461.9
   

NOTE: Reserves data are calculated according to methodology compatible with European Central Bank standards.   

(Reporting by Martin Santa in Bratislava)   

SLOVAKIA-RESERVES/ (TABLE)|LANGEN|Table|CZS|ABN|M|D"
Slovakia - Factors To Watch on April 25   ,2007-04-25,"BRATISLAVA, April 25 (Reuters) - Here are news stories, press reports and events to watch which may affect Slovak financial markets on Wednesday.   

GOVERNMENT MEETING   

The government will hold a regular weekly meeting. Ministers are expected to debate the framework of 2008 state budget, which will set the fiscal deficit ceiling.   

PM TO ADDRESS MUNICIPALITIES   

Prime Minister Robert Fico will speak at a congress of the association of Slovak municipalities.   

CROWN RISE ALLOWS SLOVAK C.BANK TO CUT RATES   

Slovakia's central bank cut interest rates by a quarter percentage point on Tuesday, saying a firming crown and a favourable inflation outlook had made room for a second monetary policy easing in as many months.   

[ID:nL24666017] [RTRS-CEN-PLCY-INT-SK]   

CBANKER SAYS BOARD VOTED 7-2 TO CUT RATES   

The Slovak central bank (NBS) board voted 7-2 in favour of cutting the main two-week repo rate by 25 basis points to 4.25 percent, NBS Governor Ivan Sramko told a news conference on Tuesday.   

[ID:nPRG000327] [RTRS-CEN-PLCY-INT-SK]   

CBANK REJECTS SOME BIDS IN 2-WK REPO TENDER   

The Slovak central bank (NBS) rejected some bids at its regular two-week repo tender on Tuesday as it continued to try and curb the strength of the crown currency.   

[ID:nL24395770] [RTRS-CEN-FRX-INT-SK]   

GOVT SEES LOWER FISCAL GAP IN 2008   

Slovakia's public finance deficit should be 2.34 percent of GDP in 2008, keeping the country on track to adopt the euro in 2009, a government outline of next year's budget showed on Tuesday.   

[ID:nL24104149] [RTRS-GVD-DBT-MCE-SK]   

KIA TO DOUBLE CAPACITY AT SLOVAK ENGINE PLANT   

Kia Motors will invest 110 million euros to double the capacity of its engine plant in Slovakia,  Kia Motors Slovakia President In Kyu Bae said on Tuesday.   

[ID:nL24169378] [RTRS-AUT-EUROPE-SK]   

CBANK MARCH INTERVENTIONS HIT 1.93BLN EUROS   

The Slovak central bank (NBS) said on Tuesday it had bought 1.93 billion euros in two direct interventions aimed at curbing the crown's strength in March.   

[ID:nL24137251] [RTRS-CEN-MMT-FRX-SK]   

END-FEB CURRENT ACCOUNT SURPLUS SKK 6.9 BLN   

Slovakia's current account showed a preliminary surplus of 6.9 billion crowns ($278.3 million) at the end of February, compared with a gap of 15.98 billion a year ago, the central bank (NBS) said on Tuesday.   

[ID:nPRG000328] [RTRS-MCE-ECI-CEN-SK]   

END-JAN FOREIGN DEBT DROPS TO $31.3 BLN   

Slovakia's gross foreign debt fell to $31.280 billion at the end of January from $32.206 billion at the end of 2006, the central bank (NBS) said on Tuesday.   

[ID:nL24336398] [RTRS-MCE-ECI-CEN-SK]   

SLOVAK TELEKOM TO PAY 2.0 BLN CROWNS IN DIVIDENDS   

The annual shareholders meeting of Slovak Telekom approved a dividend payment worth 2 billion crowns ($80.68 million), the company said in a statement on Tuesday.   

[ID:nL2450715] [RTRS-TEL-RES-SK]   

PRESS DIGEST   

------------   

WAGE HIKE FOR DOCTORS   

The health care ministry has proposed to raise wages of doctors and nurses by 20 percent this year, but only in state-owned hospitals.   

Hospodarske Noviny, page 1   

TEACHERS' SALARIES   

Salaries of teachers will rise by several hundreds of crowns before summer break, the education ministry has ruled. The ministry expects teachers' salaries to rise further to match the average wage in Slovakia this year.   

Pravda, page 1   

For news on upcoming events in the United States and other Group of Seven countries, see <G7TODAY>. For a diary of forthcoming Slovak events, double click [SK/DIARY], and a calendar of east European economic indicators, see [CONV/DIARY].   

News editor of the day: Peter Laca, on +421 2 5341 8402; fax: +421 2 5341 8403   

E-mail: editorial@reuters.sk   

Reuters Messaging: peter.laca.reuters.com@reuters.net   

For real-time index quotes, double click in brackets:   

Warsaw WIG20 <.WIG20> Budapest BUX <.BUX> Prague PX50 <.PX50> Other related news:    


 Slovak equities      [SK-E]  E.Europe equities           [.CEE]
 Slovak money         [SK-M]  Czech debt                  [CZ-D]
 Slovak Indicators  [SK-ECI]  Emerging forex          [EMRG/FRX]
 Eastern European     [EEU]   All emerging markets        [EMRG]
 Hot stocks           [HOT]   Stock markets                [STX]
 Market debt news     [DBT]   Forex news                   [FRX]
 TOP NEWS -- Emerging markets                         [TOP/EMRG]
 TOP NEWS -- Convergence watch                        [TOP/EAST]
   

Slovakia - Factors To Watch on April|LANGEN|ABN|M|D|E|RBN|CZS|REVU|RNP|DNP|PTD|PMF"
Slovak  cbank March  interventions  hit 1.93bln euros   ,2007-04-24,"BRATISLAVA, April 24 (Reuters) - The Slovak central bank (NBS) said on Tuesday it had bought 1.93 billion euros in two direct interventions aimed at curbing the crown's strength in March.   

The bank said it bought 530 million euros on March 8, and 1.4 billion euros on March 20.   

The crown, the fastest rising currency in central Europe last year, firmed to an all-time high of 32.710 per euro on March 19 after its peg to the euro within the exchange rate mechanism ERM-2 was revalued.   

The Slovak unit has lost 2.8 percent to the euro since then, partly due to NBS efforts to stem its rise. Apart from interventions, the central has also flooded the market with excess crown liquidity to make it less attractive for hot money.   

The crown firmed to 33.575 per euro on Tuesday after the central bank cut the key interest rates by 25 basis points, as expected, but it retreated back to 33.680 per euro <EURSKK=> as of 1445 GMT.   

SLOVAKIA-CBANK/INTERVENTION|LANGEN|Table|ABN|D|M|CZS|DNP"
TABLE-Slovak c.bank  forex  reserves rise to $17.73 bln   ,2007-04-20,"April 20 (Reuters) - The Slovak central bank's (NBS) foreign currency reserves edged up to $17.730 billion as of April 18 from $17.578 billion a week ago, the bank said on Friday.   

The NBS'S reserves jumped last week, with the NBS givnig no reason for the rise, but it came during a period when it intervened directly on the foreign exchange market to weaken the crown.   

Dealers have estimated the central bank bought as much as 700 million euros during the intervention.   

The bank also intervened on March 20 after the crown hit a record high of 32.710 per euro, with traders estimating the size at up to 2 billion euros.   

The NBS is expected to announce the size of its recent interventions after board meetings on April 24 and May 29. SLOVAK FOREIGN RESERVES APRIL 18 APRIL 11 APRIL 3 ($ million)    

Central Bank              17,729.6   17,578.2   16,564.1
 Commercial banks           4,403.0    3,883.7    3,411.2
 Total banking sector      22,132.6   21,461.9   19,975.3
   

NOTE: Reserves data are calculated according to methodology compatible with European Central Bank standards.   

(Reporting by Martin Santa in Bratislava)   

SLOVAKIA-RESERVES/ (TABLE)|LANGEN|Table|ABN|D|M|CZS"
Slovak Fin Min Says Euro-Zone CPI Criteria Will Be Met In 2H   ,2007-04-17,"BRATISLAVA (Dow Jones)--Slovak Finance Minister Jan Pociatek Tuesday said that the country will meet all criteria necessary for euro-zone accession in the second half of 2007.   

Speaking at a conference in the Slovak capital, Pociatek also said that the requirement to maintain stability of the Slovak koruna's foreign exchange rate isn't in jeopardy. [ 17-04-07 0732GMT ]   

The inflation and exchange rate stability requirements are perceived as the only potential threats to Slovakia's euro-zone entry, scheduled for 2009.   

Slovakia posted an annual 2.1% rise in its European Union-harmonized index of consumer prices, or HICP, in March, compared with a 2% year-on-year rise in February.   

Pociatek said that inflationary pressures will continue to abate, providing consumer price growth stays at the required levels in the second half of 2007.   

In order to qualify for the euro-zone membership the Slovak currency has been pegged to the euro since late 2005 within the European Exchange RateMechanism, or ERM II, which allows the koruna to fluctuate plus or minus 15% around its peg to the euro.   

Fueled by rapid economic growth and foreign direct investment inflows, the koruna has firmed strongly since the country's accession to the European Union in May 2004.   

In March, Slovakia was allowed to revalue the koruna-euro peg by 8.5%. The Slovak central bank has also carried out several interventionsin an attempt to ease pressure on the currency.   

Pociatek said despite the recent revaluation of the koruna's peg, the Slovak currency remains stable.   

""Fulfillment the foreign exchange rate stability criterion is not threatened,"" he added.   

Finance Ministry Web site:   http://www.finance.gov.sk  (""http://www.finance.gov.sk"")

-By Sean Carney and Leos Rousek; Dow Jones Newswires; +420 221 085 272; sean.carney@dowjones.com [ 17-04-07 0805GMT ]"
Slovak Fin Min Says Euro-Zone CPI Criteria Will Be Met In 2H   ,2007-04-17,"BRATISLAVA (Dow Jones)--Slovak Finance Minister Jan Pociatek Tuesday said that the country will meet all criteria necessary for euro-zone accession in the second half of 2007.   

Speaking at a conference in the Slovak capital, Pociatek also said that the requirement to maintain stability of the Slovak koruna's foreign exchange rate isn't in jeopardy. [ 17-04-07 0732GMT ]   

The inflation and exchange rate stability requirements are perceived as the only potential threats to Slovakia's euro-zone entry, scheduled for 2009.   

Slovakia posted an annual 2.1% rise in its European Union-harmonized index of consumer prices, or HICP, in March, compared with a 2% year-on-year rise in February.   

Pociatek said that inflationary pressures will continue to abate, providing consumer price growth stays at the required levels in the second half of 2007.   

In order to qualify for the euro-zone membership the Slovak currency has been pegged to the euro since late 2005 within the European Exchange RateMechanism, or ERM II, which allows the koruna to fluctuate plus or minus 15% around its peg to the euro.   

Fueled by rapid economic growth and foreign direct investment inflows, the koruna has firmed strongly since the country's accession to the European Union in May 2004.   

In March, Slovakia was allowed to revalue the koruna-euro peg by 8.5%. The Slovak central bank has also carried out several interventionsin an attempt to ease pressure on the currency.   

Pociatek said despite the recent revaluation of the koruna's peg, the Slovak currency remains stable.   

""Fulfillment the foreign exchange rate stability criterion is not threatened,"" he added.   

Finance Ministry Web site:   http://www.finance.gov.sk  (""http://www.finance.gov.sk"")

-By Sean Carney and Leos Rousek; Dow Jones Newswires; +420 221 085 272; sean.carney@dowjones.com [ 17-04-07 0805GMT ]"
Slovak Fin Min Says Euro-Zone CPI Criteria Will Be Met In 2H   ,2007-04-17,"BRATISLAVA (Dow Jones)--Slovak Finance Minister Jan Pociatek Tuesday said that the country will meet all criteria necessary for euro-zone accession in the second half of 2007.   

Speaking at a conference in the Slovak capital, Pociatek also said that the requirement to maintain stability of the Slovak koruna's foreign exchange rate isn't in jeopardy. [ 04-17-07 0332ET ]   

The inflation and exchange rate stability requirements are perceived as the only potential threats to Slovakia's euro-zone entry, scheduled for 2009.   

Slovakia posted an annual 2.1% rise in its European Union-harmonized index of consumer prices, or HICP, in March, compared with a 2% year-on-year rise in February.   

Pociatek said that inflationary pressures will continue to abate, providing consumer price growth stays at the required levels in the second half of 2007.   

In order to qualify for the euro-zone membership the Slovak currency has been pegged to the euro since late 2005 within the European Exchange RateMechanism, or ERM II, which allows the koruna to fluctuate plus or minus 15% around its peg to the euro.   

Fueled by rapid economic growth and foreign direct investment inflows, the koruna has firmed strongly since the country's accession to the European Union in May 2004.   

In March, Slovakia was allowed to revalue the koruna-euro peg by 8.5%. The Slovak central bank has also carried out several interventionsin an attempt to ease pressure on the currency.   

Pociatek said despite the recent revaluation of the koruna's peg, the Slovak currency remains stable.   

""Fulfillment the foreign exchange rate stability criterion is not threatened,"" he added.   

Finance Ministry Web site:   http://www.finance.gov.sk  (""http://www.finance.gov.sk"")

-By Sean Carney and Leos Rousek; Dow Jones Newswires; +420 221 085 272; sean.carney@dowjones.com [ 04-17-07 0405ET ]"
Slovakia - Factors To Watch on April 16   ,2007-04-16,"BRATISLAVA, April 16 (Reuters) - Here are news stories, press reports and events to watch which may affect Slovak financial markets on Monday.   

EU-NORM INFLATION   

The Statistics Office will release March EU-norm inflation data, 0700 GMT.   

FINMIN TO AUCTION 3-YR, ZERO-COUPEN STATE BOND   

The Debt and Liquidity Management Agency to auction 3-year, zero-coupon state bonds on behalf of the finance ministry.   

PSA NEWS CONFERENCE   

A Slovak unit of the French car maker  PSA PeugeotPeugeot Citroen will hold a news conference on the plant's 2006 results and 2007 perspectives, 0800 GMT.   

INTERVIEW-SLOVAK DEFICIT WON'T BUST TARGET-FINANCE MINISTER   

Slovakia's government will do all it can to ensure the country adopts the euro in 2009 as planned, and fears the fiscal deficit target may be busted are unfounded, Finance Minister Jan Pociatek said on Saturday.   

[ID:nWBT006812] [RTRS-EEU-GVD-DBT-SK]   

ECONOMY MINISTER WINS NO-CONFIDENCE VOTE   

Slovak Economy Minister Lubomir Jahnatek survived a no-confidence vote on Friday as the three-party ruling coalition united to win its first major challenge in parliament despite several internal quarrels.   

[ID:nL13242059] [RTRS-EUROPE-POL-SK]   

C.BANK FOREX RESERVES JUMP AFTER INTERVENTION

The Slovak central bank's (NBS) foreign currency reserves jumped to $17.578 billion as of April 11 from $16.564 billion a week ago, the bank said on Friday.   

[ID:nPRG000308] [RTRS-CEN-FRX-SK]   

CROWN REBOUNDS FROM 1-WK LOWS VS EURO   

The Slovak crown erased early losses against the euro on Friday, rebounding from one-week lows, but dealers said its short-term direction was unclear due to a lack of impetus.   

[ID:nL132082] [RTRS-MMT-FRX-SK]   

PRESS DIGEST   

------------   

FINMIN SEES NO CHANGES TO TAX-SYSTEM IN 2008   

The government will not alter the tax system in 2008, daily Pravda cited the Finance Ministry's Deputy Minister Vladimir Palko as saying. Palko said he saw no risk on the side of revenues threatening Slovakia's goal to adopt the euro in 2009.   

Pravda, page 1   

For news on upcoming events in the United States and other Group of Seven countries, see <G7TODAY>. For a diary of forthcoming Slovak events, double click [SK/DIARY], and a calendar of east European economic indicators, see [CONV/DIARY].   

News editor of the day: Peter Laca, on +421 2 5341 8402; fax: +421 2 5341 8403   

E-mail: editorial@reuters.sk   

Reuters Messaging: peter.laca.reuters.com@reuters.net   

For real-time index quotes, double click in brackets:   

Warsaw WIG20 <.WIG20> Budapest BUX <.BUX> Prague PX50 <.PX50> Other related news:    


 Slovak equities      [SK-E]  E.Europe equities           [.CEE]
 Slovak money         [SK-M]  Czech debt                  [CZ-D]
 Slovak Indicators  [SK-ECI]  Emerging forex          [EMRG/FRX]
 Eastern European     [EEU]   All emerging markets        [EMRG]
 Hot stocks           [HOT]   Stock markets                [STX]
 Market debt news     [DBT]   Forex news                   [FRX]
 TOP NEWS -- Emerging markets                         [TOP/EMRG]
 TOP NEWS -- Convergence watch                        [TOP/EAST]
   

Slovakia - Factors To Watch on April|LANGEN|ABN|M|D|E|RBN|CZS|REVU|RNP|DNP|PTD|PMF"
TABLE- Slovak  c.bank  forex  reserves jump after  intervention ,2007-04-13,"April 13 (Reuters) - The Slovak central bank's (NBS) foreign currency reserves jumped to $17.578 billion as of April 11 from $16.564 billion a week ago, the bank said on Friday.   

The NBS did not give a reason for the rise, but it came during a period when it intervened directly on the foreign exchange market to weaken the crown.   

Dealers have estimated the central bank bought as much as 700 million euros during the intervention.   

The bank also intervened on March 20 after the crown hit a record high of 32.710 per euro, with traders estimating the size at up to 2 billion euros.   

The NBS is expected to announce the size of its recent interventions after board meetings on April 27 and May 29.   

SLOVAK FOREIGN RESERVES APRIL 11 APRIL 3 MARCH 28 ($ million)    

Central Bank              17,578.2   16,564.1    16,587.4
 Commercial banks           3,883.7    3,411.2     3,439.5
 Total banking sector      21,461.9   19,975.3    20,026.9
   

NOTE: Reserves data are calculated according to methodology compatible with European Central Bank standards.   

(Reporting by Martin Santa in Bratislava)   

SLOVAKIA-RESERVES/ (TABLE)|LANGEN|Table|ABN|D|M|CZS"
Slovakia - Factors To Watch on April 10   ,2007-04-10,"BRATISLAVA, April 105 (Reuters) - Here are news stories, press reports and events to watch which may affect Slovak financial markets on Tuesday.   

INDUSTRIAL OUTPUT   

The Statistics Office will publish February industrial output data (0700 GMT). Analysts forecast industrial output growth of 18.0 percent, year-on-year.   

RETAIL SALES   

The Statistics Office will publish February retail sales data (0700 GMT). Analysts forecast retail sales to have risen by 5.0 percent, year-on-year.   

CONSTRUCTION OUTPUT   

The Statistics Office will publish February construction output data (0700 GMT).   

INDUSTRIAL WAGES   

The Statistics Office will publish February average industrial wage data (0700 GMT).   

REPO TENDER   

The central bank will hold its regular liquidity draining two-week repo tender.   

SLOVAKIA WELL PLACED TO ADOPT EURO IN 2009-OECD   

Slovakia is well placed to adopt the euro in 2009 as planned, the OECD said on Thursday, though it urged the authorities to remain on guard against inflation risks.   

[ID:nL0528230] [RTRS-FRX-POL-CEN-SK]   

CBANKER SAYS SKK INTERVENTION EFFECTIVE   

The Slovak central bank's intervention to halt the rise of the crown currency on Wednesday morning was effective, board member Peter Sevcovic told Reuters on Thursday.   

[ID:nL05104387] [RTRS-CEN-FRX-SK]   

OECD CHIEF SEES U.S. SLOWING, RATE CUT POSSIBLE   

U.S. economic growth will slow by about one percentage point to about 2.2-2.3 percent this year and the Federal Reserve may ease interest rates in the Autumn, OECD Secretary General Angel Gurria said on Thursday.   

[ID:nPRA001234] [RTRS-FED-CEN-INT-SK]   

OECD CHIEF:NO ROOM FOR EURO ZONE RATES AT 4.25 PCT   

Underlying inflation in the euro zone does not signal a great danger at this stage and interest rates are not likely to rise to 4.25 percent, OECD Secretary General Angel Gurria said on Thursday.   

[ID:nL05249848] [RTRS-EMRG-WEU-EEU-SK]   

CROWN QUIET BEFORE HOLIDAY, SEEN STRONGER   

The Slovak crown hugged a tight range around the 33.400 level to the euro Thursday, as investors squared positions ahead of Easter holiday.   

[ID:nL05252220] [RTRS-MMR-FRX-SK]   

C.BANK FOREX RESERVES DROP TO $16.564 BLN   

The Slovak central bank's (NBS) foreign currency reserves edged down to $16.564 billion as of April 3 from $16.587 billion the previous week, the bank said on Thursday.   

[ID:nL05213410] [RTRS-CEN-FRX-SK]   

PRESS DIGEST   

------------   

TRANSPETROL CASE   

Foreign assets of the stricken Russian oil firm YUKOS, including the 49 percent stake in the Slovak oil pipeline operator Transpetrol, are set for an auction starting on May 10. The Slovak government has been trying to buy back the Transpetrol stake.   

Hospodarske Noviny, page 1   

CHEAPER GAS UNLIKELY   

Prices of natural gas for households are unlikely to decline due to high cost of oil on world markets. The state regulator said earlier this year it expected cheaper gas in the second half of the year.   

Pravda, page 1   

LABOUR CODE DRAFT   

The government will delay its debate on labour code amendments until April 18, due to longer-than-expected negotiations on the final version of the draft.   

Pravda, page 1   

MOTION TO DISMISS ECONOMY MINISTER   

Opposition deputies will submit on Tuesday a proposal to dismiss Economy Minister Lubomir Jahnatek. The opposition has accused Jahnatek of promoting corruption in state arms makers. Jahnatek has rejected the accusations.   

Sme, page 2   

FICO POSTPONES LATAM VISIT   

Prime Minister Robert Fico has delayed his visit to Latin America, which he was expected to begin on Tuesday, due to flu.   

Sme, page 1   

For news on upcoming events in the United States and other Group of Seven countries, see <G7TODAY>. For a diary of forthcoming Slovak events, double click [SK/DIARY], and a calendar of east European economic indicators, see [CONV/DIARY].   

News editor of the day: Peter Laca, on +421 2 5341 8402; fax: +421 2 5341 8403   

E-mail: editorial@reuters.sk   

Reuters Messaging: pater.laca.reuters.com@reuters.net   

For real-time index quotes, double click in brackets:   

Warsaw WIG20 <.WIG20> Budapest BUX <.BUX> Prague PX50 <.PX50> Other related news:    


 Slovak equities      [SK-E]  E.Europe equities           [.CEE]
 Slovak money         [SK-M]  Czech debt                  [CZ-D]
 Slovak Indicators  [SK-ECI]  Emerging forex          [EMRG/FRX]
 Eastern European     [EEU]   All emerging markets        [EMRG]
 Hot stocks           [HOT]   Stock markets                [STX]
 Market debt news     [DBT]   Forex news                   [FRX]
 TOP NEWS -- Emerging markets                         [TOP/EMRG]
 TOP NEWS -- Convergence watch                        [TOP/EAST]
   

Slovakia - Factors To Watch on April|LANGEN|ABN|M|D|E|RBN|CZS|REVU|RNP|DNP|PTD|PMF"
Emerging  FX -Cautious pre-US data; risk appetite on the up   ,2007-04-05,"(Please note that there will not be an emerging FX report from London on Friday April 6 and Monday April 9 due to the Good Friday and Easter holidays.)   

LONDON, April 5 (Reuters) - Emerging currencies shuffled in tight ranges on Thursday despite a rebound in risk appetite, with many investors cautious ahead of U.S. jobs data that could shed light on the health of the world's biggest economy.   

Markets have calmed down as the release of 15 captive British sailors by Iran soothed fears of a standoff between Tehran and the West. Emerging equities <.MSCIEF> jumped 0.2 percent to a new record high, beating levels hit before a Feb 27 fall in China helped trigger a two-week global selloff.   

Now, the focus has shifted back to the U.S. economy, after recent data did little to sway expectations the Federal Reserve will cut interest rates later in the year but left the potential timing of such a move uncertain.   

""The theme today is that high-yield currencies are stronger...the carry theme is alive and kicking,"" said Olivier Desbarres, currency strategist at Credit Suisse in London.   

""Risk appetite is back -- all the indicators confirm that.""   

But Desbarres said strong growth in the euro area and the rest of the world posed the risk that the market was overpricing the possibility of a rate cut by the Federal Reserve and underpricing posible monetary tightening elsewhere.   

""For now equities and high yield currencies are benefiting, but there is a risk the market is being too complacent about Fed rate cuts and the possibility of monetary tightening globally,"" he added.   

But for now high yield currencies were faring well.   

The Turkish lira <TRY=> was up nearly 0.4 percent at 1.37 per dollar, matching an 11-month high hit in the previous session. Traders said however there is potential for volatility in the run-up to elections this summer.   

South Africa's <ZAR=> rand eased 0.3 percent versus the dollar as traders took profits off a run to five-week highs. The rand will likely be rangebound ahead of an April 12 central bank meeting which may deliver a 50 basis point interest rate rise.   

THIN VOLUMES   

Currency traders said volumes were thinner than usual, with the risk some investors might take profits on emerging market trades before the long weekend. Many central European markets are closed on Friday. The Slovak crown stayed weak after central bank intervention on Wednesday pushed the currency down one percent. By 1045 GMT it had eased 0.2 percent to 33.42 per euro <EURSKK=>, off the two-week high around 33.100 per euro hit just before the central bank stepped in.   

The Polish zloty firmed 0.10 percent to 3.84 per euro and dealers said a close below that level would open the door for a strong zloty next week. The currency hit a three-month high on Wednesday.   

Investors will be watching closely the U.S. non-farm payrolls data due on Friday. The U.S. economy is expected to have added 120,000 jobs in March, up from 97,000 in February, according to a Reuters poll of analysts.   

Carsten Fritsch, currency strategist at Commerzbank in Frankfurt, said a very soft number would hit recovering risk appetite.   

""If we get some very soft U.S. data causing fears of    


recession...or some geopolitical stuff from Iran or other areas
which could cause high risk aversion...then the currencies would
move and we might see a correction,"" he said.
  Additional reporting by Sujata Rao and Jamie McGeever


 [20070405 110808 GMT] 
 CURRENCY                LATEST    PREV   LOCAL    LOCAL  
                                CLOSE  CURRENCY CURRENCY
                                       PCT CHG  PCT CHG
                                                IN 2007
 EUROPE/MIDDLE EAST/AFRICA
 Czech Rep.   <EURCZK=>   27.92     27.92   -0.03    -1.59
 Poland       <EURPLN=>    3.84      3.84   +0.10    -0.26
 Hungary      <EURHUF=>  245.66    245.51   -0.06    +2.23
 Slovakia     <EURSKK=>   33.46     33.37   -0.28    +2.87
 Romania      <EURRON=>    3.33      3.33   -0.02    +1.40
 Ukraine      <UAH=>       5.04      5.06   +0.34    +0.14
 South Africa <ZAR=>       7.13      7.13   -0.06    -2.01
 Kenya        <KES=>      68.95     69.25   +0.44    +0.87
 Israel       <ILS=>       4.14      4.13   -0.18    +1.85
 Turkey       <TRY=>       1.37      1.37   +0.14    +3.35
 
 LATAM
 Mexico       <MXN=>      11.01     11.01   +0.03    -1.91
 Brazil       <BRL=>       2.03      2.03   +0.00    +4.94
 Venezuela    <VEB=>    2144.60   2144.60   +0.00    +0.00
 Chile        <CLP=>     537.70    537.70   +0.00    -1.04
 
 ASIA
 Singapore    <SGD=>       1.51      1.51   -0.03    +1.28
 Hong Kong    <HKD=>       7.82      7.82   +0.01    -0.48
 Indonesia    <IDR=>      9,095     9,121   +0.29    -1.20
 China        <CNY=>       7.73      7.73   +0.11    +1.04
 Thailand     <THB=>      32.45     32.10   -1.08    +9.15
 Philippines  <PHP=>      47.95     47.85   -0.21    +2.19
 Taiwan       <TWD=>      33.08     33.09   +0.02    -1.51
 South Korea  <KRW=>      0,932     0,936   +0.39    -0.30
 India        <INR=>      43.00     42.84   -0.37    +2.58
   

For full regional quote listings, double click on the following codes: Africa <AFFX1=> Asia <ASIAFX=> Central/Eastern Europe <EEFX=> Latin America <LATAMFX=> Middle East <MEFX=> [20070405 110818 GMT]   

MARKETS-EMERGING-FOREX|LANGEN|ABN|M|D|RBN|RNP|DNP|PTD|PMF|MARKETS-EMERGING-FOREX xref=2|LANGEN|Table|RBN|RNP|DNP|PTD|PMF|chained"
UPDATE 1- Slovak  cbanker says SKK  intervention  effective   ,2007-04-05,"(adds more quotes, background)   

BRATISLAVA, April 5 (Reuters) - The Slovak central bank's (NBS) intervention to halt the rise of the crown currency on Wednesday morning was effective, NBS board member Peter Sevcovic told Reuters on Thursday.   

""The intervention was certainly effective because the exchange rate depreciated slightly,"" he said on the sidelines of an economic conference, adding the bank was prepared to act further if needed.   

Dealers in Bratislava said the NBS started selling crowns on the market early on Wednesday when it traded at around 33.100 per euro, its strongest level since March 20 when the central bank last intervened.   

The bank confirmed it had intervened, saying it had done so because of the crown's increased volatility and ""unjustified"" moves in recent days.   

But it did not comment on the details of the intervention, which weakened the crown as far as 33.700 per euro <EURSKK=>. The unit traded at 33.465 as of 1007 GMT.   

""The intervention was correct because the firming of the crown over the past weeks, and past few days was too fast when compared to economic developments,"" Sevcovic said.   

""The central bank will keep monitoring, assessing and reacting (to forex market developments),"" he added.   

The NBS has repeatedly said the crown should move around the ERM-2 central rate of 35.4424 per euro, which it sees to be near the equilibrium level justified by economic fundamentals.   

The strong crown has helped the NBS to curb inflation as Slovakia moves closer to its aim of entering the euro zone in 2009.   

The NBS cut the main two-week repo rate by 25 basis points to 4.50 percent at the end of March after the rising crown tightened monetary conditions.   

SLOVAKIA-CROWN/CBANKER (UPDATE 1)|LANGEN|ABN|M|D|E|RBN|CZS|BNX|RNP|DNP"
UPDATE 2- Slovak  cbanker says SKK  intervention  effective   ,2007-04-05,"(Adds more central bank quotes, analyst comment, background)   

BRATISLAVA, April 5 (Reuters) - The Slovak central bank's intervention to halt the rise of the crown currency on Wednesday morning was effective, board member Peter Sevcovic told Reuters on Thursday.   

Sevcovic also said the NBS agreed with the OECD that energy prices are among key risks to Slovakia meeting the EU's inflation criterion to adopt the euro as planned in 2009, though the bank was not worried by a recent spike in oil prices.   

""The intervention was certainly effective because the exchange rate depreciated slightly,"" he said on the sidelines of a presentation of the OECD's report on Slovakia, adding the bank was prepared to act further if needed.   

""Every intervention is effective, because you never know whether the exchange rate would have fallen to 32.0 (per euro) if we had not intervened,"" he said.   

Dealers said the NBS started selling crowns on the market early on Wednesday when it traded at around 33.100 per euro, its strongest level since March 20 when the NBS last intervened.   

The bank said it had intervened because of the crown's increased volatility and ""unjustified"" moves in recent days.   

But it did not comment on the details of the intervention, which weakened the crown as far as 33.700 per euro. The unit traded at 33.465 as of 1040 GMT.   

""The intervention was correct because the firming of the crown over the past weeks, and past few days was too fast when compared to economic developments,"" Sevcovic said.   

""The central bank will keep monitoring, assessing and reacting (to forex market developments),"" he added.   

The NBS has repeatedly said the crown should move around the ERM-2 central rate of 35.4424 per euro, which it regards as near the equilibrium level justified by economic fundamentals.   

""The fact that market players seem to be reluctant to push EUR/SKK lower prevents the pair from moving further south today,"" said 4Cast analyst Piotr Matys.   

""But next week we expect the crown to recover further on the back of domestic data and positive sentiment in the region which means the NBS will be forced to intervene again when the pair falls to around 33.10,"" he said.   

The strong crown has helped the NBS to curb inflation. It cut the main two-week repo rate by 25 basis points to 4.50 percent at the end of March after the rising crown tightened monetary conditions.   

Sevcovic also said inflation risks stemming from high oil prices have decreased with changes in consumption.   

""It is still one of the most serious risks. But if you look one or two years back, energy had a weighting of 22-25 percent in the consumer basket, but ... it's only 17 percent now,"" he said.   

""If the average oil price is around $75 a barrel ... we are still meeting everything without problems with inflation at 1.8 percent and this does not worry us,"" he said.   

The NBS predicts end-year inflation using the EU measure at 1.5 percent, below February's record low of 2.0 percent, assuming an average oil price of $65 a barrel, Sevcovic said. The bank will present new forecasts on April 27.   

SLOVAKIA-CROWN/CBANKER (UPDATE 2)|LANGEN|ABN|M|D|E|RBN|CZS|BNX|RNP|DNP"
CEE MORNING BRIEFING: Calm Trading Seen Ahead Of Easter   ,2007-04-05,"
 
TODAY'S CALENDAR 
 
Local/GMT 
 
1100/1000 Hungary 12-Month Treasury Bond Tender 
          N/A Vs 7.53% 
 
1430/1330 Hungary Treasury Schedule 
          N/A Vs HUF110B 
 
FOREX 
 
        Latest     Previous   %Chg   Daily   Daily    %Chg 
                   2150 GMT          High    Low      12/31 
EUR/PLN 3.8377-84  3.8449-77  -0.19  3.8429  3.8384   +0.14 
EUR/HUF 245.53-83  245.40-70  +0.05  245.53  245.80   -2.35 
EUR/CZK 27.894-24  27.896-51  -0.01  27.920  27.924   +1.47 
EUR/SKK 33.315-65  33.377-26  -0.19  33.335  33.365   -3.28 
    

THE POLISH ZLOTY: A local dealer expects appreciation of the zloty in the medium-term, on ""strong economic fundamentals and a steady inflow of new investors."" Light volumes are expected ahead of the Easter break, with the Polish unit remaining rangebound, the dealer added.   

Before returning close to levels seen Tuesday, the zloty weakened against the euro early Wednesday, after the Slovak central bank intervened to curb local currency gains. Late Wednesday, the euro was trading at PLN3.8486, compared with PLN3.8460 late Tuesday.   

THE HUNGARIAN FORINT: The forint is expected to remain rangebound throughout the rest of the week, said a trader. Although domestic trade deficit figures Friday may provide some impetus, trading is expected to remain lackluster ahead of the Easter holidays.   

In line with the Polish zloty, the forint ended the day flat, after depreciating in reaction to Slovak developments in early trade. Late Wednesday, the euro was trading unchanged at HUF246.00.   

THE CZECH KORUNA: The euro is likely to gain against the koruna in the medium-term, said a Citibank economist, ""largely on rising profit repatriation and a slowdown in direct investment inflows."" With the domestic calendar empty for the remainder of the week, and Polish and Slovak markets closed Friday for the Easter weekend, the market is expected to remain rangebound, a trader said, with the euro trading at levels between CZK27.90 and CZK28.00.   

The koruna was little changed against the euro Wednesday, as the weakening of the Slovak koruna offset favorable foreign trade data, which came in above the general market consensus. Late Wednesday, the euro was trading at CZK27.94, compared with CZK27.97 late Tuesday.   


 
FIXED INCOME 
    

POLISH BONDS: Traders expect the bond market to remain uneventful as the Easter holiday draws closer.   

Polish treasury bond prices were down Wednesday, as investors reduced their positions ahead of an expected inflation rise followed by expected rate hikes, traders said. ""Until very recently some people still had doubts about higher rates,"" said a trader. ""Right now we have only zealous believers."" Late Wednesday, the average yield on the two-year paper was steady at 4.62%, while the five-year yield was unchanged at 5.00% and the 10-year yield was at 5.22%, up from 5.21%.   

HUNGARIAN BONDS: The focus will be on the 12-month treasury bond auction Thursday, said a trader, although overall the market is expected to remain quiet.   

Hungarian government bond prices rose Wednesday, with yields one to two basis points lower across the curve, in very thin trade, a trader said. Late Wednesday, the three-year paper was yielding 7.27%, the five-year was yielding 7.04%, and the 10-year was yielding 6.71%.   

CZECH BONDS: The market is expected to remain calm and track moves in German bunds, largely due to a lack of any major economic news. Bond prices will also follow moves on regional foreign-exchange markets, partly driven by the volatility of the Slovak koruna, traders said.   

Wednesday's trading was calm. The benchmark 10-year Czech bond yielded an average of 3.88% late in the day, unchanged from late Tuesday.   


 
STOCKS 
 
WIG20                     3531.50  gain  10.21   up 0.3% 
BUX                      23871.15  gain 215.98   up 0.9% 
PX-D                      1745.20  gain  21.40   up 1.2% 
 
DJ STOXX EU Enlarged 15  3260.87   gain  20.34   up 0.6% 
    

IN WARSAW: A local trader said the mood is supportive for a break of the February 3550 peak Thursday.   

The WIG20 ended up 0.3% at 3531.50 as the index again failed to sustain a break above this technical resistance as profit-taking set in. Blue-chip moves were dominated by commodity issues moving in opposite directions. KGHM ended the day 2.8% higher as the bull run of copper continued, while PKN Orlen declined 2% as crude oil fell on an easing of geopolitical tensions. Elsewhere, TPSA remained weak, ending 0.9% lower on the day, while technology and media issues outperformed, especially Prkoom, which closed 4.1% higher, and TVN, which ended up 1.4% despite soft March viewership numbers. Retailers were hot on booming first-quarter sales numbers, including CCC, finishing 6.6% higher, and LPP, which ended up 18.9%.   

IN BUDAPEST: A trader expects the BUX returning some gains in coming days, after the market hit a local peak for the time being.   

The BUX index ended up 0.9% at 23871.15 in robust trade, moving in tandem with core markets. Blue chips ended the day higher, with the exception of  Magyar Telekom, which remained flat. OTP finished 1.0% higher, and MOL was up 0.3% despite falling oil prices, while drug stocks Richter and Egis soared 2.9% and 0.34% higher, respectively. ""Drug shares are undergoing a price correction after the heavy selling pressure seen recently, but I wouldn't call this a change of trend,"" a local trader said.   

IN PRAGUE: Traders said as the current price of Telefonica O2 CR, or T-O2 CR, is still below the stock's new CZK750 target price, its market price may continue to rise.   

The PX index ended the day up 1.2% at 1745.2, led by T-O2 CR, which rallied 3.8% on a target price increase by Lehman Brothers. The stock ended at CZK579.50. The bullish trade in the stock was also fueled by solid dividend expectations, a trader said. The overall positive mood in local blue chips also helped CEZ, which ended 1.5% higher, and Zentiva, which finished up 0.3%. Only  Komercni Banka and Orco bucked the trend, closing down 0.3% and 1.1%, respectively, largely on profit-taking after recent gains. [ 04-05-07 0057ET ]   


 OTHER NEWS 
 
    

POLAND: Poland has indicated it is prepared to lift its veto on talks on a new European Union-Russia partnership agreement, stalled over Moscow's ban on Polish meat and plant products, officials said Thursday. Russia has barred meat imports from Poland since late 2005, citing health concerns. The unresolved dispute led Warsaw to veto the negotiations on a deal that aims to forge closer energy ties between Moscow and the 27-nation bloc.   

HUNGARY: Hungary's health minister resigned Wednesday, in a letter addressed to the prime minister. The premier's office in a statement confirmed Lajos Molnar's resignation as of April 6 and said until a new minister was confirmed, Agnes Horvath, health state secretary, would be leading the ministry.   

ROMANIA: President Traian Basescu signed Wednesday a decree appointing 12 new ministers, a day after parliament gave a vote of confidence to Prime Minister Calin Popescu Tariceanu. Basescu and Tariceanu have been at odds with each other for more than a year, and Tariceanu expelled from his new Cabinet his main coalition ally, which was close to Basescu.   

ROMANIA: Romania should boost its exports to counter a high current account deficit, which may worsen in coming years due to lower foreign direct investment, the Romanian Center for Economic Policies, or CEROPE, said in a report Wednesday.   

ROMANIA: Romanian and Turkish state-run power grid operators  Transelectrica (TEL.R0) and Teias are looking for a private partner to cover 25% of the costs entailed by a feasibility study of their joint underwater power cable project aiming to link the two countries' energy grids, news agency Mediafax reported Wednesday, citing  Transelectrica officials.   

-By Lauren Parr, Dow Jones Newswires; 44 207 842 9446; lauren.parr@dowjones.com [ 04-05-07 0058ET ]   

1806 75091"
TABLE-Slovak c.bank  forex  reserves drop to $16.564 bln   ,2007-04-05,"April 5 (Reuters) - The Slovak central bank's (NBS) foreign currency reserves edged down to $16.564 billion as of April 3 from $16.587 billion the previous week, the bank said on Thursday.   

NBS reserves jumped a week ago after it intervened directly on the foreign exchange market to weaken the crown. Dealers have estimated the central bank bought as much as 2 billion euros.   

The NBS intervened again on Wednesday.   

The bank is expected to report the size of its interventions after a board meeting on April 27.   

SLOVAK FOREIGN RESERVES APRIL 3 MARCH 28 MARCH 21 ($ million)    

Central Bank              16,564.1    16,587.4    14,770.9
 Commercial banks           3,411.2     3,439.5     4,236.9
 Total banking sector      19,975.3    20,026.9    19,007.8
   

NOTE: Reserves data are calculated according to methodology compatible with European Central Bank standards.   

(Reporting by Martin Santa in Bratislava)   

SLOVAKIA-RESERVES/ (TABLE)|LANGEN|Table|ABN|D|M|CZS"
Slovakia - Factors To Watch on April 5   ,2007-04-05,"BRATISLAVA, April 5 (Reuters) - Here are news stories, press reports and events to watch which may affect Slovak financial markets on Thursday.   

OECD SECRETARY GEN MEETS PM FICO   

OECD Secretary General Angel Gurria will meet Slovak PM Fico (0700 GMT), news conference around 9.30 a.m. (0730 GMT). Gurria will then present a new economic survey on Slovakia at a foreign ministry conference (0800 GMT).   

FOREIGN CURRENCY RESERVES   

The central bank will publish weekly foreign currency reserves data, 2 p.m. (1200 GMT).   

C.BANK INTERVENES TO CURB CROWN   

The Slovak central bank (NBS) extended its fight to curb the crown's strength with a second market intervention in as many weeks on Wednesday, and warned it would continue to correct unwanted currency swings.   

[ID:nL04306239] [RTRS-CEN-MMT-FRX-SK]   

C.BANK CHIEF SAYS CROWN STILL OVERVALUED   

The Slovak crown's strength remains excessive and the central bank will continue to fight its undesirable appreciation, central bank (NBS) Governor Ivan Sramko said on Wednesday.   

[ID:nL04690761] [RTRS-MMT-GVD-CEN-SK]   

OECD URGES SLOVAKS TO KEEP TIGHT BUDGET IN EURO   

The OECD urged Slovakia on Wednesday to keep fiscal policy prudent after its planned switch to the euro in 2009 to avoid an economic ""boom and bust"".   

[ID:nL0494800] [RTRS-EUR-PLCY-SK]   

MARCH INFLATION SEEN UP FROM RECORD LOWS   

Slovakia's March inflation is expected to have edged up from February's record low and the strength of the crown currency has boosted chances of a central bank interest rate cut this month, a Reuters poll showed on Wednesday.   

[ID:nL04575042] [RTRS-PRE-ECI-PLCY-INT-SK]   

PRESS DIGEST   

------------   

SLOVAKS BACK U.N. KOSOVO RESOLUTION   

The United Nations Security Council started a closed-door meeting on the status of the southern Serbian province Kosovo, with the Slovak envoy expressing support of the Ahtisaari's plan of Kosovo independence, contrary to comments by Prime Minister Robert Fico.   

Sme, page 1   

PENSION SYSTEM CHANGES   

The government adjourned debate on the labour ministry's analysis of the changes to the pension system, after the HZDS party, a junior ruling coalition member, opposed major changes to the system and with Fico saying more details were needed for debate.   

Pravda, page 1   

For news on upcoming events in the United States and other Group of Seven countries, see <G7TODAY>. For a diary of forthcoming Slovak events, double click [SK/DIARY], and a calendar of east European economic indicators, see [CONV/DIARY].   

News editor of the day: Peter Laca, on +421 2 5341 8402; fax: +421 2 5341 8403   

E-mail: editorial@reuters.sk   

Reuters Messaging: pater.laca.reuters.com@reuters.net For real-time index quotes, double click in brackets: Warsaw WIG20 <.WIG20> Budapest BUX <.BUX> Prague PX50 <.PX50> Other related news:    


 Slovak equities      [SK-E]  E.Europe equities           [.CEE]
 Slovak money         [SK-M]  Czech debt                  [CZ-D]
 Slovak Indicators  [SK-ECI]  Emerging forex          [EMRG/FRX]
 Eastern European     [EEU]   All emerging markets        [EMRG]
 Hot stocks           [HOT]   Stock markets                [STX]
 Market debt news     [DBT]   Forex news                   [FRX]
 TOP NEWS -- Emerging markets                         [TOP/EMRG]
 TOP NEWS -- Convergence watch                        [TOP/EAST]
   

Slovakia - Factors To Watch on April 5|LANGEN|Table|CZS|ABN|M|D|E|RBN|REVU|RNP|DNP|PTD|PMF"
Emerging  FX -Risk appetite cautiously returns   ,2007-04-04,"LONDON, April 4 (Reuters) - Investors' appetite for risk appeared to be recovering on Wednesday as emerging equity and bond markets bounced to record highs but currencies turned in a mixed picture with central Europe underperforming.   

Intervention by the central bank knocked the Slovak crown down one percent to a week-low on Wednesday, pressuring central Europe but the Turkish lira hit an 11-month high against the dollar while the South African rand traded at a five-week high.   

Emerging equity markets jumped over one percent <.MSCIEF> to a record high, surpassing levels hit just before a Feb 27 fall in China helped trigger a two-week global selloff. Emerging sovereign bond spreads over U.S. Treasuries hit record tight levels late on Tuesday as cash poured into the high-risk sector.   

""Risk appetite is cautiously back,"" said Koon Chow, emerging markets strategist at  Barclays Capital in London.   

Chow said high-yield currencies like the Turkish lira, the Phillipine peso and the Brazilian real are benefiting most, with investors still nervous about global backdrop.   

""People are adding long EM currency positions only where they can get compensated for risk by the yield. It's mainly global risks -- a combination of oil prices with the ongoing concerns about U.S. equity markets,"" he added.   

Dealers said volumes were thinner than usual as the long Easter break approaches and there was some reluctance to push currencies much higher in the meantime.   

Recent U.S. economic data has painted a mixed picture with no clarity on when the Federal Reserve could start cutting interest rates and investors are hoping to gauge the health of the economy from Friday's non-farm payrolls data.   

But some easing of tensions with Iran over the release of 15 captive British sailors and general expectations for a U.S. rate cut have helped re-ignite carry trades, in which investors sell low-yield currencies like yen to buy high-yield assets overseas.   

In some countries such as Poland and Mexico, currencies may also receive support from monetary tightening, Chow said, noting local stories within many emerging markets have also improved.   

SLOVAKIA INTERVENTION

In Slovakia, where the currency continues to experience bullish appreciation momentum, the central bank stepped in to check the crown which rose to a two-week high around 33.100 per euro <EURSKK=> pushing the currency down one percent.   

The bank has repeatedly said it will not tolerate rampant crown appreciation, quashing investors who piled in after the crown parity to the euro was revalued 8.5 percent last month.   

The Slovak crown fall hit neighbouring currencies but the forint is near two-week high against the euro and the zloty close to 10-week highs hit on Tuesday.   

""Local (central Europe) markets were spoiled by the intervention by the Slovak central bank. Apart from that, everything looks tip-top as far as risk sentiment is concerned,"" said  Unicredit CA-IB economist Piotr Chwiejczak. ""We also saw yen weakening over the last couple of days, which shows that risk appetite is increasing,"" he added.   

Another outperformer was the Israeli shekel which, despite the worries on Iran, inched higher to the strongest level since end-May 2001 against the dollar <ILS=>, thanks to equities which have powered higher after a series of rate cuts.   

""The prime conditions are in place for a strong shekel -- an equity rebound and a weak dollar,"" said Lucy Bethell, strategist at the  Royal Bank of Scotland.

The rand eased 0.20 percent to 7.17 per dollar, failing to pierce resistance around 7.15 -- a five-week high <ZAR=>. The lira hit an 11-month high of 1.3630 before paring gains <TRY>. Turk bonds and stocks have benefited from data showing March inflation below forecast, with equities up one percent <.XU100>.   

-additional reporting by Agnieszka Flak in London [20070404 102120 GMT]    

CURRENCY                LATEST    PREV   LOCAL    LOCAL  
                                CLOSE  CURRENCY CURRENCY
                                       PCT CHG  PCT CHG
                                                IN 2007
 EUROPE/MIDDLE EAST/AFRICA
 Czech Rep.   <EURCZK=>   27.93     27.97   +0.14    -1.60
 Poland       <EURPLN=>    3.85      3.84   -0.28    -0.66
 Hungary      <EURHUF=>  245.97    245.64   -0.13    +2.11
 Slovakia     <EURSKK=>   33.48     33.12   -1.08    +2.81
 Romania      <EURRON=>    3.33      3.33   -0.04    +1.30
 Ukraine      <UAH=>       5.06      5.06   -0.06    -0.20
 South Africa <ZAR=>       7.17      7.16   -0.17    -2.54
 Kenya        <KES=>      69.10     68.45   -0.94    +0.65
 Israel       <ILS=>       4.14      4.16   +0.40    +1.71
 Turkey       <TRY=>       1.37      1.37   +0.18    +3.51
 
 LATAM
 Mexico       <MXN=>      10.97     10.97   +0.02    -1.57
 Brazil       <BRL=>       2.04      2.04   +0.02    +4.91
 Venezuela    <VEB=>    2144.60   2144.60   +0.00    +0.00
 Chile        <CLP=>     537.35    537.40   +0.01    -0.98
 
 ASIA
 Singapore    <SGD=>       1.51      1.52   +0.41    +1.34
 Hong Kong    <HKD=>       7.82      7.82   -0.00    -0.48
 Indonesia    <IDR=>      9,110     9,094   -0.18    -1.36
 China        <CNY=>       7.73      7.73   -0.05    +0.93
 Thailand     <THB=>      34.94     32.60   -6.70    +1.37
 Philippines  <PHP=>      48.03     48.08   +0.10    +2.02
 Taiwan       <TWD=>      33.08     33.12   +0.11    -1.51
 South Korea  <KRW=>      0,936     0,936   +0.03    -0.71
 India        <INR=>      43.04     42.82   -0.50    +2.50
   

For full regional quote listings, double click on the following codes: Africa <AFFX1=> Asia <ASIAFX=> Central/Eastern Europe <EEFX=> Latin America <LATAMFX=> Middle East <MEFX=> [20070404 102659 GMT]   

MARKETS-EMERGING-FOREX|LANGEN|ABN|M|D|RBN|RNP|DNP|PTD|PMF|MARKETS-EMERGING-FOREX XREF=2|LANGEN|Table|ABN|M|D|RBN|RNP|DNP|PTD|PMF|chained"
Slovak cbank says to keep curbing crown crown   ,2007-04-04,"BRATISLAVA, April 4 (Reuters) - The Slovak central bank said it had intervened on the foreign exchange market on Wednesday due to increased crown volatility and its unjustified firming in recent days.   

A central bank board member, Karol Mrva, told Reuters the bank remained prepared to correct unwanted crown moves in the future.   

Mrva also reiterated a warning to investors that the crown's conversion rate to the euro, which is expected to be set at around mid-2008, may differ from market levels at that time.   

MARKETS-SLOVAKIA/CBANK (URGENT)|LANGEN|ABN|M|D|CZS|DNP"
UPDATE 3- Slovak  c.bank  intervenes  to curb crown   ,2007-04-04,"(Adds NBS Governor, analyst comments)   

BRATISLAVA, April 4 (Reuters) - The Slovak central bank (NBS) fought again to curb the crown's strength with a second market intervention in as many weeks on Wednesday, and warned it would continue to correct unwanted currency swings.   

Dealers in Bratislava said the NBS started selling crowns on the market early on Wednesday when it traded at around 33.100 per euro, its strongest level since March 20 when the central bank last intervened.   

The bank confirmed it had intervened, saying it was because of the crown's increased volatility and ""unjustified"" moves in recent days.   

""We are prepared to act in the same way in the future,"" NBS board member Karol Mrva told Reuters. ""If we see too sharp volatility and unjustified moves we are willing and prepared to intervene.""   

The NBS would not comment on the details of the intervention, which weakened the crown as far as 33.700 per euro <EURSKK=>. The unit traded at 33.440 as of 1450 GMT.   

NBS Governor Ivan Sramko told reporters that the crown's strength remained excessive: ""We are consistently stating that we will use all tools because we think that the crown's exchange rate is overvalued.""   

The crown reached a record high of 32.710 after its peg in the ERM-2 exchange rate mechanism, the precursor to euro adoption, was revalued by 8.5 percent on March 16.   

The NBS has repeatedly said the crown should move around the new ERM-2 central rate of 35.4424 per euro, which it sees to be near the equilibrium level justified by economic fundamentals.   

The strong crown has helped the NBS to curb inflation, aiding Slovakia's aim of entering the euro zone in 2009.   

The NBS cut its main two-week repo rate by 25 basis points to 4.50 percent at the end of March after the rising crown effectively tightened monetary conditions.   

""The intervention increased prospects of a further interest rate cut by 25 basis points this month,"" said Lucia Steklacova, a senior analyst at ING Bank.   

The crown has been rising on the back of accelerating economic growth, which is expected to surpass last year's 8.3 percent in 2007, and because investors expect to profit from further appreciation before euro adoption.   

Mrva reiterated a warning that the crown's conversion rate to the euro, which is expected to be set at around mid-2008, may differ from market levels at that time.   

The central bank appeared determined not to let the crown rise too far but analysts said it would probably manage only to slow its climb.   

""The crown has potential to firm further due to fundamentals in a longer term ... benefiting from higher economic growth and productivity gains,"" said Maria Valachyova, senior analyst at Slovenska Sporitelna.   

""We see the final conversion rate at 32.50, which could be an equilibrium level when the currency will be fixed (to the euro) roughly in the mid-2008,"" she said.   

Some market watchers said NBS interventions, estimated to be worth between 2-3 billion euros in total so far this year, were increasing investors' exposure to the crown, which could make the local currency more vulnerable to global capital flows.   

""The crown might become more sensitive to shake-ups on emerging markets, although Slovak fundamentals are good,"" said Miroslav Plojhar, chief economist at Citibank Czech Republic. (Additional reporting by Martin Santa)   

MARKETS-SLOVAKIA/INTERVENTION (UPDATE 3)|LANGEN|ABN|M|D|CZS|BNX|DNP"
Slovakia - Factors To Watch on April 2   ,2007-04-02,"BRATISLAVA, April 2 (Reuters) - Here are news stories, press reports and events to watch which may affect Slovak financial markets on Monday.   

STATE BUDGET DATA   

The finance ministry will publish central state budget data for January-March.   

STATE BOND AUCTION   

The Debt and Liquidity Management Agency will auction 10-year, 4.2 percent state bond, by 1000 GMT.   

SLOVAKIA QUESTIONS EU UNITY ON KOSOVO   

Slovakia on Saturday challenged the idea that the European Union was united behind a plan for Kosovo's independence and said it would work to ensure Serbia's concerns were taken into account at the United Nations.   

[ID:nL31712781] [RTRS-EU-DIP-POL-BAK]   

CAR MAKERS SLAM GOVT LABOUR CODE PLANS   

Slovak car makers on Friday attacked government plans for more job protection as a threat to competitiveness and growth.   

[ID:nL30428918] [RTRS-AUT-JOB-POL-SK]   

C.BANK FOREX RESERVES JUMP AFTER INTERVENTION

The Slovak central bank's (NBS) foreign currency reserves jumped to $16.587 billion as of March 28 from $14.771 billion the previous week, the bank said on Friday.   

[ID:nPRG000289] [RTRS-CEN-FRX-SK]   

CROWN STRONGER, EYES CBANK REPO FOR TREND   

The Slovak crown was stronger against the euro on Friday thanks to a positive mood on central European markets, and investors waited for a new central bank signal about the currency's strength, traders said.   

[ID:nL30382237] [RTRS-MMT-FRX-SK]   

PRESS DIGEST   

------------   

ETHNIC HUNGARIANS CHANGE LEADER   

Pal Csaky surprisingly beat Bela Bugar to become the leader of the ethnic Hungarian party SMK. Some ruling coalition politicians said they feared more radical views from the opposition SMK, but analysts said that was unlikely to occur.   

Sme, page 1   

SLOTA SLAMS U.S. FOREIGN POLICY   

Jan Slota, the leader of the right-wing Slovak National Party, a junior coalition member, has slammed foreign policy of the United States, saying Washington was destroying entire nations.   

Pravda, page 2   

NO TRUST IN UNIONS   

Majority of employees in Slovakia do not trust trade unions, a poll conducted by a private agency FOCUS showed. The workers polled by Focus said unions cannot not protect the employees' rights.   

Hospodarske Noviny, page 1   

For news on upcoming events in the United States and other Group of Seven countries, see <G7TODAY>. For a diary of forthcoming Slovak events, double click [SK/DIARY], and a calendar of east European economic indicators, see [CONV/DIARY].   

News editor of the day: Peter Laca, on +421 2 5341 8402; fax: +421 2 5341 8403   

E-mail: editorial@reuters.sk   

Reuters Messaging: pater.laca.reuters.com@reuters.net For real-time index quotes, double click in brackets: Warsaw WIG20 <.WIG20> Budapest BUX <.BUX> Prague PX50 <.PX50> Other related news:    


 Slovak equities      [SK-E]  E.Europe equities           [.CEE]
 Slovak money         [SK-M]  Czech debt                  [CZ-D]
 Slovak Indicators  [SK-ECI]  Emerging forex          [EMRG/FRX]
 Eastern European     [EEU]   All emerging markets        [EMRG]
 Hot stocks           [HOT]   Stock markets                [STX]
 Market debt news     [DBT]   Forex news                   [FRX]
 TOP NEWS -- Emerging markets                         [TOP/EMRG]
 TOP NEWS -- Convergence watch                        [TOP/EAST]
   

Slovakia - Factors To Watch on April 2|LANGEN|Table|CZS|ABN|M|D|E|RBN|REVU|RNP|DNP|PTD|PMF"
TABLE- Slovak  c.bank  forex  reserves jump after  intervention ,2007-03-30,"March 30 (Reuters) - The Slovak central bank's (NBS) foreign currency reserves jumped to $16.587 billion as of March 28 from $14.771 billion the previous week, the bank said on Friday.   

The NBS did not give a reason for the rise, but it came during the period when it intervened directly on the foreign exchange market to weaken the crown from its record of 32.710 per euro <EURSKK=>.   

Dealers have estimated the central bank had bought as much as 2 billion euros.   

The bank is expected to report the size of its interventions after a board meeting on April 27.   

SLOVAK FOREIGN RESERVES MARCH 28 MARCH 21 MARCH 14 ($ million)    

Central Bank              16,587.4    14,770.9   14,721.3
 Commercial banks           3,439.5     4,236.9    3,210.4
 Total banking sector      20,026.9    19,007.8   17,931.7
   

NOTE: Reserves data are calculated according to methodology compatible with European Central Bank standards.   

(Reporting by Martin Santa in Bratislava)   

SLOVAKIA-RESERVES/ (TABLE)|LANGEN|Table|ABN|D|M|CZS"
CEE MORNING BRIEFING: Region Awaits Retail Sales Data  ,2007-03-23,"
 
TODAY'S CALENDAR 
 
Local/GMT 
 
0900/0800 Hungary Jan Retail Sales 
          N/A Vs +3.3% Y-Y 
 
1000/0900 Poland Feb Retail Sales 
          Seen +16.3% Y-Y Vs +16.5% Y-Y 
 
1000/0900 Poland Feb Unemployment 
          Preliminary estimate 15.0% Vs 15.1% 
 
1400/1300 Poland Jan Net Consumer Price Inflation 
          Seen +1.6% Y-Y Vs +1.6% Y-Y 
 
1400/1300 Poland Feb Net Consumer Price Inflation 
          Seen +1.6% Y-Y 
 
 
FOREX 
 
        Latest     Previous   %Chg   Daily   Daily    %Chg 
                   2150 GMT          High    Low      12/31 
EUR/PLN 3.8661-11  3.8679-29  -0.05  3.8700  3.8690   +0.88 
EUR/HUF 245.70-00  245.96-26  -0.11  245.78  245.87   -2.28 
EUR/CZK 27.925-40  27.953-83  -0.10  27.925  27.939   +1.58 
EUR/SKK 33.345-85  33.350-90  -0.01  33.350  33.380   -3.19 
   

THE POLISH ZLOTY: A correction may be in store for the zloty, says a local trader, after the market overreacted to the comments made by the U.S. Federal Reserve Wednesday. The possibility of a hike in U.S. interest rates remains, he adds. The focus Friday will be on February retail sales and net consumer price inflation data. Looking further ahead, the market will take direction from the Polish central bank rate-setting meeting, which ends March 28.  

The zloty firmed in line with the Hungarian forint Thursday on positive emerging markets sentiment, said a trader, after the U.S. Fed released what was interpreted to be a dovish accompanying statement.  

Late Thursday, the euro was trading at PLN3.8648 compared with PLN3.8733 late Wednesday.  

THE HUNGARIAN FORINT: In focus Friday will be domestic January retail sales data. Looking to next week, the market will await Monday's interest rate decision. The central bank is largely expected to leave rates unchanged. A dealer expects the succeeding comments to indicate monetary easing in coming months, pending inflation developments.  

The forint firmed against the euro Thursday, on positive investor sentiment within the fixed income market, a trader said. Late Thursday, the euro was trading at HUF245.36, compared with HUF247.30 late Wednesday.  

THE CZECH KORUNA: Given the lack of domestic impetus, the market will take its direction from the Slovak National Bank policy meeting March 27, says a trader. ""The region will be dominated by central bank meetings next week,"" the trader adds, with the Slovak meeting of key importance for the Czech unit. With the increasing expectation of an interest rate cut and further intervention on the Slovak foreign exchange market a perpetual risk, the euro is expected to reach support at CZK28.15, the trader adds.  

The koruna was relatively unchanged Thursday amid calm trading, a local trader said. The currency took its lead from the Slovak unit, which remained stable after its recent bout of volatility. Late Thursday, the euro was trading at CZK27.93, compared with CZK27.97 late Wednesday.  


 
FIXED INCOME 
   

POLISH BONDS: On the domestic front, the Polish market will focus on net consumer price inflation data and February retail sales figures Friday.  

Polish treasury bonds were largely quiet Thursday, with the long end of the curve weaker as foreign demand subsided. More activity was seen on forward rate agreements on the Warsaw Interbank Offer Rate, which rose along the curve as the market discounted a near-term rate hike, a local analyst said.  

Late Thursday, the average yield on the two-year paper was unchanged from late Wednesday at 4.55%, while the five-year yield was at 4.95%, from 4.96%, and the 10-year yield was at 5.20%, from 5.15%.  

HUNGARIAN BONDS: The Hungarian central bank is expected to the leave key rate steady Monday, but overnight money market rates are high and liquidity is tight as the market prepares for the possible but unlikely event of a rate cut. A local trader expects fixed income investor sentiment to remain positive as a result of continued fiscal progress.  

Hungarian bonds firmed on U.S. buying late Thursday, a bond trader said. Interest was boosted by the currency's strength and the dovish interpretation of the U.S. Fed's post-meeting statement. Hungarian bond yields fell 10 basis points on the short end and five basis points on the long end of the curve.  

Late Thursday, the three-year paper was yielding 7.27%, the five-year was yielding 7.07% and the 10-year was yielding 6.60%.  

CZECH BONDS: Yields of local bonds may move higher Friday, following the similar moves the German bund market. ""I'd say yields could rise a little, by about two basis points,"" said Petr Kaspar, a trader at Ceska Sporitelna. Yields are also likely to be pushed higher by the easing volatility on the local foreign exchange market, Kaspar said.  

Thursday, yields on long-dated bonds rose slightly on the day, shadowing similar moves in bonds in core markets. The yield on the benchmark 10-year Czech paper rose two basis point on the day to 3.79%.  


 
 
  STOCKS 
 
WIG20                     3470.55  gain  68.40   up 2.0% 
BUX                      23341.85  gain 279.68   up 1.2% 
PX-D                      1691.00  gain   9.6    up 0.6% 
 
DJ STOXX EU Enlarged 15  3169.27   gain  50.26   up 1.6% 
   

IN WARSAW: The outlook remains uncertain for the WIG20 index but near-term falls seem unlikely, says a local broker.  

The index ended up 2.0% at 3470.55 as massive buying lifted blue chips after the U.S. Fed's dovish comments late Wednesday. High volumes noted on liquid blue chips suggested foreign buyers' activity, a broker said. Ending in positive territory were Agora, which ended 4.4% higher; BRE, which closed 4.1% higher; KGHM, closing up 3.2% and PKN Orlen, which closed 3.3% higher. Among other gainers were TPSA, which finished up 2.6% and TVN, which closed 2.4% higher.  

IN BUDAPEST: Profit-taking detected in OTP, MOL and Magyar Telekom may indicate a fall in coming days, a Raiffeisen Bank trader says.  

The BUX index ended 1.2% higher at 23341.85 in heavy trade. ""The BUX closed up but that level was its daily low. That is significant as it signals that the market is losing steam after a five-day rally,"" the trader said. OTP Bank ended 1.3% higher, MOL ended up 1.5% and Magyar Telekom closed the day up 0.4%.  

IN PRAGUE: Traders say Erste may face some profit-taking Friday or next week. ""All the regional markets may undergo a little correction in coming days,"" a trader adds.  

The PX index ended up 0.6% at 1691.0 Thursday led by Erste Bank, which closed 2.5% higher on the overall positive sentiment over banking stocks. Zentiva, the most actively traded stock, closed 1% lower, following gains earlier in the day. ""Some investors seized an opportunity to take profits after Zentiva's week-long rally,"" the trader said. Among other stocks, Telefonica O2 CR ended 0.7% lower and Komercni Banka ended down 0.3% on steady profit-taking after recent gains. CEZ closed 0.3% higher. [ 03-23-07 0156ET ]  


 OTHER NEWS 
 
   

POLAND: Marek Mazur, chief executive of Poland's national carrier LOT Polish Airlines SA, has been fired from his post. Mazur, whose term was just 38 days long, told Polish news TV channel TVN24 he didn't know why the supervisory board removed him from the post.  

CZECH REPUBLIC: Netherlands-based New World Resources is planning an initial public offering in the autumn of this year, the company's lead investor, Zdenek Bakala, said Thursday. The company is the holding that owns OKD AS, the Czech Republic's largest black-coal mining company by production volume.  

SLOVAKIA: France Telecom (FTE.FR) said Thursday its Orange Slovensko subsidiary plans to spend EUR30 million on setting up an optic fiber network in Slovakia. The French company said the network will be the most dense national network of optical household connections in the country. The move fits in with France Telecom's goal of deploying a fixed telecommunication network based on FTTH (Fiber To The Home) technology in Slovakia.  

HUNGARY: German architectural software developer Nemetschek AG (NEM.XE) said Thursday that it has a 90.6% stake in Hungarian peer Graphisoft SE (GRAPHI.BU) following the completion of the public offer submitted to the Graphisoft shareholders.  

HUNGARY: Russian President Vladimir Putin and Hungarian Prime Minister Ferenc Gyurcsany said Thursday that trade between their nations in on the rise and welcomed a sharp increase in Hungarian exports to Russia. Hosting Gyurcsany at his residence outside Moscow, Putin said Hungarian exports to Russia reached $2 billion last year, a figure the Kremlin says was an increase of two-thirds.  

ROMANIA: The Nabucco pipeline project aiming to supply natural gas from the Caspian Sea to Central Europe started out as an economic endeavor, but has ended up as a political dispute, news agency Mediafax reported Thursday, citing Florin Muntean, general manager of Romanian state-run Transgaz, part of the Nabucco consortium.  

ROMANIA: Nokia Corp. (NOK) is to open a cell phone plant and a research center near the Transylvanian city of Cluj, Romanian officials said Thursday. The Finland-based company is expected to invest EUR200 million in the project to build a technology center in the village of Jucu that will employ 15,000 people, said Cluj prefect Marius Nicoara.  

SERBIA: Serbia's largest political party, the ultranationalist Radicals, on Thursday demanded early general elections after moderate groups failed to form a Cabinet two months after January elections. The hardliners that once ruled alongside Slobodan Milosevic and now hope to return to power, blasted the pro-Western and moderately conservative parties that have been deadlocked in talks on sharing power in a coalition government.  

-By Lauren Parr, Dow Jones Newswires; 44 207 842 9446; lauren.parr@dowjones.com [ 03-23-07 0157ET ]  

1806 75091"
"Slovak crown weakens, mkt prepares for rate cut  ",2007-03-23,"BRATISLAVA, March 23 (Reuters) - The Slovak crown weakened by 0.6 percent versus the euro on Friday as investors cut local exposure to take profits and prepared positions for an expected interest rate cut, dealers said.  

The crown <EURSKK=> was at 33.575 to the euro as of 1525 GMT, compared with 33.375 seen late on Tuesday.  

The crown had a volatile week, first jumping on revaluation of its parity rate in the ERM-2 exchange rate mechanism, then erasing part of the gains due to central bank interventions to stop the rally.  

The Slovak unit rose by over 3 percent after the ERM-2 parity shift, hitting a record high of 32.710 per euro on Monday.  

The central bank then intervened to weaken its currency, saying the new parity rate of 35.4424 per euro was near the equilibrium level justified by economic fundamentals.  

The market now expects the central bank (NBS) to cut interest rates at the monthly monetary policy meeting on March 27, according to a Reuters poll of analysts.  

""The Slovak crown could come under pressure next week, because of the NBS's meeting and possible rate reduction by as much as 50 basis points,"" said Komercni Banka analysts.  

Some market watchers, however, said the rate decision would be a close call and that the central bank might keep the main two-week repo rate unchanged at 4.75 percent because of persisting inflation risks from energy prices. ------------------ MARKET SNAPSHOT AT 1525 GMT ----------------- Crown/euro <EURSKK=> at 33.575 vs 33.370 on Thursday Crown/dollar <SKK=> at 25.242 vs 24.955 5-yr govt bond <SK5YT=RR> yield 4.242/4.002 pct vs 4.227/4.007 7-yr govt bond <SK7YT=RR> yield 4.394/4.194 pct vs 4.209/3.988 ---------------------------------------------------------------  

SLOVAKIA-CROWN/AFTERNOON|LANGEN|Table|ABN|M|D|CZS|RBN|RNP|DNP|PTD|PMF"
CEE MORNING BRIEFING: Region Weighs Fed's Softer Tone  ,2007-03-22,"
 
TODAY'S CALENDAR 
 
Local/GMT 
 
1200/1100 Hungary 12-Month Treasury Bond Tender 
1530/1430 Hungary Treasury Schedule 
 
FOREX 
 
        Latest     Previous   %Chg   Daily   Daily    %Chg 
                   2150 GMT          High    Low      12/31 
EUR/PLN 3.8610-50  3.8620-60  -0.03  3.8685  3.8614   +0.74 
EUR/HUF 245.57-87  245.62-92  -0.02  245.74  245.85   -2.33 
EUR/CZK 27.900-30  27.920-80  -0.07  27.925  27.925   +1.49 
EUR/SKK 33.330-70  33.340-80  -0.03  33.360  33.365   -3.24 
   

THE POLISH ZLOTY: A local dealer expects the relatively dovish statement from the U.S. Federal Open Market Committee meeting ""could have a positive impact on emerging markets."" On the domestic front, the market will eye February retail sales data Friday, with growth expected to stay red-hot at 16.3% on the year, compared with 16.5% in January, according to a Dow Jones Newswires poll of 11 analysts.  

The zloty weakened Wednesday in range-bound trade, as investors remained on the sidelines ahead of the FOMC meeting which is set to end after the market closes.  

Late in the day, the euro was trading at PLN3.8733, compared with PLN3.8730 late Tuesday.  

THE HUNGARIAN FORINT: The forint is expected to weaken in the near term, says a trader, after the finance ministry's denial earlier this week that the forex trading band is to be abandoned in the foreseeable future. Further ahead, the market will await the central bank's rate-setting meeting Monday, when most analysts expect rates to be left on hold. However, the recent strength of the forint has given a boost to expectations that the central bank might cut rates, says a local dealer.  

The forint weakened against the euro Wednesday, but kept close to the strong edge of its trading band, a dealer said.  

Late Wednesday, the euro was trading at HUF247.30, compared with HUF246.50 late Tuesday.  

THE CZECH KORUNA: The koruna is expected to depreciate further in coming days, tracking the negative trend of the Slovak koruna after the country's central bank intervened to weaken the currency Tuesday. A local dealer sets a short-term target of CZK28.15 against the euro. With the domestic calendar empty for the remainder of the week, investors will follow core market developments, taking direction from the FOMC post-meeting statement, a trader says.  

The koruna weakened in calm trade Wednesday, in line with the Slovak currency, as the euro rebounded from its losses earlier this week.  

Late Wednesday, the euro was quoted at CZK27.97, compared with CZK27.79 late Tuesday.  


 
FIXED INCOME 
   

POLISH BONDS: Thursday morning may bring some commotion after the FOMC interest rate decision and subsequent comments, a local trader said.  

Polish treasury bonds were little changed in sluggish trade Wednesday, said traders. A successful five-year treasury bond auction encouraged prices to climb slightly, but overall there was little fluctuation in the market, said a dealer.  

Late Wednesday, the average yield on the two-year paper was at 4.51%, from 4.50% late Tuesday, while the five-year yield was at 5.00%, from 4.99%, and the 10-year yield was at 5.20%, from 5.19%.  

HUNGARIAN BONDS: A trader views a 50 basis point interest rate cut Monday as feasible, given the recent strength of the forint. Short maturities may add further gains Thursday, while the longer paper is likely to remain largely unchanged, he added. The focus Thursday will be on the 12-month treasury bond auction.  

Hungarian government bonds ended mixed Wednesday, with yields on the shorter end of the curve declining around 5 basis points amid intensifying expectations for an interest rate cut Monday, a local trader said. ""The strengthening of short maturities is a sign that more and more investors expect a rate cut,"" he noted. Yields on longer maturities rose 3-6 basis points in tandem with the weakening of the forint.  

Late Wednesday, the three-year paper was yielding 7.40%, the five-year was yielding 7.20%, and the 10-year was yielding 6.75%.  

CZECH BONDS: Traders will follow developments of bonds on core markets Thursday, namely the German bunds market, as no domestic data is scheduled, a local trader said.  

Wednesday, yields on long-dated bonds rose slightly on the day, shadowing similar moves in bonds in core markets.  

The yield on the benchmark 10-year Czech paper rose one basis point on the day to 3.78%. The Czech Finance Ministry auctioned CZK7.0 billion of 15-year bonds at an average yield of 4.29% and average price of 98.49. Demand for the bonds, at CZK8.2 billion, only slightly surpassed supply. The bond has a 3.75% coupon and is a reopening of an issue initially sold in September 2005. The currently traded paper of the same issue had an average yield late Wednesday of 4.16%.  


 
  STOCKS 
 
WIG20                     3402.15  gain  40.32   up 1.2% 
BUX                      23062.17  loss 110.22   dn 0.5% 
PX-D                      1681.40  gain  10.1    up 0.6% 
 
DJ STOXX EU Enlarged 15  3119.01   gain 19.28    up 0.6% 
   

IN WARSAW: A broker notes that ""if (the FOMC) statements get a warm reception, the WIG20 index is to hold above the 3400 level.""  

The WIG20 index ended up 1.2% at 3402.15. Brokers attributed the positive finish to a lack of negative news rather than a permanent switch to an upward trend. Trading volumes remained low as the market awaited the close of U.S. markets, the FOMC decision and post-meeting statement. Banking stocks were in focus Wednesday, with PKO ending up 4.7%, and Pekao closing 2.1% higher. Among the losers was TPSA, which ended down 0.9% due to market worries about another potential fee by the market regulator.  

IN BUDAPEST: A local trader noted that the Central and Eastern European region is ""clearly underperforming"" and saw no reason why this should change in the short term.  

The BUX index ended down 0.5% at 23062.17 as drug shares and MOL dragged the index into the red. Shares were also hit by recent forint strength, a trader added. MOL remained under selling pressure and ended 0.8% lower. Richter and Egis also ended lower, down 3.5% and 4.8%, respectively, after Citigroup lowered earnings-per-share and target price on the stocks, a trader said. OTP ended 0.6% higher amid thin volumes, while Magyar Telekom closed up 0.9%.  

IN PRAGUE: Traders said that Citigroup's rating upgrade of Zentiva, with a new target price of CZK1,800, is likely to drive the stock and the overall market further up in coming days.  

The PX index ended up 0.6% at 1681.4 led by Zentiva, which closed the day 1.2% higher at CZK1,490. CEZ ended up 1.9% largely on the confirmation that it is ready to buy back some of its stock held by the Czech government. Zentiva and CEZ accounted for over two thirds of $219 million worth of shares traded Wednesday. Among other stocks, Telefonica O2 CR ended down 0.9%, largely on profit-taking after its recent gains. Komercni Banka ended flat at CZK3,543, while Erste Bank closed 0.5% higher after rebounding from last week's losses. [ 03-22-07 0157ET ]  


 OTHER NEWS 
 
   

POLAND: The European Commission is taking Poland to the EU's top court to prevent the construction of a highway that would run across protected habitat in one of Europe's best preserved primeval forests, officials said Wednesday. Polish authorities have approved plans to construct a 10-mile section of the Via Baltica highway linking the country to Finland through a rare peat bog where eagles, wolves and lynx roam. The road would cut through the forest for 500 yards to bypass a town.  

POLAND: Germany's foreign minister on Wednesday pressed the U.S. to consider the price of pushing through plans to locate missile defense facilities in eastern Europe, while his Russian counterpart urged broader consultations with Moscow. In Warsaw, former Polish Defense Minister Radek Sikorski, now a member of the Senate, also cautioned Washington may have more difficulty than it expects in persuading Poland to give final approval to host 10 interceptor missiles. The other part of the U.S. plan envisions a radar base in the Czech Republic.  

POLAND: A unit of private equity group RPG Wednesday said it had submitted a formal letter of interest to acquire black coal mine Ruch Silesia in southern Poland from its owner Kompania Weglowa SA. Kompania Weglowa, Poland's largest coal mining holding company by revenue, will sell Ruch Silesia because it has posted losses every year since 1995, the company's spokesman Zbigniew Madej told Dow Jones Newswires.  

CZECH REPUBLIC: Czech brewer Budejovicky Budvar NP Wednesday said it is reviewing a decision by an Italian appeals court that stripped it of its rights to the 'Budweiser' trademark in Italy. ""At this moment our lawyers are reviewing the issue and we have no further comment,"" said Petr Samec, spokesman for Budejovicky Budvar.  

CZECH REPUBLIC: Czech President Vaclav Klaus said Wednesday that the biggest threat to freedom and democracy around the globe was from what he called ""ambitious environmentalism."" Klaus, who disputes evidence that human activity is to blame for climate change, made the remark in a written response to questions from a committee in the U.S. Congress.  

HUNGARY: The European Commission Wednesday warned Denmark, Finland and Hungary to liberalize their domestic gambling and sports betting markets or defend their laws in Europe's highest court. The commission said the countries' rules ""restrict the free movement of sports betting services"" and aren't ""necessary, proportionate and nondiscriminatory"".  

HUNGARY: Hungary plans to sell digital television licenses next year on condition that legislation regulating the digital television frequency market is approved by parliament this year, Daniel Pataki, president of the telecommunications market authority, or NHH, said Wednesday. ""The politicians will need to decide what to base the sale of the licenses on and which frequencies will be used for public service television,"" Pataki told the press.  

HUNGARY: Hungary doesn't plan to call a tender this year for the sale of its fourth third-generation mobile telecommunications license, Daniel Pataki, president of the Hungarian telecommunications authority, NHH, said Wednesday. ""If anyone comes along offering a fair price, the Hungarian government and the NHH would be willing to sell it. But it's not worth calling a tender without any interest (from a potential buyer),"" Pataki told the press.  

ROMANIA: Renault's Romanian carmaker Automobile Dacia posted a record EUR107.2 million ($142.5 million) profit in 2006 on strong sales of its Logan model, according to figures published Wednesday. The company sold about 187,000 cars, including 79,000 on foreign markets, a 9.3 percent increase compared to 2005, with the strong sales helping it double its profits compared to 2005. Dacia's turnover reached EUR1.5 billion in 2006, up 29 percent from 2005, state news agency Rompres reported, citing company figures.  

ROMANIA: Prime Minister Calin Popescu Tariceanu on Wednesday took over temporarily the foreign ministry portfolio after a dispute with the president on appointing a new minister. President Traian Basescu blocked the appointment of Tariceanu's nominee for the job, senator Adrian Cioroianu, saying that the lawmaker did not have enough experience.  

ROMANIA: A Parliamentary commission Wednesday recommended suspending and impeaching President Traian Basescu for violating the constitution. The commission, which was set up to investigate allegations against Basescu made by three opposition parties, also accused the president of committing crimes and said he might be prosecuted.  

SLOVENIA: The European Central Bank expects Slovenia to name a new central bank governor soon, ECB President Jean-Claude Trichet said Wednesday. Slovenia hasn't named a new central bank chief since Mitja Gaspari finished his term March 12. This has left a vacancy on the ECB's governing council, which oversees monetary policy matters for all euro-zone countries.  

-By Lauren Parr, Dow Jones Newswires; 44 207 842 9446; lauren.parr@dowjones.com [ 03-22-07 0158ET ]  

1806 75091"
"Slovak crown flat, seen stabilising after jumps  ",2007-03-22,"BRATISLAVA, March 22 (Reuters) - The Slovak crown was little changed on Thursday morning after a roller coaster ride earlier this week caused by a shift of its peg to the euro within the ERM-2 currency mechanism.  

Market watchers saw the crown stabilising at around current levels in the near future as the market waited for fresh impetus from a central bank monetary policy meeting on March 27.  

The crown traded at 33.370 to the euro as of 0845 GMT, flat from late on Wednesday.  

""For the next few days, at least until the central bank's meeting next Tuesday, we do not expect attempts to move the crown to the stronger side, but rather calmer wait-and-see trading,"" Slovenska Sporitelna analysts said in a market note.  

The crown jumped by over 3 percent on Monday, reaching an all-time high of 32.710 per euro, after its parity rate in the ERM-2 exchange rate mechanism was revalued by 8.5 percent.  

The Slovak central bank (NBS) intervened on the foreign exchange market and flooded the money market with crown liquidity on Tuesday to weaken its currency.  

NBS's action has weakened the local unit, but Governor Ivan Sramko repeated on Wednesday the crown remained overvalued and that the bank would use its tools to move it to levels justified by economic fundamentals.  

SLOVAKIA-CROWN/MORNING|LANGEN|CZS|ABN|M|D|RBN|RNP|DNP|PTD|PMF"
CEE MORNING BRIEFING: Slovak Koruna Setting The Tone  ,2007-03-21,"
 
TODAY'S CALENDAR 
 
Local/GMT 
 
1200/1100 Hungary Six-Month Treasury Bond Tender 
 
1200/1100 Poland Five-Year Treasury Bond Tender 
 
 
FOREX 
 
        Latest     Previous   %Chg   Daily   Daily    %Chg 
                   2150 GMT          High    Low      12/31 
EUR/PLN 3.8756-09  3.8733-83  +0.06  3.8756  3.8664   +1.12 
EUR/HUF 246.75-05  246.40-00  +0.14  246.81  246.97   -1.86 
EUR/CZK 27.810-70  27.815-40  -0.02  27.825  27.835   +1.16 
EUR/SKK 33.370-10  33.348-98  +0.07  33.370  33.390   -3.12 
   

THE POLISH ZLOTY: The Slovak koruna's trade against the euro is likely to continue to dictate the direction of the region's currencies Wednesday, traders say. The koruna saw strong gains Monday following Friday's surprise revaluation against the euro. The koruna then fell sharply Tuesday, amid talk the Slovak central bank had intervened to weaken the currency.  

The zloty was slightly weaker against both the euro and the dollar Tuesday, tracking the Slovak koruna. ""It seems like the (Slovak koruna) intervention was carried out through a London-based bank,"" a Raiffeisenbank trader said. Late Tuesday, the euro was trading at PLN3.8730, from PLN3.8720 late Monday. The dollar was trading at PLN2.9143, from PLN2.9130.  

THE HUNGARIAN FORINT: The Slovak koruna is likely to remain the focus Wednesday, traders say. Further ahead, most analysts expect Hungary's central bank to leave interest rates on hold at its rate-setting meeting Monday. ""We do not expect the National Bank of Hungary to hike rates further from current levels and we expect it to start cutting around the summer,"" says Goldman Sachs analyst Istvan Zsoldos. DZ Bank's Illes Toth agrees that the Monetary Policy Council should remain cautious and leave rates unchanged Monday. He adds that if the forint manages to keep below HUF250 to the euro, there could be a case for a rate cut. However, JPMorgan's Nora Szentivanyi says that if the forint remains strong, the central bank could cut rates in the second quarter rather than in the second half as had been expected.  

The forint weakened against the euro Tuesday, tracking the Slovak koruna. Late Tuesday, the euro was at HUF246.50, from HUF245.93 late Monday.  

THE CZECH KORUNA: Calyon Bank strategist Nigel Rendell says the outlook for the Slovak koruna is more upbeat than that of its neighboring currencies the Czech koruna, the forint and the zloty. ""The bullish case for the other currencies is not that convincing. The European Union is happy with what Slovakia is doing, but for the other three, monetary union is four to seven years away. Nothing has changed from a fundamental point of view,"" he says.  

The koruna weakened against the euro Tuesday, in line with the Slovak koruna. Late Tuesday, the euro was trading at CZK27.85, from CZK27.73 late Monday.  


 
FIXED INCOME 
   

POLISH BONDS: The finance ministry's tender of five-year bonds at 1100 GMT is likely to be the focus Wednesday.  

Polish government bonds were a touch firmer Tuesday, with yields lower across the curve in a quiet market. Late Tuesday, the average yield on the two-year bond was at 4.50% from 4.51% late Monday. The five-year yield eased to 4.93% from 4.95%, while the 10-year bond dipped to 5.18% from 5.20%. The activity has switched to forward rate agreements on the Warsaw Interbank Offer Rate, traders said. FRAs rose by between five and six basis points along the curve, ""clearly saying the first rate hike is due in April or May,"" a trader said, noting hawkish statements Tuesday by Polish central bankers as the cause.  

HUNGARIAN BONDS: Market talk that the Hungarian government could scrap the forint trading band remains strong, despite the finance ministry's denial, a bond trader says. ""This is the central issue of the market. It's an open question how much the ministry comment can cool the speculation. This issue won't disappear in the foreseeable future,"" he says. The focus Wednesday is on the ministry's tender of six-month bonds at 1100 GMT.  

Hungarian government bonds were mixed Tuesday, with yields falling on the short end of the curve and rising a touch on the long end. Late Tuesday, the average yield on the three-year bond dropped to 7.31% from 7.36% late Monday. The yield on the five-year bond was unchanged at 7.15%, while the 10-year bond rose to 7.69% from 7.68%.  

CZECH BONDS: The government's auction of 15-year bonds is likely to be the focus Wednesday, says a Komercni Banka trader. The ministry aims to sell CZK7 billion of bonds in the auction, which reopens a previous issue of paper with a coupon of 3.75% and maturity in 2020.  

Czech government bonds were little changed Tuesday in thin trade. Yields on the short end of the curve fell slightly, tracking bonds on core international markets, while yields on the long end rose a little. Late Tuesday, the average yield on the benchmark 10-year bond was at 3.77% from 3.76% late Monday.  


 
  STOCKS 
 
WIG20            3361.83     loss   14.95   dn 0.4% 
BUX             23172.39     loss  118.05   dn 0.5% 
PX-D             1671.30     gain   17.60   up 1.1% 
 
DJ STOXX EU Enlarged 15 3099.73 loss 16.81  dn 0.5% 
   

IN WARSAW: Consolidation is likely in the near term, with the WIG20 possibly testing 3400 in the coming sessions if global sentiment remains favorable, a trader says.  

The WIG20 index ended down 0.4% at 3361.83 Tuesday. Traders said a lack of demand from large institutional investors meant that the index failed to sustain Monday's gains. PGNiG closed 3.0% higher after a positive recommendation from a local brokerage, while most other stocks fell. PKN Orlen ended down 1.5%, PKO BP fell 1.4%, TVN dropped 1.1% and TPSA lost 1.0%.  

IN BUDAPEST: Stocks are likely to hover early Wednesday ahead of the U.S. Federal Reserve interest rate decision, a trader says. ""The market is usually frozen before the Fed decision, investors are reluctant to open new positions,"" he says.  

The BUX index ended 0.5% lower at 23172.39 Tuesday in thin trade, with most stocks gaining early in the session, only to give up those gains towards the close. ""Everyone was optimistic when the market opened and then we gradually started heading south together with other emerging markets,"" the trader said. OTP gained 0.3%, MOL lost 1.7%, Magyar Telekom fell 1.5% and Richter rose 0.7%.  

IN PRAGUE: Traders say the outlook for the PX index Wednesday is mixed, with some stocks likely to be under pressure from profit-taking.  

The index closed 1.1% higher at 1671.3 Tuesday, led by CEZ, which ended up 2.1% as it rebounded from losses Monday. Zentiva ended up 1.8%, as it continued to attract largely overseas investors following the recent announcement that the company had made a Turkish acquisition. Elsewhere, Telefonica O2 CR gained 1.2%, while Komercni Banka dropped 0.6% on profit-taking on its gains last week. [ 03-21-07 0207ET ]  


 OTHER NEWS 
 
   

HUNGARY: The Hungarian financial market authority PSZAF launched an investigation into the purchase of a combined 42.3% stake in Hungarian chemicals company Tiszai Vegyi Kombinat Nyrt. (TVK.BU) by Hungarian oil and gas company MOL Nyrt. (MOL.BU), a PSZAF official told Dow Jones Newswires Tuesday. ""The transaction itself is rather unusual,"" PSZAF spokesman Istvan Binder said.  

SLOVENIA: Slovenia, the wealthiest eastern European economy, will probably beat its economic growth goal this year, but fears of overheating are misplaced as the country has undergone a revolution since deciding to join Europe's currency union, Finance Minister Andrej Bajuk has told Dow Jones Newswires.  

KOSOVO, SERBIA: Kosovo authorities put up for sale Tuesday a meat processing plant, a dozen shops, a poultry farm and patches of agricultural land in an effort to revive growth and create jobs in the economically depressed province. The Kosovo Trust Agency, the U.N. entity responsible for privatizing the province's companies, said it hoped 32 new firms would be created by the sales, according to a statement. The offered firms also were listed on the agency's Web site. The deadline for submitting bids is May 23.  

-By Susannah Rodgers, Dow Jones Newswires; 44-208-789-8467; susannah.rodgers@dowjones.com [ 03-21-07 0208ET ]  

1806 75091"
CEE MORNING BRIEFING: Slovak Koruna Setting The Tone  ,2007-03-21,"
 
TODAY'S CALENDAR 
 
Local/GMT 
 
1200/1100 Hungary Six-Month Treasury Bond Tender 
 
1200/1100 Poland Five-Year Treasury Bond Tender 
 
 
FOREX 
 
        Latest     Previous   %Chg   Daily   Daily    %Chg 
                   2150 GMT          High    Low      12/31 
EUR/PLN 3.8756-09  3.8733-83  +0.06  3.8756  3.8664   +1.12 
EUR/HUF 246.75-05  246.40-00  +0.14  246.81  246.97   -1.86 
EUR/CZK 27.810-70  27.815-40  -0.02  27.825  27.835   +1.16 
EUR/SKK 33.370-10  33.348-98  +0.07  33.370  33.390   -3.12 
   

THE POLISH ZLOTY: The Slovak koruna's trade against the euro is likely to continue to dictate the direction of the region's currencies Wednesday, traders say. The koruna saw strong gains Monday following Friday's surprise revaluation against the euro. The koruna then fell sharply Tuesday, amid talk the Slovak central bank had intervened to weaken the currency.  

The zloty was slightly weaker against both the euro and the dollar Tuesday, tracking the Slovak koruna. ""It seems like the (Slovak koruna) intervention was carried out through a London-based bank,"" a Raiffeisenbank trader said. Late Tuesday, the euro was trading at PLN3.8730, from PLN3.8720 late Monday. The dollar was trading at PLN2.9143, from PLN2.9130.  

THE HUNGARIAN FORINT: The Slovak koruna is likely to remain the focus Wednesday, traders say. Further ahead, most analysts expect Hungary's central bank to leave interest rates on hold at its rate-setting meeting Monday. ""We do not expect the National Bank of Hungary to hike rates further from current levels and we expect it to start cutting around the summer,"" says Goldman Sachs analyst Istvan Zsoldos. DZ Bank's Illes Toth agrees that the Monetary Policy Council should remain cautious and leave rates unchanged Monday. He adds that if the forint manages to keep below HUF250 to the euro, there could be a case for a rate cut. However, JPMorgan's Nora Szentivanyi says that if the forint remains strong, the central bank could cut rates in the second quarter rather than in the second half as had been expected.  

The forint weakened against the euro Tuesday, tracking the Slovak koruna. Late Tuesday, the euro was at HUF246.50, from HUF245.93 late Monday.  

THE CZECH KORUNA: Calyon Bank strategist Nigel Rendell says the outlook for the Slovak koruna is more upbeat than that of its neighboring currencies the Czech koruna, the forint and the zloty. ""The bullish case for the other currencies is not that convincing. The European Union is happy with what Slovakia is doing, but for the other three, monetary union is four to seven years away. Nothing has changed from a fundamental point of view,"" he says.  

The koruna weakened against the euro Tuesday, in line with the Slovak koruna. Late Tuesday, the euro was trading at CZK27.85, from CZK27.73 late Monday.  


 
FIXED INCOME 
   

POLISH BONDS: The finance ministry's tender of five-year bonds at 1100 GMT is likely to be the focus Wednesday.  

Polish government bonds were a touch firmer Tuesday, with yields lower across the curve in a quiet market. Late Tuesday, the average yield on the two-year bond was at 4.50% from 4.51% late Monday. The five-year yield eased to 4.93% from 4.95%, while the 10-year bond dipped to 5.18% from 5.20%. The activity has switched to forward rate agreements on the Warsaw Interbank Offer Rate, traders said. FRAs rose by between five and six basis points along the curve, ""clearly saying the first rate hike is due in April or May,"" a trader said, noting hawkish statements Tuesday by Polish central bankers as the cause.  

HUNGARIAN BONDS: Market talk that the Hungarian government could scrap the forint trading band remains strong, despite the finance ministry's denial, a bond trader says. ""This is the central issue of the market. It's an open question how much the ministry comment can cool the speculation. This issue won't disappear in the foreseeable future,"" he says. The focus Wednesday is on the ministry's tender of six-month bonds at 1100 GMT.  

Hungarian government bonds were mixed Tuesday, with yields falling on the short end of the curve and rising a touch on the long end. Late Tuesday, the average yield on the three-year bond dropped to 7.31% from 7.36% late Monday. The yield on the five-year bond was unchanged at 7.15%, while the 10-year bond rose to 7.69% from 7.68%.  

CZECH BONDS: The government's auction of 15-year bonds is likely to be the focus Wednesday, says a Komercni Banka trader. The ministry aims to sell CZK7 billion of bonds in the auction, which reopens a previous issue of paper with a coupon of 3.75% and maturity in 2020.  

Czech government bonds were little changed Tuesday in thin trade. Yields on the short end of the curve fell slightly, tracking bonds on core international markets, while yields on the long end rose a little. Late Tuesday, the average yield on the benchmark 10-year bond was at 3.77% from 3.76% late Monday.  


 
  STOCKS 
 
WIG20            3361.83     loss   14.95   dn 0.4% 
BUX             23172.39     loss  118.05   dn 0.5% 
PX-D             1671.30     gain   17.60   up 1.1% 
 
DJ STOXX EU Enlarged 15 3099.73 loss 16.81  dn 0.5% 
   

IN WARSAW: Consolidation is likely in the near term, with the WIG20 possibly testing 3400 in the coming sessions if global sentiment remains favorable, a trader says.  

The WIG20 index ended down 0.4% at 3361.83 Tuesday. Traders said a lack of demand from large institutional investors meant that the index failed to sustain Monday's gains. PGNiG closed 3.0% higher after a positive recommendation from a local brokerage, while most other stocks fell. PKN Orlen ended down 1.5%, PKO BP fell 1.4%, TVN dropped 1.1% and TPSA lost 1.0%.  

IN BUDAPEST: Stocks are likely to hover early Wednesday ahead of the U.S. Federal Reserve interest rate decision, a trader says. ""The market is usually frozen before the Fed decision, investors are reluctant to open new positions,"" he says.  

The BUX index ended 0.5% lower at 23172.39 Tuesday in thin trade, with most stocks gaining early in the session, only to give up those gains towards the close. ""Everyone was optimistic when the market opened and then we gradually started heading south together with other emerging markets,"" the trader said. OTP gained 0.3%, MOL lost 1.7%, Magyar Telekom fell 1.5% and Richter rose 0.7%.  

IN PRAGUE: Traders say the outlook for the PX index Wednesday is mixed, with some stocks likely to be under pressure from profit-taking.  

The index closed 1.1% higher at 1671.3 Tuesday, led by CEZ, which ended up 2.1% as it rebounded from losses Monday. Zentiva ended up 1.8%, as it continued to attract largely overseas investors following the recent announcement that the company had made a Turkish acquisition. Elsewhere, Telefonica O2 CR gained 1.2%, while Komercni Banka dropped 0.6% on profit-taking on its gains last week. [ 03-21-07 0155ET ]  


 OTHER NEWS 
 
   

HUNGARY: The Hungarian financial market authority PSZAF launched an investigation into the purchase of a combined 42.3% stake in Hungarian chemicals company Tiszai Vegyi Kombinat Nyrt. (TVK.BU) by Hungarian oil and gas company MOL Nyrt. (MOL.BU), a PSZAF official told Dow Jones Newswires Tuesday. ""The transaction itself is rather unusual,"" PSZAF spokesman Istvan Binder said.  

SLOVENIA: Slovenia, the wealthiest eastern European economy, will probably beat its economic growth goal this year, but fears of overheating are misplaced as the country has undergone a revolution since deciding to join Europe's currency union, Finance Minister Andrej Bajuk has told Dow Jones Newswires.  

KOSOVO, SERBIA: Kosovo authorities put up for sale Tuesday a meat processing plant, a dozen shops, a poultry farm and patches of agricultural land in an effort to revive growth and create jobs in the economically depressed province. The Kosovo Trust Agency, the U.N. entity responsible for privatizing the province's companies, said it hoped 32 new firms would be created by the sales, according to a statement. The offered firms also were listed on the agency's Web site. The deadline for submitting bids is May 23.  

-By Susannah Rodgers, Dow Jones Newswires; 44-208-789-8467; susannah.rodgers@dowjones.com  


-0 
   

[ 03-21-07 0155ET ]  

1806 75091"
"Slovak crown ticks up again, market eyes c.bank  ",2007-03-21,"BRATISLAVA, March 21 (Reuters) - The Slovak crown firmed slightly on Wednesday morning and dealers said investors might try to push the unit up further to test the central bank's determination to prevent the currency from rising too fast. The crown was at 33.300 per euro as of 0915 GMT, compared with 33.400 late on Tuesday.  

The Slovak central bank intervened on the foreign exchange market and flooded the money market with crown liquidity on Tuesday to weaken the crown after the revaluation of its euro peg in the ERM-2 currency grid pushed it to record highs.  

""There will be probably more firming pressure on the crown,"" said Slovenska Sporitelna trader Vladimir Gajdos.  

Market watchers said the central bank was likely to continue in its fight against what it sees as an overly sharp crown firming.  

""We expect the central bank to keep intervening if the (euro/crown) exchange rate moves down again,"" said CSOB bank analyst Marek Gabris.  

The central bank's battle against crown firming followed the currency's jump by over 3 percent against the euro on Monday after the unit's parity rate in the ERM-2 exchange rate mechanism was revalued by 8.5 percent.  

The crown has gained 16 percent over the past year, driven by Slovakia's booming economy. Slovak gross domestic product grew 8.3 percent in 2006 and is expected to accelerate further in 2007, helped by foreign direct investments and the country's aim to adopt the euro in 2009.  

The NBS has repeatedly said the new ERM-2 central rate was close to what it considered an equilibrium rate justified by economic fundamentals, and that the crown should move near that level.  

SLOVAKIA-CROWN/MORNING|LANGEN|CZS|ABN|M|D|RBN|RNP|DNP|PTD|PMF"
UPDATE 1-Slovak crown still overvalued - c.bank chief  ,2007-03-21,"(Adds quote, bnackground)  

BRATISLAVA, March 21 (Reuters) - The Slovak crown is still overvalued and the central bank will use its policy levers to return it to a more justified level, central bank (NBS) Governor Ivan Sramko said on Wednesday.  

""The crown is still overvalued but it is too soon to assess the impact of our actions,"" Sramko told reporters after attending a government meeting. ""We will use our tools to get the crown to more realistic levels.""  

Sramko declined to comment on market speculation that the central bank may cut interest rates at a monetary policy meeting scheduled for March 27.  

The Slovak central bank intervened on the foreign exchange market and flooded the money market with crown liquidity on Tuesday to weaken the crown after the revaluation of its euro peg in the ERM-2 currency grid pushed it to record highs.  

The crown dipped to 33.455 to the euro <EURSKK=> after Sramko's comments from 33.370 earlier and 33.400 late on Tuesday.  

The central bank's battle against crown firming followed the currency's jump by over 3 percent against the euro on Monday after the unit's parity rate in the ERM-2 exchange rate mechanism was revalued by 8.5 percent.  

The crown has gained 16 percent over the past year, driven by Slovakia's booming economy. Slovak gross domestic product grew 8.3 percent in 2006 and is expected to accelerate further in 2007, helped by foreign direct investments and the country's aim to adopt the euro in 2009.  

The NBS has repeatedly said the new ERM-2 central rate was close to what it considered an equilibrium rate justified by economic fundamentals, and that the crown should move near that level.  

SLOVAKIA-CROWN/SRAMKO (UPDATE 1)|LANGEN|ABN|M|D|CZS|BNX|DNP"
DJ  Slovak  Ctrl Bk Confirms  Intervention  To Stem Koruna Rise   ,2007-03-20,"PRAGUE, Mar 20, 2007 (DJCS via Comtex) --   

The Slovak central bank has intervened on the foreign exchange market to stall the firming of the koruna, a bank spokesperson said Tuesday.   

""The reason for the intervention was an inadequate level of the (koruna) exchange rate,"" Jana Kovacova told Dow Jones Newswires, declining to elaborate further.   

Kovacova also declined to comment on the amount of the Slovak currency sold on the market.   

Earlier Monday, the euro/slovak koruna rate rose 1.33% to SKK33.219, following the bank's intervention.   

The Slovak koruna move prompted similar weakening of all other regional currencies.   

Central bank Web site:   https://www.nbs.sk  (""https://www.nbs.sk"")

-By Leos Rousek, Dow Jones Newswires; +420 221 085 273; leos.rousek@dowjones.com   

(END) Dow Jones Newswires   

03-20-07 0808ET"
Hungary forint weakens on  Slovak intervention  talk  ,2007-03-20,"BUDAPEST, March 20 (Reuters) - Hungary's forint <EURHUF=D2> eased on Tuesday morning versus the euro taking a breather after a jump on Monday, triggered by the revaluation of Slovakia's crown and speculation about the future of the forint's band.  

Dealers said the forint eased on Tuesday on market talk that the Slovak central bank has intervened to halt the crown's rise, which weakened the crown by about one percent.  

They said there were option deals with knock out levels at and also above the top of the forint's 30-percent trading band at 240.01 which may attract speculation to push the currency stronger, but at the moment interest was two-sided and the currency lacked the momentum to firm.  

At 0855 GMT the forint traded at 246.35 versus the euro, weaker from 245.50 on Monday and also down from opening levels at 245.95.  

Government bond yields were largely steady after a big fall on Monday.  

""I am not sure the spot has enough momentum to push to the end of the band and for speculators to attack the band,"" a dealer said.  

""But there are lots of option levels at 238 and 239 ... it is really up to London players whether they want to knock these out,"" he added.  

Another dealer said the next technical support level for the forint was at 241.  

Dealers also said they believed it was not in the interest of the government to let the forint appreciate further as a strong unit hurts exporters which is especially bad at a time when the economy is slowing anyway due to austerity measures.  

The revaluation of the central parity in the crown's band by 8.5 percent reignited speculation on Monday that Hungary could abandon its exchange rate band.  

The band can only be changed or abolished if both the bank and the government agree on it.  

""A more likely scenario in the short run is that the National Bank ends up accelerating its monetary easing, but here too the market may be in danger of expecting too much: the 9x12 FRA is now pricing in 100 bps of rate cuts this year,"" Citigroup said in a comment.  

""Much will depend on how clearly the government - which defines the exchange rate regime together with the NBH - communicates its intentions with respect to the fx intervention band,"" he added.  

Hungarian central bank governor Andras Simor and Hungarian central bankers have either refused commenting on the forint band or said the issue was not on the agenda and the government has also said the issue was not on the agenda.  

The NBH's Monetary Council will hold its next rate-setting meeting and a news conference on March 26. ------------ MARKET SNAPSHOT AT 0855 GMT ------------ EUR/HUF <EURHUF=> eases to 246.35 from 245.50 USD/HUF <HUF=> eases to 185.60 from 184.45/70 3-yr 2009/F bond yield steady at 7.43/51 pct 5-yr 2012/B bond yield steady at 7.13/17 pct 10-yr 2017/B bond yield flat at 6.62/71 pct -----------------------------------------------------  

MARKETS-FORINT/BONDS|LANGEN|ABN|M|D|HX|RBN|RNP|DNP|PTD|PMF"
Slovak  cbank says too early to assess  intervention ,2007-03-20,"(Repeats to correct spelling in headline)  

BRATISLAVA, March 20 (Reuters) - The Slovak central bank (NBS) intervened on the foreign exchange market on Tuesday because of the crown currency's excessive volatility, NBS Governor Ivan Sramko said.  

Sramko said in an on-line debate on news Web site  www.aktualne.sk (""http://www.aktualne.sk"") that it was too early to assess the impact of the interventions, which weakened the crown against the euro.  

SLOVAKIA-CROWN/SRAMKO (URGENT) (REFILE)|LANGEN|ABN|M|D|CZS|DNP"
Slovak  cbank confirms  intervened  to weaken crown  ,2007-03-20,"BRATISLAVA, March 20 (Reuters) - The Slovak central bank said it had intervened directly on the foreign exchange market on Tuesday to weaken the crown.  

""The reason was the inappropriate level of the crown exchange rate,"" NBS spokeswoman, Jana Kovacova, said. She gave no further details of the action, which pushed the crown to 33.290 per euro as of 1230 GMT, from 32.770 early in the session.  

SLOVAKIA-CROWN/CBANK (URGENT)|LANGEN|CZS|ABN|M|D|DNP"
FOCUS: Slovak Koruna Revalution Lifts Other CEE Units  ,2007-03-19,"
  PRAGUE (Dow Jones)-Eastern European currencies bounced higher Monday after Slovakia revalued the koruna by 8.5%, sparking speculation that similar moves in the region could follow.  The Czech koruna, Polish zloty and Hungarian forint led gains elsewhere. The forint rose nearly 2% against major currencies as markets speculated that the Hungary central bank would adjust its own, self-devised trading bands.   The standout exception was Latvia, where the Lat continued to come under pressure amid concerns the economy was overheating. The Baltic country's central bank was forced to intervene Monday morning with Lat purchases in the open market to strut the currency.   Slovak authorities, the European Commission and the European Central Bank late Friday agreed that the Slovak koruna should trade in a new band with the E.U.'s Exchange Rate Mechanism II.   

The Slovak central bank is now obliged to intervene to prevent the koruna from firming above SKK30.1260 against the euro, or weakening below SKK40.7588 to the euro. In the region, Slovakia, Latvia, Estonia are considered to be within three years of joining the euro zone. As an interim step, they belong to the ERM II system of fixed currency trading ranges versus the euro. Hungary has a reference trading of its own devising. Appreciating currencies are all good news for the region hoping to keep exports competitive, say economists. The Slovak revaluation was ""good news for Slovakia: the economy is growing at near-Chinese rates, and a revaluation, two years ahead of euro entry, is better now than later,"" said Maya Bhandari at Lombard Street Research. ""It isn't such good news for some of other CEE currencies lifted by the stronger koruna - the HUF now looks seriously dear."" Countries that wish to join the euro zone must spend at least two years in the ERM, keeping their currencies within a 15% range above or below a central exchange rate against the euro. The koruna has appreciated more rapidly than the currencies of other countries that joined the European Union in 2004. While the Slovak koruna has appreciated by 10% since late 2005, the Czech koruna has strengthened by 3.8%, and the Polish zloty and Hungarian forint have each appreciated by 2.4%. The Slovak currency's strength has come on continued foreign investment, in particular large car manufacturers accessing a qualified and cheap pool of labor, said Beat Siegenthaler, an economist at TD Securities in London. The Latvian Lat, by contrast, has come under unremitting pressure. Lars Christensen, senior analyst at Danske Bank, says the Latvian government needs to do more to control mounting economic imbalances fueled by rampant domestic credit growth of 56% in 2006. ""It's worrisome in the sense that it's an indication of the erosion of the credibility of the peg,"" says Christensen, but added, ""The central bank can only do so much.""  

By Leos Rousek, of Dow Jones Newswires; leos.rousek@dowjones.com, +420-221-085-272 [ 19-03-07 1552GMT ]"
Slovak Koruna Revaluation Points To New ERM Flexibility  ,2007-03-19,"PRAGUE (Dow Jones)--Slovakia remains on course to join the euro zone in 2009 after it secured the agreement of the European Union to revalue its currency.  

And Brussels' assent to the 8.5% revaluation of the Slovak koruna should set a precedent for other countries that aim to join the currency area early in the next decade, giving them more flexibility to meet one of the key criteria for adopting the euro.  

Slovakian authorities, the European Commission and the European Central Bank late Friday agreed that the Slovak koruna should trade in a new band with the E.U.'s Exchange Rate Mechanism II. The Slovak central bank is now obliged to intervene to prevent the koruna from firming above SKK30.1260 against the euro, or weakening below SKK40.7588 to the euro.  

Countries that wish to join the euro zone must spend at least two years in the ERM, keeping their currencies within a 15% range above or below a central exchange rate against the euro.  

Slovakia first joined the ERM II in November 2005, when the midpoint of the koruna's trading range was set at SKK38.4550. But with its economy growing at rates closer to those of China than the rest of the E.U., and foreign direct investment flooding into the country's auto and electronics industries, the koruna has appreciated steadily since then.  

In recent weeks, only intervention on the part of the Slovak National Bank has prevented the koruna from becoming too strong against the euro.  

""(The revaluation) is the story of economic convergence,"" said Juliet Sampson, an economist at HSBC in London. ""And the economic convergence is currency supportive.""  

Slovakia isn't alone among candidates to join the euro zone in seeing its currency appreciate against the single currency in recent years. But the koruna has appreciated more rapidly than the currencies of other countries that joined the European Union in 2004. While the Slovak koruna has appreciated by 10% since late 2005, the Czech koruna has strengthened by 3.8%, and the Polish zloty and Hungarian forint have each appreciated by 2.4%.  

Slovakia appears likely to enter the euro zone in 2009, some three years before either the Czech Republic, Hungary or Poland join the currency area.  

It is alone among that group in being realistically able to target a reduction in its budget deficit to less than 3% of gross domestic product by 2009, while it has recently brought its annual rate of inflation down below the maximum allowed under the Maastricht Criteria.  

The revaluation of the koruna should help keep the inflation below that maximum level, since a stronger currency means that prices of imported goods should fall, or rise less sharply than would otherwise have been the case.  

It is the first time in the history of the ERM II that a currency has been revalued, and may set a precedent for other countries facing a similar dilemma as they near euro-zone membership. But the fact that Slovakia was seeking a revaluation of its currency, rather than a competitiveness- boosting devaluation, makes it much less surprising that it was granted the additional flexibility.  

""They're bending the Maastricht rules and this may imply that the Commission may be a little more lenient on others too in the future,"" said Nigel Rendell, an economist at Calyon investment bank.  

The firming of the Slovak koruna has been driven by the country's stellar economic performance, with gross domestic product growing by 8.3% in 2006 and 6% in 2005.  

The Czech economy grew 6.1% on the year in both 2006 and 2005. Hungary's GDP expanded by 3.9% in 2006 and 4.2% in 2005, while the Polish economy grew 5.8% last year and 3.5% in 2005.  

Analysts expect the Slovak koruna to continue firming in the near-term, although not excessively.  

""There is no doubt that this is likely to lead to a strengthening of the (koruna) in the near-term,"" Lars Christensen, the senior analyst at Danske Bank, wrote in a research note.  

At 1400 GMT, the koruna was trading at SKK32.89 against the euro, having weakened from SKK32.02 earlier in the day but strengthened from SKK33.80 late Friday.  

The revaluation raises new questions about the exact rate at which the koruna is swapped for the euro when the country enters the euro zone in 2009.  

The entry rules give ERM members a choice between using the central parity rate or the market spot rate at the time they join the currency area.  

The Slovak central bank officials have so far indicated that the conversion rate would reflect the market rate.  

""They are (Slovakia) under no obligation to join at the market rate,"" Sampson said.  

Slovak Central Bank:  http://www.nbs.sk (""http://www.nbs.sk"")

-By Leos Rousek; Dow Jones Newswires; +420 221 085 273; leos.rousek@dowjones.com [ 19-03-07 1420GMT ]"
Slovakia Revalues Its ERM II Euro Peg To 35.4424  ,2007-03-19,"Corrected March 19, 2007 04:15 ET (08:15 GMT) [ 19-03-07 0801GMT ]  

DOW JONES NEWSWIRES  

Slovakia has revalued its currency by 8.5% against the euro as the country heads for the euro-zone accession.  

The new parity rate - the level at which the koruna is pegged against the euro in the European Exchange Rate Mechanism, or ERM II - is set at SKK35.4424, with fluctuations in the koruna restricted to no more than 15% above or below this rate.  

The previous parity rate, set in late 2005, was SKK38.4550 to the euro.  

As reported late last week, when the parity change was first unveiled by the European Commission, the koruna's new peg against the euro will help the Slovak government to keep its economy stable as it aims to adopt the euro in 2009. [ 19-03-07 0819GMT ]  

At 0830 GMT, the koruna was trading at SKK32.02 against the euro, from SKK32.99 earlier Monday and SKK33.8 late Friday.  

The Slovak central bank has also set the new minimum and maximum levels at which it is obliged to intervene to stem the koruna from further firming or weakening at SKK30.1260 and SKK40.7588 to the euro.  

The Slovak koruna has appreciated significantly, fueled by solid foreign direct investment inflows.  

The country's stellar economic growth of 8.3% on the year in 2006 and 6% a year earlier has also bolstered the currency.  

The Slovak Central Bank has intervened several times since mid-2006 to slow the strengthening of the currency.  

Some markets participants expected the bank to consider revaluing the koruna-euro parity peg to create more breathing room for itself.  

Slovak Central Bank:  http://www.nbs.sk (""http://www.nbs.sk"")

-By Leos Rousek, Dow Jones Newswires; +420 221 085 273; leos.rousek@dowjones.com [ 19-03-07 0838GMT ]"
ECB sets  intervention  rates for  Slovak  koruna  ,2007-03-19,"FRANKFURT, March 19 (Reuters) - The European Central Bank set new compulsory intervention rates for the Slovak koruna on Monday, following its 8.5 percent revaluation within the ERM-2 currency system late on Friday.  

Trading in a plus/minus band of 15 percent around the previously announced rate of 35.4424 koruna to the euro, the upper intervention rate is 40.7588 koruna and the lower rate is 30.1260, the ECB said in a statement.  

ECB/SLOVAKIA (URGENT)|LANGEN|ABN|M|E|RBN|D|RNP"
FOCUS: Slovak Koruna Revalution Lifts Other CEE Units  ,2007-03-19,"
  PRAGUE (Dow Jones)-Eastern European currencies bounced higher Monday after Slovakia revalued the koruna by 8.5%, sparking speculation that similar moves in the region could follow.  The Czech koruna, Polish zloty and Hungarian forint led gains elsewhere. The forint rose nearly 2% against major currencies as markets speculated that the Hungary central bank would adjust its own, self-devised trading bands.   The standout exception was Latvia, where the Lat continued to come under pressure amid concerns the economy was overheating. The Baltic country's central bank was forced to intervene Monday morning with Lat purchases in the open market to strut the currency.   Slovak authorities, the European Commission and the European Central Bank late Friday agreed that the Slovak koruna should trade in a new band with the E.U.'s Exchange Rate Mechanism II.   

The Slovak central bank is now obliged to intervene to prevent the koruna from firming above SKK30.1260 against the euro, or weakening below SKK40.7588 to the euro. In the region, Slovakia, Latvia, Estonia are considered to be within three years of joining the euro zone. As an interim step, they belong to the ERM II system of fixed currency trading ranges versus the euro. Hungary has a reference trading of its own devising. Appreciating currencies are all good news for the region hoping to keep exports competitive, say economists. The Slovak revaluation was ""good news for Slovakia: the economy is growing at near-Chinese rates, and a revaluation, two years ahead of euro entry, is better now than later,"" said Maya Bhandari at Lombard Street Research. ""It isn't such good news for some of other CEE currencies lifted by the stronger koruna - the HUF now looks seriously dear."" Countries that wish to join the euro zone must spend at least two years in the ERM, keeping their currencies within a 15% range above or below a central exchange rate against the euro. The koruna has appreciated more rapidly than the currencies of other countries that joined the European Union in 2004. While the Slovak koruna has appreciated by 10% since late 2005, the Czech koruna has strengthened by 3.8%, and the Polish zloty and Hungarian forint have each appreciated by 2.4%. The Slovak currency's strength has come on continued foreign investment, in particular large car manufacturers accessing a qualified and cheap pool of labor, said Beat Siegenthaler, an economist at TD Securities in London. The Latvian Lat, by contrast, has come under unremitting pressure. Lars Christensen, senior analyst at Danske Bank, says the Latvian government needs to do more to control mounting economic imbalances fueled by rampant domestic credit growth of 56% in 2006. ""It's worrisome in the sense that it's an indication of the erosion of the credibility of the peg,"" says Christensen, but added, ""The central bank can only do so much.""  

By Leos Rousek, of Dow Jones Newswires; leos.rousek@dowjones.com, +420-221-085-272 [ 19-03-07 1552GMT ]"
FOCUS: Slovak Koruna Revalution Lifts Other CEE Units  ,2007-03-19,"
  PRAGUE (Dow Jones)-Eastern European currencies bounced higher Monday after Slovakia revalued the koruna by 8.5%, sparking speculation that similar moves in the region could follow.  The Czech koruna, Polish zloty and Hungarian forint led gains elsewhere. The forint rose nearly 2% against major currencies as markets speculated that the Hungary central bank would adjust its own, self-devised trading bands.   The standout exception was Latvia, where the Lat continued to come under pressure amid concerns the economy was overheating. The Baltic country's central bank was forced to intervene Monday morning with Lat purchases in the open market to strut the currency.   Slovak authorities, the European Commission and the European Central Bank late Friday agreed that the Slovak koruna should trade in a new band with the E.U.'s Exchange Rate Mechanism II.   

The Slovak central bank is now obliged to intervene to prevent the koruna from firming above SKK30.1260 against the euro, or weakening below SKK40.7588 to the euro. In the region, Slovakia, Latvia, Estonia are considered to be within three years of joining the euro zone. As an interim step, they belong to the ERM II system of fixed currency trading ranges versus the euro. Hungary has a reference trading of its own devising. Appreciating currencies are all good news for the region hoping to keep exports competitive, say economists. The Slovak revaluation was ""good news for Slovakia: the economy is growing at near-Chinese rates, and a revaluation, two years ahead of euro entry, is better now than later,"" said Maya Bhandari at Lombard Street Research. ""It isn't such good news for some of other CEE currencies lifted by the stronger koruna - the HUF now looks seriously dear."" Countries that wish to join the euro zone must spend at least two years in the ERM, keeping their currencies within a 15% range above or below a central exchange rate against the euro. The koruna has appreciated more rapidly than the currencies of other countries that joined the European Union in 2004. While the Slovak koruna has appreciated by 10% since late 2005, the Czech koruna has strengthened by 3.8%, and the Polish zloty and Hungarian forint have each appreciated by 2.4%. The Slovak currency's strength has come on continued foreign investment, in particular large car manufacturers accessing a qualified and cheap pool of labor, said Beat Siegenthaler, an economist at TD Securities in London. The Latvian Lat, by contrast, has come under unremitting pressure. Lars Christensen, senior analyst at Danske Bank, says the Latvian government needs to do more to control mounting economic imbalances fueled by rampant domestic credit growth of 56% in 2006. ""It's worrisome in the sense that it's an indication of the erosion of the credibility of the peg,"" says Christensen, but added, ""The central bank can only do so much.""  

By Leos Rousek, of Dow Jones Newswires; leos.rousek@dowjones.com, +420-221-085-272 [ 03-19-07 1152ET ]"
"Slovak crown holds near highs, eyes region, cbank  ",2007-03-16,"BRATISLAVA, March 16 (Reuters) - The Slovak crown held flat near record highs on Friday as investors waited for an impetus from bigger markets amid a lack of domestic factors, dealers said.  

The crown traded at 33.970 per euro <EURSKK=> as of 0845 GMT, little changed from 33.945 late on Thursday and just 0.5 percent off its all-time high of 33.8 per euro from March 8.  

""With no local data today, we look towards global market sentiment to drive the currency, so the U.S. inflation data will be of utmost importance in this respect,"" KBC Bank wrote in a market note.  

U.S. inflation data are due at 1230 GMT. The most closely watched figure will likely be core consumer price inflation for February which is expected to rise 0.2 percent on the month.  

Traders saw the crown drifting near 34.0 per euro level in the near term, expecting the central bank to prevent sharp firming.  

""One thing is clear -- the central bank will not let the currency strengthen below EUR/SKK 33.80 at the moment,"" KBC said.  

The Slovak central bank intervened on the market to halt the crown rise when the unit hit its record highs one week ago. ------------------ MARKET SNAPSHOT AT 0845 GMT ----------------- Crown/euro <EURSKK=> 33.970 vs 33.945 on Thursday (-0.07 pct) Crown/dollar <SKK=> at 25.510 vs 25.629 (+0.47 pct) 5-yr govt bond <SK5YT=RR> yield 4.237/4.071 vs 4.413/4.013 pct 7-yr govt bond <SK7YT=RR> yield 4.289/4.156 vs 4.242/4.159 pct ---------------------------------------------------------------  

MARKETS-SLOVAKIA-CROWN-MORNING|LANGEN|Table|ABN|M|D|CZS|RBN|RNP|DNP|PTD|PMF"
Slovakia - Factors To Watch on March 9  ,2007-03-09,"BRATISLAVA, March 9 (Reuters) - Here are news stories, press reports and events to watch which may affect Slovak financial markets on Friday.  

SDKU ON LABOUR CODE  

The largest opposition party SDKU will hold a news conference on prepared changes to Slovakia's labour code, 10.30 a.m. (0930 GMT).  

FX RESERVES DATA  

The central bank will publish weekly foreign currency reserves data, 2 p.m. (1300 GMT).  

CROWN HITS NEW RECORD, C.BANK INTERVENES

The Slovak central bank intervened on the market on Thursday to halt firming of the crown after news of foreign direct investment inflows and accelerating economic growth drove the unit to new record highs.  

[ID:nL08455761] [RTRS-MMT-FRX-EUR-SK]  

SAMSUNG CONFIRMS SLOVAKIA SITE FOR NEW LCD PLANT  

Samsung Electronics Co. Ltd. , the world's biggest maker of large liquid crystal displays, said on Thursday it picked Slovakia as the site for a new LCD panel assembly plant.  

[ID:nSEO348231] [RTRS-ELC-ELI-ENT-SK]  

BISHOPS DEFEND ARCHBISHOP ON SPY REPORTS  

Slovakia's Catholic bishops on Thursday rejected allegations in a newspaper that Archbishop Jan Sokol had collaborated with the country's communist-era secret police force.  

[ID:nL08569606] [RTRS-REL-EUROPE-SK]  

PRESS DIGEST  

-------------  

GABCIKOVO DEAL  

Sklovakia's Attorney General said the contract under which Slovenske Elektrarne, owned by Italy's Enel , rents the country's largest hydro power plant Gabcikovo is invalid.  

Pravda, page 1  

COALITION QUARRELS  

Problems have piled up inside the ruling coalition as its three leaders have not held a formal meeting for two months. The three ruling coalition parties have clashed over several issues in recent weeks, including operations of their ministries, changes to labour code or foreign policy.  

Sme, page 1  

LABOUR SHORTAGE  

South Korea's Samsung Electronics , which has just announced a plan to build its new LCD panel plant near the western Slovak town of Trnava, may face labour shortage problems as it will operate in a region with low unemployment rate. Analysts also expected upward pressures on wages in the region.  

Sme, page 3  

UNION PROTESTS  

Steel industry trade unions plan to organise protest rallies against employers' opposition to the prepared labour code changes.  

Sme, page 7  

For news on upcoming events in the United States and other Group of Seven countries, see <G7TODAY>. For a diary of forthcoming Slovak events, double click [SK/DIARY], and a calendar of east European economic indicators, see [CONV/DIARY].  

News editor of the day: Peter Laca, on +421 2 5341 8402; fax: +421 2 5341 8403  

E-mail: editorial@reuters.sk  

Reuters Messaging: peter.laca.reuters.com@reuters.net For real-time index quotes, double click in brackets: Warsaw WIG20 <.WIG20> Budapest BUX <.BUX> Prague PX50 <.PX50> Other related news:   


 Slovak equities      [SK-E]  E.Europe equities           [.CEE]
 Slovak money         [SK-M]  Czech debt                  [CZ-D]
 Slovak Indicators  [SK-ECI]  Emerging forex          [EMRG/FRX]
 Eastern European     [EEU]   All emerging markets        [EMRG]
 Hot stocks           [HOT]   Stock markets                [STX]
 Market debt news     [DBT]   Forex news                   [FRX]
 TOP NEWS -- Emerging markets                         [TOP/EMRG]
 TOP NEWS -- Convergence watch                        [TOP/EAST]
  

Slovakia - Factors To Watch on March 9|LANGEN|Table|CZS|ABN|M|D|E|RBN|REVU|RNP|DNP|PTD|PMF"
Slovak  cbank  intervenes  to stop crown firming   ,2007-03-08,"BRATISLAVA, March 8 (Reuters) - The Slovak central bank intervened on the foreign exchange market on Thursday to halt a rapid firming of the crown, dealers said.   

The crown firmed by 1 percent to the euro on Thursday, driven by news of foreign direct investment inflows and Slovakia's strong economic growth.   

Traders said the central bank entered the market and began selling crowns when the unit traded at around 33.810 per euro. The crown weakened to 34.050 per euro after the central bank action.   

SLOVAKIA-CROWN/INTERVENTION (URGENT)|LANGEN|ABN|D|M|CZS|DNP"
"UPDATE 3- Slovak  crown hits new record, c.bank  intervenes ",2007-03-08,"(Writes through with central bank intervention)   

BRATISLAVA, March 8 (Reuters) - The Slovak central bank intervened on the market on Thursday to halt firming of the crown after news of foreign direct investment inflows and accelerating economic growth drove the unit to new record highs.   

The Slovak unit firmed as far as 33.800 per euro, up 1 percent from Wednesday, but several waves of central bank (NBS) interventions knocked it back to 34.080 as of 1550 GMT, dealers said.   

NBS officials were not available for comment on the intervention. Analysts said the NBS looked unhappy with the fast rise of the crown, which was the reason it had cited in the past when it tried to regulate the unit's movements.   

""An intervention was expected, the only question was at what level it would come,"" said Maria Valachyova, a senior analyst at Slovenska Sporitelna.   

""In the central bank's view, the crown is stronger than what would be justified by fundamentals,"" Valachyova said.   

The Slovak currency has firmed more than 4 percent against the euro in the past six weeks, from this year's lows of 35.440. The previous all-time high was 34.050 per euro, which the unit hit at the end of December.   

Slovakia posted record gross domestic product growth of 8.3 percent in 2006, driven mainly by investments in its export-oriented car industry. Latest data for industrial output showed a 17.5 percent year-on-year increase in January.   

Investors have been lured to crowns by Slovakia's plan to adopt the euro in 2009, ahead of the neighbouring Czech Republic, Poland and Hungary which are struggling to cut fiscal deficits.   

The Slovak crown received a fresh boost on Thursday as South Korea's  Samsung Electronics confirmed it had picked Slovakia for a new liquid crystal display assembly plant.   

Economic growth is expected to accelerate further this year and beat the 2006 rate as new car assembly plants of  PSA PeugeotPeugeot Citroen and  Kia Motors, completed last year, boost production.   

ERM-2 PARITY TALK   

The crown was the best performing currency in central Europe in 2006, rising by almost 10 percent against the euro. The last intervention on the market by the central bank to knock the crown down from its previous record highs came in December.   

However, it used repo tenders early in 2007 to leave the banks with billions of crown of excess liquidity in order to make the local currency less attractive for hot money.   

""With strong economic fundamentals, it will be difficult for the central bank to undermine bullish sentiment towards the crown,"" said 4Cast analyst Piotr Matys.   

""The bank is now likely to use its strategy of rejecting part of the bids at 2-week repo auction next week,"" he said.   

The unit's firming has helped to keep a lid on consumer prices, aiding Slovakia's attempts to meet its euro adoption plan.   

The crown is now 11.8 percent above the central parity rate of its plus/minus 15 percent fluctuation band set in the exchange rate mechanism ERM-2, within which an euro-applicant country must prove currency stability.   

The crown's latest rise has renewed market talk about a possible shift in the parity rate as analysts said economic growth and rising productivity would justify a stronger level.   

""The NBS may try to slow down crown firming for some more time, but fundamentals speak in favour of a parity shift,"" said CSOB bank analyst Marek Gabris.   

SLOVAKIA-CROWN/RECORD (UPDATE 3)|LANGEN|ABN|M|D|CZS|RBN|BNX|RNP|DNP|PTD|PMF"
"Slovak crown stronger, seen testing firmer levels   ",2007-02-21,"BRATISLAVA, Feb 21 (Reuters) - The Slovak crown hovered in sight of seven-week highs against the euro in early trade on Wednesday with dealers expecting it to test even stronger levels in the coming days amid positive regional sentiment.   

The crown traded at 34.285 to the euro <EURSKK=> as of 0840 GMT, from 34.330 late on Tuesday and 0.2 percent down from a seven-week high of 34.210 per euro hit in the previous session.   

The crown rose to hit its strongest levels since December 28 on Tuesday, driven by a central bank decision to accept all bids in its liquidity draining repo tender, but failed to build on gains as investors took quick profits.   

""The crown is stable,"" one Bratislava-based dealer said. ""The crown might test lower (firmer) levels, as yesterday's repo tender might be seen as a signal that the central bank will let the unit move to 34.0 per euro.""   

The NBS rejected bids in the repo tender to leave the market flooded with excess funds at the beginning of the year to stem the crown, which hit a record of 34.05 per euro in December, a level where directly intervened on the market.   

The Slovak currency is trading 10.9 percent above its parity rate in the exchange rate mechanism ERM-2, which Slovaks entered in November 2005 as part of its strategy to adopt the euro in 2009. ------------------ MARKET SNAPSHOT AT 0840 GMT ----------------- Crown/euro <EURSKK=> 34.285 vs 34.330 on Tuesday (+0.15) Crown/dollar <SKK=> 26.065 vs 26.125 (+0.33) 5-yr govt bond <SK5YT=RR> yield 4.300/4.150 vs 4.300/3.184 pct 7-yr govt bond <SK7YT=RR> yield 4.317/4.184 vs 4.270/4.136 pct ---------------------------------------------------------------   

MARKETS-SLOVAKIA-CROWN-MORNING|LANGEN|Table|ABN|M|D|CZS|RBN|RNP|DNP|PTD|PMF"
TABLE-Slovak c.bank  forex  reserves edge up to $13.9 bln  ,2007-02-16,"Feb 16 (Reuters) - The Slovak central bank's (NBS) foreign currency reserves edged up to $13.890 billion as of Feb. 14, from $13.799 billion one week earlier, the bank said on Friday.  

The reserves jumped in January due to direct interventions on the market by the central bank aimed at slowing down the crown currency's rise at the end of 2006.  

The NBS said it bought 495 million euros in the Dec. 28 direct intervention aimed at curbing the crown's strength.  

SLOVAK FOREIGN RESERVES    FEB 14  FEB 7   JAN 31   DEC 31
  ($ million)
  Central Bank             13,890.2 13,798.8 14,004.7 13,363.9
  Commercial banks          3,022.6  2,491.9  2,072.6  2,424.8
  Total banking sector     16,912.8 16,290.7 16,077.3 15,788.7
 
 NOTE: Reserves data are calculated according to methodology
compatible with European Central Bank standards.
  (Reporting by Martin Santa in Bratislava)
  

SLOVAKIA-RESERVES/ (TABLE)|LANGEN|Table|ABN|M|D|CZS"
TABLE-Slovak c.bank  forex  reserves drop to $13.8 bln  ,2007-02-09,"Feb 9 (Reuters) - The Slovak central bank's (NBS) foreign currency reserves edged down $13.799 to billion as of Feb. 7, from $14.005 billion one week earlier, the bank said on Friday.  

The reserves jumped in January due to intervention on the market by the central bank aimed at slowing down the crown's rise at the end of 2006.  

The NBS said it bought 495 million euros in the Dec. 28 direct intervention aimed at curbing the crown's strength.  

SLOVAK FOREIGN RESERVES    FEB 7   JAN 31   JAN 24   DEC 31
  ($ million)
  Central Bank             13,798.8 14,004.7 13,994.5 13,363.9
  Commercial banks          2.491.9  2,072.6  2,384.7  2,424.8
  Total banking sector     16,290.7 16,077.3 16,379.2 15,788.7
  

NOTE: Reserves data are calculated according to methodology compatible with European Central Bank standards.  

(Reporting by Martin Santa in Bratislava)  

SLOVAKIA-RESERVES/ (TABLE)|LANGEN|Table|ABN|M|D|CZS"
TABLE-Slovak c.bank  forex  reserves edge up to $14 bln  ,2007-02-02,"Feb 2 (Reuters) - The Slovak central bank's (NBS) foreign currency reserves edged up $14.005 to billion as of Jan. 31, from $13.995 billion a week earlier, the bank said on Friday.  

The reserves jumped last month ago due to direct interventions on the market by the central bank aimed at slowing down the crown currency's rise at the end of 2006.  

The NBS said it bought 495 million euros in the Dec. 28 direct intervention aimed at curbing the crown's strength.  

SLOVAK FOREIGN RESERVES   JAN 31   JAN 24   JAN 17   DEC 31*
  ($ million)
  Central Bank             14,004.7 13,994.5 13,898.8 13,363.9
  Commercial banks          2,072.6  2,384.7  2,329.7  2,424.8
  Total banking sector     16,077.3 16,379.2 16,228.5 15,788.7
  

NOTE: Reserves data are calculated according to methodology compatible with European Central Bank standards.  

* preliminary data (Reporting by Martin Santa in Bratislava)  

SLOVAKIA-RESERVES/ (TABLE)|LANGEN|Table|ABN|M|D|CZS"
Slovakia - Factors To Watch on Jan 31  ,2007-01-31,"BRATISLAVA, Jan 31 (Reuters) - Here are news stories, press repors and events to watch which may affect Slovak financial markets on Wednesday.  

GOVERNMENT MEETING  

The government will hold a regular weekly meeting. The cabinet is expected to vote on a nominee for a central bank vice-governor.  

C.BANK HOLDS RATES, IN NO RUSH TO CUT  

The Slovak central bank (NBS) left interest rates unchanged for the fourth consecutive month on Tuesday and signalled it would not rush to ease policy despite an improved inflation outlook.  

[nL30425463] [RTRS-CEN-INT-PLCY-SK]  

C.BANK VOTED ON RATE CUT, MAJORITY AGAINST  

The Slovak central bank's board voted on a proposal to cut interest rates by 25 basis points on Tuesday but a majority was in favour of no change, Governor Ivan Sramko said.  

[nPRG000214] [RTRS-CEN-PLCY-INT-SK]  

CBANK BOUGHT EUR 495 MLN IN DEC INTERVENTION

The Slovak central bank (NBS) said on Tuesday it bought 495 million euros in December direct intervention aimed at curbing the crown's strength.  

[nPRG000217] [RTRS-CEN-MMT-FRX-SK]  

CROWN STEADY VS EURO AFTER C.BANK STAYS PUT  

The Slovak crown was little changed against the euro on Tuesday after the central bank (NBS) left interest rates on hold for the fourth month in a row, and dealers saw it moving without a clear trend in the short term.  

[nL30220462] [RTRS-MMT-FRX-SK]  

CBANK ACCEPTS ALL BIDS IN REPO TENDER  

The Slovak central bank (NBS) accepted all bids made in a regular two-week repo tender on Tuesday, after leaving banks with excess liquidity for the previous four weeks to cap the crown's rise.  

[nL30402890] [RTRS-CEN-INT-MMT-SK]  

JAN-NOV C/A GAP WIDENS Y/Y TO SKK 121 BLN  

Slovakia's current account showed a preliminary deficit of 121.3 billion crowns ($4.45 billion) for the first 11 months of 2006, up from an 82.96 billion gap the previous year, the central bank said on Tuesday.  

[nPRG000216] [RTRS-TRD-ECI-MCE-SK]  

END-OCT FOREIGN DEBT WIDENS TO $30.46 BLN  

Slovakia's gross foreign debt edged up to $30.459 billion at the end of October from $29.336 billion at the end of September, the central bank said on Tuesday.  

[nL30621601] [RTRS-GVD-DBT-SK]  

PRESS DIGEST  

------------  

AUSTRIAN AIRLINES PULLS OUT FROM SLOVAK AIRLINES  

Austrian Airlines said it had pulled out from the Slovak Airlines, which subsequently halted all regular flights. Austrian Airlines' move came after the Slovak government failed to assume debts of the Slovak airliner.  

Sme, page 7  

ORCO TO INVEST 100 MLN EURO IN SLOVAKIA  

Real estate developer Orco Property Group said it would invest 100 million euro ($129.6 million) in Slovakia's capital Bratislava to build offices and apartments.  

Pravda, page 1  

DOCTORS' WAGES SEEN UP FROM JULY  

Healthcare Minister Ivan Valentovic said the ministry had proposed to raise wages of doctors and nurses by 9 percent from July. Doctors' Union has recently criticised the government for not meeting a promise of a 30 percent wage increase.  

Pravda, page 3  

EURO PLENIPOTENTIARY  

The cabinet of Prime Minister Robert Fico is expected to name central bank spokesman Igor Barat as its plenipotentiary for euro adoption.  

Hospodarske Noviny, page 5  

United States and other Group of Seven countries, see <G7TODAY>. For a diary of forthcoming Slovak events, double click [SK/DIARY], and a calendar of east European economic indicators, see [CONV/DIARY].  

News editor of the day: Peter Laca on +421 2 5341 8402; fax: +421 2 5341 8403  

E-mail: editorial@reuters.sk  

Reuters Messaging: martin.dokoupil.reuters.com@reuters.net For real-time index quotes, double click in brackets: Warsaw WIG20 <.WIG20> Budapest BUX <.BUX> Prague PX50 <.PX50> Other related news:   


 Slovak equities      [SK-E]  E.Europe equities           [.CEE]
 Slovak money         [SK-M]  Czech debt                  [CZ-D]
 Slovak Indicators  [SK-ECI]  Emerging forex          [EMRG/FRX]
 Eastern European     [EEU]   All emerging markets        [EMRG]
 Hot stocks           [HOT]   Stock markets                [STX]
 Market debt news     [DBT]   Forex news                   [FRX]
 TOP NEWS -- Emerging markets                         [TOP/EMRG]
 TOP NEWS -- Convergence watch                        [TOP/EAST]
  

Slovakia - Factors To Watch on Jan 31|LANGEN|Table|CZS|ABN|M|D|E|RBN|REVU|RNP|DNP|PTD|PMF"
Slovak  cbank bought EUR 495 mln in Dec  intervention ,2007-01-30,"BRATISLAVA, Jan 30 (Reuters) - The Slovak central bank (NBS) said on Tuesday it bought 495 million euros in December direct intervention aimed at curbing the crown's strength.  

The crown, the fastest rising currency in central Europe last year, firmed to an all-time high of 34.050 per euro on Dec. 28, prompting the NBS to step in the market. Traders have estimated the intervention volume at around 500 million euros.  

The crown has lost 3.5 percent against the euro since then, hit by weak regional sentiment and NBS efforts to cap the currency's rise. It was quoted at 35.250 per euro <EURSKK=> as of 1332 GMT.  

SLOVAKIA-CBANK/INTERVENTION|LANGEN|ABN|D|M|CZS|DNP"
TABLE-Slovak c.bank  forex  reserves edge up to $14 bln  ,2007-01-26,"Jan 26 (Reuters) - The Slovak central bank's (NBS) foreign currency reserves edged up to $13.995 billion as of Jan. 24, from $13.899 billion one week earlier, the bank said on Friday.  

The reserves jumped three weeks ago due to direct interventions on the market by the central bank aimed at slowing down the crown currency's rise at the end of 2006.  

The NBS has yet to reveal the size of its foreign currency purchases, but traders and analysts estimated the central bank could have bought some 550 million euros ($714.3 million) in the Dec. 28 intervention.  

SLOVAK FOREIGN RESERVES   JAN 24   JAN 17   JAN 10   DEC 31*
  ($ million)
  Central Bank             13,994.5 13,898.8 13,942.7 13,363.9
  Commercial banks          2,384.7  2,329.7  2,233.6  2,424.8
  Total banking sector     16,379.2 16,228.5 16,176.3 15,788.7
  

NOTE: Reserves data are calculated according to methodology compatible with European Central Bank standards.  

* preliminary data (Reporting by Martin Santa in Bratislava)  

SLOVAKIA-RESERVES/ (TABLE)|LANGEN|Table|ABN|M|D|CZS"
Slovak c.bank  forex  reserves drop to $13.89 bln  ,2007-01-19,"Jan 19 (Reuters) - The Slovak central bank's (NBS) foreign currency reserves edged down to $13.899 billion as of Jan. 17, from $13.943 billion one week earlier, the bank said on Friday.  

The reserves jumped two weeks ago, due to direct interventions aimed at slowing down the crown currency's rise at the end of 2006.  

The NBS has yet to reveal the size of its foreign currency purchases, but traders and analysts estimated the central bank could have bought some 550 million euros ($712.9 million) in the Dec. 28 intervention.  

SLOVAK FOREIGN RESERVES   JAN 17   JAN 10   JAN 3     DEC 31*
  ($ million)
  Central Bank             13,898.8 13,942.7  14,095.6  13,363.9
  Commercial banks          2,329.7  2,233.6   2,668.8   2,424.8
  Total banking sector     16,228.5 16,176.3  16,764.4  15,788.7
  

NOTE: Reserves data are calculated according to methodology compatible with European Central Bank standards.  

* preliminary data (Reporting by Martin Santa in Bratislava)  

SLOVAKIA-RESERVES/ (TABLE)|LANGEN|Table|ABN|M|D|CZS|DNP"
Slovak c.bank  forex  reserves drop to $13.9 bln  ,2007-01-12,"Jan 12 (Reuters) - The Slovak central bank's (NBS) foreign currency reserves edged down to $13.943 billion as of Jan. 10, from $14.096 billion one week earlier, the bank said on Friday.  

The reserves jumped last week, due to direct interventions aimed at slowing down the crown's rise at the end of 2006.  

The NBS has yet to reveal the size of its foreign currency purchases, but traders and analysts estimated the central bank could have bought some 550 million euros ($720.7 million) in the Dec. 28 intervention.  

SLOVAK FOREIGN RESERVES   JAN 10   JAN 3     DEC 31*  DEC 27
  ($ million)
  Central Bank             13,942.7  14,095.6  13,363.9 13,393.9
  Commercial banks          2,233.6   2,668.8   2,424.8  2,837.0
  Total banking sector     16,176.3  16,764.4  15,788.7 16,230.9
  

NOTE: Reserves data are calculated according to methodology compatible with European Central Bank standards.  

* preliminary data (Reporting by Martin Santa in Bratislava)  

SLOVAKIA-RESERVES/ (TABLE)|LANGEN|Table|ABN|M|D|CZS|DNP"
Slovak c.bank  forex  reserves rise to $14.1 bln  ,2007-01-05,"Jan 5 (Reuters) - The Slovak central bank's (NBS) foreign currency reserves jumped to 14.096 billion as of Jan. 3, from $13.394 billion one week earlier, the bank said on Friday.  

During the period, the NBS intervened directly in the foreign exchange market to weaken the crown from its record high of 34.05 per euro <EURSKK=>.  

The bank has yet to reveal the size of its hard currency purchases but traders and analysts estimate the central bank could have spent up to 550 million euros ($720.7 million) in the Dec. 28 intervention.  

SLOVAK FOREIGN RESERVES    JAN 3   DEC 31*   DEC 27     DEC 20
  ($ million)
  Central Bank            14,095.6  13,363.9 13,393.9   13,401.7
  Commercial banks         2,668.8   2,424.8  2,837.0    3,067.9
  Total banking sector    16,764.4  15,788.7 16,230.9   16,469.6
  

NOTE: Reserves data are calculated according to methodology compatible with European Central Bank standards.  

* preliminary data  

(Reporting by Martin Santa in Bratislava)  

SLOVAKIA-RESERVES/|LANGEN|Table|ABN|M|D|CZS|DNP"
Slovakia - Factors To Watch on Jan 2  ,2007-01-02,"BRATISLAVA, Jan 2 (Reuters) - Here are news stories, press reports and events to watch which may affect Slovak financial markets on Tuesday.  

2006 BUDGET DATA  

The finance ministry will release central state budget data for 2006.  

TWO-WEEK REPO TENDER  

The central bank will hold a regular two-week repo tender to drain crown liquidity from the market.  

CROWN FLAT AFTER INTERVENTION, UPSIDE SEEN  

The Slovak crown was quiet on Friday after central bank interventions knocked it off its record highs versus the euro in the previous session, but dealers expected more upward pressure early in 2007.  

[ID:nL29809960] [RTRS-MMT-FRX-SK-LEN]  

C.BANK FOREX RESERVES DIP TO $13.39 BLN  

The Slovak central bank's foreign currency reserves dropped to $13.394 billion as of Dec. 27, from $13.402 billion one week earlier, the bank said on Friday.  

[ID:nL29917455] [RTRS-CEN-FRX-SK]  

PRESS DIGEST  

------------  

FIRST BLOCK OF BOHUNICE NUCLEAR PLANT SHUT DOWN  

Slovakia shut down the first block of the country's oldest nuclear power plant at Jaslovske Bohunice on Sunday. Slovakia had pledged to decommission the soviet-style nuclear power plant in the accession treaty with the European Union.  

Sme, page 4  

TAX CHANGES  

Changes to the tax system, such as introduction of lower VAT on drugs and selected medical goods or cuts in relief measures for highest earners, became effective on January 1.  

Sme, page 7  

SPAR EYES SLOVAKIA  

Dutch retailer Spar has asked for trademark registration in Slovakia, bud declined to comment on any further plans, daily Hospodarske Noviny reported.  

Hospodarske Noviny, page 13  

For an economic indicator diary for the euro zone, the United States and other Group of Seven countries, see <G7TODAY>. For a diary of forthcoming Slovak events, double click [SK/DIARY], and a calendar of east European economic indicators, see [CONV/DIARY].  

News editor of the day: Peter Laca on +421 2 5341 8402; fax: +421 2 5341 8403  

E-mail: bratislava.newsroom@reuters.com  

Reuters Messaging: peter.laca.reuters.com@reuters.net For real-time index quotes, double click in brackets: Warsaw WIG20 <.WIG20> Budapest BUX <.BUX> Prague PX50 <.PX50> Other related news:   


 Slovak equities      [SK-E]  E.Europe equities           [.CEE]
 Slovak money         [SK-M]  Czech debt                  [CZ-D]
 Slovak Indicators  [SK-ECI]  Emerging forex          [EMRG/FRX]
 Eastern European     [EEU]   All emerging markets        [EMRG]
 Hot stocks           [HOT]   Stock markets                [STX]
 Market debt news     [DBT]   Forex news                   [FRX]
 TOP NEWS -- Emerging markets                         [TOP/EMRG]
 TOP NEWS -- Convergence watch                        [TOP/EAST]
  

Slovakia - Factors To Watch on Jan 2|LANGEN|Table|CZS|ABN|M|D|E|RBN|REVU|RNP|DNP|PTD|PMF"
"Slovak  crown flat after  intervention , upside seen  ",2006-12-29,"BRATISLAVA, Dec 29 (Reuters) - The Slovak crown was quiet on Friday after central bank interventions knocked it off its record highs versus the euro in the previous session, but dealers expected more upward pressure early in 2007.  

The crown traded in a narrow range of 34.440-610 per euro on Friday, dealers said, slightly stronger from 34.640 late on Thursday.  

The Slovak unit, the fastest rising currency in central Europe this year, firmed to an all-time high of 34.050 per euro on Thursday. The central bank then stepped into the market with direct sales of crowns to stop the currency's climbing further.  

The intervention halted the rise, but analysts did not expect it to reverse investors' view on the currency.  

""For the time being, we think the appreciation trend will continue,"" ING Bank said in a note to clients.  

""Should the central bank add much more crowns back to the market, say to the tune of 2-3 billion euros, we would re-think the trend for the next couple of months.""  

This week's gains pushed the crown to 11.5 percent above the crown's central parity and close to the 15 percent upper limit of the ERM-2 currency mechanism, which Slovakia joined a year ago as part of its plan to adopt the single currency in 2009.  

The market now waits to see whether the central bank takes further steps to influence the exchange rate when more investors return to the market after year-end holidays.  

SLOVAKIA-CROWN/|LANGEN|ABN|M|D|CZS|RBN|RNP|DNP|PTD|PMF"
Slovak  cbank says  intervened  as crown rise too fast  ,2006-12-28,"BRATISLAVA, Dec 28 (Reuters) - The Slovak central bank (NBS) said it had intervened on the foreign exchange market on Thursday because the crown was firming too quickly in thin market.  

Central bank spokesman Igor Barat declined to give any details of the intervention. He would also not comment on whether the NBS bank had cleared the intervention with the European Central Bank prior to entering the market.  

SLOVAKIA-INTERVENTION/CBANK (URGENT)|LANGEN|CZS|ABN|M|D|DNP"
UPDATE 3-Slovak cbank sells crowns to halt its fast rise  ,2006-12-28,"(Adds crown close, new analyst quote on crown outlook)  

BRATISLAVA, Dec 28 (Reuters) - The Slovak central bank intervened on Thursday to halt the crown's record-breaking rise, selling the local unit in the currency market for the first time this year.  

The bank said it acted to stop what it saw as an exaggerated move in a thin market.  

""The central bank intervened on the market; the reason was too quick strengthening of the crown on a market with low liquidity,"" NBS spokesman Igor Barat said. He gave no further details.  

Traders said the central bank stepped in after the crown hit another all-time high at 34.050 per euro and began selling the local currency at around 34.200 to the euro. It sold the crown in several waves pushing it to 34.640 at the close of local trading hours as of 1530 GMT.  

The crown has risen by more than 10 percent this year, outperforming the rest of central Europe, helped by improved emerging market sentiment and Slovakia's buoyant economic growth which reached almost 10 percent in the third quarter.  

""Slovakia is a strong growth story, there is improvement in the balance of payments in prospect and a lot of the concerns over the new government and possible worsening of fiscal policy have not materialised,"" said Gillian Edgeworth, central Europe economist with Deutsche Bank in London.  

Analysts said they saw more crown firming at least in the first weeks of 2007, unless a major change in investors' mood turned the flow of capital away from emerging markets as such.  

""Domestic fundamentals are clearly positive,"" said Tatra Banka analyst Robert Prega. ""The NBS will be in a difficult position if external factors don't work against the crown's firming trend, as the firming pressure is likely to continue.""  

CLOSE TO LIMIT  

This week's gains pushed the crown to 11.5 percent above the crown's central parity and close to the 15 percent upper limit of the ERM-2 currency mechanism, which Slovakia joined a year ago as part of its plan to adopt the single currency in 2009.  

The move sparked market speculation Bratislava may need to revalue the ERM-2 central parity to avoid breaking through the grid's upper limit.  

Earlier this month, NBS head Ivan Sramko played down such a scenario, saying it remained a theoretical option in case there was a risk of a lasting break through the ERM trading band.  

The crown's strength has helped the central bank to curb inflation, seen as the biggest challenge for the euro adoption plan. But Sramko has suggested some of the recent gains could be reversed because they no longer reflected economic fundamentals and were amplified by low year-end liquidity.  

Dealers estimated the central bank may have bought 200-250 million euros in Thursday's intervention, much less than the some 3 billion euros that the central bank sold in the market to stop the fall of the crown after June elections.  

Market sentiment turned after new Prime Minister Robert Fico convinced investors his leftist cabinet remained commited to his centre-right predecessors' euro adoption timetable.  

Analysts said the strong crown had tightened monetary conditions enough to suggest the NBS may be done with raising interest rates, but it was premature to consider an easing.  

The bank has raised its main rate by 175 basis points in four steps to 4.75 percent in 2006.  

""The move (intervention) might support expectations of a rate cut,"" said Slovenska Sporitelna analyst Michal Musak.  

""But we would be cautious about this, as one of the prime aims of the central bank is to meet the inflation criterion, so we think rate cuts should only come once it is sure of meeting it."" (Additional reporting by Patrick Graham in Warsaw)  

SLOVAKIA-INTERVENTION/ (UPDATE 3)|LANGEN|CZS|ABN|M|E|RBN|D|BNX|RNP|DNP"
DJ Slovak Ctrl Banker: Action With ECB On Koruna Possible  ,2006-12-15,"WARSAW, Dec 15, 2006 (DJCS via Comtex) --  

Ivan Sramko, governor of the Slovak central bank, Friday said that a joint action with the European Central Bank is possible to stem the rapid appreciation of the Slovak koruna.  

""I feel we can reach a solution within the ERMII (exchange rate mechanism framework)...and if necessary by a common action with the ECB,"" Sramko told reporters, without elaborating, after a central bankers' conference in Warsaw.  

Sramko's comments hint at Slovak central bank intervention to stop the appreciation of the Slovak koruna, which has firmed 8.5% against the euro since early August.  

According to the ECB charter, the European bank may under certain conditions extend short-term funding to national central banks to defend currencies.  

""The ECB would help if needed,"" he said, adding that to date the Slovak central bank's experiences with ERMII have been positive.  

Central bank Web site:  http://www.nbs.sk (""http://www.nbs.sk"")

-By David McQuaid, Dow Jones Newswires; +420 221 085 272, david.mcquaid@dowjones.com (Sean Carney in Prague contributed to this report.)  

(END) Dow Jones Newswires  

12-15-06 0628ET"
Slovak Ctrl Bker: Action With ECB On Koruna Possible  ,2006-12-15,"WARSAW (Dow Jones)--Ivan Sramko, governor of the Slovak central bank, Friday said that a joint action with the European Central Bank is possible to stem the rapid appreciation of the Slovak koruna.  

""I feel we can reach a solution within the ERMII (exchange rate mechanism framework)...and if necessary by a common action with the ECB,"" Sramko told reporters, without elaborating, after a central bankers' conference in Warsaw.  

Sramko's comments hint at Slovak central bank intervention to stop the appreciation of the Slovak koruna, which has firmed 8.5% against the euro since early August.  

According to the ECB charter, the European bank may under certain conditions extend short-term funding to national central banks to defend currencies.  

""The ECB would help if needed,"" he said, adding that to date the Slovak central bank's experiences with ERMII have been positive.  

Central bank Web site:  http://www.nbs.sk (""http://www.nbs.sk"")

-By David McQuaid, Dow Jones Newswires; +420 221 085 272, david.mcquaid@dowjones.com (Sean Carney in Prague contributed to this report.) [ 15-12-06 1128GMT ]"
Slovak Ctrl Bk  FX  Reserves Up At $13.230B In Wk To Oct 4  ,2006-10-06,"PRAGUE (Dow Jones)--The Slovak central bank's foreign exchange reserves rose slightly in the week to Oct. 4 to $13.230 billion, from $13.229 billion a week earlier, the bank said Friday.  

The bank doesn't comment on its foreign exchange levels.  

In recent weeks, the central bank has gradually replenished its foreign exchange reserves, having spent around $3 billion in June and early July on interventions to support the koruna.  

The Slovak currency came under heavy selling pressure after the country's mid-June elections amid concerns the new government wouldn't stick to the country's plan to adopt the euro in 2009.  

Since July, Prime Minister Robert Fico has repeatedly said the country will meet its euro adoption target as planned.  

Prior to the elections in June, the Slovak central bank's foreign exchange reserves totaled around $17 billion.  

Central bank Web site:  http://www.nbs.sk (""http://www.nbs.sk"")

-By Leos Rousek, Dow Jones Newswires; +420 221 085 273; leos.rousek@dowjones.com [ 06-10-06 1200GMT ]"
Slovak Ctrl Bk  FX  Reserves Up At $13.248B In Wk To Sep 12  ,2006-09-14,"PRAGUE (Dow Jones)--The Slovak central bank's foreign exchange reserves rose slightly in the week to Sept. 12 to $13.248 billion, from $13.203 billion a week earlier, the bank said Thursday.  

The bank doesn't comment on its foreign exchange levels.  

In recent weeks, the central bank has gradually replenished its foreign exchange reserves, having spent around $3 billion in June and early July on interventions to support the koruna.  

The Slovak currency came under heavy selling pressure after the country's mid-June elections amid concerns that the new government wouldn't stick to the country's plan to adopt the euro in 2009.  

Since July, Prime Minister Robert Fico has repeatedly said the country will meet its euro adoption target as planned.  

Prior to the elections in June, the Slovak central bank's foreign exchange reserves totaled around $17 billion.  

Central bank Web site:  http://www.nbs.sk (""http://www.nbs.sk"")

-By Leos Rousek, Dow Jones Newswires; +420 221 085 273; leos.rousek@dowjones.com [ 14-09-06 1200GMT ]"
UPDATE 1-Slovak cbank sold 1.75 bln euros on  FX  mkt in July  ,2006-08-25,"(Adds background on curency, current crown level)  

BRATISLAVA, Aug 25 (Reuters) - The Slovak central bank (NBS) sold 1.750 billion euros in interventions on the foreign exchange market in July aimed at defending the crown against weakening pressures, the NBS said on Friday.  

The crown fell after a June 17 election as negative sentiment on emerging markets combined with investors worries the new leftist Slovak government will loosen fiscal policy and cause a delay in euro adoption from the target year of 2009.  

The bank also intervened directly on the market in June to the tune of 1.335 billion euros. The total amount of interventions in June and July was in line with analysts estimates of around 3 billion euros.  

The Slovak crown has since stabilised and pared most of the losses from the post-election turbulence, helped by government assurances that adopting the euro in 2009 will be a top priority.  

In addition, the central bank raised interest rates by 50 basis points in July to fight off inflation risks, which also made investment into crown more attractive.  

The crown currently trades at 37.730 to the euro, around 2.5 percent stronger from levels of around 38.700 where the central bank intervened in July.  

The crown has been locked in the ERM-2 exchange rate mechanism, a waiting room for euro adoption, since November 2005 and the country must fulfil a currency stability criterion to be allowed to enter the euro zone.  

The central bank also needs a firming currency to help it slash inflation by early 2008 as Slovakia sticks to its euro adoption timetable.  

MARKETS-SLOVAKIA-INTERVENTIONS (UPDATE 1)|LANGEN|ABN|M|D|CZS|DNP"
Slovakia - Factors To Watch on July 24  ,2006-07-24,"BRATISLAVA, July 24 (Reuters) - Here are news stories, press reports and events to watch which may affect Slovak financial markets on Monday.  

C.BANK SEEN LIFTING RATES BY 50 BPS IN JULY  

The Slovak central bank is likely to raise interest rates by 50 basis points next week, its third increase this year to head off rising inflation risks, a Reuters poll showed on Friday.  

[ID:nL21484057]  

CBANK RESERVES DROP ON CROWN INTERVENTIONS

The Slovak central bank's foreign currency reserves dropped sharply in the week to July 19, data released on Friday showed, raising questions over the bank's ability to ward off a speculative attack on the crown.  

[ID:nL21532193]  

C.BANK FOREX RESERVES DROP TO $13.06 BLN  

The Slovak central bank's foreign currency reserves fell to $13.060 billion in the week to July 19, from $15.466 billion one week earlier, the bank said on Friday.  

[ID:nPRA000026]  

CROWN EASES ON FOREX RESERVES FALL  

The Slovak crown lost ground versus the euro on Friday after a drop in the central bank's foreign reserves raised questions about its ability to fend off a speculative attack.  

[ID:nL21794427]  

HUNGARIANS OPPRESS SLOVAKS, NATIONALISTS SAY  

Jan Slota, the leader of the far-right Slovak National Party (SNS) said the ethnic Hungarians were oppressing the Slovak majority, the daily Pravda reports. SNS is a junior member of Prime Minister Robert Fico's ruling coalition.  

Pravda, page 2  

ECONMIN DISCUSSES TRANSPETROL SALE  

Economy Minister Lubomir Jahnatek will travel to Russian to meet YUKOS and Russneft officials and discuss the sale of the 49 percent stake in Slovakia's oil pipeline operator Transpetrol, the daily Pravda reports.  

Pravda, page 6  

PENSION SYSTEM CHANGES  

The new Social Affairs Minister Viera Tomanova is considering changing the pension system to make the private savings scheme a voluntary option, the daily Sme reports. Under the current rules, those who are entering the job market must sign up for private pension savings.  

Sme, page 1  

For an economic indicator diary for the euro zone, the United States and other Group of Seven countries, see <G7TODAY>. For a diary of forthcoming Slovak events, double click [SK/DIARY], and for a calendar of east European economic indicators, see [CONV/DIARY].  

News editor of the day: Peter Laca on +421 2 5341 8402; fax: +421 2 5341 8403  

E-mail: reuters@editorial.sk  

Reuters Messaging: peter.laca.com@reuters.net For real-time index quotes, double click in brackets: Warsaw WIG20 <.WIG20> Budapest BUX <.BUX> Prague PX50 <.PX50> Other related news:   


 Slovak equities      [SK-E]  E.Europe equities           [.CEE]
 Slovak money         [SK-M]  Czech debt                  [CZ-D]
 Slovak Indicators  [SK-ECI]  Emerging forex          [EMRG/FRX]
 Eastern European     [EEU]   All emerging markets        [EMRG]
 Hot stocks           [HOT]   Stock markets                [STX]
 Market debt news     [DBT]   Forex news                   [FRX]
 TOP NEWS -- Emerging markets                         [TOP/EMRG]
 TOP NEWS -- Convergence watch                        [TOP/EAST]
  

Slovakia - Factors To Watch on July 24|LANGEN|Table|CZS|ABN|M|D|E|RBN|REVU|RNP|DNP|PTD|PMF"
UPDATE 1- Slovak  cbank reserves drop on crown  interventions ,2006-07-21,"(adds background, analyst)  

BRATISLAVA, July 21 (Reuters) - The Slovak central bank's foreign currency reserves dropped sharply in the week to July 19, data released on Friday showed, raising questions over the bank's ability to ward off a speculative attack on the crown.  

The central bank (NBS) said in a statement its reserves dropped to $13.060 billion in the week to July 19, from $15.466 billion a week earlier.  

The NBS said the reserves data included changes from several rounds of interventions on the foreign exchange market after investors fled Slovak assets fearing a new leftist government -- elected in mid-June -- will loosen policy.  

The bank did not reveal the exact amount of the interventions and their effect on reserves, though the amounts were roughly in line with market expectations.  

""We will unveil the intervention volumes for June on Tuesday (July 25),"" central bank spokesman Igor Barat told Reuters adding July's intervention volumes will be published by the end of August.  

Analysts have said the Slovak central bank's costly battle to defend the currency looks doomed to fail unless the new government convinces investors it is equally serious about swift euro zone membership.  

Newly-appointed Prime Minister Robert Fico, long ambiguous about the euro, recently met with central bank governor Ivan Sramko and sought to calm those fears by declaring his commitment to the euro target and promising to co-ordinate policies with the central bank.  

But markets refused to take those assurances at face value, worried that some of his proposals did not square with budget targets laid out in the country's euro roadmap and that the central bank did not have the reserves to fight speculators for an extended period.  

""With the market already uncertain about the sufficiency of NBS reserves to continue the defence against EUR/SKK upside, the deterioration (of reserves) will intensify rising talk over the possibilty of a speculative attack on the currency,"" said Craig Otter, an analyst at 4castweb.  

Analysts say a small, open economy such as Slovakia needs a strong currency to slash inflation to the bank's 2.0 percent target from 4.5 percent, and a Reuters poll of analysts on Friday showed most expect the bank to start to use interest rate increases to help in the battle.  

Some economists have said the current market turbulence, against the backdrop of a generally less favourable emerging markets investment climate, showed Slovakia's entry into the ERM-2 grid last November may have been premature.  

ECONOMY-SLOVAKIA-RESERVES (UPDATE 1)|LANGEN|ABN|M|D|CZS|DNP"
Slovak PM Fico Reiterates Govt Plan To Adopt Euro In '09  ,2006-07-15,"PRAGUE (Dow Jones)--Slovakia's new prime minister Robert Fico on Saturday said that his government is determined to enter the European Monetary Union in 2009, reiterating his statement from earlier this week.  

""It is in our utmost interest to adopt the euro as of Jan. 1, 2009,"" Fico said at a conference after meeting his Czech counterpart Jiri Paroubek.  

""The new Slovak government will do all what is necessary so that we meet all criteria required for the euro adoption in 2009,"" Fico added.  

Fico's left-of-center SMER-Social Democratic Party, or SMER, won the June 17 poll by attracting disgruntled voters who failed to reap fruits from the former Communist country's transition to a market economy. Fico has promised to undo some of the belt-tightening measures, such as health care payments and welfare cuts, introduced by the former right-of-center government.  

This has prompted concerns among investors that Fico's government will fail to make Slovakia fiscally fit to switch to the euro. [ 15-07-06 0958GMT ]  

The country's central bank has intervened three times since mid-June to support the Slovak koruna to stop the currency sell-offs prompted by investors' fears that adoption of the euro will be delayed because of rising fiscal spending and spiraling inflation.  

Earlier this week, seeking to placate market jitters, Fico also said that his government will coordinate its economic policies with the Slovak central bank and will honor the euro-adoption criteria, including a budget deficit below 3% of gross domestic product, as spelled out in the 1992 Maastricht Treaty on the European Monetary Union.  

While winning most votes in the June polls, SMER didn't get an outright majority in the 150-seat Slovak parliament.  

Fico has stunned most local market participants by forming his coalition government with two fringe parties: the Slovak Nationalists, or SNS, and populist People's Party Movement for Democratic Slovakia, or LS-HZDS.  

Fico's decision to team up with SNS and LS-HZDS has raised criticism of some politicians in the European Union's parliament.  

After meeting Fico Saturday on his first state visit abroad after taking over the Slovak government, the Czech Prime Minister sought to calm down such concerns, saying that the new Slovak government should be judged by its deeds and not impressions.  

-By Leos Rousek, Dow Jones Newswires; +420 221 085 273; leos.rousek@dowjones.com [ 15-07-06 1006GMT ]"
Slovak crown eases as mkt eyes PM talks with cbank  ,2006-07-13," BRATISLAVA, July 13 (Reuters) - The Slovak crown eased in nervous midday trade on Thursday as the market waited to see whether the government shows commitment to fiscal policies needed to meet the goal of adopting the euro in 2009.  Prime Minister Robert Fico and Finance Minister Jan Pociatek are scheduled to meet central bank Governor Ivan Sramko at 3 p.m. (1300 GMT) to debate Slovakia's euro adoption plans.  

 The meeting comes after the central bank (NBS) intervened to halt the crown's decline on Wednesday as edgy mood on emerging markets and uncertainty over future economic policies pushed investors to dump Slovak assets.  

 The central bank had previously intervened to prop up the crown after Fico's leftist Smer party won a June 17 election, to beat a centre-right government praised by the markets for reforms, and created a coalition with two fringe factions.  

The cabinet has sent conflicting signals about its plans, increasing market nervousness that the euro adoption might be delayed.  

 ""A key issue is obviously whether the 2009 euro strategy will be kept,"" ING Bank said in a market note.  

 The crown was at 38.640/660 to the euro as of 1030 GMT, after 38.600/605 at the open and compared with 38.700 where the central bank entered the market on Wednesday.  

 Traders said they expected the NBS to keep guarding the crown as long as the euro target remains in place, keeping analysts guessing how long can the battle last if the weakening pressure persists.  

 ING said the NBS had enough sources for interventions as it estimated its reserves at a comfortable level covering 4.3 months of imports after Wednesday's action. But others disagreed.  

 ""Looking at rapidly declining amount of the reserves, questions are for how long the central bank can protect the currency, how much reserves usable left, and whether there are some institutional limits of FX interventions when the crown is in ERM-2,"" said Miroslav Plojhar of Citibank Czech Republic. -----------------MARKET SNAPSHOT AT 1030 GMT-------------------- Crown/euro <EURSKK=> 38.640/660 v. 38.450/500 on Wednesday Crown/dollar <SKK=>  30.400/450 v. 30.250/290 5-yr yield <SK5YT=RR> at 5.792/492 v. 5.675/373 9-yr yield <SK9YT=RR> at 5.715/514 v. 5.621/420 ----------------------------------------------------------------  ((Reporting by Martin Santa, writing by Peter Laca, Editing by Chris Pizzey; Reuters Messaging: martin.santa.reuters.com@reuters.net; Email: martin.santa@reuters.com; +421-2-5341-8402))  

MARKETS-SLOVAKIA-CROWN-MIDDAY|LANGEN|ABN|M|D|CZS|DNP"
Slovakia - Factors To Watch on July 13  ,2006-07-13,"BRATISLAVA, July 13 (Reuters) - Here are news stories, press reports and events to watch which may affect Slovak financial markets on Thursday.  

PM, FINMIN TO MEET CBANK GOV ON EURO ADOPTION  

Prime Minister Robert Fico and Finance Minister Jan Pociatek will meet with central bank Governor Ivan Sramko to debate Slovakia's euro adoption plans (1300 GMT).  

PM ROBERT FICO TO MEET REGIONAL CHIEFS  

Prime Minister Robert Fico will meet chiefs of all eight regions to discuss their future cooperation (1000 GMT).  

CBANK DEFENDS CROWN, MARKET STAYS EDGY  

The Slovak central bank intervened again on Wednesday to defend the crown as an edgy mood on emerging markets and a shaky domestic political outlook pushed investors to dump more Slovak assets.  

[ID:nL12750626]  

CPI BELOW FCAST BUT RATE RISE STILL SEEN  

Slovak consumer prices grew slightly less than expected in June but stubbornly high inflation is still likely to prompt a central bank tightening of policy later this month.  

[ID:nL12434329]  

JUNE CPI SLIGHTLY BELOW FCAST  

Slovak consumer prices rose by 0.1 percent month-on-month in June, putting the annual inflation rate at 4.6 percent, data released by the Statistics Office showed on Wednesday.  

[ID:nL12408147]  

MAY FOREIGN TRADE GAP SKK 7.8 BLN  

Slovakia's foreign trade balance showed a deficit of 7.8 billion crowns ($258.5 million) in May, shrinking from a revised gap of 9.9 billion crowns in April, the Statistics Office said on Wednesday.  

[ID:nPRG000019]  

HEATING PRICES SEEN UP - PRODUCERS  

The daily Sme reports on Thursday that the Slovak Association of Heat Producers said it could ask the state regulator to increase heating prices for households by 3 percent in September, or early in 2007 due to the higher cost of gas. The regulator approved a 10 to 13 percent hike in 2005.  

ENERGY PRICES FOR HOUSEHOLDS SEEN UP 5 PCT IN 2007  

Slovak energy utility Slovenske Elektrarne (SE), controlled by Italy's Enel, said will raise energy prices by 16 percent effective from January 2007, which will raise energy prices for households by around 5 percent, the daily Pravda reported.  

SMER VICE-CHAIRMAN JOLTS PARTY MAINSTREAM  

Smer's Vice-Chairman Monika Benova, once a close ally of Prime Minister Robert Fico, criticises Fico for a coalition with the far-right Nationalist and Vladimir Meciar's HZDS adding Fico's anti-eurosocialist rhetoric not appropriate, the daily Sme reports.  

SLOVAKS EYE FOUR BIDS IN MOBILE LICENCE TENDER  

Slovakia, which launched an international tender for a third mobile phone operator in May, is expected to disclose the names of all interested bidders on Friday. Local madia have reported Austria's Telekom, Spanish Telefonica, British Vodafone and Slovak private equities groups Penta and Slavia Capital were among the expected bidders.  

For an economic indicator diary for the euro zone, the United States and other Group of Seven countries, see <G7TODAY>. For a diary of forthcoming Slovak events, double click [SK/DIARY], and for a calendar of east European economic indicators, see [CONV/DIARY].  

News editor of the day: Peter Laca on +421 2 5341 8402; fax: +421 2 5341 8403  

E-mail: reuters@editorial.sk  

Reuters Messaging: peter.laca.com@reuters.net For real-time index quotes, double click in brackets: Warsaw WIG20 <.WIG20> Budapest BUX <.BUX> Prague PX50 <.PX50> Other related news:   


 Slovak equities      [SK-E]  E.Europe equities           [.CEE]
 Slovak money         [SK-M]  Czech debt                  [CZ-D]
 Slovak Indicators  [SK-ECI]  Emerging forex          [EMRG/FRX]
 Eastern European     [EEU]   All emerging markets        [EMRG]
 Hot stocks           [HOT]   Stock markets                [STX]
 Market debt news     [DBT]   Forex news                   [FRX]
 TOP NEWS -- Emerging markets                         [TOP/EMRG]
 TOP NEWS -- Convergence watch                        [TOP/EAST]
  

Slovakia - Factors To Watch on July 13|LANGEN|Table|CZS|ABN|M|D|E|RBN|REVU|RNP|DNP|PTD|PMF"
"UPDATE 2-Slovak cbank defends crown, market stays edgy  ",2006-07-12,"(Adds announcement of PM meeting with c.bank, analysts quotes)  

BRATISLAVA, July 12 (Reuters) - The Slovak central bank intervened again on Wednesday to defend the crown as an edgy mood on emerging markets and a shaky domestic political outlook pushed investors to dump more Slovak assets.  

The central bank (NBS) bought crowns in several waves on the market after the unit fell by 0.6 percent to around 38.700 per euro, a far deeper drop than the neighbouring Polish zloty and the Hungarian forint, which were hit by weak regional sentiment.  

The Slovak currency has been jumpy since a June 17 election in which the leftist Smer party beat the centre-right government, praised by the markets for economic reforms, and created a ruling coalition with two fringe factions.  

Apart from a bearish mood on emerging markets, which started in the spring with rising yields on major markets, investors also worry that the new Slovak government will loosen fiscal policy and miss the target of adopting the euro in 2009. ""There is a lot of uncertainty on the political scene, and there are a lot of question marks about economic policies at this point,"" said CSOB Bank analyst Marek Gabris.  

""The market does not like uncertainty.""  

The intervention pushed the unit to 38.400 at 1334 GMT, but market watchers said further weakness was possible. ""The intervention came because of a too sharp weakening of the crown, the volatility of the crown was too sharp,"" central bank spokesman Igor Barat said. He declined to elaborate.  

The NBS spent over a billion euros, according to dealer estimates, when it intervened to halt the crown decline in June.  

CONFLICTING SIGNALS  

The government led by leftist Smer chief Robert Fico has sent conflicting signals about its plans, increasing market jitters over the feasibility of Slovakia's euro adoption plans.  

Finance Minister Jan Pociatek said the goal of cutting the fiscal deficit and adopting the euro in 2009 will take priority over measures aimed at strengthening the welfare system.  

But Fico has already snubbed Pociatek's idea to scrap the plan of raising taxes for banks, which kept market watchers guessing whether the finance minister will be able to push through other fiscal ideas.  

The government office said Fico and Pociatek will meet with central bank governor Ivan Sramko on Thursday to debate entry to the euro zone.  

Apart from undesired crown volatility, which could affect the currency stability criterion for euro adoption assessment, the weak crown also conflicts with the central bank's plans to curb upward pressures on consumer prices.  

""It is obvious that the central bank does not agree with the current level of the crown, which also negatively influences inflation,"" said Lucia Steklacova, a senior analyst at ING Bank.  

Market watchers said they expected the central bank to continue defending the crown as long as Slovakia does not alter the euro adoption schedule.  

""While the 2009 euro goal holds, the central bank should continue to defend the crown in order to meet Maastricht criteria,"" Slovenska Sporitelna said in a market note.  

MARKETS-SLOVAKIA-CBANK (UPDATE 2)|LANGEN|ABN|M|D|CZS|BNX|DNP"
UPDATE 1- Slovak  cbank says  intervenes  to halt SKK weakening  ,2006-07-12,"(adds quote, details)  

BRATISLAVA, July 12 (Reuters) - The Slovak central bank (NBS) said on Wednesday it intervened directly on the foreign exchange market to halt a weakening of the crown <EURSKK=> amid an uncertain political outlook. Traders said the central bank bought crowns at around 38.710 per euro on the market and the intervention pushed the unit to 38.600 at 1234 GMT. The crown traded at 38.480 late on Tuesday, and was at 38.510 per euro in early Wednesday trade.  

""The intervention came because of a too sharp weakening of the crown, the volatility of the crown was too sharp,"" central bank spokesman Igor Barat said. He declined to give further details.  

The central bank spent more than a billion euros, according to dealers estimates, in two days of intervention at the end of June.  

The crown has been under pressure since a June 17 election amid investor concerns a new leftist government will loosen fiscal discipline and endanger the goal of adopting the euro in 2009.  

Last week a coalition comprising the leftist Smer party, along with two fringe parties was appointed after Smer won the most votes, but not a majority, in a June 17 election.  

Finance Minister Jan Pociatek told Reuters last week the goal of cutting the fiscal deficit and staying on track for adopting the euro in 2009 will take priority over measures aimed at strengthening the welfare system.  

But Smer leader Robert Fico immediately snubbed Pociatek's idea to scrap a plan of raising taxes for banks, which has raised fears in the market that the finance minister will not be able to push through other fiscal plans.  

MARKETS-SLOVAKIA-CBANK (UPDATE 1)|LANGEN|CZS|ABN|M|E|RBN|D|RNP|DNP"
"Slovak crown seen under fire, mkt eyes govt steps  ",2006-07-03,"BRATISLAVA, July 3 (Reuters) - The Slovak crown was little changed to the euro on Monday but dealers expected it to weaken in the near term as the market awaited the first steps of an incoming leftist government.  

The crown traded at 38.420/450 to the euro as of 1030 GMT, after 38.440/460 late on Friday.  

The crown has been volatile in the past few days after Smer said it would create a ruling coalition with two fringe parties. President Ivan Gasparovic is expected to name the new government on Tuesday.  

Analysts said the crown would stay under pressure due to uncertainty over Slovakia's target to adopt the euro in 2009.  

""We expect continued sell-off of the Slovak crown on the FX market, and central bank's interventions in response,"" Slovenska Sporitelna said in a research note.  

The central bank intervened on the foreign exchange market twice in the last two weeks of June to stop the crown fall.  

Analysts said Smer's intentions to lower value-added tax on some items and boost welfare spending could prevent a reduction of the fiscal deficit under 3 percent of GDP, which is required for adopting the euro.  

The crown showed no reaction to nomination of a businessman and a Smer deputy Jan Pociatek to the post of the finance minister as he is little known to financial markets.  

Analysts said they needed to wait for his first comments to get some clues of the future fiscal policy. ----------------MARKET SNAPSHOT AT 1030 GMT-------------------- Crown/euro <EURSKK=> at 38.420/450 vs. 38.440/460 on Friday Crown/dollar <SKK=> at 30.000/050 vs. 30.075/126 3-yr yield <SK5YT=RR> at 5.649/389 vs 4.838/536 9-yr yield <SK9YT=RR> at 5.636/435 vs 4.658/458 --------------------------------------------------------------  

MARKETS-SLOVAKIA-CROWN-MIDDAY|LANGEN|Table|ABN|M|D|CZS|DNP"
Slovakia - Factors To Watch on June 30  ,2006-06-30,"BRATISLAVA, June 30 (Reuters) - Here are news stories, press reports and events to watch which may affect Slovak financial markets on Friday.  

ROBERT FICO TO MEET PRESIDENT GASPAROVIC  

Robert Fico, the leader of the leftist party Smer, will meet President Ivan Gasparovic to present him an outline of his new government (0745 GMT).  

DZURINDA TO HOLD NEWS CONFERENCE  

Outgoing Prime Minister Mikulas Dzurinda to hold a news conference (1100 GMT).  

C.BANK TO RELEASE FOREX RESERVES DATA  

The central bank will release its weekly forex reserves data (1200 GMT).  

SLOVAKIA UNDER FIRE FOR LEFTIST COALITION CHOICES  

Slovakia came under fire from investors and diplomats on Thursday after leftist party Smer chose two fringe parties for coalition talks, a move that could cool relations with its European Union partners. [ID:nL2935398]  

FINMIN UPS GDP, INFLATION FORECASTS  

The Slovak finance ministry raised its growth and inflation forecasts on Thursday but said the 2009 euro entry target was safe if a new government pursues correct fiscal policy. [ID:nL29488032]  

POLITICAL JITTERS HIT SKK, C.BANK INTERVENES

The Slovak central bank intervened for the second time in eight days on Thursday to halt a sliding crown amid fears the next government will rack up debt and defer plans to adopt the euro in 2009. [ID:nL29899242]  

SLOVAK CROWN BOUNCES BACK ON C.BANK INTERVENTION

The Slovak crown climbed back to firmer levels versus the euro on Thursday, after a 0.7 percent fall early in the session, benefiting from the second central bank intervention in the past seven days. [ID:nL29901254]  

COALITION DEAL SEEN ON SUNDAY  

Robert Fico expects Smer, the far-right Slovak National Party and the HZDS party of former authoritarian Prime Minister Vladimir Meciar to sign their coalition agreement on Sunday, the daily Sme reports.  

Sme, page 2  

SMER HAS 11 MINISTRIES  

The leftist party Smer will take eleven posts in the new government, the nationalists will take three ministries and HZDS will get two posts, daily Sme reports.  

Sme, page 1  

HZDS SAYS RESPECTS 2009 EURO ENTRY TARGET  

HZDS wants to enter the euro zone in 2009, in line with the current plan, Deputy Chairman Viliam Veteska told the daily Sme. HZDS Chairman Meciar has previously said euro adoption should be postponed until after 2010.  

Sme, page 5  

For an economic indicator diary for the euro zone, the United States and other Group of Seven countries, see <G7TODAY>. For a diary of forthcoming Slovak events, double click [SK/DIARY], and for a calendar of east European economic indicators, see [CONV/DIARY].  

News editor of the day: Peter Laca on +421 2 5341 8402; fax: +421 2 5341 8403  

E-mail: reuters@editorial.sk  

Reuters Messaging: peter.laca.com@reuters.net For real-time index quotes, double click in brackets: Warsaw WIG20 <.WIG20> Budapest BUX <.BUX> Prague PX50 <.PX50> Other related news:   


 Slovak equities      [SK-E]  E.Europe equities           [.CEE]
 Slovak money         [SK-M]  Czech debt                  [CZ-D]
 Slovak Indicators  [SK-ECI]  Emerging forex          [EMRG/FRX]
 Eastern European     [EEU]   All emerging markets        [EMRG]
 Hot stocks           [HOT]   Stock markets                [STX]
 Market debt news     [DBT]   Forex news                   [FRX]
 TOP NEWS -- Emerging markets                         [TOP/EMRG]
 TOP NEWS -- Convergence watch                        [TOP/EAST]
  

Slovakia - Factors To Watch on June 30|LANGEN|Table|CZS|ABN|M|D|E|RBN|REVU|RNP|DNP|PTD|PMF"
CEE MORNING BRIEFING: Fed Stance Could Boost Markets  ,2006-06-30,"
 
TODAY'S CALENDAR 
 
Local/GMT 
 
0900/0700 Hungary May Producer Price Index 
 
0900/0700 Hungary April Trade Deficit 
          Preliminary data: EUR187.6M vs EUR245M in Mar 
 
0830/0630 Hungary 1Q Current Account Deficit 
          Seen: EUR1.63B vs EUR1.49B in 4Q 2005 
 
FOREX 
 
        Latest     Previous   %Chg   Daily   Daily    %Chg 
                  2150 GMT          High    Low      12/31 
EUR/PLN 4.0682-82  4.0761-21  -0.19  4.0877  4.0679   +5.85 
EUR/HUF 282.61-91  282.75-00  -0.05  282.61  282.89  +12.00 
EUR/CZK 28.465-95  28.455-85  +0.04  28.480  28.495   -2.08 
EUR/SKK 38.330-80  38.370-10  -0.10  Untraded today   +1.32 
   

THE POLISH ZLOTY:  

Traders said the U.S. Federal Reserve Board's interest rate hike of 25bp as expected and its surprisingly dovish statement may relieve investors in emerging market assets, because the prospect of still more U.S. rates could have siphoned off funds from emerging markets.  

The zloty weakened against the euro Thursday as the market awaited the U.S. rate decision, due after the close of trade in the Central and Eastern Europe region. Investors worried a rate hike would be accompanied by a hawkish statement. ""We live in the world of rising rates, thus there's capital outflow from emerging markets,"" a trader said. The zloty clawed back some of its losses late Thursday after the Slovak government intervened to support the koruna. The National Bank of Slovakia intervened after the koruna weakened amid political uncertainties. Late Thursday, the zloty traded at PLN4.0775 to the euro, from PLN4.0640 late Wednesday and PLN4.0955 earlier Thursday. Against the dollar, the zloty was at PLN3.2500, from PLN3.2392 late Wednesday and PLN3.2690 during trade Thursday.  

THE HUNGARIAN FORINT: CIB Bank analysts see little chance of a significant correction by the forint against the euro, given Hungary's ""far from spotless"" fiscal track record. ""And the market still lacks confidence in the government's reform package,"" said. Traders said a Hungarian central bank interest rate hike of between 50 and 75 basis points is needed to stem forint weakness and the inflationary pressure resulting from the currency's slide this week. ""The longer the central bank waits, the higher it'll need to hike,"" a trader said, adding even this intervention would only be a short-term panacea.  

The forint plunged against the euro Thursday in a move dealers said tested the central bank's patience, leaving a rate hike looking inevitable. The currency traded at HUF182.10 early Thursday, sliding to HUF182.60 by midday and to HUF285.00 by late in the day. This compared with HUF280.30 late Wednesday. The currency continued to weaken despite the boost to other regional currencies from the Slovak government's intervention. Zoltan J. Gal, state secretary at the prime minister's office, attributed the sharp weakening of the currency to regional factors. He refused to comment on whether the government had been in consultation with the National Bank of Hungary in the wake of Thursday's drastic weakening. Traders said the forint's weakness was also likely due to investor repositioning before the U.S. rate decision late Thursday, since comments pointing to further U.S. rate hikes from the Fed after its rate decision would be severely negative for Hungary. Hungary, which is struggling with the widest budget deficit in the European Union, could see a further deterioration in its currency and bonds if portfolio investors decide to withdraw from forint assets, traders said.  

THE CZECH KORUNA: Short term, the Czech central bank is expected to leave interest rates on hold, as it did Thursday. CIB Bank analysts predict the bank will next hike rates in the third quarter.  

The koruna weakened against the euro Thursday in the wake of the bank's decision to keep its key two-week repo rate unchanged at 2%, or 75 basis points below the European Central Bank's corresponding rate. The weakness was also driven by the weakness of the Hungarian forint and Slovak koruna against the euro. The Czech currency clawed back some losses late in the day after the Slovak government intervened to support the Slovak koruna. Late Thursday, the koruna traded at CZK28.520 to the euro, from CZK28.390 late Wednesday.  


 
FIXED INCOME 
   

POLISH BONDS are likely to react to the U.S. interest rate decision and accompanying statement in line with an expected rise in German bunds early Friday, traders said.  

Polish government bonds were little changed Thursday, weakening early in the session, before clawing back losses after the Slovak government intervened to support the Slovak koruna. Late Thursday, the yield on the two-year bond was at 5.07%, unchanged from late Wednesday. The five-year bond yield was also unchanged at 5.60%, while the 10-year bond yield was at 5.68%, from 5.73%.  

HUNGARIAN BONDS: U.S. Federal Reserve comments late Thursday are interpreted as favorable for emerging markets, and Hungarian bonds could recover Friday, a trader said.  

Hungarian government bonds weakened Thursday as the forint fell against the euro, making a Hungarian central bank rate hike look inevitable, the trader said. Yields on the short end of the curve rose between 20 and 25 basis points compared with late Wednesday, while yields on the long end rose between 15 and 20 basis points.  

CZECH BONDS: The 25 basis point U.S. interest rate hike Thursday should strengthen core bond markets including German bunds Friday, with the positive influence spilling over into trade of Czech paper, CSOB analyst Jan Cermak said.  

Czech government bonds were little changed Thursday. Trade was light until the Czech National Bank announced it was keeping its key interest rate on hold. Yields on the short end of the curve fell by between three and four basis points immediately after the bank's announcement, although they later crept back up. The Czech rate decision had little effect on the long end of the curve. Long-dated bonds tend not to move in tandem with those in core markets such as German bunds. ""There seemed to be some bullishness on the steep end of the curve,"" Cermak said. Late Thursday, the average yield on the benchmark 10-year bond was at 4.11%, from 4.10% late Wednesday.  


 
 
STOCKS 
 
WIG20                   2842.29    loss   8.19  dn  0.3% 
BUX                    20390.31    gain 215.14  up  1.1% 
PX                      1346.30    gain  25.30  up  1.9% 
 
DJ STOXX EU Enlarged 15   2498.97  loss  13.05   dn 0.5% 
   

IN WARSAW: The market may bounce back Friday, with local funds likely to push the WIG20 index up to achieve a successful close to the end of the month, the quarter and the half-year period, a trader said. That is, ""Unless we see some huge supply by foreign players after the Fed's (interest rate) decision,"" he said.  

The WIG20 ended down 0.3% at 2842.29 Thursday as some foreign investors took profits after the index's two-day rally. ""Foreign sellers are the major culprits,"" the broker said. Among losers, TPSA ended down 2.7%, PKN down 2.7% and Prokom down 1.2%.  

IN BUDAPEST: Upward momentum is expected to last, even if the Fed decides to hike interest rates. ""The sellers are still here, but they are not as strong as in the past weeks,"" an EIB trader said. Even if the market opens lower Friday - since Federal Reserve comments might be negative for emerging markets - Budapest stocks are set to rise further later in the day, he said..  

The BUX index ended up 1.1% at 20390.31 Thursday as buying interest returned after several weeks of heavy selling, mirroring a recovery by U.S. stocks, the trader said. Among gainers, OTP Bank ended up 2.6%, Magyar Telekom up 2.5% and Egis up 4.4%.  

IN PRAGUE: Further gains by CEZ shares is possible Friday, given the shares are proving attractive to foreign buyers this week, traders said.  

The PX index ended up 1.9% at 1346.3 Thursday, driven mainly by a rally by CEZ shares, which ended up 4.1% with a volume of almost CZK3 billion. ""The only reason for the rise on the index was foreign buyers on CEZ,"" an Atlantik Financial Markets trader said. With the exception of Zentiva, which ended up 3.5%, most stocks were little changed. ""Zentiva is the same story as CEZ - foreign buyers see opportunity,"" he said. Among stocks moving sideways in thin trade were Philip Morris, which ended up 0.6%, Komercni Banka, up 0.1%, and Cesky Telecom, up 0.7%. [ 06-30-06 0101ET ]  


OVERNIGHT NEWS 
   

The lower chamber of Czech parliament failed to elect a speaker Thursday, prolonging the political deadlock created by this month's general elections.  

Poland's premier asked former Finance Minister Zyta Gilowska to become his deputy Thursday, inviting her to rejoin the government after she resigned last week over allegations she collaborated with the country's communist-era secret police. Gilowska was seen as a leading advocate for fiscal responsibility in Prime Minister Kazimierz Marcinkiewicz's government and news of her departure triggered a sell-off of Polish zlotys and Treasury bonds. Markets quickly recovered, however, after Pawel Wojciechowski, a pro-market, U.S.-trained economist, was named as her replacement.  

Slovakia's Smer-Social Democracy Party and its two right-wing coalition partners have agreed on the distribution of ministerial seats in the country's new government, party leader Robert Fico said on Thursday.  

Romania's prime minister on Thursday proposed withdrawing his country's 890 troops from Iraq, citing security concerns and the operation's cost, but the president called the idea ""unacceptable.""  

Serbia's government is drafting an ""action plan"" to locate and capture top war crimes suspect Gen. Ratko Mladic, a senior government official said Thursday.  

-The sharp weakening of the Hungarian forint is due to regional factors, Zoltan J. Gal, state secretary at the prime minister's office, said Thursday.  

-By Susannah Rodgers, Dow Jones Newswires; 44-208-789-8467; susannah.rodgers@dowjones.com [ 06-30-06 0102ET ]  

1806 75091"
Slovak  crown bounces back on c.bank  intervention ,2006-06-29,"BRATISLAVA, June 29 (Reuters) - The Slovak crown climbed back to firmer levels versus the euro on Thursday, after a 0.7 percent fall early in the session, benefiting from the second central bank intervention in the past seven days.  

The currency traded at 38.300/320 to the euro as 1400 GMT, slightly firmer from 38.380/400 at the open but weaker from 38.155/185 late on Wednesday.  

The central bank stepped into the market when the crown fell to 38.475 per euro.  

Its fall was driven by investors' worries about an announcement that the leftist Smer party will invite the party of former authoritarian Prime Minister Vladimir Meciar and far-right nationalists to form a government after election earlier this month.  

""This means the central bank will probably defend the 38.50-38.55 per euro range in the near term and protect the crown from more losses,"" Slovenska Sporitelna wrote in a market note.  

""The central bank has enough foreign currency reserves, which were accumulated during massive interventions against a strong crown in 2004 and 2005,"" it added.  

Investors fear a Smer government with the fringe parties, lukewarm to the 2009 euro entry plan, could loosen fiscal discipline and expand public deficits.  

Smer chief Robert Fico is due to meet President Ivan Gasparovic at 0745 GMT on Friday to present the set-up of the incoming government.  

Traders expected the crown to move between 38.200-38.500 per euro in the short term. ----------------MARKET SNAPSHOT AT 1420 GMT-------------------- Crown/euro <EURSKK=> at 38.395/410 vs. 38.155/185 (-0.53 pct) Crown/dollar <SKK=> at 30.552/600 vs. 38.465/510 (-0.22 pct) 3-yr yield <SK5YT=RR> at 5.514/215 vs 4.914/614 9-yr yield <SK9YT=RR> at 5.550/390 vs 4.960/760 --------------------------------------------------------------  

MARKETS-SLOVAKIA-CROWN-CLOSE|LANGEN|Table|ABN|M|D|CZS|RBN|RNP|DNP|PTD|PMF"
Slovak  c.bank  intervenes  to halt crown fall  ,2006-06-29,"BRATISLAVA, June 29 (Reuters) - The Slovak central bank (NBS) intervened directly on the foreign exchange market on Thursday to halt the weakening of the crown amid turbulent domestic politics.  

An NBS spokesman confirmed the bank had bought crowns but gave no details. Traders said it bought crowns at around 38.475 per euro, and the intervention pushed the unit to 38.270 at 1115 GMT. The Slovak unit lost 0.7 percent early on Thursday as investors cut positions after the leftist party Smer chose two fringe parties for ruling coalition talks. The bank also intervened last week to support the falling crown.  

MARKETS-SLOVAKIA-INTERVENTION (URGENT)|LANGEN|Table|ABN|M|E|RBN|D|CZS|RNP|DNP"
Slovakia - Factors To Watch on June 23  ,2006-06-23,"BRATISLAVA, June 23 (Reuters) - Here are news stories, press reports and events to watch which may affect Slovak financial markets on Friday.  

ETHNIC HUNGARIANS MEET CHRISTIAN DEMOCRATS  

The ethnic Hungarian hold post-election talks with Christian Democrats (0630 GMT).  

C.BANK TO RELEASE FOREX RESERVES DATA  

The central bank to release weekly forex reserves data (1200 GMT).  

SPP NEWS CONFERENCE  

The natural gas distribution and transportation company SPP to hold a news conference.  

CHRISTIAN DEMOCRATS MULL JOINING LEFTIST GOVT  

Slovakia's Christian Democrats may join a leftist government to protect liberal reforms, a party official said on Thursday, as politicians attempt to form a ruling coalition after indecisive elections. [ID:nL22795012]  

CROWN STABILISES AFTER C.BANK INTERVENTION

The Slovak crown weathered a bearish regional mood on Thursday better than its neighbours following supportive central bank intervention on Wednesday, dealers said. [ID:nL22248995]  

PRESS DIGEST  

CHRISTIAN DEMOCRATS OPPOSE NATIONALISTS IN GOVT  

The Christian Democrats will not join a government with the far-right nationalist party SNS, the daily Pravda reports. If confirmed, the move would reduce ruling coalition options for the leftists Smer party.  

Pravda, page 1  

SMER EYES CHRISTIAN DEMOCRATS  

The leftist party Smer awaits a decision by Christian Democrats whether to join its government or become an opposition party, the daily Sme reports. The talks on forming the ruling coalition will be complicated and they could take several weeks, the daily reports parties officials as saying.  

Sme, page 1  

SLOVAK SUPPLIES FOR OPEL TO TRIPLE  

Slovak car parts makers supplying German car producer Opel expect to triple their output in 2006 to 3.0 billion crowns ($99.30 million), the daily Pravda reports.  

Pravda, page 9  

For an economic indicator diary for the euro zone, the United States and other Group of Seven countries, see <G7TODAY>. For a diary of forthcoming Slovak events, double click [SK/DIARY], and for a calendar of east European economic indicators, see [CONV/DIARY].  

News editor of the day: Peter Laca on +421 2 5341 8402; fax: +421 2 5341 8403  

E-mail: reuters@editorial.sk  

Reuters Messaging: peter.laca.com@reuters.net For real-time index quotes, double click in brackets: Warsaw WIG20 <.WIG20> Budapest BUX <.BUX> Prague PX50 <.PX50> Other related news:   


 Slovak equities      [SK-E]  E.Europe equities           [.CEE]
 Slovak money         [SK-M]  Czech debt                  [CZ-D]
 Slovak Indicators  [SK-ECI]  Emerging forex          [EMRG/FRX]
 Eastern European     [EEU]   All emerging markets        [EMRG]
 Hot stocks           [HOT]   Stock markets                [STX]
 Market debt news     [DBT]   Forex news                   [FRX]
 TOP NEWS -- Emerging markets                         [TOP/EMRG]
 TOP NEWS -- Convergence watch                        [TOP/EAST]
  

Slovakia - Factors To Watch on June 23|LANGEN|Table|CZS|ABN|M|D|E|RBN|REVU|RNP|DNP|PTD|PMF"
Slovak  crown stabilises after c.bank  intervention ,2006-06-22,"BRATISLAVA, June 22 (Reuters) - The Slovak crown weathered a bearish regional mood on Thursday better than its neighbours following supportive central bank intervention on Wednesday, dealers said. The crown ended at 38.230/250 to the euro, down from 38.190/220 late on Wednesday.  

Other central European currencies fell by more, with the Polish zloty losing 0.4 percent and the forint weakening by half a percent.  

Dealers said investors in the Slovak market were wary of approaching 38.550 per euro, the point where the central bank bought crowns directly on the market on Wednesday.  

Emerging markets are suffering because rising yields in major markets are drawing investors away.  

But even if the emerging markets stabilise, the Slovak crown will have little room to strengthen until the the next government is formed, traders say.  

""There wasn't much interest in the market today and that could last for weeks,"" said Boris Somorovsky, a trader at Tatra Banka. ""In the meantime we'll probably follow regional swings, but within a narrow range.""  

The leftist Smer party won a weekend election and it now leads negotiations to form a government. The market will be edgy as long as participation of two fringe parties in the ruling coalition remains a possible option.  

The crown fell to seven-month lows on Wednesday after Smer signalled it might rule with far-right nationalists and a party of former autocratic Prime Minister Vladimir Meciar.  

Smer has also held talks with two centre-right parties, the Christian Democrats and the ethnic Hungarians.  

Investors fear a Smer-led government with Meciar and the nationalists, will push up the fiscal deficit, scare off investors and postpone plans to adopt the euro in 2009.   


----------------MARKET SNAPSHOT AT 1425 GMT--------------------
Crown/euro <EURSKK=>  at 38.230/250 vs 38.190/220 on Wednesday
Crown/dollar <SKK=>   at 30.428/488 vs 30.200/250
5-yr yield <SK5YT=RR> at 4.706/405 vs 4.715/415
9-yr yield <SK9YT=RR> at 4.809/610 vs 4.800/600
--------------------------------------------------------------
  

MARKETS-SLOVAKIA-CROWN-CLOSE|LANGEN|Table|ABN|M|D|CZS|DNP"
"Czech crown holds firm, bonds rebound from selloff  ",2006-06-22,"PRAGUE, June 22 (Reuters) - The Czech crown held ground versus the euro on Thursday after recovering from a two-month low in the previous session, as sentiment in central European markets brightened after a Slovak central bank intervention.  

The crown traded barely changed on the day at 28.380 per euro <0#EURCZK=> by 0835 GMT. It had hit a low of 28.585 on Thursday before the Slovak central bank stepped in to prop up its own currency [ID:nL2119218].  

The Slovak move, responding to the currency's slide through its central rate in the ERM-2 exchange rate mechanism, helped boost other regional units after a month-long selling on concern global credit tightening would slash their allure to investors.  

Analysts said the robust, more than 7 percent growth in the Czech economy, a low inflation outlook and credible monetary policy should allow the crown to continue outperforming central European peers. It is 2.5 percent firmer in the year-to-date.  

""In our view... the crown should remain a relative safe haven likely to outperform other regional currencies,"" said Jon Harrison, market strategist at Dresdner Kleinwort Wasserstein.  

Local currency bonds <0#CZBMK=> rebounded after Wednesday's heavy sell-off triggered by the news of poor investor interest in the sale of a 9-year government debt tranche <CZ9YT=RR>.  

The 10-year benchmark debt yield <CZ10YT=RR> fell from a 1-1/2-year high, shedding 7 basis points to 4.13/4.10 percent, with its spread over the euro zone equivalent narrowing from a 6-month high.  

Analysts said Wednesday's auction failed to draw enough buyers for the offer due to this month's crown drop and rising global interest rates [ID:nL2141861].   


 ----------------- MARKET SNAPSHOT AT 0835 GMT -----------------
 Crown/euro <EURCZK=>       last deals at 28.380     (-0.05 pct)
 Crown/dollar <CZK=>                   at 22.395 bid (-0.11 pct)
  5-year yield due Oct 2010 <CZ5YT=RR>     3.72 pct bid (-4 bps)
 10-year yield due Jan 2016 <CZ10YT=RR>    4.13 pct bid (-7 bps)
  

5-yr CZK/EUR mid yield spread <DE114147=> -6 bps (vs -1) 10-yr CZK/EUR mid yield spread <DE113529=> 11 bps (vs 20)  

Current levels versus prior domestic close at 1500 GMT ---------------------------------------------------------------  

MARKETS-CZECH-CROWN-MORNING|LANGEN|ABN|M|D|RBN|CZS|RNP|DNP|PTD|PMF"
"Slovak  crown flat after  intervention , politics key  ",2006-06-22,"BRATISLAVA, June 22 (Reuters) - The Slovak crown held stable on Thursday morning after central bank intervention stopped its fall in the previous session, and dealers said the market was awaiting a fresh impetus from government talks.  

The central bank intervened on Wednesday after post-election uncertainty and a bearish mood on emerging markets pushed the crown through its central rate in the ERM-2 exchange rate mechanism.  

The crown traded at 38.180/190 to the euro at 0800 GMT, little changed from 38.190/220 late on Wednesday.  

The crown has been falling since the leftist Smer party won an election on Saturday and started government talks with two fringe parties. Investors feared such a government would loosen fiscal policy and delay euro adoption beyond 2009.  

Traders said the central bank bought crowns at around 38.550 to the euro on Wednesday, and local banks estimated the intervention volume was up to 300 million euros.  

""Unless the future government announces a euro (adoption) delay, which we see as unlikely at this stage, the central bank will probably defend the territory around 38.55 per euro as the 2009 euro goal would be still valid,"" Slovenska Sporitelna said in market note.  

Smer leader Robert Fico said on Wednesday he might continue in coalition talks with two centre-right members of the previous government, and their cabinet participation would be positive for the crown as they could prevent radical changes to reforms, analysts said.  

Traders said the currency would stay nervous until the future government is formed and presents its programme, which could take several weeks.   


 ----------------MARKET SNAPSHOT AT 0800 GMT--------------------
Crown/euro <EURSKK=>  at 38.180/190 vs 38.190/220 on Wednesday
Crown/dollar <SKK=>   at 30.170/215 vs 30.200/250
5-yr yield <SK5YT=RR> at 4.716/415 vs 4.715/415
9-yr yield <SK9YT=RR> at 4.798/600 vs 4.800/600
--------------------------------------------------------------
  

MARKETS-SLOVAKIA-CROWN-OPEN|LANGEN|Table|CZS|ABN|M|D|E|RBN|RNP|DNP"
Czech crown up from 2-mth low as Slovaks  intervene ,2006-06-21,"PRAGUE, June 21 (Reuters) - The Czech crown recovered from a two-month low versus the euro on Thursday in the wake of a euro selling market intervention by the Slovak central bank, which aimed to halt a slide in the neighbouring country's currency.  

The crown erased intra-day losses and moved to the positive territory to trade nearly quarter of a percent firmer on the day at 28.465 per euro <0#EURCZK=> by 1412 GMT.  

It had hit a low of 28.585 before the Slovak central bank entered the market to prop up its own currency [ID:nL2119218].  

""We saw real money coming to the market after the Slovak intervention,"" said one Prague-based dealer at a foreign bank, adding the crown looked supported at levels between 28.550 and 28.600 per euro.  

Government bonds <0#CZBMK=> sold off after what one analyst called nearly disastrous result of a 9-year debt sale, which failed to draw enough buyers for the offer due to this month's crown drop and rising global interest rates [ID:nL2141861].   


 ----------------- MARKET SNAPSHOT AT 1412 GMT -----------------
 Crown/euro <EURCZK=>       last deals at 28.465     (+0.18 pct)
 Crown/dollar <CZK=>                   at 22.504 bid (+0.73 pct)
  5-year yield due Oct 2010 <CZ5YT=RR>     3.77 pct bid (+9 bps)
 10-year yield due Jan 2016 <CZ10YT=RR>    4.18 pct bid (+11 bps)
  5-yr CZK/EUR mid yield spread <DE114147=>  1 bps (vs -6)
 10-yr CZK/EUR mid yield spread <DE113529=>  18 bps (vs 10)
 Current levels versus prior domestic close at 1500 GMT
 ---------------------------------------------------------------
  

MARKETS-CZECH-CROWN-CLOSE|LANGEN|Table|ABN|M|D|RBN|CZS|RNP|DNP|PTD|PMF"
Slovak  cbank  intervenes  on  FX  mkt to prop up crown  ,2006-06-21,"BRATISLAVA, June 21 (Reuters) - The Slovak central bank (NBS) said it intervened on the foreign exchange market on Wednesday to stop a weakening of the crown, adding it remained prepared to correct unjustified crown moves in the future.  

The bank did not comment on the intervention level, but traders said the NBS was seen buying crowns in the market at around 38.550 per euro.  

MARKETS-SLOVAKIA-INTERVENTION (URGENT)|LANGEN|ABN|D|M|CZS|DNP"
"UPDATE 3- Slovak  crown below ERM-2 parity, c.bank  intervenes ",2006-06-21,"  (Adds central bank intervention)  

 BRATISLAVA, June 21 (Reuters) - Post-election jitters and a sour mood on emerging markets pushed the Slovak crown below its central rate in the ERM-2 exchange rate mechanism on Wednesday, prompting intervention by the central bank to support the currency.  

 The crown <EURSKK=> <SKK=> has weakened sharply since the leftist Smer party won a general election on Saturday and started talks on forming a government with two fringe parties, an option analysts have called the worst case scenario to emerge from the election.  

 On Wednesday the crown fell below its central rate of 38.455 to the euro in midday trading for the first time since the central European country entered the waiting room for the single European currency in November 2005.   

 The central bank (NBS) stepped in and bought crowns at around 38.550 to the euro, dealers said. The NBS confirmed it intervened, but declined to give any levels for its deals.  

 ""The reason was a significant weakening of the crown in recent days, which we considered unjustified by economic fundamentals,"" NBS spokesman Igor Barat said. ""We will remain ready to react if needed in the future.""  

 The intervention pushed the crown to 38.300 per euro. Traders said the central bank continued to buy the crown on the market in several waves. The crown is now trading some 4.2 percent below its all-time highs of 36.925 it hit on March 1.  

 The currency fall comes after Smer leader Robert Fico said he did not see any major obstacles to forming a government with the centre-left HZDS party of former authoritarian Prime Minister Vladimir Meciar and the far-right nationalists.  

 EURO WORRIES  

 Investors worry a Smer-led government, especially if joined by the nationalists and Meciar, would raise spending, spook foreign companies and delay euro zone entry from 2009 as intended.  

 ""The market got scared of the possibility of a Smer coalition with HZDS and the nationalists,"" said Lucia Steklacova, a senior analyst at ING Bank. ""Such an alternative would probably mean looser fiscal policy, higher inflation and subsequently higher interest rates.""  

 Smer will hold talks later on Wednesday with three centre-right parties that formed the previous government of Prime Minister Mikulas Dzurinda.  

 But the market reacted negatively to Fico's statements that ruling with Dzurinda's junior partners, the ethnic Hungarians and Christian Democrats, was not his most attractive option.  

 Such a government would be welcomed by the market as it was expected to have a more moderate economic agenda, analysts said.  

 Fico, whose party won a third of parliament's 150 seats, has pledged to cancel a business-friendly flat 19 percent tax rate and undo other reforms introduced by Dzurinda's cabinet to ease the pain of economic transformation from the past four years.  

 Analysts said the turmoil could last weeks as Fico faces tough talks to forge a viable coalition. Dzurinda could still stay in power if Smer fails to find enough allies among the six parties that have entered parliament.  

 ""A combination of Smer, HZDS and the nationalists would quite possibly lead to a delay of euro adoption from the targeted year 2009, which would be negative for the market,"" said Slovenska Sporitelna analyst Michal Musak.     

MARKETS-SLOVAKIA-CROWN (UPDATE 3)|LANGEN|ABN|M|D|CZS|RBN|BNX|RNP|DNP|PTD|PMF"
TRADE IDEA-PLN 2s5s flattener attractive-CSFB  ,2005-12-06,"LONDON, Dec 6 (Reuters) - CSFB believes markets are entering a new multi-month period of the Polish zloty <EURPLN=> curve flattening, both in absolute terms and relative to the euro-curve, after five months of sustained curve steepening.  

""We therefore recommended on 2 December 2005 taking profit on our PLN 2s5s steepener trade, initiated on 21 July 2005 at +21bp and currently trading at +19bp,"" analysts Koon Chow and Olivier Desbarres said.  

""The market implies only 15bp of flattening in Poland versus Europe over the next 12 months, a not insurmountable hurdle given the 80bp widening in the box spread in the past year,"" CSFB said. In Hungary, CSFB recommends take profit on Hungarian forint <EURHUF=> 2s5s steepener.  

In Slovakia, CSFB is more bullish on the crown after ERM2.  

""We view this as being positive for the Slovak crown (SKK) <EURSKK=> for a number of reasons: (i) It signals the government's commitment to EMU membership and predictable monetary and fiscal policy and; (ii) ERM2 suggests an asymmetric FX intervention bias for the Slovak central bank, more aggressively against SKK-weakness than strength.  

As inflation in Slovakia is rising, CSFB believes the Slovak central bank favors SKK-strength and probably hoped to engineer some currency appreciation with earlier-than-expected ERM2 adoption.  

CSFB has have revised its EUR/SKK forecasts lower. We expect 37.0, 36.5 and 36.0 in 3-, 6- and 12-months, respectively (from the previous 38.0, 37.6, 37.2)  

TRADE IDEA-ZLOTY/CROWN|LANGEN|CZS|HX|PX"
"Slovak crown slightly up, seen cautiously firming  ",2005-10-28,"BRATISLAVA, Oct 28 (Reuters) - The Slovak crown <EURSKK=> ticked up slightly in a quiet session on Friday, and dealers said they saw it slowly firming in the coming days despite negative signals from the volatile Polish zloty.  

The crown closed at 39.000/030 per euro, its main reference currency, flat from Thursday's 39.040/080.  

""Investors could use this situation to buy the crown and the exchange rate could move to lover (stronger) levels, towards 38.900 per euro,"" said VUB bank dealer Laco Benedek.  

The crown was hit in recent weeks as investors reduced positions on European emerging markets due to economic and political turmoil in neighbouring Poland and Hungary.  

However, the crown resisted the last wave of the zloty's fall this week and found strong support at 39.200 to the euro, the level where the Slovak central bank intervened earlier this month to stop the fall of its currency.  

Market watchers expect the crown to firm gradually in the longer term thanks to positive economic outlook, though they said many foreign banks were still keen to close long-held crown positions near the psychological mark of 39.000 per euro. -------------------MARKET SNAPSHOT AT 1515 GMT------------------ Crown/euro <EURSKK=> at 39.000/030 vs 39.040/080 on Thursday Crown/dollar <SKK=> at 32.250/300 vs. 32.140/190 5zyr yield <SK5YT=RR> at 3.592/3.292 pct vs 3.528/3.286 pct 9-yr yield <SK9YT=RR> at 3.653/3.454 pct vs 3.602/3.419 pct ---------------------------------------------------------------  

MARKETS-SLOVAKIA-CROWN-CLOSE|LANGEN|Table|ABN|M|D|CZS|DNP"
"Slovak  crown up, cbank  intervention  gives support  ",2005-10-14,"BRATISLAVA, Oct 14 (Reuters) - The Slovak crown <EURSKK=> firmed on Friday as the market digested central bank interventions to support the unit in the previous session, and dealers said they saw room for further gains in the near term.  

The crown ended at 38.870/890 to the euro, compared with 38.940/960 late on Thursday.  

The central bank bought crowns when the currency fell to a five-month low of 39.200 per euro on Thursday in the first attempt to shore up its unit since the end of April.  

The crown has been under pressure for several weeks as negative sentiment on central European markets prevailed over Slovakia's positive economic fundamentals.  

Traders said more interventions were likely if the crown weakened towards the 39.200 level again.  

""The central bank has wide manoeuvring space for such measures as it built large FX reserves during its previous fight against crown appreciation,"" Slovenska Sporitelna said in a market note.  

The central bank bought around three billion euros in interventions aimed at slowing down crown firming in the first three months of the year.  

Traders said the crown should have potential to firm due to encouraging economic outlook, though it would remain vulnerable to capital flows in the region. -------------------MARKET SNAPSHOT AT 1500 GMT------------------ Crown/euro <EURSKK=> at 38.870/890 vs 38.940/960 on Thursday Crown/dollar <SKK=> at 32.132/182 vs. 32.605/655 5-yr yield <SK5YT=RR> at 3.284/2.984 pct vs 3.285/2.986 pct 9-yr yield <SK9YT=RR> at 3.378/178 pct vs 3.378/177 pct ---------------------------------------------------------------  

MARKETS-SLOVAKIA-CROWN-CLOSE|LANGEN|Table|ABN|M|D|CZS|RBN|RNP|DNP|PTD|PMF"
Slovakia - Factors To Watch on Oct 14  ,2005-10-14,"BRATISLAVA, Oct 14 (Reuters) - Here are news stories, press reports and events to watch which may affect Slovak financial markets on Friday.  

C.BANK TO PUBLISH RESERVES DATA  

The central bank to release its weekly foreign currency reserves data (1200 GMT).  

C.BANK INTERVENES TO SUPPORT CROWN  

The Slovak central bank intervened directly on the foreign exchange market on Thursday to support the ailing crown, with analysts saying the move was aimed at safeguarding inflation goals set for euro adoption.  

HIGHWAY TOLL SYSTEM TENDER  

Slovakia plans a tender for the supplier of a highway toll collection system worth up to 13 billion crowns ($400 million) in the next few months, the National Highway Company said on Thursday.  

CROWN UP AFTER INTERVENTION

The Slovak crown <EURSKK=> rebounded from five-month lows versus the euro on Thursday after the central bank intervened directly on the market to support the falling currency.  

The central bank stepped into the market when the crown fell to 39.200 per euro, its weakest level since May. The action pulled the crown back through the psychological level of 39.000 per euro, and the unit closed at 38.940/960.  

For an economic indicator diary for the euro zone, the United States and other Group of Seven countries, see <G7TODAY>. For a diary of forthcoming Slovak events, double click [SK/DIARY], and a calendar of east European economic indicators,  

see [CONV/DIARY].  

News editor of the day: Peter Laca on +421 2 5341 8402; fax: +421 2 5341 8403  

E-mail: bratislava.newsroom@reuters.com  

Reuters Messaging: peter.laca.reuters.com@reuters.net For real-time index quotes, double click in brackets: Warsaw WIG20 <.WIG20> Budapest BUX <.BUX> Prague PX50 <.PX50> Other related news:   


 Slovak equities      [SK-E]  E.Europe equities           [.CEE]
 Slovak money         [SK-M]  Czech debt                  [CZ-D]
 Slovak Indicators  [SK-ECI]  Emerging forex          [EMRG/FRX]
 Eastern European     [EEU]   All emerging markets        [EMRG]
 Hot stocks           [HOT]   Stock markets                [STX]
 Market debt news     [DBT]   Forex news                   [FRX]
 TOP NEWS -- Emerging markets                         [TOP/EMRG]
 TOP NEWS -- Convergence watch                        [TOP/EAST]
  

Slovakia - Factors To Watch on Oct 14|LANGEN|Table|CZS|ABN|M|D|E|RBN|REVU|RNP|DNP|PTD|PMF"
Slovak  crown off 5-month lows after  intervention ,2005-10-13,"BRATISLAVA, Oct 13 (Reuters) - The Slovak crown <EURSKK=> rebounded from five-month lows versus the euro on Thursday after the central bank intervened directly on the market to support its falling currency.  

The central bank stepped into the market when the crown fell to 39.200 per euro, its weakest level since May. The action pulled the crown back through the psychological level of 39.000 per euro, and the unit closed at 38.940/960. ""The NBS (central bank) clearly showed its determination to prevent further crown depreciation that does not correspond with Slovakia's good macroeconomic indicators,"" VUB Bank said in a market note.  

The Slovak crown has been under pressure in the past few weeks, hit by a domestic government crisis followed by economic and political turmoil in neighbouring central European states.  

Slovakia has shown fast economic growth and rising inflows of foreign direct investment in the past few years, but the crown is frequently influenced by capital flows on bigger markets in central Europe.  

Traders said the crown could move near the 39.0-per-euro mark again if the mood in the region further worsened, but they added the intervention set a good support level for the currency.  

""We expect gradual crown appreciation in the coming months due to the favourable macroeconomic trends, though investors' sentiment towards central European markets remained a risk factor,"" VUB said. -------------------MARKET SNAPSHOT AT 1500 GMT------------------ Crown/euro <EURSKK=> at 38.940/960 vs 38.860/960 on Wednesday Crown/dollar <SKK=> at 32.605/655 vs. 32.300/350 5-yr yield <SK5YT=RR> at 3.285/2.986 pct vs 3.212/2.912 pct 9-yr yield <SK9YT=RR> at 3.378/177 pct vs 3.214/3.085 pct ---------------------------------------------------------------  

MARKETS-SLOVAKIA-CROWN-CLOSE|LANGEN|Table|CZS|ABN|M|D|RBN|RNP|DNP|PTD|PMF"
UPDATE 2- Slovak  c.bank  intervenes  to support falling crown  ,2005-10-13,"(Writes through with analyst comments)  

BRATISLAVA, Oct 13 (Reuters) - The Slovak central bank intervened directly on the foreign exchange market on Thursday to support the ailing crown, with analysts saying the move was aimed at safeguarding inflation goals set for euro adoption.  

The Slovak crown has been under pressure in the past few weeks, hit by a domestic government crisis followed by economic and political turmoil in neighbouring central European states.  

The National Bank of Slovakia (NBS) stepped into the market on Thursday when its unit fell to 39.200 per euro, the weakest level since May. The intervention was the first central bank action designed to support the crown in more than five months.  

""The reason for the action was that the development of the exchange rate did not correspond with economic fundamentals,"" central bank spokesman Igor Barat said.  

""We have stated in the past that we will be ready to correct excessive movements which are not in line with developments of the economy, and this is still valid.""  

The central bank's action brought the crown through the psychological level of 39.000 per euro, and the unit traded at 38.910/930 to the single currency in afternoon activity.  

The NBS last intervened to support the crown at the end of April when capital flight from emerging markets pushed central European currencies sharply down.  

The central bank had repeatedly intervened in the opposite direction in the first three months of the year when it fought hard to slow down the crown's rapid appreciation.  

INFLATION IN MIND  

The central bank did not elaborate on the reasons for the intervention, but analysts said the monetary body wanted to prevent risks to its inflation goals that could arise if the currency was too weak for too long.  

""The exchange rate channel has the fastest impact on inflation,"" said Maria Feherova, senior analyst at Slovakia's largest bank, Slovenska Sporitelna.  

The NBS has a target to keep inflation under 2.5 percent at the end of next year, which would be slowing price growth from the annual 4.3 percent expected in December in 2005.  

The end-2007 inflation limit is 2.0 percent, which the central bank expects will be enough to meet the euro adoption condition.  

Analysts have long expected the Slovak crown to firm as the new European Union member has shown fast economic growth and rising inflows of foreign direct investment in the past few years.  

Slovakia has also become the frontrunner for euro adoption among the four largest new EU members from central Europe as its neighbours struggle with ballooning fiscal deficits.  

But the crown is frequently influenced by capital flows on bigger markets in the region and it often follows movements of the Polish zloty or Hungarian forint.  

""The crown weakening did not come because of a worsening of Slovakia's economic picture,"" Feherova said. ""The recent moves were caused solely by external factors.""  

MARKETS-SLOVAKIA-INTERVENTION (UPDATE 2)|LANGEN|CZS|ABN|M|D|BNX|DNP"
Slovakia - Factors To Watch on June 9  ,2005-06-09,"BRATISLAVA, June 9 (Reuters) - Here are news stories, press reports and events to watch which may affect Slovak financial markets on Thursday.  

STATS OFFICE TO RELEASE Q1 GDP DATA  

The Statistics Office will release the first quarter GDP data.  

STATS OFFICE TO RELEASE H1 GDP FORECAST  

The Statistics Office will release its GDP forecast for the first half of 2005.  

SLOVAK WAGE GROWTH RISKS EASE IN APRIL - CBANKER  

Slovak central bank vice-Governor Martin Barto said on Wednesday that risks for inflation associated with fast wage growth eased in April, but remain a concern over the longer-term.  

SLOVAK RETAIL SALES GROWTH SLOWS IN APRIL  

Slovak retail sales rose by a real 6.8 percent year-on-year in April, down from 8.1 percent annual growth in March, the Slovak Statistics Office said.  

SLOVAK APRIL INDUSTRIAL OUTPUT REBOUNDS  

Slovak industrial output rose real 5.1 percent year-on-year in April, after a revised 2.0 percent annual decline in the previous month, the Slovak Statistics Office said.  

SLOVAK APRIL CONSTRUCTION OUTPUT +17.9 PCT Y/Y  

Slovakia's construction output rose by 17.9 percent on the year in April, up from 8.1 percent growth registered in March, the Slovak Statistics Office said.  

SLOVAKIA PLANS TO SELL 66 PCT IN TWO MAJOR AIRPORTS  

The Slovak government plans to sell 66 percent in the country's two international airports by the end of this year, the transportation minister said.  

MAN AG CUTS LIST OF SITES FOR TRUCK PLANT - REPORT  

German industrial group MAN AG has narrowed the list of potential sites for its planned manufacturing plant to Krakow in Poland and Kosice in Slovakia, German business magazine Capital reported.  

EU INCREASES AUSTRIAN, SLOVAK WHEAT EXPORT TENDERS  

The European Union has increased the amount of the wheat available for export via tenders from Austrian and Slovak intervention stores, the Official Journal said in its latest edition.  

For an economic indicator diary for the euro zone, the United States and other Group of Seven countries, see <G7TODAY>. For a diary of forthcoming Slovak events, double click [SK/DIARY], and a calendar of east European economic indicators, see [CONV/DIARY].  

News editor of the day: Peter Laca on +421 2 5341 8402; fax: +421 2 5341 8403  

E-mail: bratislava.newsroom@reuters.com  

Reuters Messaging: peter.laca.reuters.com@reuters.net For real-time index quotes, double click in brackets: Warsaw WIG20 <.WIG20> Budapest BUX <.BUX> Prague PX50 <.PX50> Other related news:   


 Slovak equities      [SK-E]  E.Europe equities           [.CEE]
 Slovak money         [SK-M]  Czech debt                  [CZ-D]
 Slovak Indicators  [SK-ECI]  Emerging forex          [EMRG/FRX]
 Eastern European     [EEU]   All emerging markets        [EMRG]
 Hot stocks           [HOT]   Stock markets                [STX]
 Market debt news     [DBT]   Forex news                   [FRX]
 TOP NEWS -- Emerging markets                         [TOP/EMRG]
 TOP NEWS -- Convergence watch                        [TOP/EAST]
  

Slovakia - Factors To Watch on June 9|LANGEN|Table|CZS|ABN|M|D|E|RBN|REVU|RNP|DNP|PTD|PMF"
Slovakia - Factors To Watch on May 26  ,2005-05-26,"BRATISLAVA, May 26 (Reuters) - Here are news stories, press reports and events to watch which may affect Slovak financial markets on Thursday.  

FOREIGN MINISTRY NEWS CONFERENCE  

The foreign ministry will hold a news conference on a meeting of foreign ministers of the Central European Initiative scheduled for May 28-29.  

SLOVAK C.BANK REJECTS FEARS EURO WILL HURT GROWTH  

The Slovak central bank is convinced euro adoption will help accelerate economic growth, Governor Jan Sramko said on Wednesday, rejecting the cautious approach of some central bankers in the neighbouring Czech Republic.  

SLOVAKIA SAYS KIA EYEING BIGGER OUTPUT IN NEW PLANT  

South Korean car maker Kia Motors could raise the output target at its new Slovak plant to 300,000 units a year as it expects improved European market conditions, a Slovak ministry spokesman said.  

SLOVAK WHEAT INTERVENTION OFFERS RISE TO 239,000 T  

Slovakia's wheat intervention offers currently stand at 239,000 tonnes, up from 201,000 at the end of April, rising near the maximum expected amount for this year, said the state purchasing agency.  

For an economic indicator diary for the euro zone, the United States and other Group of Seven countries, see <G7TODAY>. For a diary of forthcoming Slovak events, double click [SK/DIARY], and a calendar of east European economic indicators, see [CONV/DIARY].  

News editor of the day: Peter Laca on +421 2 5341 8402; fax: +421 2 5341 8403  

E-mail: bratislava.newsroom@reuters.com  

Reuters Messaging: peter.laca.reuters.com@reuters.net For real-time index quotes, double click in brackets: Warsaw WIG20 <.WIG20> Budapest BUX <.BUX> Prague PX50 <.PX50> Other related news:   


 Slovak equities      [SK-E]  E.Europe equities           [.CEE]
 Slovak money         [SK-M]  Czech debt                  [CZ-D]
 Slovak Indicators  [SK-ECI]  Emerging forex          [EMRG/FRX]
 Eastern European     [EEU]   All emerging markets        [EMRG]
 Hot stocks           [HOT]   Stock markets                [STX]
 Market debt news     [DBT]   Forex news                   [FRX]
 TOP NEWS -- Emerging markets                         [TOP/EMRG]
 TOP NEWS -- Convergence watch                        [TOP/EAST]
  

Slovakia - Factors To Watch on May 26|LANGEN|Table|CZS|ABN|M|D|E|RBN|REVU|RNP|DNP|PTD|PMF"
Slovak  cbank  intervenes  on  FX  market to weaken SKK.   ,2004-07-13,"BRATISLAVA, July 13 (Reuters) - The Slovak central bank intervened on the foreign exchange market to weaken the crown on Tuesday, a central bank spokesman said.   

It is the second central bank intervention in as many days and the third direct action on the forex market in less than a week. Spokesman Igor Barat declined to give more details about the intervention.   

Traders said the central bank started to sell crowns on the market when the unit traded near 39.900 per euro."
"Slovak  crown flat, eyes cbank after  intervention .  ",2004-07-13,"
    BRATISLAVA, July 13 (Reuters) - The Slovak crown was flat
early on Tuesday in a nervous market as dealers waited to see
whether the central bank will continue to intervene to weaken
the currency.
 
    The central bank intervened on the forex market on Monday
for the second timEagainst firming pressure on the crown.
    Dealers noted Monday's intervention started at a weaker
level, at around 39.800 per euro.
    Maybe the next action starts when the crown moves under
39.900 if the central bank wants to step into the market
again... In that case, it would probably try and push the crown
  

over 40.000,"" said Tatra Banka trader Boris Somorovsky.  

Somorovsky said the key for the near term trend would be  

whether the central bank convinces foreign banks it will not let  

the crown firm and pushes them to retreat from their crown  

positions.   


 
    Traders said the crown could move in a wide range of
39.850-40.150 per euro on Tuesday.
    However, analysts said the central bank could halt crown
  

appreciation only temporarily because Slovakia's improving  

economic fundamentals will continue attracting capital from  

abroad in the long term.   


 
    The next possible factor for the market might come from the
release of May foreign trade data on Thursday.
    Slovakia's improving trade balance has been cited as one of
the main factors behind crown firming, and analysts forecast the
encouragi0r
  

Crown/euro unchanged at 39.900/940  

Crown/dollar at 32.309/350 from 32.145/195  

5-yr yield March 2008 at 4.253/054 pct vs 4.274/074  

10-yr yld July 2013 at 5.152/002 pct vs 4.989/883  

-."
Slovakia - Factors To Watch on July 13.  ,2004-07-13,"BRATISLAVA, July 13 (Reuters) - Here are news stories, press reports and events to watch which may affect Slovak financial markets on Tuesday:  

CENTRAL BANK HOLDS REPO TENDER  

The central bank will hold its regular two-week repo tender. The market waits to see whether the bank uses the tender to influence the crown's exchange rate.  

FINMIN HOLDS NEWS CONFERENCE  

Finance Minister Ivan Miklos will hold a news conference on the planned changes to the tax system.  

CENTRAL BANK INTERVENES TO WEAKEN CROWN AGAIN  

The Slovak central bank intervened in the foreign exchange market on Monday for the second time in less than a week, renewing its fight against the appreciating crown currency.  

On Thursday the bank had staged its first direct market intervention since May 2003. Last week's action pulled the unit down by 0.7 percent to the euro, but the currency resumed firming on Monday, sparking the second intervention round.  

KIA CONCERNED ABOUT SITE PREPARATION FOR SLOVAK PLANT  

South Korean car producer Kia Motors is seriously concerned about a possible delay in the preparation of the site for its planned one-billion-euro plant in Slovakia, Economy Minister Pavol Rusko said.  

The Slovak government has run into trouble purchasing land for the Kia plant, which will be the country's largest green-field foreign direct investment ever, as several landowners refused to accept the price offered by the state.  

RETAIL SALES ACCELERATE IN MAY  

Slovak retail sales rose by a real 7.8 percent year-on-year in May, accelerating from 7.4 percent growth in the previous month, the Statistics Office said.  

INDUSTRIAL WAGES DOWN YR/YR IN MAY  

Slovak real industrial wages fell 4.1 percent year-on-year in May, after a 1.5 percent decline in the previous month, the Statistics Office said on Monday.  

FINMIN SELLS SKK 840 MLN IN T-BILLS  

Slovakia sold 840 million crowns ($26 million) worth of 364-day treasury bills on Monday at a yield of 3.590 percent, the central bank said.  

For Slovak economic indicators  

For an economic indicator diary for the euro zone, the United States and other Group of Seven countries, see .  

For a diary of forthcoming Slovak events, double click  

, and a calendar of east European economic indicators, see.  

News editor of the day: Peter Laca on +421 2 5341 8402; fax: +421 2 5341 8403  

E-mail: bratislava.newsroom@reuters.com  

Reuters Messaging: peter.laca.reuters.com@reuters.net   


For real-time index quotes, double click in brackets: Warsaw WIG20
Budapest BUX        Prague PX50         Other related news:
 
  Slovak equities              E.Europe equities
  Slovak money                 Czech debt
  Slovak Indicators            Emerging forex
  Eastern European             All emerging markets
  Hot stocks                   Stock markets
  Market debt news             Forex news
  TOP NEWS -- Emerging markets
  TOP NEWS -- Convergence watch."
UPDATE 1- Slovak  cbank  intervenes  in  FX  to sell crowns again.    ,2004-07-12,"BRATISLAVA, July 12 (Reuters) - The Slovak central bank intervened in the foreign exchange market on Monday for the second time in less than a week, renewing its fight against the appreciating crown currency.    

On Thursday the bank had staged its first direct market intervention since May 2003. Last week's action pulled the unit down by 0.7 percent to the euro, but the currency resumed firming on Monday, sparking the second intervention round.    

Central bank spokesman Igor Barat confirmed the intervention but declined to comment on details.    

Traders estimated the central bank might have bought around 200 million euros on Monday, a similar amount to Thursday's intervention.    

""The central bank was on the market.... It is paying from around 39.800 up to 39.900 (per euro),"" one foreign bank dealer said.    

Monday's intervention round pushed the crown to 39.950 per euro, from slightly under 39.800 where the bank started to sell crowns on the market. The Slovak currency closed the session at 39.900-940 per euro, compared with 39.855/875 at the open.    

The Slovak central bank has been battling what it calls excessive firming of the crown for more than a year. It has repeatedly said the unit's advance was too quick and that it could hurt exporters in the new European Union member state.    

Despite its attempts, the crown has firmed by over three percent to the euro since the beginning of this year.    

The bank has repeatedly said the surge has been driven by inflows of speculative capital, but many analysts say foreign investors are attracted mainly by Slovakia's good economic fundamentals. Central bank officials have said there will be some room for crown firming in the long term, but they said the bank would continue using its monetary arsenal to prevent sharp market moves.    

Traders and analysts said the central bank might slow crown appreciation and keep the unit at weaker levels for some time, but they expected new firming pressure in the coming weeks on the back of more foreign capital inflow."
Slovak  c.bank says  intervenes  against SKK firming.    ,2004-07-12,"BRATISLAVA, July 12 (Reuters) - The Slovak central bank said it had intervened on the foreign exchange market on Monday to halt the firming of the crown.    

Central bank spokesman Igor Barat declined to comment on details of the intervention. The bank had intervened directly on the forex market on Thursday for the first time since May 2003."
"Slovak cbank sells crowns on  FX  market,dealers say.    ",2004-07-12,"BRATISLAVA, July 12 (Reuters) - The Slovak central bank intervened on the foreign exchange market on Monday to weaken the crown, dealers said.    

It is the second central bank intervention in less than a week as it continues to fight appreciation pressure on the crown. The bank conducted the first direct market intervenetion since last May on Thursday.    

Traders said they saw the central bank selling the crown on the market in a range of 39.800-39.900 per euro."
Slovakia - Factors To Watch on July 12.   ,2004-07-12," BRATISLAVA, July 12 (Reuters) - Here are news stories, press reports and events to watch which may affect Slovak financial markets on Monday:    

 STATS OFFICE TO RELEASE MAY RETAIL SALES DATA    

 The Statistics Office will release retail sales and industrial wages data for May.    

 ECON MINISTER TO HOLD NEWS CONFERENCE    

 Economy Minister Pavol Rusko will hold a news conference on incentives contracts with car producers PSA Peugeot Citroen and Kia Motors.    

 CBANK WANTS TO REGULATE CROWN FIRMING    

 The Slovak central bank said its direct market intervention on Thursday to halt crown firming fulfilled the desired goal, adding that it was ready to continue correcting excessive market movements.    

 Karol Mrva, the member of the central bank's policy-making board in charge of foreign exchange policy, told Reuters the bank intervened because the crown had firmed too quickly since the start of the year.    

 JUNE INFLATION SLOWS IN LINE WITH FORECASTS    

 Slovak inflation slowed in June due to the fading impact of EU entry and the lower cost of oil and analysts said the data confirmed the benign nature of price growth in the country.    

 Inflation was 0.2 percent month-on-month in June, putting the annual rate of price growth at 8.1 percent, the Slovak Statistics Office said.    

 Core prices, which exclude the impact of administrative measures, such as increases in regulated prices and excise taxes, rose 0.3 percent on the month and 2.3 percent on the year. June inflation was in line with market expectations.    

 STATS OFFICE PUTS BACK MAY TRADE DATA RELEASE    

 The Slovak Statistics Office said it would release foreign trade data for May on July 15, instead of the originally scheduled date of July 12.    

 The office said it had pushed back the release of trade statistics because it needed more time than expected to process the data according to European Union's harmonised trade monitoring mechanism.    

 For Slovak economic indicators    

 For an economic indicator diary for the euro zone, the United States and other Group of Seven countries, see .    

 For a diary of forthcoming Slovak events, double click    

 , and a calendar of east European economic indicators, see.    

 News editor of the day: Peter Laca on +421 2 5341 8402; fax: +421 2 5341 8403    

 E-mail: bratislava.newsroom@reuters.com    

 Reuters Messaging: peter.laca.reuters.com@reuters.net    


For real-time index quotes, double click in brackets: Warsaw WIG20
Budapest BUX        Prague PX50         Other related news:
 
  Slovak equities              E.Europe equities
  Slovak money                 Czech debt
  Slovak Indicators            Emerging forex
  Eastern European             All emerging markets
  Hot stocks                   Stock markets
  Market debt news             Forex news
  TOP NEWS -- Emerging markets
  TOP NEWS -- Convergence watch."
UPDATE 1-Slovak cbank says to keep fighting quick SKK gains.   ,2004-07-09,"BRATISLAVA, July 9 (Reuters) - The Slovak central bank said on Friday its direct market intervention on Thursday to halt crown firming fulfilled the desired goal, adding that it was ready to continue correcting excessive market movements.   

The central bank intervened directly in several waves on the foreign exchange market in the first such action since May last year, and dealers estimated it might have bought around 150-200 million euros.   

Karol Mrva, the member of the central bank's policy-making board in charge of foreign exchange policy, told Reuters the bank intervened because the crown had firmed too quickly since the start of the year.   

""It is premature to asses the result... In any case, we think that it fulfilled the purpose why we carried it out. And, of course, we stay prepared to continue,"" Mrva said.   

The monetary body has been fighting against crown appreciation for over a year, saying the currency's advance was not justified by fundamentals and that excessive gains could be dangerous for the small open economy that joined the EU in May.   

The central bank has said the rally is fuelled by hot-money inflows, but analysts said the main reason behind the rise were Slovakia's solid economic fundamentals, which would drive the unit to stronger levels again over the longer term.   

Mrva said there was ""some room"" for crown appreciation in the longer term, but he added the bank wanted to regulate the pace of the currency's movement.   

""In medium-term horizon, we see that the crown has tendency to strengthen... this is an attempt to regulate the pace,"" he said.   

""There will be some room for firming of the crown, but the pace since the beginning of the year was too quick. If it had continued for the rest of the year, it would have significantly exceed that room.""   

Mrva did not comment how quickly was the central bank willing to let the crown appreciate.   

The crown has held between 39.900-40.000 per euro, its main reference currency, since the interventions, well off its record highs of 39.675 that it hit before the central bank bank stepped into the market on Thursday."
Slovak cbank says to keep fighting quick SKK gains.   ,2004-07-09,"BRATISLAVA, July 9 (Reuters) - The Slovak central bank said on Friday its direct market intervention on Thursday to halt crown firming fulfilled the desired goal, adding that it was ready to continue correcting excessive market movements.   

Karol Mrva, member of the central bank's policy-making board in charge with foreign exchange policy, told Reuters the bank intervened because it considered firming of the crown too quick since the beginning of the year.   

Mrva said there was ""some room"" for crown appreciation in the longer term, but he added the bank wanted to regulate the pace of the currency's movement."
"Emerging  FX -Slovak crown steadies, rand off highs.  ",2004-07-09,"LONDON, July 9 (Reuters) - The Slovak crown steadied on Friday though the market was wary after Thursday's intervention from the central bank to weaken it, the South African rand shied away from multi-year highs hit earlier this week.  

The Slovak central bank intervened directly on the foreign exchange market on Thursday after the crown touched new record highs around 39.70 per euro , but the euro's recovery was capped at 40.  

Market sources said the intervention had been large by Slovak central bank standards, estimated to have been around 200 million euros.  

""(Thursday's) intervention was certainly aggressive, though I wouldn't rule out further action today given that the crown only weakened by 0.6 percent from its intra-day highs,"" said Caio Natividade, emerging markets strategist at Deutsche Bank.  

Another analyst said the central bank might be willing to buy up to 500 million euros to try and get the euro/crown rate back above 40 and create more of a two-way market.  

By 0905 GMT, the crown traded down 0.13 percent at 39.95 to the euro .  

The crown has been driven up over the past 12 months by strong foreign investment inflows helped by perceptions that the country is progressing faster down the path of economic reform than its peers in central Europe.  

The central bank has been trying to slow the pace of crown appreciation to maintain the country's competitiveness for over a year through a combination of interest rate cuts and market interventions.  

Slovak June consumer price inflation data on Friday had minimal market impact. The core rate was broadly in line with market forecasts rising 0.3 percent on the month for an annual rate of 2.3 percent.  

RAND RALLY PAUSES  

The South African nudged down from near five-year peaks hit on Thursday after the market failed to break under the six-per-dollar level.  

""There's a good amount of corporate interest to buy dollars around six and it's also significant that euro/dollar has come off its highs,"" said one UK bank dealer.  

The rand tends to track movements in the euro, the currency of its main trading partner, though it has also found strength from soaring gold prices this week. South Africa is the world's largest bullion producer.  

""People have done well profit-wise out of the rand this week and are taking the opportunity to lock in those gains.""  

However, the dealer added that pullbacks were likely to be limited to the 6.15/20 level before the market makes another assault on the six level.  

The rand was down around 0.5 percent at 6.08 per dollar .  

The Russian rouble edged down, but the pace of its fall slowed after Thursday's sharp losses saw it hit six-month lows versus the dollar.  

Downward pressure has come on the back of growing concerns over the health of the banking sector. Earlier this week Guta bank, one of the country's largest by assets, had to stop paying out to depositors after running out of cash.  

It is now in talks for a takeover by the state-owned Venshtorgbank.  

Russia's biggest private bank, Alfa-bank, said on Thursday it was introducing a 10 percent commission for depositors who withdraw cash early.  

Local dealers said the rouble was finding support from a $200 million offer at 29.16 per dollar, suspected to be from the central bank, helping to contain the market in the face of strong dollar demand from households.  

The central bank has $88.3 billion in its reserves from which it can draw to support the rouble.  

Rouble for settlement in the next trading session traded at 29.1165 per dollar ."
Slovakia - Factors To Watch on July 9.  ,2004-07-09,"BRATISLAVA, July 9 (Reuters) - Here are news stories, press reports and events to watch which may affect Slovak financial markets on Friday:  

STATISTICS OFFICE TO RELEASE JUNE CPI  

The Statistics Office will release consumer price inflation data for June. The market expects headline monthly inflation of 0.2 percent, for an annual price of growth of 8.1 percent. Core prices are expected to have grown by 0.2 percent on the month and 2.3 percent year-on-year.  

C.BANK DIRECTLY INTERVENES TO STOP CROWN FIRMING  

The Slovak central bank stepped up its fight against the firming of the crown on Thursday with several waves of direct intervention on the foreign exchange market, dealers said.  

The monetary body has been fighting against crown appreciation for over a year, saying the currency's advance was too quick and that excessive gains could be dangerous for the small open economy that entered the European Union in May.  

INDUSTRIAL OUTPUT ACCELERATES IN MAY  

Slovakia's industrial output accelerated faster than expected in May as machinery production and other sectors offset a slowdown in key car manufacturing.  

May industrial output rose a real 8.0 percent year-on-year, up from 5.0 percent annual growth in April, the Slovak Statistics Office said. In May 2003, industrial output was up a real 3.2 percent on the year.  

CONSTRUCTION OUTPUT SLOWS IN MAY  

Slovak construction output rose by a real 0.1 percent year-on-year in May, compared with an annual increase of 2.0 percent in April, the Slovak Statistics Office said. Construction output was up 0.3 percent in May 2003.  

For Slovak economic indicators  

For an economic indicator diary for the euro zone, the United States and other Group of Seven countries, see .  

For a diary of forthcoming Slovak events, double click  

, and a calendar of east European economic indicators, see.  

News editor of the day: Peter Laca on +421 2 5341 8402; fax: +421 2 5341 8403  

E-mail: bratislava.newsroom@reuters.com  

Reuters Messaging: peter.laca.reuters.com@reuters.net   


For real-time index quotes, double click in brackets: Warsaw WIG20
Budapest BUX        Prague PX50         Other related news:
 
  Slovak equities              E.Europe equities
  Slovak money                 Czech debt
  Slovak Indicators            Emerging forex
  Eastern European             All emerging markets
  Hot stocks                   Stock markets
  Market debt news             Forex news
  TOP NEWS -- Emerging markets
  TOP NEWS -- Convergence watch."
Slovak  crown weakens after c.bank  FX intervention .  ,2004-07-08,"
    BRATISLAVA, July 8 (Reuters) - The Slovak crown weakened by
0.7 percent on Thursday after the central bank repeatedly
intervened directly on the market to stop the unit's rise,
dealers said.
    The crown firmed through a psychological level of 39.700 per
euro at around midday on buying by a foreign bank, hitting an
all-time high of 39.675.
 
    The jump pushed the central bank to buy euros on the market
in its first direct forex intervention since May last year.
    The bank carried out several waves of interventions, with
dealers saying they saw it selling crowns in a range of
39.700-39.950 per euro.
    ""They are still in the market, they are trying to drive the
  

crown over 40.000. It is not working so far, but it does not  

seem that they are going to stop now,"" one foreign bank trader  

said.  

Dealers said the central bank action would keep the market  

more cautious in the coming days and they expected the crown to  

hover at around 39.900-40.000 per euro in the near future amid  

fears of new interventions.  

However, analysts viewed the current weakening as providing  

a good entry level for long-term players who expect more crown  

gains due to Slovakia's strong economic growth, government  

reforms and expectations of foreign direct investments.  

""Our long-term recommendation to buy SKK is still valid...  

In case of a second intervention wave, we recommend to further  

increase open positions,"" Komercni Banka said in a market note.  

- MARKET SNAPSHOT AT 1430 GMT-  

Crown/euro at 39.920/950 from 39.700/730 on Wednesday  

Crown/dollar at 32.210/251 from 32.150/190  

5-yr yield March 2008 at 4.266/068 pct vs 4.243/095  

10-yr yld July 2013 at 5.100/5.000 pct vs 4.996/890  

-."
UPDATE 2- Slovak  c.bank  intervenes  to weaken crown.   ,2004-07-08,"BRATISLAVA, July 8 (Reuters) - The Slovak central bank stepped up its fight against the firming of the crown on Thursday with several waves of direct intervention on the foreign exchange market, dealers said.   

The monetary body has been fighting against crown appreciation for over a year, saying the currency's advance was too quick and that excessive gains could be dangerous for the small open economy that entered the European Union in May.   

The central bank has said the rally is fuelled by hot-money inflows, but analysts said the main reason behind the rise were Slovakia's solid economic fundamentals, which would drive the unit to stronger levels again over the longer term.   

""The central bank was in the market, it was buying (euros) in waves... I would say they were buying in a range and that the top of the action was at around 39.900,"" one dealer at a foreign bank unit in Bratislava said.   

The crown firmed through a psychological level of 39.700 per euro at around midday on buying by a foreign bank.   

Some traders said they saw the crown's all-time high at 39.666 per euro, but one foreign bank said that rate was an off-market price and the real record high where deals were made was 39.675.   

Traders estimated the bank might have bought 150-200 million euros in its interventions.Central bank officials were not immediately available for comment.   

Thursday's intervention, the first direct action on the market since May last year, came after a series of verbal warnings that the bank would use all its tools to prevent unjustified crown jumps.   

The bank has cut rates by 150 basis points in three moves this year to make the crown less attractive for carry players taking advantage of higher interest rates compared with other markets. The two key week-repo rate is now 4.50 percent.   

CROWN DOWN, SEEN RISING AGAIN   

The direct market action weakened the crown to around 39.950 per euro in afternoon trading, and analysts expected investors to become more cautious in the next few days.   

""The intervention is typically designed to slow the pace of crown appreciation rather than reverse the trend. They may try and drive (euro/crown) up to 40.10, but after that they'll probably step back,"" said Koon Chow, emerging markets strategist at CSFB.   

""Equally the market may wait a bit before creeping back into long positions.""   

However, dealers said the central bank might only slow the crown firming because it was based on Slovakia's strong economic growth - at 5.5 percent in the first quarter - improving trade balance and expectations of foreign direct investment projects.   

""This halts the firming for some time. It will not change the trend, and we might see new highs again, but it will not be as quick as recently,"" said ING Bank trader Jan Rafaj. (Additional reporting by James Thornhill in London)."
Slovak  c.bank  intervenes  to weaken crown - dealers.   ,2004-07-08,"BRATISLAVA, July 8 (Reuters) - The Slovak central bank intervened on the foreign exchange market to weaken the crown currency which surged to a new all-time high on Thursday, dealers said.   

Traders said they saw the central bank selling crowns at around 39.730 per euro. The crown had firmed through a psychological level of 39.700 at around midday, hitting a record high of 39.666 per euro."
"Slovak  crown ticks up, eyes c.bank  intervention .  ",2004-06-15,"
    BRATISLAVA, June 15 (Reuters) - The Slovak crown opened
slightly stronger in a nervous market on Tuesday with dealers
waiting to see whether the central bank would act against the
currency's rise.
    The crown hit an all-time high of 39.780 per euro on Monday
on the strength of the economy's performance and a government
victory in European Parliament election.
 
    But the central bank talked it lower again, suggesting it
could cut interest rates to  discourage inflows of hot money.
    ""The market will test the central bank's patience with the
gradual shifting of the crown to stronger levels...  (But) we
continue to see risk of real intervention,"" Komercni Banka said
in a report.
    Komercni Banka said it did not expect the central bank to
step into the market as long as the crown traded at levels
weaker than 39.800 per euro.
    The main market-moving factor on Tuesday will be the central
bank's two-week repo tender.
    The central bank had used the repo auction, its main
  

monetary policy tool, in the past to discourage speculative  

capital inflows by leaving the money market in a liquidity  

surplus and effectively pushing the interbank rates down.  

- MARKET SNAPSHOT AT 0745 GMT -  

Crown/euro at 39.790/800 vs 39.830/860 on Monday  

Crown/dollar at 32.956/33.006 vs 32.984/33.026  

5-yr yield at 4.55/35 pct vs 4.54/34 pct  

10-yr yield at 5.15/4.95 pct vs 5.17/02  

-."
"Slovak  crown flat, seen testing  intervention  levels.  ",2003-11-20,"
    BRATISLAVA, Nov 20 (Reuters) - The Slovak crown
  opened flat on Thursday, but dealers said the market
might test the new, lower levels at which they now think the
central bank might intervene to support the crown.
 
    The crown was at 40.980/41.010 at 0840 GMT versus the euro
compared to 40.990/41.000 at Wdnesday's close.
    The crown retreated from five-and-a-half month highs on
Wednesday as investors took profits and local companies shopped
for cheaper foreign currencies.
    Some traders said a near-term direction of the unit remains
  

unclear as sound economic fundamentals and market's belief that  

the central bank softened its resistance against crown firming  

were largely offset by political uncertainty.  

""The power is balanced on both sides... but interest in the  

crown still persists so we could test 40.900 (per euro) level,""  

said HVB Bank dealer Michal Baranek.  

He said the crown could break through the 40.900 mark before  

the 2004 state budget draft enters the key parliamentary reading  

later this month as some investors might be keen to test the  

central bank's sensitivity to crown appreciation.  

The central bank heavily intervened in May to knock the unit  

off its record highs of 40.800 per euro, arguing that excessive  

firming hurt exporters. The bank also cut 25 basis points from  

its interest rates in September to warn speculators.  

But some dealers said the budget debate would prevent sharp  

crown firming in the near future as the budget vote is seen as  

the key test of unity of fragile ruling coalition. The vote on  

the budget draft is expected in the first half of next month.  

- MARKET SNAPSHOT AT 0745 GMT-  

Crown/euro at 40.975/41.000 vs 40.990/41.000 on Wednesday  

Crown/dollar at 34.361/412 vs 34.370/400  

5-yr yield at 5.318/183 pct vs 5.156/023 pct  

10-yr yield at 5.400/330 pct vs 5.330/260 pct  

- ((Reporting by Martin Dokoupil; editing by xxx; Reuters  

Messaging: martin.dokoupil.reuters.com@reuters.net;  

martin.dokoupil@reuters.com, +421-2-5341-8402))  

For related prices and rates, Reuters clients can double  

click on:   


Crown spot against euro  Against dollar
Interest rate swap rates  Deposits and forwards
 
Contributed cross rates            Benchmark bonds
Slovak central bankCentral bank fixings
Govt t-bill auctions               Govt bond auctions
------------------RELATED NEWS AND REGIONAL ITEMS---------------
Slovak news      Slovak diary           Slovak Money news
Slovak Market Debt                 Slovak forex
Emerging Market Debt               Emerging forex
All Emerging Markets news          CEE indicators
All Eastern Europe News
TOP NEWS -- Emerging markets
TOP NEWS -- Convergence watch
Slovak macroeconomic indicators
Czech macroeconomic indicators
Polish macroeconomic indicators
Hungarian macroeconomic indicators
------------------REUTERS SPEEDGUIDES---------------------------
 Main            Slovakia            Eastern Europe
 Crown           Money          Debt           Equities         ."
"Slovak crown jumps to 5-1/2 mo highs, eyes cbank.  ",2003-11-13,"
    BRATISLAVA, Nov 13 (Reuters) - The Slovak crown
  jumped to five-and-half month highs against the euro on
Thursday after central bank comments eased market worries about
a near-term intervention to weaken the local unit, dealers said.
    The crown ended at 41.020/080 to the euro, its main
reference unit, after 41.100/160 late on Wednesday. It firmed to
a three-week high of 35.051/111 to the dollar, from 35.336/379.
    Central bank governor Marian Jusko reiterated on Thursday
the bank's position that the crown should firm only in the long
term and the move had to be justified by sound economic
fundamentals.
 Although it was not viewed as a policy shift, dealers said
the comments appeared to have partially lifted players' fears
the bank would take aggressive measures to prevent gradual crown
strengthening beyond 41.000 to the euro.
    ""It does not look from the comments that the central bank
would like to intervene dramatically at the moment...
  


 it looks
we can get under 41.000 per euro level in the near future,"" CSOB
dealer Robert Hakszer said.
    The crown touched the 41.030 per euro level during the
session, nearing sensitive levels last seen in May when the
central bank knocked the unit off its all-time highs of 40.800
per euro.
    ""The central bank's long-term expectations were reflected in
an immediate change of the exchange rate. It was an impulse
mainly for foreign players to buy Slovak crowns,"" Hakszer said.
    The bank intervened repeatedly in 2003 to prevent excessive
firming of the crown due worries that a strong currency could
hurt exporters. It also cut interest rates by 25 basis point in
September to show it might use this tool to fend off
speculators.
    But traders said the crown would probably not stay under
41.000 per euro for long as uncertainty in the market might
increase when parliament opens debate on the 2004 budget draft.
    On the secondary bond market, the yield on the benchmark
five-year bonds  shrank to 5.329/195 percent from
5.400/200, and the 10-year paper moved to 5.413/343 percent from
5.500/300 percent."
CORRECTED - Slovak cbank sold crowns in June to halt firming. ,2003-07-30,"
In July 29 BRATISLAVA story headlined ""Slovak cbank sold
crowns in June to halt firming"" please read in first paragraph
""...bought 20 million euros in a direct deal..."" instead of
""...bought 20 million crowns in a direct deal..."" (changes


currency unit).


 A corrected version of the story follows. 

 BRATISLAVA, July 29 (Reuters) - The Slovak central bank said on Tuesday it bought 20 million euros in a direct deal with an unspecified commercial bank in June to curb the crown's strength. 

 The central bank intervened by buying over 400 million euros in May, both on the open foreign exchange market and in direct deals with banks, to knock down the crown which hit an all-time high of 40.770 per euro that month. 

 The bank said it did one deal and bought euros after being contacted by a commercial bank early in June ""in order to stop strengthening of the crown exchange rate"". 

 Apart from open market interventions, the Slovak central bank has invited commercial banks to approach it when they are about to sell or buy a larger amount of crowns to avoid volatility on the small Slovak foreign exchange market. 

 The central bank had repeatedly fought against crown firming fuelled by speculative capital inflow earlier this year, saying that too strong a currency would hurt Slovakia's export competitiveness and cause widening of the foreign trade deficit. 

 However, the crown has weakened over the past month, mainly because of turmoil on bigger central European markets and due to local political tensions. It closed 41.910/960 to the euro, its main reference currency, on Tuesday."
Slovak cbank sold crowns in June to halt firming. ,2003-07-29," BRATISLAVA, July 29 (Reuters) - The Slovak central bank said on Tuesday it bought 20 million crowns in a direct deal with an unspecified commercial bank in June to curb the crown's strength. 

 The central bank intervened by buying over 400 million euros in May, both on the open foreign exchange market and in direct deals with banks, to knock down the crown which hit an all-time high of 40.770 per euro that month. 

 The bank said it did one deal and bought euros after being contacted by a commercial bank early in June ""in order to stop strengthening of the crown exchange rate"". 

 Apart from open market interventions, the Slovak central bank has invited commercial banks to approach it when they are about to sell or buy a larger amount of crowns to avoid volatility on the small Slovak foreign exchange market. 

 The central bank had repeatedly fought against crown firming fuelled by speculative capital inflow earlier this year, saying that too strong a currency would hurt Slovakia's export competitiveness and cause widening of the foreign trade deficit. 

 However, the crown has weakened over the past month, mainly because of turmoil on bigger central European markets and due to local political tensions. It closed 41.910/960 to the euro, its main reference currency, on Tuesday."
UPDATE 2-Slovak April trade gap worse than market forecasts. ,2003-05-29," BRATISLAVA, May 29 (Reuters) - Slovakia's foreign trade deficit broke a six-month narrowing trend in April and widened on the year as imports outpaced slowing exports for the first time since October, data showed on Thursday. 

 The trade deficit of the future EU member's small, open economy grew to 6.985 billion crowns ($200.5 million) in April, its widest level this year, from a gap of 5.495 billion in the same month of 2002, the statistics office said. 

 The gap was bigger than market expectations for a 2.9 billion-crown shortfall. 

 ""It was a surprise to us. We expected a much better number, and much more benign import figures due to (a fall in) the price of oil,"" said ING Bank chief economist Jan Toth. 

 The trade figures pushed the crown weaker, and analysts said the data, coupled with an absence of firming pressure on the currency, had relieved pressure on the central bank to cut interest rates at a policy meet on Friday. 

 A key reason behind the wider deficit was a deceleration in export growth, which slowed to 11.4 percent year-on-year in April from 24.4 percent in March. 

 Economists said the smaller export rise was mainly due to a high comparative base from last year, and that none of Slovakia's major export categories had underperformed in April. 

 Commerzbank analyst Radomir Jac said the base effect would play a significant role in the trade balance for most of the second half of 2003, but that soft domestic demand should still help narrow the full-year shortfall. 

 Imports were above analysts' expectations, as the predicted impact of low crude prices following the war in Iraq and the weak dollar had not shown up in Slovakia's April oil bill. 

 Imports grew 12.9 percent on the year, from 14.8 percent in the previous month, and the cumulative four-month trade gap totalled 13.546 billion crowns, down from 24.884 billion in the same period of 2002. 

 CROWN DOWN, RATES SEEN FLAT 

 The market had expected the data to provide room for a new inflow of foreign capital after a month of stagnation following a central bankintervention that knocked the Slovak currency off record highs in early May. 

 The crown, which has become an investor favourite among central European EU candidates due to its booming economy and high interest rates, weakened to 41.120/135 to the euro after the trade data, from 41.000/089 at the open. 

 Tatra Bank analysts Robert Prega said the wider trade deficit would probably reinforce the central bank's stance of fighting against crown firming. The bank is worried that too strong a crown will hit exporters and further deepen the external imbalance. 

 The central bank has repeatedly warned it could cut interest rates - the main two-week repo rate is now at 6.5 percent - to prevent hot money inflows, but analysts now see no imminent policy easing as the bank does not need to respond to speculative firming pressure. 

 ""The likelihood of an interest rate cut is very low at tomorrow's central bank meeting, and I think there will be a correction of expectations on the money market as well,"" said CSOB Bank analyst Marek Gabris."
"Emerging  FX -Slovak crown steadies after cb acts, lira dips. ",2003-05-06," LONDON, May 6 (Reuters) - The Slovak crown steadied on Tuesday after central bank intervention saw it retreat from record highs against the euro on Monday while the Turkish lira eased ahead of new foreign currency auctions from the central bank. 

 Monday's intervention triggered a sharp reversal in the Slovak crown down to one-month lows against the euro, with the central bank saying its gains were not justified by economic fundamentals. 

Central bank governor Marian Jusko also said the bank was considering tougher measures to prevent the currency rising on speculative inflows. However, analysts remain sceptical the bank will succeed in reversing the crown's uptrend. ""Jusko said he was looking to do more to weaken the currency, but the whole market is bullish so it's pretty much useless,"" said Juliette Declercq, emerging markets currency analyst at JPMorgan. 

 Local dealers said they expected overseas players to take any pullback as fresh opportunity to buy, though Declercq added a note of caution ahead of Slovakia's upcoming EU referendum. 

 ""I still wouldn't recommend building up short euro/crown positions ahead of the EU referendum on May 16/17, but if that goes through the bank will have to buy a lot of euros and have a lot of rate cuts to control the crown,"" she added. 

 The Slovak's are widely expected to vote in favour of joining the EU in 2004, but the worry is that the turnout will be below the 50 percent required to make the result valid. 

 Declercq likened the Slovaks' dilemma with that experienced in the neighbouring Czech Republic two years ago. 

 ""In that case, the Czech's only managed to reverse the trend when interest rates came down to euro zone levels."" 

 Foreign investment inflows have been pouring into Slovakia this year as the country plays catch up with its neighbours on the path to economic convergence with the EU. 

 By 0930 GMT, the crown traded a shade down on the session at 41.16 per euro . 

 Elsewhere in the region, Hungarian central bank governor Zsigmond Jarai said on Tuesday that overshoots in the budget deficit could lead to euro zone entry being delayed until 2009/2010, from the current plan to join in 2007/2008. 

 LIRA DIPS 

 The lira's recent rally stuttered on Tuesday with the market running out of steam at five-month high levels against the dollar set on Monday. 

 The lira pullback coincided with the central bank resuming daily auctions to buy $20 million of foreign exchange to boost its reserves, though local dealers played down the material impact of the auctions on the market. 

 Analysts said the risk premium that hit the lira leading up to and during the war in neighbouring Iraq had now been almost fully unwound, making further gains harder to come by. 

 ""Turkey is still a high inflation country and nominal gains are going to cause trouble...We've seen a rebound but ultimately the nominal level of the lira has to weaken again to keep competitiveness,"" said Adam Slater, emerging markets analyst at Credit Agricole Indosuez. 

 Turkish April consumer price data out on Saturday was better than expected, though the annual rate remains at 29.5 percent. 

 Slater added that in the near-term the high level of Turkish interest rates was likely to support the lira. 

 The lira traded at 1,536,500 on the interbank market  after ending Monday's session at 1,527,000."
Slovak cbank chief sees tough measures against SKK. ,2003-05-05," BRATISLAVA, May 5 (Reuters) - The Slovak central bank (NBS) is considering taking tougher measures than direct market interventions to halt the firming of the Slovak crown currency, NBS Governor Marian Jusko said on Monday. Jusko told reporters NBS sold billions of crowns on the market on Monday to knock the crown from an all-time high of 40.770 to the euro . 

 He added that the crown firming was not justified by economic fundamentals, mainly by the wide current account deficit. 

 He declined to specify what measures the bank may take. Analysts have said the NBS would have to cut interest rates to fend off speculative capital inflows."
Slovak  crown ends down after cbank  interventions . ,2003-05-05,"
    BRATISLAVA, May 5 (Reuters) - The Slovak crown
  clawed back slightly after the central bank knocked it
one percent lower off all-time highs on Monday, and dealers said
the currency looked ready for more volatility this week.
    The crown closed at 41.150/200 to the euro, its key
reference currency, compared with 40.810/835 at Friday's close.
It was at 36.520/570 to the dollar, from 36.300/350.
    During a London bank holiday that sidelined most foreign
investors, the central bank began intervening when the crown hit
40.770 to the euro in early trading, and the bank continued
selling crowns in a wide range until 41.230, dealers said.
    The central bank board member in charge of exchange policy,
Karol Mrva, said the bank did not consider the crown's strength
was justified by economic fundamentals and that the room for
further crown gains had been ""almost exhausted"".



 ((please click
on             for full intervention story))
    He also said the central bank would intervene again in case
of more speculative firming pressure, and repeated warnings that
the bank would use all tools available to keep hot money away.
    However, dealers said London banks would probably resume
buying the crown when they return from Monday's holiday, and
push it to stronger levels. That would spark further action by
the central bank, which may include interest rate cuts later in
the week.
    ""There will be more pressure... We will see more
interventions, and the central bank will eventually have to cut
rates,"" said Slovenska Sporitelna dealer Vladimir Gajdos.
    The finance ministry also failed to place all 5.0 billion
crowns worth of one-year, zero-coupon bonds it had earmarked in
an auction earlier in the day. Instead, it sold 4.0 billion
crowns worth of the paper at an average yield of 5.4453 percent.
    Yields on benchmark bonds fell. The five-year government
benchmark  slipped to 4.695/555 percent, from
4.889/607 percent late on Friday. The 10-year benchmark yield
  eased to 4.826/761 percent, from 4.891/826."
Slovak cbank says almost no room for crown firming. ,2003-05-05," BRATISLAVA, May 5 (Reuters) - The Slovak central bank confirmed it had intervened on the forex market by selling crowns on Monday as it considered recent crown firming as unjustified by economic fundamentals. 

 Karol Mrva, the member of the central bank board in charge of foreign exchange policy, told Reuters the bank started to sell crowns when the unit firmed to around 40.770 per euro. 

 But Mrva said the bank was not protecting any specific crown level, adding it would act again in case of further crown jumps. 

 Mrva also said that the bank was satisfied with the immediate impact of interventions, and added that room for further nominal appreciation of the currency was now ""almost exhausted."""
Slovak  cbank  intervenes  to weaken crown-dealers. ,2003-05-05," BRATISLAVA, May 5 (Reuters) - The Slovak central bank intervened on the foreign exchange market on Monday to push the crown currency weaker, dealers said. 

 Traders said they saw the central bank selling crowns on the market at around 40.800 crowns per euro. 

 ""The market was at around 40.770 (crowns per euro) when they started intervening at around 40.800,"" said a dealer at a Bratislava-based bank. 

 The crown immediately weakened to 41.200 crowns per euro, or around one percent, following the central bank's move. The central bank was not immediately available for comment."
Slovak  crown seen testing cbank  intervention  nerve. ,2003-04-17,"
    BRATISLAVA, April 17 (Reuters) - The Slovak crown
  opened little changed on Thursday morning, but dealers
said they expected the currency to soon test stronger levels
that could spark the central bank to intervene on the market.
On Wednesday, the central bank knocked the crown off
all-time highs against the euro of around 40.820 bid against the
euro with comments to Reuters that it did not see a reason for
the unit's recent steep rise.
 
    It said it was ready to sell crowns directly in the market
if sharp jumps continued.
    Trading was quiet on Thursday and many players have taken


 the day off due to Easter holidays on Friday, dealers said, but 

 they added that there were still a lot of offers to buy crowns 

 at around 41.000 per euro, and that strengthening was expected. 

 ""There will be pressure for the crown to strengthen. I think 

 we could go (stronger)... I don't know whether it will be today, 

 because a lot of people are off, but in the near future, we 

 could go (stronger),"" said Tatra Banka dealer Bibiana Valachova. 

 Valachova said she thought investors' high interest in the 

 crown could very likely push the central bank to intervene

 against the crown in the coming sessions. 

 Analysts have also said the unit's strength could spark a 

 cut to key interest rates at the central bank's monthly monetary 

 policy meeting next week. 

 ""Comments that the NBS has recently made indicate that the 

central bank does not want to see the EUR/SKK below 41.0. If the 

 SKK firms below 40.9 versus the EUR we expect the NBS to 

intervene in the market,"" said Commerzbank in a report. 

 ""Furthermore, speculative pressure on SKK firming may result 

 in an interest rate cut... as early as its April 25 meeting by 

 50 basis points."" The bank's key two-week repo rate currently 

 stands at 6.50 percent. 

 Most traders and analysts are bullish on the crown currency

 over the medium to long term, saying incoming direct investment 

 and strong economic fundamentals, including heady economic 

 growth and a spike in exports, are giving it room to firm. 


 
    The market will be closed on Friday, April 18 and Monday,
April 21 in observance of Easter.
-------------- MARKET SNAPSHOT AT 0650 GMT ---------------------



Crown/euro  at 40.960/000 versus 40.970/020 on Wednesday



Crown/dollar  at 37.450/500 vs 38.202 bid



5-yr yield  at 4.824/684 pct, vs 4.888/608 pct on Wed



10-yr yield  unchanged at 4.925/859



-."
UPDATE 1-Slovak cbank bought 200 mln euro from banks in Jan. ,2003-03-03," BRATISLAVA, March 3 (Reuters) - The Slovak central bank continued to intervene indirectly by buying euros from commercial banks in January to fight off speculative demand for the crown currency, it said on Monday. 

 ""The central bank continued to use offers from commercial banks when it bought foreign currencies worth 200 million euros through individual deals in January,"" the bank said in its monthly monetary report. 

 The Slovak central bank was forced to buy hundreds of millions of euros in the last months of 2002 to fend off speculative capital inflows that had been boosting the crown to all-time highs of 41.100 against the euro. 

 The bank's current bias is to resist a firmer crown, fearing it could hurt exports. Besides intervening, it also slashed 175 basis points off its key interest rates last year to make the crown less attractive for speculators and prevent the unit form gaining unjustifiably. 

 After the crown initially retreated at the end of last year, an improving foreign trade balance in 2002 and a decision by French car maker PSA Peugeot Citroen (PEUP.PA) to build a 700-million-euro plant in Slovakia lent it a new firming impulse in early 2003, boosting it to 41.200 per euro in mid-January. 

 The central bank intervenes to influence the crown either openly on the foreign exchange market or by secret individual deals with commercial banks. 

 The banks may approach the central bank when they have a large order, and it then decides whether to make the conversion off the market to prevent the deal from affecting the crown. 

 The crown lost ground in February due to the massive retreat of foreign speculators from central European following heavy losses on the Hungarian market after they unsuccessfully tried to push the forint  out of its fluctuation band. 

 The unit has been trading between 41.750-42.000 per euro, its key reference unit, in the past few days, but traders see it firming in the longer term due to expected foreign investment inflows and because of an anticipated convergence with the EU. 

 Some analysts said data showing a sharp narrowing of the foreign trade deficit for January, released last week, could lift some of the central bank's opposition to crown firming in the coming months."
Slovak cbank bought 50 mln euro from banks in Dec. ,2003-01-31," BRATISLAVA, Jan 31 (Reuters) - The Slovak central bank, battling to dampen demand for the local crown currency, said on Friday it had bought 50 million euros from commercial banks in December. 

 The central bank was forced to intervene in the last few months of 2002 as speculative capital inflows, attracted by high interest rates, pushed the crown to record highs against the single currency. 

 The bank, worried that too strong a currency would hit export comptitiveness and thus the country's trade balance, also intervened both on the open market and in discreet deals with banks in November to take the steam out of the crown's advance. 

 Individual deals with banks continued in December, the central bank's monetary report said on Friday. 

 Commercial banks may approach the central bank when they have large orders to avoid artificial influences on Slovakia's small foreign exchange market. 

 After a retreat at the end of last year, the crown resumed its rise early in 2003 and the bank repeatedly warned it would use all its tools - interventions and rate cuts - to prevent excessive gains. However, the crown fell sharply last week as speculators fled central Europe following heavy losses in Hungary when that country's central bank intervened and cut rates to knock the forint down. 

 The Slovak unit has stabilised this week, trading between 41.600-41.900 per euro, its key reference currency. 

 Analysts expect the crown to appreciate further this year as the country's economy converges with the European Union, which Slovakia will join in 2004. 

 A crown advance could prompt the Slovak central bank to cut interest rate by 50 to 100 basis points within the next six months in order to discourage speculators, they said."
"Slovak crown slides, mkt watches for cbank. ",2003-01-23," BRATISLAVA, Jan 23 (Reuters) - The Slovak crown extended its downward spiral at the open on Thursday, one day after shedding around two percent as the flight of speculative capital hit currencies across the region. 

 The crown lost three-quarters of a percent at the start of the session on heavy crown-selling by London banks and subsequent stop-loss operations, and dealers expected the unit to possibly go lower, which they said could possibly trigger intervention to support the crown by the central bank. 

 The second day of losses also came after strong statements by Slovak central bank Governor Marian Jusko, who said on Wednesday the bank would take strong measures to fight foreign speculators who had been pushing the crown stronger in recent weeks. 

 ""We've weakened from the morning by around 300 basis points. Now the market is only bid. It is too short, and now everyone is waiting for the central bank,"" said CSOB dealer Richard Brza. 

 ""Maybe the bank could come somewhere above 43.000."" 


--------------- MARKET SNAPSHOT AT 0750 GMT --------------------
Crown/euro  42.720/780 vs 42.350/450 at Wednesday close
Crown/dollar  39.870/930 vs 39.480 bid
5-yr yield  unchanged at 4.695/563 pct
10-yr yield  unchanged at 4.956/894 pct
----------------------------------------------------------------
    On Wednesday, the crown lost around two percent against the
euro in a general retreat from the region by foreign capital
after London names booked large losses on the Hungarian forint
following massive rate cuts and interventions by that country's
central bank last week.
    The crown's slide was briefly halted by comments from Slovakcentral bank Treasury Director Frantisek Szulenyi, who said
possible interventions to smoothe turbulence remained an option
for the bank, but that no decision had yet been made.
    This was shortly followed, however, by strong statements
from Governor Marian Jusko, who said he expected to have to
fight speculators pushing the crown stronger until Slovakia
joined the ERM II exchange rate mechanism it is required to
adopt before eurozone entry in around 2008.
    Jusko also said the bank would protect the crown with bold
moves such as large interest rate cuts and interventions if the
firming pressure was too strong, as the bank's chief concern at
present was whether artificial strengthening could hurt the
economy.
    Slovak media also had mixed reports on further developments
in a weekend row in the ruling coalition after one of its junior
members, the business-friendly ANO party, complained of the
secret service gathering information about its activities
without its knowledge.
    The left-leaning newspaper Pravda said ANO head Pavol Rusko
would expect Interior Minister Vladimir Palko to resign if
investigations showed his ministry had tapped his telephone.
    But the centrist SME daily cited Rusko as saying he expected
the conflict to be resolved at a meeting of coalition leaders
next week."
UPDATE 1-INTERVIEW-Slovak cbank sees long fight with speculators. ,2003-01-22," BRATISLAVA, Jan 22 (Reuters) - Slovak Central Bank (NBS) Governor Marian Jusko said on Wednesday the bank would repeat drastic moves like the major cuts to interest rates it made in November if forced to do so by unjustified firming in the crown. 

 Jusko's comments coincided with a two-percent drop in the crown on Wednesday. 

 It has been hammered this week after Hungary's central bank fended off speculative capital causing unwanted firming in the forint with huge interest rate cuts and interventions. 

 In November, the Slovak central bank slashed interest rates by 150 basis points and bought around half a billion euros on the market to knock the crown lower after it hit all time highs of 41.100 against the single European unit. 

 ""If the situation calls for drastic measures similar to those made in November, yes, the national bank will take these measures... We will not hesitate,"" Jusko said in an interview. 

 ""Artificial strengthening in the Slovak crown pushed only by expectations would be harmful to the future development of the economy, and this factor is the most important thing in our present situation."" 

 The central banks in Slovakia, the Czech Republic, Poland and Hungary have fought firming pressure on their currencies since last year due to speculative plays by foreign investors hoping for fat returns as the countries near EU entry in 2004 and adoption of the euro, expected around four years later. 

 Jusko said the recent steps taken by his Hungarian counterparts, including slashing their key interest rates by 200 basis points over two days, were necessary to counter possible negative economic effects. 

 He said his and other central European central banks would likely have to continue fighting speculators until the region completes eurozone entry. 

 ""I think it will last for the whole period, from now up until our entry into the EMU... The action by the Hungarian central bank was really very very drastic, but it was necessary as the forint was becoming stronger and stronger, and perhaps it didn't correspond to the fundamentals of the economy,"" he said. 

 ""To have too strong a forint, or too strong a crown, could be hard for the further developments of our economies."" 

 SEES CROWN GRADUALLY FIRMING 

 Jusko said Slovakia should join EMU before or at the same time as its neighbours in the region, but not after. 

 And if met, forecasts of increased exports, better state fiscal performance and heady growth should also allow the crown to firm gradually before Slovakia enters the ERM-2 exchange rate mechanism it must follow for two years before eurozone entry. 

 ""It seems to me that the first possible date that Slovakia could enter the EMU will be 2008... And if our expectations materialise, the crown should be stronger,"" Jusko said. 

 The bank sees GDP up by four percent or more annually through 2006. 

 Slovakia's invitations to join the EU and NATO, and the election of a centre-right government that has pledged to reform state finances and cut spending are all positive economic factors, but the NBS will not allow market expectations to push the crown to a point outpacing real economic developments, Jusko said. 

 He added he expected December monthly and 2002 full-year foreign trade data, due out next week, to show improvements over 2001, while the troublesome foreign trade gap should also show an improvement this year on the back of lower domestic demand from the government's measures and higher exports. 

 Jusko said the bank would probably need several months to analyse the effects of the government's austerity measures and the potential improvement in foreign trade, before it judged whether a new trend had been established. He would not comment on the bank's possible future policy towards interest rates. 

 ""We need to analyse the situation for two or three months at a minimum because the new (austerity) measures of the government have only just come into effect in January,"" Jusko said."
Slovak crown falls as speculators flee region. ,2003-01-22,"
    BRATISLAVA, Jan 22 (Reuters) - The Slovak crown fell by
almost one and a half percent in midday trading on Wednesday as
foreign speculators ran from central European markets after
being hurt by heavy losses mainly in the Hungarian forint
    The crown traded at a two-month low of 42.100/170 to the
euro, its key reference currency, as of 1100 GMT, down from
41.510/550 at Tuesday's close.
    ""It's a regional matter. There were many losses in the
region recently, so the mood is to close positions here now,""
one foreign bank trader in Bratislava said.
 
    The main impulse for the flee of the investors were their
losses in the Hungarian currency.
    The forint has fallen sharply amid the recent fight by the


 Hungarian central bank to fend off strong inflows of speculative 

 capital. The bank's measures have included massive rate cuts and 

 market interventions. 

 But traders said the Slovak crown fall could stop at around 

 the current levels as they considered them as good a good place 

 to enter into crown positions again. 

 The crown is widely expected to firm over the longer-term 

 this year on the back of the anticipated inflow of foreign 

 investment and due to convergence play tied to expectations of 

 Slovakia's adoption of the euro."
Slovak car plant news boosts crown for second day. ,2003-01-16,"
    BRATISLAVA, Jan 16 (Reuters) - The Slovak crown
  end higher against both the euro and the dollar on
Thursday, continuing to benefit from news of a new car factory
to be built in the EU designate member, but dealers said the
central bank's bias against a strong currency may limit gains.
    The crown retreated slightly from its best level of the day
after some late profit-taking but still closed at 41.290/350
against its key reference currency, the euro, from 41.360/380
the previous session.
    It also closed at a fresh four-year high against the dollar
at 39.040/100 after an intraday best of around 38.90 bid and
compared with Wednesday's finish at 39.100 in the middle.
    The crown jumped three-quarters-of-a-percent on Wednesday on
market anticipation of foreign capital inflows, after PSA
Peugeot Citroen's (PEUP.PA) said it would build a 700 million
euro plant in Slovakia.



    ""The move yesterday was mostly due to the PSA deal, and it
continued today until there was some profit taking below 41.200
by foreign banks. I see a range of 41.200-41.400 for the near
future, but the mood still favours strengthening in the crown,""
said CSOB dealer Richard Brza.
    He added that foreign banks continued to sell euro for
crowns, and that the Slovak currency also was supported by gains
by the Hungarian and Czech currencies.
    The Hungarian forint        flirted with the top of its 30
percent trading band on Thursday, prompting the Hungarian
central bank to cut its base rate by 100 basis points in order
to cool demand for the unit which like in other EU designate
countries, has benefited from foreign investment inflows.
    Dealers were wary of the Slovak central bank, which verbally
intervened on Thursday, saying the PSA announcement, while
positive for the economy, had not changed the current
fundamentals of the Slovak economy, and that the bank would
intervene in the market or slash interest rates if the crown
experienced unjustifiable firming."
"Slovak crown bullish, mkt eyes  central bank . ",2003-01-16,"
    BRATISLAVA, Jan 16 (Reuters) - The Slovak crown
  jumped early on Thursday, the second day in a row after
it was boosted by French carmaker PSA Peugeot's (PEUP.PA)
decision to build a 700 million euro auto plant in the country.
    The crown was at 41.170/220 to its key reference currency,
the euro, at around 0840 GMT, up from 41.360/380 late on
Wednesday.
    The unit hit a new four-year high against the dollar,
trading at 38.975/040, from the midpoint of 39.100. The market
does not often refer to the dollar as an indicator of crown
strength, as the vast majority of deals are done in euros.
    Early on Wednesday, Peugeot announced it would build a 700
million euro plant in Trnava, western Slovakia, which is to
produce 300,000 cars a year.
    The news on the project, the largest direct greenfield
investment in Slovakia ever, revived the market, as both
domestic and foreign players immediately bought crowns.
 ""The bullish run (of the crown) continues.



 The unit jumped
to around 41.250 to the euro right after the open,"" said Tatra
Banka dealer Bibiana Valachova.
    ""Now, at around 41.200, both bid and offer sides are pretty
active, and it is a question which side will win. But if the
crown breaks through the 41.200 level, it will then be able to
firm even more rapidly,"" Valachova said.
 She added that at the levels below 41.200, the market would
start watching the Slovak central bank, who intervened in the
market selling crowns and slashed interest rates late last year
to fend off undesired firming on the unit, which it believes can
hurt exports.
    The central bank has said it was not against a short-term
appreciation of the currency imposed by positive news, but that
it would fight against a longer-term rise of the crown, which it
sees as unwanted at the moment.
    Market watchers have expected the crown to strengthen in the
new year as investors jockey for convergence plays that could
yield high returns once the region adopts the single European
currency in around 2008.
    Now in line to join the EU in 2004, Slovakia is also
expected to draw direct foreign investment from western
producers eager to tap into the country's cheap, skilled labour
and proximity to mature western markets."
SKK firms after Peugeot picks Slovakia for plant. ,2003-01-15,"
    BRATISLAVA, Jan 15 (Reuters) - The Slovak crown
  firmed on Wednesday, as a decision by French carmaker PSA
Peugot (PEUP.PA) to build a 700 million euro auto plant in the
country offered the market a long-awaited boost, dealers said.
    The crown rose to 41.360/380 to its key reference currency,
the euro, up more than half a percent from 41.600/650 late on
Tuesday.
    The unit hit a new four-year high against the dollar,
trading at the midpoint of 39.110, from 39.280/340. The market
does not often refer to the dollar as an indicator of crown
strength, as the vast majority of deals are done in euros.
    The early Wednesday news on the Peugeot deal, which will be
the largest direct greenfield investment in Slovakia ever,
revived the rather sluggish market, as both domestic and foreign
players immediately jumped to buy crowns, dealers said.
 ""This was the impetus the market was waiting for.



 The crown
jumped up to levels of around 41.300 to the euro on the bid
side, and only then some profit-taking pulled it a little bit
lower,"" said Slovenska Sporitelna dealer Juraj Zabadal.
    ""But I think this upward trend is not over yet. I think the
crown will go stronger in the next days, towards the levels of
41.100-200 to the euro.""
    Early in the day, Peugeot announced it would build a plant
in Trnava, western Slovakia, which is to produce 300,000 cars a
year.
 
    The project is expected to have a significant positive
impact on the country's economy, when it comes on line in 2006.
    Market watchers have expected the crown to strengthen in the



new year as investors jockey for convergence plays that could



yield high returns once the region adopts the single European


currency in around 2008.



Now in line to join the EU in 2004, Slovakia is also



expected to draw direct foreign investment from western



producers eager to tap into the country's cheap skilled labour



and proximity to mature western markets.



But the crown's gains are also expected to be limited by the


Slovak central bank, which intervened in the market selling



crowns and slashed interest rates late last year to fend off



undesired firming on the unit, which it believes can hurt



exports."
SKK jumps as Peugeot picks Slovakia for plant. ,2003-01-15,"
 (refiles fixing typo in headline)
    BRATISLAVA, Jan 15 (Reuters) - The Slovak crown
  jumped at the opening on Wednesday after French carmaker
PSA Peugeot (PEUP.PA) announced it would build a 700 million
euro auto plant in the country.
 
    The crown rose to 41.390/400 to its key reference currency,
the euro, at around 0900 GMT, from 41.600/650 late on Tuesday.
    It was near four-year highs against the dollar, at
39.328/394, from 39.280/340.
    ""Everyone, whether domestic or foreign, jumped into the
crown in reaction to the Peugot news,"" said Slovenska Sporitelna
dealer Juraj Zabadal.
    ""We are certainly targeting levels around 41.100-41.200 (per
euro). I think it's only a matter of time.""
    Earlier on Wednesday, Peugeot announced it would build a 700
million euro plant in Trnava, Western Slovakia, which is
expected to produce 300,000 cars a year.
    The deal will be the largest direct greenfield investment in


 Slovakia ever, and is expected to have a significant positive 

 impact on the country's economy, when it comes on line, expected 

 in 2006. 

 Market watchers have expected the crown to strengthen in the 

 new year as investors jockey for convergence plays that could 

 yield high returns once the region adopts the single European 

currency in around 2008. 

 But the crown's gains are also expected to be limited by the 

Slovak central bank, which intervened in the market selling 

 crowns and slashed interest rates late last year to fend off 

 undesired firming on the unit, which it believes can hurt 

 exports."
UPDATE 1-Slovak November trade gap lower than expected. ,2003-01-03," BRATISLAVA, Jan 3 (Reuters) - Slovakia's foreign trade deficit surprisingly narrowed in November 2002 on the back of renewed strong export growth and cheaper fuel imports, data showed on Friday. 

 The November trade shortfall totalled 9.737 billion crowns ($246 million), down from a 12.781 billion crown gap in the same month of 2001, the Slovak Statistics Office said. 

 The deficit was better than market expectations as a Reuters survey of analysts last month showed an average forecast for a 12.6 billion crown deficit in November. 

 ""The data are better than expected.... What was surprising is the solid growth of exports after (a) worse performance in the previous few months,"" said Commerzbank analyst Radomir Jac. 

 Exports rose 11.3 percent year-on-year in November, outpacing a 4.5 percent annual rise in imports. 

 The statistics office also revised October monthly trade data to show a gap of 13.152 billion crowns, from an originally reported 13.003 billion. 

 The cumulative trade deficit for January-November of 2002 totalled 83.412 billion crowns, compared with 86.828 billion in the same period a year ago. 

 Analysts said the better-than-predicted trade balance was also partially affected by imports of fossil fuels, mainly Russian crude oil and natural gas, which were cheaper due to the strength of the Slovak crown against the dollar. 

 Raw materials, the second largest import category, totalled 99.163 billion crowns in the first 11 months of last year, down 8.4 percent year-on-year. 

 Economists said the improving trade balance would mean upward pressure on the crown currency, which rose immediately after the release of November trade data. 

 The crown traded at 41.230/260 to the euro, its key reference currency, as of 0830 GMT, from 41.335/395 at Thursday's close. It was hovering near four-year highs against the dollar at 39.799/838. 

 ""The trade development is positive for the crown... We can expect pressure on strengthening, but, at the same time, the central bank is likely to act against the firming because it would probably still find it undesirable,"" Jac said. 

 The Slovak central bank repeatedly intervened on the foreign exchange market last year to attempt to stop the crown's rise, which it said was unjustified due to the trade balance deficit. ($1=39.51 Slovak crowns)."
Slovak  cbank bought EUR583mln in Nov  interventions . ,2002-12-23," BRATISLAVA, Dec 23 (Reuters) - The Slovak central bank said on Monday it had bought 583 million euros from commercial banks in total through discreet and direct deals in November, to halt the rise of the crown. 

 The bank's monthly monetary survey said it bought 55 million euros from commercial banks discreetly in individual deals at the beginning of the month, and the rest of the entire amount in direct interventions in three days beginning on November 12. The central bank's market operations were followed by a surprising 150-basis-point cut in key interest rates effective from November 18, aimed at lowering the interest rate differential with the euro zone and neighbouring markets and thus narrowing the room for speculation. 

 The Slovak crown's jump was sparked by the victory of centre-right, pro-reform parties in September elections. The crown rose by around one percent in October to 41.577 to the euro, its key reference currency. The bank bought 30 million euros in discreet deals in October when it began to fight the unit's firming. 

 However, the crown continued to firm in November, hitting an all-time high of 41.100 early in that month, as foreign funds poured into central European markets in the expectation of gains once the region joins the eurozone in around 2008. 

 The bank said it had started to intervene directly at the crown's level of around 41.190 per euro, and that the moves resulted in the unit's easing by 1.4 percent versus the euro and by 1.3 percent to the dollar over the month. 

 This month the crown has continued to ease due to a typical end-year mood, and is seen trading within the 41.750-950 per euro range this week."
Slovak cbank says covertly bought euros in Oct. ,2002-12-02," BRATISLAVA, Dec 2 (Reuters) - The Slovak central bank said on Monday it conducted covert interventions and bought hard currencies from commercial banks in October to halt the rise of the crown. 

 The bank's monetary survey said it bought 30 million euros ($29.8 million) in discrete deals in October when it began to fight the crown's firming. The unit's jump was sparked by the victory of pro-reform parties in September elections. 

 The crown rose by around one percent in October to 41.577 to the euro, its key reference currency. 

 It continued to firm in November, hitting an all-time high of 41.100 early in that month, as foreign funds poured into the central European markets in the expectation of gains once the region joins the eurozone in around 2008. 

 The rally sparked a new series of central bank's secret hard currency purchases, later combined with direct interventions on the foreign exchange market. 

 The bank had said it bought hundreds of millions of euros in November, but it will reveal the exact volume of that month's hard currency purchases in the next monetary survey at the end of December or early in January. 

 The interventions and a 150-basis-point interest rate cut on November 15 reversed the crown's rally, and the unit eased to trade at 41.810/890 per euro on Monday."
Slovak cbank gov pleased with crown level-agency. ,2002-11-27," BRATISLAVA, Nov 27 (Reuters) - Slovak central bank Governor Marian Jusko is satisfied with the level of the Slovak crown, after the bank intervened and slashed interest rates to knock the unit down earlier this month, news agency TASR reported on Wednesday. 

 The crown had surged on bullishness towards central Europe as investors expecting fat returns once Slovakia and other ex-communist states join the eurozone in around 2007-2008 raced into the region in convergence deals. 

 The currency was also boosted by a September election win by centre-right parties who have pledged to lead Slovakia into the EU and NATO, slash spending, and make other reforms. But the central bank stopped the unit in its tracks with a number of policy steps, and Jusko said he was satisfied with the result. 

 ""Since we managed to fulfil our short-term goal - to stop the strengthening of the crown - I'm satisfied,"" TASR quoted Jusko as saying. 

 Jusko said the bank's longer-term actions would continue to depend on developments on Slovakia's wide external imbalance: ""The important thing will be if there is a gradual improvement in external developments, improvement in foreign trade."" 

 The central bank began covertly intervening in the market to knock the crown lower, in mid-November, and then bought over 500 million euros with crowns in direct market intervention. 

 It followed the intervention with a shock 150-basis-point cut to its key two-week interest rate, bringing it to 6.5 percent, which has since chilled market enthusiasm. 

 The crown hit a six-week low to the euro on Wednesday, as crown selling from local and foreign banks set off a small wave of stop losses. Dealers generally expect the crown to ease slightly before the year-end, as investors repatriate profits abroad and banks close positions to square their books. 

 The central bank's policy making bank board is scheduled to meet on Friday, but analysts do not think the bank will further cut interest rates due to the now-subdued mood towards the crown."
Slovak crown falls on profit-taking. ,2002-11-26,"
    BRATISLAVA, Nov 26 (Reuters) - The Slovak crown
 fell against the euro on Tuesday along with other central
European currencies as profit-taking following a recent rally
coupled with corporate demand for hard currencies.
    The crown closed at 41.720/770 to the euro, its key
reference currency, compared with Monday's close of 41.630/690.
It ended at 42.014/074 to the dollar, from 41.980/42.040.
    ""The crown eased as currencies around us weakened as well
well. It looks we will test the 41.800 level, though I don't
think we will break it immediately,"" one foreign bank trader
said.
    The crown, still up around four percent since the victory of
pro-reform parties in September elections, has eased in the past
few days as foreign investors have taken profits on positions
opened during a recent rally for the unit.



    The easing trend has been also supported by emerging
hard-currency purchases by corporate clients, which, some
traders said, could be the traditional year-end repatriation of
profits by foreign firms operating in Slovakia.
    But the Slovak central bank, which intervened buying over
500 million euros in the market earlier this month and slashed
its key interest rate by 150 basis points to knock the crown
weaker, appears to have stabilised the currency's rate for the
time being."
"Slovak crown ends slightly lower, trade thin. ",2002-11-22,"
    BRATISLAVA, Nov 22 (Reuters) - The Slovak crown
 closed marginally lower on Friday in quiet trade and
dealers said it may have room to ease further in the near term
due to profit taking and the threat of intervention by the
central bank.
    The crown has also shown little immediate reaction to news
that Slovakia and six other ex-communist states had been invited
to join NATO at the Alliance's summit in Prague on Thursday.
    The crown was at 41.544/594 to its key reference currency,
the euro, from 41.510/550 late on Thursday. It was at 41.570/663
to the dollar, from 41.420/460.
    ""It was pretty stable today... I don't expect strengthening
below 41.400. There was no impact from the NATO invitation
because it was already priced in,"" said Slovenska Sporitelna
dealer Juraj Zabadal.



    Last week the Slovak central bank intervened in the foreign
exchange market selling crowns for euros and also cut its key
interest rate by 150 basis points to 6.5 percent in an effort to
stem demand for the local currency.
    The crown has strengthened around seven percent since July
on the back of a win by reformist forces in September elections
and a generally bullish mood towards central Europe as Slovakia
and other EU candidates approach the planned 2004 accession date
and euro adoption a few years later.
    But Zabadal said that London banks had created new positions
during the central bank's intervention campaign and were selling
crowns at around 41.400 to the euro, so that the unit may not
strengthen past that point in the near term.
    He also said some players were wary of further action from
the central bank and noted that crown gains could be limited by
traditional year-end easing, which usually occurs in December as
foreign firms repatriate profits."
Slovak cbank  forex  reserves jump to $8.9 bln. ,2002-11-22,"
    BRATISLAVA, Nov 22 (Reuters) - The Slovak central bank's
foreign currency reserves jumped nearly $500 million to $8.866
billion in the week to November 20, the bank said on Friday,
after a week of heavy interventions to weaken the crown.
    The November 20 rise came around a week after the central
bank intervened in the foreign exchange market for three
straight days, in which it bought around 500 million euros worth
of Slovak crowns in order to dampen demand for the local unit.
 
    The bank's foreign exchange reserves had risen by around
$100 million to $8.44 billion in the week to November 13.
    The bank shocked the market last Friday with a surprise


 150-basis-point cut to its key interest rate and analysts have 

 said it is possible that further rate cuts and direct 

interventions are possible if investors continue to buy crowns. 

 The Slovak currency has gained over seven percent since July 

 on the back of a reformist victory in September elections and 

 heightened enthusiasm in central Europe in general as the region 

 prepares to join the EU in 2004 and adopt the euro a few years 

 later. 


 
  SLOVAK FOREX RESERVES    Nov 20     Nov 13     Nov 6
   ($ million)
 Central bank              8,865.9    8,440.1    8,340.4
 Commercial banks          1,278.4    1,590.7    1,578.1
 Total banking sector     10,144.3    10,030.8    9,918.5."
Slovak crown slips on foreign profit taking. ,2002-11-21,"
 
    BRATISLAVA, Nov 21 (Reuters) - The Slovak crown
 closed slightly lower versus the euro on Thursday.
    It failed to react to news that Slovakia had been invited to
join NATO and was pulled down mainly by foreign profit taking.
    The crown closed at 41.510/550 to its key reference
currency, the euro, from 41.460/520 late on Wednesday. It was at
41.420/460 to the dollar, from 41.290/350.
    Dealers said that the market did not react at all to news


 that Slovakia and six other central European countries were 

 invited to join NATO in around 2004, as this had been widely 

 expected for some time. 

 ""We saw a slight upward drive in the morning, but then 

 foreign players started to buy (foreign currencies), pulling the 

 crown lower,"" said Slovenska Sporitelna dealer Vladimir Gajdos. 

 ""When the crown was already at around 41.470 to the euro, 

 one London bank bought a relatively large volume (of foreign 

 exchange) from the market which was pretty thin and the unit 

 fell to the closing levels,"" Gajdos said. 

 He added he saw the crown trading between 41.400 and 41.600 

 to the euro on Friday as both the levels are strongly supported 

 by bids and offers, respectively. 

 Traders say the crown, which has gained around seven percent 

 since July, has the potential to firm further, but the central 

 bank may intervene around all-time highs levels hit last week to 

 knock it lower. 

 The central bank, fighting off hot-money inflows into the 

Slovak crown and other central European currencies, intervened

 three times to sell crowns and slashed interest rates by 150 

 basis points last week. 

 But the unit resumed its gradual firmer trend this week. 

 Market watchers say the central bank may be able to slow its 

 rise with further rate cuts and interventions, but that over the 

 long term, it may not be able to stop the tide. 

 The central bank reaffirmed its resolve to keep the crown 

 weaker on Wednesday, saying it would use all of its tools to 

 fend off capital inflows that have boosted the crown for reasons 

 not justified by macroeconomic fundamentals. 

 But bank Governor Marian Jusko added that an expected rise 

 in inflation next year may limit the room for more cuts."
Slovak cbank  forex  reserves firm to $8.44 bln in wk. ,2002-11-15,"
 
    BRATISLAVA, Nov 15 (Reuters) - The Slovak central bank said
on Friday that its foreign currency reserves rose to $8.440
billion as of November 13 from $8.340 billion one week earlier.
    The bank said in a statement it had revised foreign exchange
reserves data from November 6, without further explanation.
    The November 6 rise came just at the time the central bank

 had started to intervene on the forex market to beat back what 

 it saw as unjustified strengthening in the Slovak crown 

currency, by selling crowns for euros. 

 The interventions took place from Tuesday through Thursday, 

 but then on Friday, the bank announced a surprise 150 

 basis-point cut in its key interest rates from November 18, as 

 the firming currency resisted its direct market actions. 


 
 SLOVAK FOREX RESERVES  Nov 13     Nov 6     (Nov 6)     Oct 29
   ($ million)                           (before revision)
 Central bank          8,440.1    8,340.4   (8,058.2)   7,901.5
 Commercial banks      1,590.7    1,578.1   (1,575.9)   1,579.7
 Total banking sector 10,030.8    9,918.5   (9,634.1)   9,481.2."
Slovak  crown firms despite cbank  intervention . ,2002-11-14,"
    BRATISLAVA, Nov 14 (Reuters) - The Slovak crown
 closed stronger on Thursday despite a third straight day
of central bank intervention to weaken it, and dealers said
foreign buying will likely keep the unit under firming pressure.
    The crown was at 41.600/650 to the euro, its key reference
currency, at the end of the session, compared with 41.660/680
late on Wednesday. It ended at 41.420/460 to the dollar, after
41.270/310.
    The central bank intervened directly on the foreign exchange
market for the third consecutive day on Thursday, starting to
sell crowns at 41.600 per euro. It launched the action at around
41.120 on Tuesday, continuing within a wide range that at its
weakest point hit around 41.900 crowns per euro on Wednesday.
 Thursday's intervention pushed the crown briefly lower to
around 41.800 per euro, but the unit recovered from the losses
after the bank disappeared from the market, dealers said, adding
they expected more firming pressure in the coming days.



    ""Interest in buying crowns has not weakened at all... We are
closing stronger than we opened despite the interventions,"" one
foreign bank trader said.
    Dealers said the central bank would probably have to resort
to cutting interest rates to make the crown less attractive for
speculative capital pouring into central European markets in
expectations of fat returns once the region joins the euro zone.
    The bank's policy-making board will hold a regular bi-weekly
meeting on Friday, but spokesman Jan Onda said interest rates
were not on the agenda.
    However, analysts and traders said expectations of a rate
cut have been already priced into the market and added that such
a move - a 25-to-50-basis-point cut is expected at a board
meeting at the end of this month - would probably not quell
crown buying.
    ""I think a cut below one percentage points would still make
the crown a buy. A full one point cut would perhaps make it a
buy one day later,"" the trader said.
 
    Slovakia's key two-week repo rate is currently 8.00 percent,
following a 25 basis point cut at the end of October.
    Slovak interest rates remain relatively high, compared to



neighbouring Poland's key 28-day rate of 7.00 percent and the



Czech two-week repo of 2.75 percent."
Slovak  cbank  intervenes  for third straight day. ,2002-11-14," BRATISLAVA, Nov 14 (Reuters) - The Slovak central bank said it had intervened on the foreign exchange market for the third consecutive day on Thursday in a persistent attempt to weaken the crown currency. 

 The crown has been under firming pressure for the past few weeks due to bullish sentiment from foreign investors on central European assets, fuelled by expectations that EU candidates will join the euro zone in the coming years. 

Central bank Treasury Director Frantisek Szulenyi told Reuters the bank began to sell crowns at around 41.600 per euro on Thursday."
"Slovak crown drops, then rebounds as cbank acts. ",2002-11-13,"
    BRATISLAVA, Nov 13 (Reuters) - The Slovak crown
 fell on Wednesday in the second straight day of central
bank action to restrain it rise, but continued foreign buying
allowed it to regain losses at the close of the session, dealers
said.
    The crown closed at 41.650/670 to the euro, its key
reference currency, compared with 41.550/600 late on Tuesday,
having climbed back from a one-month low of 41.880/900 early in
the session.
    It ended at 41.270/310 to the dollar, from 41.130/180.
    The central bank said it started to sell crowns at around
41.550 per euro after foreign buying pushed the unit stronger
early on Wednesday, and it continued intervening to the level of
around 41.900 crown per euro.
    It was the second day in a row the bank moved against the
surging crown. The bank declined to give volumes, but dealers
estimated Wednesday's amount at around 150 million, after some
300 million euro bought by the central bank on Tuesday.



    However, the interventions appear to be only slowing down
the firming trend as strong bullish sentiment on central
European currencies still prevails on the market, traders said.
    ""Once the central bank disappeared from the market at around
41.900, the crown started to firm again,"" said Slovenska
Sporitelna trader Juraj Zabadal.
 
    ""I think they will have to do something again tomorrow,
otherwise we will see another move stronger.""
    The interventions are aimed at fighting off strong interest



in EU candidate states' assets as foreign capital plays on



expectations of juicy yields once the applicant countries join



the eurozone a few years after they enter the EU in around 2004.



Analysts have said the Slovak central bank will probably



have to follow the example of its Czech counterpart, which has



cut interest rates and undertaken months of interventions in the



market, to fend off speculative capital inflow.


Slovak central bank officials have repeatedly said they



would be ready to use all tools at the bank's disposal,



including rate cuts, to prevent crown firming, which they deem



unjustified due to Slovakia's wide trade deficit."
Emerging  FX - Intervention  sends  Slovak  crown lower. ,2002-11-13," LONDON, Nov 13 (Reuters) - The Slovak crown fell to its lowest levels in almost a month against the euro on Wednesday as the central bankintervened to weaken it for the second day in a row. 

 However, the region as a whole got a boost after Moody's on Tuesday lifted its ratings on the foreign currency government bonds of the eight central European EU candidates. The South African rand also found support from a rating outlook upgrade. 

 Local dealers said the Slovak central bank re-entered the market to sell the crown at 41.47 per euro , sending it down a further half percent against the single currency. 

 The bank later confirmed it had been in the market again and said it was prepared to continue its efforts to knock the currency lower if it kept on firming. 

 ""Intervention yesterday showed that the central bank can at least move the currency and the signs suggest they have been in again today,"" said one dealer in London. 

 ""However, they can probably only smooth the up-trend given all the investment that's likely to come in,"" he added. 

 The dealer said in the short term the next upside targets in euro/crown were 41.9 and then 42.20. 

 Slovakia has enjoyed a surge of foreign investment after parliamentary elections in late September produced a reformist centre-right coalition government and following Ireland's approval of the Nice Treaty on enlargement in October. 

 At 1045 GMT, the crown traded down 0.51 percent against the euro from late Tuesday levels at 41.76. 

 Czech central bank vice-governor Oldrich Dedek said on Wednesday he thought Czech interventions to weaken the crown this year had been successful and that he still expected a short-term drop in the currency. 

 Dedek said the bank had sold crowns to buy 2.3 billion euros from the open market in this year's interventions, with an additional four billion euros taken directly into its reserves from state coffers from the privatisation of gas importer Transgas. 

 The crown traded down 0.23 percent to the euro at 30.73. 

 MARKETS MULL MOODY'S UPGRADE 

 Moody's took analysts by surprise on Tuesday with an across-the-board foreign currency ratings upgrade for the eight central European EU candidates. 

 Moody's said the move was to bring the ratings into line with local currency ratings now that financial integration with the EU is ""virtually irreversible"". 

 The market response to the upgrades was muted, with the region's main bond markets already seen as overbought, particularly at the long-end of the curve. 

 ""In our view, the move is a premature one,"" said analysts at UBS Warburg, in a research note. 

 UBS said that while few doubt that the EU candidates will eventually become euro zone members, ""the lack of certainty means a more gradual convergence between local and foreign currency ratings would have been more credible"". 

 Moody's adopted a more gradualist approach to Greece's euro membership, even though it was already in the EU, UBS added. 

 However, others were more upbeat saying the move further underlined the attractions of the region as an investment destination. 

 ""The Moody's upgrade didn't have much impact in local and external bonds, but it did offer more proof that investment should be headed into emerging Europe, rather than Latin America or Asia,"" said one dealer at a European bank in London. 

 Elsewhere, the South African rand opened strongly on Wednesday, finding support from S&P's decision the previous day to upgrade the country's foreign currency ratings outlook to positive. 

 South African Reserve Bank Governor Tito Mboweni said on Wednesday that the central bank would not struggle to fight against inflation at all costs. 

 His comments hinted at a pause in the tightening cycle, with the bank having hiked rates by 400 basis points this year in an effort to control surging inflation caused by the rand's sharp fall at the end of last year. 

 The bank has missed its three-to-six percent target for the CPIX inflation indicator for 11 months running. 

 The rand eased back later in the session to trade flat around 9.81 per dollar ."
Slovak  cbank says prepared to continue  intervening . ,2002-11-13," BRATISLAVA, Nov 13 (Reuters) - Slovak central bank Treasurer Frantisek Szulenyi confirmed on Wednesday the bank had intervened in the foreign exchange market for the second day in a row to weaken the crown. 

 Szulenyi said the bank was happy with the two days of intervention measures at present, but that it was still prepared to continue its efforts to knock the currency lower if it continued firming. 

 ""It depends on the further devlopment of the exchange rate, so it's hard to say, but we are on the market, and we are still prepared to continue our effort to weaken the currency,"" Szulenyi told Reuters. 

 Szulenyi said the bank began selling crowns at around 41.550-600 crowns per euro, and that it sold crowns at the weakest level at around the level of 41.900 on Wednesday."
Dealers say  Slovak  cbank  intervenes  for second day. ,2002-11-13," BRATISLAVA, Nov 13 (Reuters) - The Slovak central bank intervened for the second day in a row on Wednesday in the foreign exchange market in order to weaken the crown currency, traders at local banks said. 

 ""They started to sell crowns at around 41.470 per euro, and this pulled the crown to around 41.600,"" one local trader said. 

 The bank bought an estimated 250-300 million euros in aggressive intervention on Tuesday, pulling the unit from 41.120 per euro to the current levels. 

 The central bank had repeatedly said the crown was overvalued following its rally sparked by a victory of pro-reform parties in September elections and fuelled by the convergence play tied to expectations of Slovakia's entry into the EU."
WRAPUP 1-Slovak cbank fights back to dent crown euphoria. ,2002-11-12," (wraps Slovak cenbank intervention, Fitch/Moodys ratings 

 from London/New York) 

 By Michael Winfrey 

 BRATISLAVA, Nov 12 (Reuters) - The Slovak central bank intervened in the foreign exchange market on Tuesday, sending the crown currency more than one percent lower in an attempt to dampen enthusiasm for the local unit which it believes is overvalued and could damage the country's economic health. 

 The bank's bid to tame the crown comes amid an increasingly buoyant mood in central European markets which have benefited from a constant inflow of foreign capital ahead of European Union enlargement. 

 Sweeping ratings upgrades by Moody's Investors Service for eight EU candidate countries and indications that a slight delay in EU expansion could help the mostly poor candidates save cash has also made the region look attractive to investors chasing higher yielding assets. 

 The Slovak central bank sold crowns in several waves to push the unit down from record highs where it had climbed in recent days along with other central European currencies in anticipation of EU entry in 2004. 

 The Slovak crown had jumped by nearly eight percent since July - also boosted by a victory by a reformist cabinet in September elections - as it took in its share of the steady stream of foreign funds flowing into central Europe. 

 The central bank had repeatedly warned in recent weeks that the unit was overvalued because of Slovakia's wide foreign trade gap and finally intervened on Tuesday after the crown touched another record high the previous session. 

 ""We started intervening when the crown was at around 41.120 (to the euro),"" central bank Treasury Director Frantisek Szulenyi told Reuters shortly after the session opened. 

 Szulenyi declined to detail volumes used in the interventions, but market watchers said the central bank may have sold well over 250 million euros worth of crowns in a variety of operations throughout the day. 

 The crown, which hit a record high of 41.070/100 versus the euro on Monday, closed at 41.580/590. 

 BANK FACES BATTLE 

 Analysts said the intervention could be the start of a long-lasting battle against investors who have flocked to the crown and neighbouring currencies hoping to cash in on economic reforms and the convergence of candidates' interest rates with those in the West as the region creeps closer to accession. 

 ""The Slovak crown has experienced a similar development as other regional currencies, the Hungarian forint, Polish zloty and the Czech crown, which have all been boosted by positive market sentiment,"" Commerzbank analyst Radomir Jac said. 

 ""It can be expected that the positive mood towards the region will continue and the market will try to push the currencies stronger."" 

 As evidence of the rosy mood towards central Europe, Moody's Investors Service boosted its ratings across the board for Slovakia and seven other EU applicants on Tuesday. 

 At the same time, EU Enlargement Commissioner Gunter Verheugen indicated entry for the candidates could come a few months after the originally planned January 1, 2004 deadline, which could save cash-strapped aspirants from paying billions in euros in contributions to the Union's coffers. 

 Moody's rival Fitch Ratings sounded a cautionary tone after the upgrades, however, saying several candidates still had fiscal problems that could hinder their EU entry. 

 Analysts said the upgrades had been largely priced in, as foreign capital had flooded bond and currency markets with speculative convergence plays and cross deals, but said it may have highlighted the strong positive mood toward the region. 

 ""While it's helpful, it was fully priced in the convergence spreads on the eurobond market, and I don't see it having a large impact beyond augmenting the feel-good factor in the region,"" said IDEAglobal analyst John Davitte. 

 SLOVAK CBANK SEEN FORCED TO ACT FURTHER 

 Analysts said the Slovak central bank's attempt to weaken the crown may not last, as foreign banks were still hungry to buy the unit, and more action could be needed to prevent it from reaching fresh record levels. 

 ""The central bank will fail in what it is doing now,"" said Jan Toth, ING's chief economist in Bratislava. 

 ""Interventions at this level help close some positions foreign investors have in the crown, but after some time investors will realise they want some Slovak exposure, so they will buy Slovak crowns...and the currency will appreciate."" 

 Analysts also said the Slovak central bank is likely to have to cut interest rates to stem inflows into the crown due to their high differential with the West, despite an expected surge in 2003 inflation. 

 ""The acceleration of inflation will be... outside of the central bank influence... There will be a certain room to lower the rates, and the room will widen in line with the pace of the crown firming,"" said Jac."
Slovak  crown drops after  central bank intervention . ,2002-11-12,"
    BRATISLAVA, Nov 12 (Reuters) - The Slovak crown
 fell by nearly one percent against the euro on Tuesday in
volatile trade as central bank intervention outweighed agressive
euro buying by foreign players.
    The crown, which hit an all-time high of 41.070/100 against
the euro on Monday, was trading at 41.500/520 against its key
reference currency by 1210 GMT. It was at 40.971/41.032 to the
dollar from 40.710/760.
    The central bank said earlier in the day it had started
directly selling crowns for euro at around 41.120. The bank
would not specify volumes, but dealers said the intervention had
continued in several waves in gradually declining amounts.
    ""The central bank is still on the market. They started at
41.400, and they are bidding for one to two million euros at a
time, much smaller than in the morning,"" said a dealer from a
Bratislava-based bank, who wished to remain anonymous.



    ""They probably don't want to push the crown too much lower
because so far they have always stopped at 41.500. It only seems
the central bank is trying to drain all of the surplus liquidity
from the market.""
    Dealers said the bank started its move to knock the unit
lower by selling crowns for euros in two off-market deals with
London brokers and then also sold euros on the automatic trading
system in several waves.
    But they added that bullish sentiment for the crown, due
mainly to a win by centre-right forces in September elections
and improved mood towards the region's markets as central Europe
nears entry into the European Union, meant that foreign players
would likely still buy crowns, leading to more intervention.
    The central bank has repeatedly threatened to knock the
crown lower in the past few weeks, claiming the unit's recent
firming does not reflect the country's macroeconomic
fundamentals.
    Dealers said that unless the central bank took serious
action, the unit could stay in a range of 41.200-500 in the near
term."
"Emerging  FX - Intervention  dents  Slovak  crown, lira down on Iraq. ",2002-11-12," LONDON, Nov 12 (Reuters) - The Slovak central bank intervened to weaken the crown on Tuesday, helping to bring it down from record highs hit the previous session, though analysts said the move was unlikely to break the uptrend. 

 Elsewhere, the Turkish lira extended its retreat from recent four-month highs against the dollar with the Iraqi parliament's rejection of a U.N. resolution on weapons inspections increasing nerves over a possible U.S.-led military attack. 

 Slovak central bank treasury director Frantisek Szylenyi confirmed that the bank bought euros against the crown at 41.12 , triggering a fall of almost one percent. He gave no indication of the amount bought. 

 ""There may have been a shake-out of some crown long positions, but most people will probably just see it as an opportunity to get cheaper entry levels,"" said Koon Chow, central Europe currency analyst at CSFB. 

 Chow added that the intervention is likely to be the start of an ongoing process, but added that he was sceptical whether it would achieve anything other than to slow the pace of crown appreciation. 

 ""The market could well be back at 41, if not lower in a week's time,"" Chow said. 

 September's election victory for reformist centre-right parties and progress towards EU enlargement after Ireland approved the Nice Treaty last month have powered the crown up to record highs in recent weeks. 

 Slovakia's high-yields - the main interest rate is at eight percent - have also been attracting inflows. 

 At 1030 GMT, the crown traded down 0.8 percent at 41.45 per euro . 

 In Hungary, October consumer prices rose a touch more than expected to an annual rate of 4.9 percent, up from 4.6 percent in September, providing backing for the central bank's hawkish stance on rates at its council meeting on Monday. 

 The central bank said that despite a stronger forint, inflation risks remained high and there was no scope to ease interest rates from the current 9.5 percent. 

 The numbers made little impression on the forint, with the country's high-yields seen lending it solid support in the face of deteriorating economic fundamentals. 

 The forint was little moved at 238.50 per euro . 

 LIRA, RAND RETREAT 

 The Turkish lira was on the backfoot on Tuesday as investors opted to lock in recent gains as nerves returned over Iraq. 

 The Iraqi parliament voted to reject a tough U.N. resolution on weapons inspections, but left the final decision down to President Saddam Hussein. 

 ""The Iraq situation is part of the reason for the lira consolidation as it brings us potentially a little bit closer to conflict in the Middle East,"" said Dwyfor Evans, emerging markets analyst at Bank of America. 

 ""But there's also been some reaction to (Monday's) rate cut. We got 200 basis points, but the market was hoping for 300 or 400 and there's been profit-taking on the back of that,"" he added. 

 The Turkish central bank cuts overnight interest rates by 200 basis points to 44 percent on Monday. 

 The lira traded at 1,640,000 versus the dollar on the interbank market from 1,617,000 at Monday's close. 

 Other high-yielding units were also in consolidation mode after recent gains, with fresh Iraqi tension prompting some investors to scale back their riskier positions. 

 Dealers said profit-taking took the rand lower early on, but it ran into support after ratings agency S&P upped its outlook on South Africa to positive, and affirmed the country's BBB-long-term foreign currency rating. 

 The rand traded around 9.82 to the dollar , broadly steady from late Monday levels. 

 The Polish zloty posted a bigger retracement, dropping back around 0.65 percent from recent four-and-a-half month highs under 3.93 to the euro ."
Slovak  crown shoots lower on cbank  intervention . ,2002-11-12,"
    BRATISLAVA, Nov 12 (Reuters) - The Slovak crown
 shot lower by nearly one percent at the open on Tuesday
after the central bank intervened aggressively selling crowns,
but it corrected slightly higher on buying from foreign players.
    The crown was trading at 41.370/400 to its key reference
currency, the euro, from 41.140/170 late on Monday. It was at
40.939/999 to the dollar, from 40.710/760.
    The central bank said earlier in the day it had started
selling crowns for euros at around 41.120 near the open. It
would not comment on volumes sold, but dealers said the amount
may have been around 100 million euros worth of crowns.
    Dealers said the bank sold crowns for euros in two
off-market deals with London brokers and then also sold euros on
the automatic trading system in at least two waves, the second
coming at around 0900 GMT, knocking the crown lower to around
41.500 to the euro.



    ""It seems that the central bank was not happy with the
crown's development, and it appeared they were willing to hold
the crown below the 41.450 (per euro) level,"" said Tatra Banka
dealer Boris Somorovsky.
    ""But they didn't succeed... Non-resident banks were
interested in going long Slovak in interesting amounts (after
the intervention).""
    Another trader from an international bank in Bratislava
added: ""The second wave pushed the crown from below 41.400 to
around 41.500.""
    The central bank has repeatedly threatened to knock the
crown lower in the past few weeks, as it says that recent
firming on the currency is based solely on positive sentiment
but does not reflect the country's macroeconomic fundamentals.
    Dealers said that because the crown was not able to break
the level of 41.500 to the euro, the unit could stay in a range
of 41.200-500 in the nearest term, but it could go weaker if the
central bank continued aggressively intervening.
    Before the intervention, the crown had hit an all-time high
of 41.070/100 at midday on Monday, up around eight percent since
July on bullish sentiment tied to a win by rightist, pro-reform
forces in September elections and the increased likelihood of
Slovakia joining the EU and NATO in around 2004."
UPDATE 3- Slovak central bank intervenes  to weaken crown. ,2002-11-12," BRATISLAVA, Nov 12 (Reuters) - The Slovak central bank made good on recent threats and intervened to knock down the surging crown on Tuesday in what dealers said was likely the start of a long-lasting battle against the strong bullish mood on the unit. 

 The central bank sold crowns in several waves to push the unit down from record highs where it had climbed along with other central European currencies on expectations of EU entry in 2004 and high rate differentials with western markets. 

 The crown had jumped by around five percent since September, when a pro-reform rightist coalition won parliamentary elections, sparking bullish sentiment and a strong inflow of foreign funds into the Slovak crown. 

 The central bank had repeatedly warned in recent weeks that the unit was overvalued because of Slovakia's wide foreign trade gap, and it finally intervened on Tuesday to push it weaker to around 41.580/600 by the afternoon. 

 ""We started intervening when the crown was at around 41.120 (to the euro),"" central bank Treasury Director Frantisek Szulenyi told Reuters shortly after the session opened. 

 Szulenyi declined to detail volumes used in the interventions, but market watchers said the central bank may have sold between 200-250 million euros worth of crowns in a variety of operations throughout the day. 

 Analysts said the effect of the move might not last for long, as foreign banks were still interested in the currency, and more action could be needed to prevent it firming back in the direction of 41.070/100, the all-time high hit on Monday. 

 ""The central bank will fail in what it is doing now,"" said Jan Toth, ING's chief economist in Bratislava. 

 ""Interventions at this level help close some positions foreign investors have in the crown, but after some time investors will realise they want some Slovak exposure, so they will buy Slovak crowns...and the currency will appreciate."" 

 LONDON STILL BULLISH ON REGION 

 Dealers said the central bank began intervening with off-market deals through London brokers just after the open, and then followed by more than two waves of crown selling on the automated trading system that London banks resisted with aggressive buying. 

 Sentiment in the region was also helped by ratings upgrades from Moody's Investors Service for Slovakia and seven other EU applicant countries due to economic restructuring in central Europe, but the markets' first reactions were muted. 

 Analysts said the upgrades had been largely priced in, as foreign capital, noting the candidates were creeping closer to eurozone entry, had flooded bond and currency markets with speculative convergence plays and cross deals. 

 ""The Slovak crown has experienced a similar development as other regional currencies, the Hungarian forint, Polish zloty and the Czech crown, which have all been boosted by positive market sentiment,"" Commerzbank analyst Radomir Jac said. 

 ""It can be expected that the positive mood towards the region will continue and the market will try to push the currencies stronger."" 

 Analysts also said the Slovak central bank is likely to have to cut interest rates to stem inflows into the crown due to their high differential with the West, despite an expected surge in 2003 inflation to be caused by utility price and tax hikes. 

 ""The acceleration of inflation will be caused by administrative measures, rather than by demand pressure, so it will be outside of the central bank influence... There will be a certain room to lower the rates, and the room will widen in line with the pace of the crown firming,"" said Jac. 

 The key two-week repo rate is now 8.00 percent, following a 25-basis point cut at the end of October."
Slovak  cbank confirms  intervenes  to weaken crown. ,2002-11-12," BRATISLAVA, Nov 12 (Reuters) - The Slovak central bank said it had intervened directly on the foreign exchange market on Tuesday to weaken the crown (EURSKK=) . 

Central bank Treasury Director Frantisek Szylenyi said the bank started to sell crowns at around 41.120 to the euro, its key reference currency, early in the session. He declined to give volumes used in the intervention. 

 The bank has repeatedly said the crown was overvalued following its rally sparked by a victory of pro-reform parties in September elections and fuelled by the convergence play tied to expectations of Slovakia's entry into the EU. 

 The Slovak unit has consistently hit all-time highs in the past few days, with the last record level being 41.070/100 per euro on Monday."
Slovak  cbank  intervenes  to weaken crown-dealers. ,2002-11-12," BRATISLAVA, Nov 12 (Reuters) - The Slovak central bank intervened directly on the foreign exchange market on Tuesday to weaken the recently surging crown (EURSKK=) , dealers at local banks said. 

 The bank has repeatedly said the crown was overvalued following its rally sparked by a victory of pro-reform parties in September elections and fuelled by the convergence play tied to expectations of Slovakia's entry into the EU. 

 ""The central bank was buying euros directly on the market, they were buying between 41.100-41.200,"" one Bratislava-based trader said."
"Slovak crown in tight range, mkt eyeing trade data. ",2002-10-28,"
    BRATISLAVA, Oct 28 (Reuters) - The Slovak crown
 ended little changed on Monday after moving in a narrow
range during a quiet session as investors awaited the release of
September trade data, dealers said.
    The crown closed at 41.530/560 to its key reference
currency, from 41.480/530 at Friday's close. It ended at
42.290/330 to the dollar after 42.439/534.
    The crown has traded around 41.500 per euro in the past few
days, following the central bank's comments that its recent
sharp rise was unjustified because of the wide foreign trade gap
and that it would intervene if the advance continued.
    The Slovak unit was trading at an all-time high of
41.270/300 per euro prior to the central bank's statements last
Wednesday.
    The statistics office is scheduled to release September
trade data at around 0800 GMT on Tuesday, and the market will
watch whether the figures confirm the deficit-narrowing trend
from the previous three months.



    A Reuters survey of analysts earlier this month showed an
average forecast of a 5.98 billion crown deficit, compared with
a 6.92 billion gap in September 2001.
    ""If the actual number is close to the forecast, it should be
already priced in the market and therefore there shouldn't be a
strong reaction,"" Slovenska Sporitelna trade Juraj Zabadal said.
 
    ""I see the crown moving between 41.400-41.700 to euro in the
next few days.""
    However, dealers said an improvement in the trade gap could



see some players try to push the crown higher in order to test



the central bank's resolve to contain the local unit's advance."
Slovak c.bank knocks crown off record high. ,2002-10-23,"
    BRATISLAVA, Oct 23 (Reuters) - Verbal intervention by the
Slovak central bank pulled the crown down on
Wednesday from the record high versus the euro hit in the
previous session, dealers said.
    The crown closed at 41.580/620 to the euro, its key
reference currency, from 41.300/380 at Tuesday's close. It hit
all-time high of 41.270/330 per euro during Tuesday's session.
The unit was  at 42.620/670 to the dollar, after 42.270/360.
    Central bank governor Marian Jusko said the currency's
recent advance was not consistent with the country's wide trade
deficit and warned the bank was ready to act if the unit rose
further.
    Jusko's afternoon comment reinforced a similar statement by
the bank's monetary policy director Peter Sevcovic early in the
day, who said the crown's firming was a bubble.



    The crown and other central European currencies gained
sharply on Monday on the inflow of new foreign funds into the EU
candidate states after the Irish voted ""yes"" in a referendum on
the EU enlargement treaty.
    The crown has also been benefiting from plans of the new
Slovak government to introduce austerity measures designed to
curb the fiscal deficit.
    ""The central bank statements were not much concrete, and
certainly not surprising... But mainly some foreign players took
it as a signal and started to buy (euros). The highest matched
deal was at 41.680 to the euro,"" said Slovenska Sporitelna
dealer Vladimir Gajdos.
 
    ""Before the end of the session, however, we saw some selling
again, which sent the crown to the closing levels,"" Gajdos said.
    He added he expected the crown to trade within the 41.400



and 41.700 to the euro range in the near future."
UPDATE 2- Slovak  cbank verbally  intervenes  to stem crown rise. ,2002-09-25," BRATISLAVA, Sept 25 (Reuters) - The Slovak central bank intervened verbally on Wednesday to stem the rise of the crown which has gained sharply this week following a victory by pro-reform parties in weekend elections. 

 The crown had jumped by more than three percent against its key reference currency, the euro, since Monday, but central bank governor Marian Jusko said the rise was too sharp, and was unjustified because of Slovakia's wide foreign trade gap. 

 ""I am personally a little bit nervous about the development. There are some reasons for strengthening but what we have seen in the past two or three days is too quick, and too sharp,"" Jusko told journalists. 

 The crown started to firm on Monday on the back of news that four centre-right parties had gained a combined majority in weekend elections and had started talks on a coalition government. 

 Analysts said the new cabinet could be the most pro-reform administration among central European EU candidate countries and that it could move quickly to cut the fiscal deficit, which should keep investors bullish on the Slovak crown. 

 Jusko acknowledged that the foreign trade balance had shown signs of improvement in June and July, but said the still-wide trade shortfall did not justify such a sharp firming in the currency as had occurred over the past few days. 

 ""I am quite optimistic about the trade balance outlook but what is going on on the foreign exchange market now is not justified,"" he said. 

 The trade gap - the main reason behind the bank's cautious monetary policy this year - narrowed slightly on an annual basis from January to July to 48.9 billion crowns, but the central bank still considers it too high. 

 MORE FIRMING SEEN 

 The crown moved slightly weaker on Jusko's comments trading at 41.954/42.004 per euro as of 1455 GMT, compared with a five-month high of 41.860/900 earlier in the day. 

 But traders expect the positive mood to continue in the coming days, and said the market could now try to test whether the central bank is willing to intervene directly to halt the crown's rise. 

 ""I think the trend is for strengthening, and this will probably prevail, maybe with some corrections, in the coming days,"" said Slovenska Sporitelna trader Juraj Zabadal. 

 Jusko declined to disclose a range within which the central bank would like to see the crown moving, and he would not comment on possible direct interventions. 

 ""We will analyse the situation, and we cannot base this just on developments over a few days,"" he said. 

 Some traders said the central bank could enter the market at around the crown's all-time high of 41.500 to the euro."
UPDATE 2- Slovak  cbank verbally  intervenes  to stem crown rise. ,2002-09-25," BRATISLAVA, Sept 25 (Reuters) - The Slovak central bank intervened verbally on Wednesday to stem the rise of the crown which has gained sharply this week following a victory by pro-reform parties in weekend elections. 

 The crown had jumped by more than three percent against its key reference currency, the euro, since Monday, but central bank governor Marian Jusko said the rise was too sharp, and was unjustified because of Slovakia's wide foreign trade gap. 

 ""I am personally a little bit nervous about the development. There are some reasons for strengthening but what we have seen in the past two or three days is too quick, and too sharp,"" Jusko told journalists. 

 The crown started to firm on Monday on the back of news that four centre-right parties had gained a combined majority in weekend elections and had started talks on a coalition government. 

 Analysts said the new cabinet could be the most pro-reform administration among central European EU candidate countries and that it could move quickly to cut the fiscal deficit, which should keep investors bullish on the Slovak crown. 

 Jusko acknowledged that the foreign trade balance had shown signs of improvement in June and July, but said the still-wide trade shortfall did not justify such a sharp firming in the currency as had occurred over the past few days. 

 ""I am quite optimistic about the trade balance outlook but what is going on on the foreign exchange market now is not justified,"" he said. 

 The trade gap - the main reason behind the bank's cautious monetary policy this year - narrowed slightly on an annual basis from January to July to 48.9 billion crowns, but the central bank still considers it too high. 

 MORE FIRMING SEEN 

 The crown moved slightly weaker on Jusko's comments trading at 41.954/42.004 per euro as of 1455 GMT, compared with a five-month high of 41.860/900 earlier in the day. 

 But traders expect the positive mood to continue in the coming days, and said the market could now try to test whether the central bank is willing to intervene directly to halt the crown's rise. 

 ""I think the trend is for strengthening, and this will probably prevail, maybe with some corrections, in the coming days,"" said Slovenska Sporitelna trader Juraj Zabadal. 

 Jusko declined to disclose a range within which the central bank would like to see the crown moving, and he would not comment on possible direct interventions. 

 ""We will analyse the situation, and we cannot base this just on developments over a few days,"" he said. 

 Some traders said the central bank could enter the market at around the crown's all-time high of 41.500 to the euro."
Slovak cbank sold 205 mln euro on  FX  mkt in June. ,2002-07-26," BRATISLAVA, July 26 (Reuters) - The Slovak central bank said on Friday it sold 205 million euros when it intervened in the market to support the ailing crown currency in June. 

 The bank said it intervened because of a sharp depreciation in the Slovak crown against the euro last month. It was its first intervention on the forex market since January 2001 

 It did not disclose intervention levels, but crown was trading at around 45.000 to the euro when the first wave of crown buying came. 

 The bank added it used only direct market intervention - as opposed to verbal intervention - in June and that for the first time it had conducted deals with foreign banks in the course of the action. 

 The crown was trading around 44.47 to the euro and 44.7 to the dollar at 1256 GMT."
"Slovak crown firms, further strength seen limited. ",2002-07-23,"
    BRATISLAVA, July 23 (Reuters) - The Slovak crown



 firmed on Tuesday, but dealers said further strengthening


 would be limited by political uncertainty ahead of September 

 elections and movements in other currency markets. 

     The crown was trading at 44.680/740 to its key reference 

currency the euro, at 0810 GMT, from 44.800/860 late on Monday. 

 It was at 45.090/150 to the dollar, from 44.510/580. 

     Dealers said the market could track the Czech crown 

  , which has eased recently after hitting all 

 time highs against the euro earlier this month. 

     ""So far nothing significant has happened... If the Czech 

 crown stays in a negative mood... it should stop any significant 

 strengthening in the (Slovak) crown,"" said Tatra Banka dealer 

 Boris Somorovsky. 

     ""Everything is in the hands of local customers. because of a 

 lack of impulses, it should stay in a range of 44.700-44.900 

 (per euro)."" 

     The Czech crown weakened slightly against the euro early on 

 Tuesday on continued speculation over possible covert central 

 bank crown-selling intervention through selected banks. 

 Investors often trade the Czech and Slovak pair together. 

     Dealers said political uncertainty ahead of September 

 elections crucial to Slovakia's EU and NATO entry hopes would 

 remain the key driver behind the currency in the longer term. 

     Investors have retreated from crown positions just two 

 months ahead of the vote due to worries that the 

 opinion-poll-leading HZDS party of autocratic ex-Prime Minister 

 Vladimir Mecir could return to power. 

     Meciar was criticised by the West during his 1994-1998 

 administration as undemocratic, corrupt, and chauvinist, and 

 diplomats have said his return would torpedo Slovakia's 

 accession aims. 

     ""We should focus more on polls being released about possible 

 partners for a coalition after the elections in September,"" said 

 Somorovsky. 

     Meciar is expected to win the most votes in the September 

 20-21 polls, but opinion surveys indicate that other parties who 

 have said they will not cooperate with him can block him from 

 forming a government if they join forces."
"Slovak crown opens weaker, seen calm, rangebound. ",2002-07-19,"
    BRATISLAVA, July 19 (Reuters) - The Slovak crown



 was a touch weaker against the euro early on Friday,


 mainly on domestic client activity, and dealers said they 

 expected it to trade calmly but to remain under pressure. 

     The crown was at 44.700/740 to the euro at 0740 GMT, 

 compared with 44.680/730 late on Thursday. It was stronger 

 against the dollar, at the midpoint of 44.040, from 44.385/440. 

     The crown hit a three-year low of 44.940 per euro early on 

 Thursday on heavy hard currency buying by domestic banks, but it 

 later rebounded as foreign banks took profits from their short 

 crown positions. 

     ""We eased a bit early today as a result of a strong 

 overnight euro/dollar performance... Mainly domestic clients 

 were buying (cheap dollars) and some foreign subjects could be 

 seen too,"" said Slovenska Sporitelna dealer Juraj Zabadal. 

     Zabadal said the crown remained under pressure, but he did 

 not expect huge jumps throughout the day. 

     ""The downward trend continues, but I don't think we'll see 

 big jumps. I think the crown will stay within the 44.600/800 

 to-the-euro range today. But we might test the 45.000 level 

 quite soon, maybe within a few days,"" he said. 

 The Slovak unit is now at levels where the central bank

intervened to support it in June. But dealers do not expect the 

 bank to step into the market again as current price movements do 

 not appear to be fuelled by speculative selling. 

     Zabadal also said he did not expect central bank action if 

 the currency continued weakening at its current, slow pace. 

     The central bank has said a range of 44.000-45.000 crowns to 

 the euro is justified by economic fundamentals, but it also 

 warned earlier this week that it was monitoring the unit's 

 movements and would be ready to act in case of sharp jumps. 

 The crown is expected to gradually weaken as Slovakia 

 approaches September elections that will decide whether the 

 country will be invited to join the EU and NATO. 

 The nationalist HZDS party of autocratic ex-premier Vladimir 

 Meciar - which is unacceptable to the EU and NATO - is 

 currently ahead in the polls. But analysts say it increasingly 

 unlikely that it will be able to find partners to form a 

 government."
"Slovak crown eases, seen weaker on cheaper dollar. ",2002-07-16,"
    BRATISLAVA, July 16 (Reuters) - The Slovak crown



 eased slightly against the euro in moderate Tuesday


 morning activity, and dealers said the unit could weaken further 

 as local corporate clients seemed eager to buy cheaper dollars. 

     The crown was quoted at 44.570/600 to its key reference 

currency, the euro, as of 0730 GMT, compared with 44.539/589 

 late on Monday. It was stronger to the dollar, at 44.310/350 

 from 44.325/365. 

     The crown weakened on Monday as domestic companies snapped 

 cheaper dollars following the euro's rise over parity with the 

 greenback. 

     ""We see quite strong bids, and interest in buying hard 

currencies, so we might move towards 44.700 (per euro),"" said 

 Slovenska Sporitelna trader Juraj Zabadal. 

     Dealers said the crown could be also influenced by the Czech 

 unit's moves as the two neighbouring currencies often move in 

 tandem. 

     The Czech crown was slightly stronger versus the euro on 

 Tuesday morning, at 29.300/330, but the market was expected to 

 be volatile as players would keep eyes on the central bank for a 

 possible intervention against the unit's strength. 

     Traders see the Slovak crown moving between 44.500-44.700 

 per euro on Tuesday, and they do not expect the Slovak central 

 bank to step into the market and prop up the unit even though it 

 trades near last intervention levels from end-June. 

     They added the central bank could intervene to stop the 

 crown weakening if it fell quickly to around 45.000 per euro."
Slovak crown up but seen weak as polls approach. ,2002-07-12,"
    BRATISLAVA, July 12 (Reuters) - The Slovak crown



 firmed slightly on Friday and was seen following the


 neighbouring Czech unit, but dealers said room for significant 

 strengthening ahead of September 20-21 elections was limited. 

     The market also played down $2.7 billion the government 

 received on Thursday for the sale of a controlling stake in gas 

 monopoly SPP, as the central bank has agreed to keep the funds 

 off the market in a special account to avoid rocking the crown. 

     Players said although the crown has weakened to near levels 

 that sparked central bank intervention to prop up the currency

 last month, they did not expect further action by the bank 

 unless there was a sharp move weaker. 

     The crown was trading at 44.579/629 to its key reference 

currency, the euro, at 0745 GMT, from 44.630/670 late on 

 Thursday. It was at 45.090/129 to the dollar, from 45.550/850. 

     ""We could be influenced by moves on the euro/Czech. At the 

 moment I think we are in a (easing) channel,"" said Tatra Banka 

 dealer Boris Somorovsky. 

     ""There are more and more signals coming from abroad that the 

 elections will be crucial, so I think at the moment it is not 

 the time to invest in the Slovak crown, because we don't really 

 know what the next government will look like."" 

     Foreign investors have approached the crown with caution 

 ahead of the general elections due to worries that autocratic 

 ex-Premier Vladimir Meciar's HZDS party could retake power, 

 which would sink Slovakia's aim of NATO and EU entry. 

     Meciar currently leads opinion polls with around 25 percent 

 support, but he could be blocked from forming a government if 

 other parties -- who have almost unanimously rejected working 

 with him in power -- join together to create a cabinet. 

     Dealers expected the crown to stay in a tight range from 

 44.500-45.850 in the near term, and they did not expect the 

central bank to intervene unless the weak support level was 

 broken quickly. 

     ""We don't see the central bank coming into the market unless 

 we move very quickly towards 45.000 (crowns to the euro)... this 

 may depend on euro/Czech moves,"" Somorovsky said. 

     The Slovak central bank intervened in several rounds last 

 month to support its unit, which was under pressure due to 

 political and macroeconomic risks, starting to buy crowns at 

 around 44.900 per euro and then continuing propping it up at 

 stronger levels. 

     The Czech central bank said on Thursday that it was ready to 

 act to drive its currency down from recent record highs. The 

 Czech and Slovak currencies often move in tandem."
"Slovak crown flat in quiet trade, expected to ease. ",2002-06-21,"
    BRATISLAVA, June 21 (Reuters) - The Slovak crown



 was virtually flat at the open with no activity on


 Friday, and dealers said it could ease in the near term but were 

 carefully watching the for potential central bank action. 

     The crown was quoted at 44.349/399 at 0755 GMT to its key 

 reference currency, the euro, from 44.366/416 late on Thursday. 

 It was at 45.887/997 to the dollar, from 45.998/032. 

     The crown has eased in recent months due to worries over the 

 fiscal gap and upcoming elections expected to decide whether 

 Slovakia joins NATO and the EU in around 2004. 

     It dropped to three year low to the euro of 44.92 on Monday, 

 sparking intervention by the central bank. The bank came into 

 the market again on Tuesday in a series of interventions that 

 ended with the bank buying crowns at around 44.400 to the euro. 

 ""It's unchanged, no activity... We expect that we will stay 

 in a range of 44.300-44.600, and we could move towards a weaker 

 crown because of demand for forex, which is quite strong,"" said 

 Tatra Banka dealer Boris Somorovsky. 

     ""I don't think the crown should break the 44.300 level and 

 strengthen, I would rather expect it to stay in this range until 

 new impulses or new facts the market can use for further 

 trading."" 

     The bank has said an exchange rate of between 44.000 and 

 45.000 to the euro reflects the performance of the Slovak

 economy, and dealers said they did not expect further 

intervention if weakening came at a slow rate in that range. 

     ""If the weakening is not dramatic, and if it is more or less 

 slow, I don't expect them to intervene. But if it is very 

 illiquid... and there are aggressive moves, they should step in 

 to help the crown,"" said Somorovsky."
Slovak  crown firms on another cbank  intervention . ,2002-06-18,"
    BRATISLAVA, June 18 (Reuters) - The Slovak crown



 firmed against the euro on Tuesday, after the central


 bank intervened early in the session for the second consecutive 

 day to stop unwanted sharp losses to the ailing currency. 

     The crown closed at 44.35/40 to its key reference currency, 

 the euro, from 44.48/52 late on Monday. It was at 46.73/78 to 

 the dollar, from 47.11/17. 

     The currency was on a sharp decline early in the session, 

 and the central bank began to buy crowns at around 44.700, 

 gradually pushing the unit up to 44.300 per euro. 

     ""Nothing big happened after the intervention. We saw a small 

 correction to some 44.46/51 per euro, but then the crown settled 

 at the closing levels,"" said Slovenska Sporitelna dealer 

 Vladimir Gajdos. 

     ""This time, the intervention was pretty agressive... I think 

 the crown will stay between 44.30 and 44.60 on Wednesday, if 

 nothing extraordinary happens,"" he added. 

     Tuesday's intervention by the central bank was the third one 

 in a week. The bank started to support the crown on June 11 with 

 the first direct intervention since January 2001, boosting the 

 crown from around 44.800. 

  The market expects the crown to remain under pressure, as 

 the central bank's intervention policy has evoked speculative 

 trading with the long-term bearish currency. 

     The Slovak unit is expected to see higher volatility with a 

 prevailing weakening tendency ahead of September general 

 elections, which are considered as crucial for deciding whether 

 Slovakia will join the European Union and NATO."
"Emerging  FX - Slovak intervention  buoys crown, zloty dips. ",2002-06-18," LONDON, June 18 (Reuters) - The Slovak crown forged higher against the euro on Tuesday as the central bank intervened to support it for the second day running. 

 Elsewhere, the zloty slipped on market caution ahead of a meeting between the Polish President and central bank members to discuss monetary policy, while the Israeli shekel fell after another Palestinian suicide bomb attack. 

 The Slovak National Bank intervened to defend the crown on Monday and was in the market again on Tuesday, selling euros around the 44.70 crown level . 

 ""We started at around 44.70. I will not say to what level we will continue...(but) we've said we find the 44.50 level as favoured,"" central bank Treasury Director Frantisek Szulenyi told Reuters. 

 Analysts were sceptical on whether the intervention would have any more than a short-term impact on the market. ""The one thing in (the central bank's) favour is that the crown is not a widely followed or traded market,"" said one London analyst. 

 That has helped the crown avoid being targeted for attack by speculators, despite Slovakia running large current account and fiscal deficits, the analyst said. 

 However, pressure on the crown is likely to increase as political uncertainty mounts heading into September's national elections. 

 ""People going to take it very cautiously ahead of the poll...no-one is going to be getting into the market, while people already there will be hedging,"" said Michael Every, emerging markets analyst at Royal Bank of Canada. 

 The nationalist HZDS party, led by the autocratic former Prime Minister Vladimir Meciar are currently ahead in the polls ahead of the September vote. 

 At 0935 GMT, the crown traded at 44.4250 to the euro from 44.52 late on Tuesday and at 46.913 to the dollar from 47.17. 

 ZLOTY EASES 

 The zloty drifted lower ahead of a meeting between Polish President Aleksander Kwasniewski and top central bankers at 1330 GMT to discuss the ongoing dispute between the central bank and the government over interest rates and foreign exchange policy. 

 Kwasniewski has said he would block any attempt by the leftist government to try and dilute the bank's independence, but has also said he sees room for a further rate cut. 

 Another ultra-benign Polish inflation reading on Monday further increased the pressure on the Monetary Policy Council to cut rates again. 

 Polish consumer prices rose 1.9 percent year-on-year in May - a new post-communist record low and down from three percent in April. ""We've seen local corporates pretty active buying euros against the zloty in the past week,"" said one London trader. 

 ""They're not so much worried about a change in the foreign exchange regime, but from intervention or at least stronger words from central bankers."" he added. 

 The zloty traded at 3.8276 to the euro from 3.817 and at 4.044 to the dollar from 4.048. 

 The Israeli shekel fell off recent highs against the dollar after a Palestinian suicide bomber blew himself up on a bus in Jerusalem killing at least 17 people. 

 Israeli Prime Minister Ariel Sharon vowed to fight ""Palestinian terror"" on a visit to the scene. 

 The shekel traded at 4.9320 to the dollar from 4.9240."
UPDATE 2- Slovak  cbank  intervenes  again to boost crown. ,2002-06-18," BRATISLAVA, June 18 (Reuters) - The Slovak central bank (NBS) intervened on the foreign exchange market for the third time in a week on Tuesday, boosting the crown by almost one percent and said it was ready to act again if necessary. 

 The Slovak unit has been under pressure since end-April due to concerns about the government overshooting its budget deficit target and uncertainty ahead of general elections in September. 

 The bank started to support the crown on June 11 with its first direct intervention since January 2001, boosting the currency from around 44.800. 

 It did so again on Monday at 44.920 crowns to the euro, a three-year low and more than eight percent off near all-time highs hit in April, but Tuesday's intervention still appeared to have surprised the market. 

 ""We started at around 44.700. I will not say to what level we will continue,"" Central bank Treasury Director Frantisek Szulenyi told Reuters shortly after the intervention began. 

 Traders said the bank had fought against the continuing downward draught by buying crowns until it managed to push the unit up to around 44.300. The crown traded at 44.430/470 by 1150 GMT, two hours after the last intervention. 

 ""We keep watching (the market) and we're ready to act accordingly to developments,"" said Szulenyi. He declined to give a desired exchange rate level but earlier said 44.5 per euro was a ""favoured level"". 

 The central bank also declined to say how much of its hard currency reserves it had spent to support the crown but dealers estimate the amount to be up to 150 million euros spread over the three interventions. 

 Szulenyi also rejected market speculation that the central bank had been defending the 45.000 level against the euro. 

 The bank has in the past said it has an internal range within which it wants the currency to move, saying the range could move according to economic performance, mainly in the external balance. 

 MORE INTERVENTION SEEN AHEAD 

 Analysts said the NBS would likely be forced to continue intervening to fight off the speculators as September's general elections approach. 

 ""I think they will have to keep acting for maybe another week, if they really want to support the current levels and to beat the speculators. But I don't see it a huge problem, as the market volumes are low,"" said CSOB dealer Richard Brza. 

 Some dealers expect the crown will breach the psychological 45.000 support level ahead of the September 20-21 ballot. 

 The vote will be crucial to Slovakia's hopes to join the European Union and NATO. A victory by autocratic ex-Premier Vladimir Meciar, currently leading in the polls, could hinder Slovakia's integration chances. 

 American and EU officials have repeatedly warned that Meciar's return to power would jeopardise Slovakia's chances for entry into the two institutions. 

 Meciar was accused of backsliding on democratic and economic reforms while he was in power and Slovakia was overlooked when NATO expanded into post-Communist Europe in 1999."
Slovak  c.bank  intervenes  again to boost crown. ,2002-06-18," BRATISLAVA, June 18 (Reuters) - The Slovak central bank said it intervened on the foreign exchange market for the third time in a week and the second day in a row on Tuesday to boost the crown currency. 

Central bank Treasury director Frantisek Szulenyi told Reuters the bank begun to buy crowns at around 44.700 per euro, its key reference currency. The intervention started at a slightly stronger level than the bank's Monday's action at 44.920. 

 ""We started at around 44.700. I will not say to what level we will continue...(but) we've said we find the 44.500 level as favoured,"" Szuleyi said."
Slovak  crown firms after cbank  intervention . ,2002-06-17,"     BRATISLAVA, June 17 (Reuters) - The Slovak crown closed 

 higher against the euro on Monday, after the central bank's 

 direct intervention boosted the unit from its three-year low 

 earlier in the day. 

     The crown closed at 44.480/520 to its key reference 

currency, the euro, from 44.680/740 at Friday's close. It was at 

 47.110/170 to the dollar, after 47.080/130. 

     The crown, currently under pressure due to macroeconomic 

 risks and pre-election uncertainty, fell as low as to 44.920 to 

 the euro at around midday, and prompted the central bank to step 

 into the market for the second time in a week. 

     The bank said it had started to buy crowns at around 44.920, 

 but gave no volumes. Last Tuesday, it was intervening at around 

 44.800 and traders have estimated the first intervention's 

 volume at 50 million euros. 

     ""The central bank added hard currency liquidity to the 

 market, and the London players withdrew,"" one foreign bank 

 dealer said, adding he saw a short-term trading range for the 

 crown at between 44.400 and 44.600 per euro. 

     The Slovak unit is expected to see higher volatility with 

 prevailing weakening tendency ahead of September general 

 elections, which are considered as crucial for deciding whether 

 Slovakia will be invited to join the EU and NATO. 

     ""Currently, the crown has no fundamental reason to rise and 

 (foreign) investors have no reason to run into long 

 crown-positions... I think the unit will remain under pressure,"" 

 said Tatra Banka dealer Boris Somorovsky. 

     The central bank has said it has an internal preferred range 

 for the crown, which can change according to economic 

 fundamentals, and added it steps into the market if it sees 

 unjustified sharp moves rather than to defend the currency at 

 specific levels."
Slovak  cbank confirms  intervening  to support crown. ,2002-06-17," BRATISLAVA, June 17 (Reuters) - The Slovak central bank (NBS) on Monday confirmed it had directly intervened on the foreign exchange market to boost the weakening crown currency, for the second time in one week. 

 NBS Treasury director Frantisek Szulenyi told Reuters the central bank started to buy crowns at around 44.920 per euro - its key reference currency. He gave no volumes for the intervention. 

 The central bank last time intervened to prop up the crown last Tuesday, at around 44.800. 

 ""We saw it (the crown) began to weaken significantly... and quickly, with no fundamental reason,"" Szulenyi said. 

 The bank has said it would intervene to stop sharp fluctuations of the currency, rather than to support a certain level of the crown rate."
Slovak  cbank  intervening  to boost crown - dealers. ,2002-06-17," BRATISLAVA, June 17 (Reuters) - The Slovak central bank (NBS) on Monday directly intervened to support the ailing crown for the second time in as many weeks, dealers said. 

 Traders said the bank stepped into the market and bought crown at around 44.850 to 44.900 versus the euro - its key reference currency. 

 The central bank last time intervened to prop up the crown last Tuesday, at around 44.700/800 to the euro. 

 The crown has been under pressure for weeks due to macroeconomic risks and pre-election uncertainty, and the move was accelerated early this month when bearish central bank comments sent the unit down by more than one percent from 43.86/92."
Slovak crown firms on better-than-expected Q1 GDP. ,2002-06-13,"     BRATISLAVA, June 13 (Reuters) - Better-then-expected 

 Slovakian economic growth data for the first quarter of 2002 

 helped the Slovak crown to firm versus the euro 

 early on Thursday, but dealers said the outlook remained 

 uncertain. 

     The crown, which has been under pressure due to fiscal and 

 trade balance risks, was at 44.480/520 to its key reference 

currency, the euro, at around 0840 GMT, from 44.510/570 late on 

 Wednesday. 

     It was at 47.150/200 against the dollar, from 47.130/200. 

     The Slovak central bank directly intervened to support the 

 crown on Tuesday after the unit hit 44.800 per euro, its weakest 

 level since summer 1999. 

     The intervention boosted the currency, but dealers said 

 afterwards they saw persistent pressure -- mainly from domestic 

 corporate clients -- which threatened to push the unit back to 

 weaker levels soon. 

     Early on Thursday, the Slovak Statistics Office said the 

 country's GDP grew a real 3.9 percent, year-on-year, in the 

 January-March period, the same annual rise as in the last 

 quarter of 2001. 

     A Reuters survey of analysts earlier this week showed the 

 market predicting a real annual increase of 3.4 percent. 

     ""The GDP data were good and perhaps it helped to boost the 

 crown a bit. We were about to go to around 44.600 (to the euro) 

 early in the morning, but then the trend turned around, to the 

 current levels,"" said Slovenska Sporitelna dealer Miroslav 

 Morhac. 

     Morhac said the unit was boosted by both domestic and 

 foreign players. 

     ""Domestic clients appear to show some confidence to the 

 crown again, as they were already also selling (foreign 

 exchange),"" he said. 

     He added, however, it was hard to predict how strong the 

 current bullish mood was. The Slovak unit has been widely 

 expected to come under pressure again as the country moves 

 closer to general elections, scheduled for September."
"Emerging  FX -Turk Lira at new 2002 lows,Slovak crown calms. ",2002-06-12," LONDON, June 12 (Reuters) - The Turkish lira took another hit on Wednesday, dropping to new seven month lows against the dollar on growing fears that Turkey's governing coalition is in danger of collapse. 

 Elsewhere, the Slovak crown steadied at higher levels after intervention-inspired gains on Tuesday, with the main emerging European currencies generally trading with a subdued tone. 

 The lira fell around one-and-a-half percent against the greenback following comments from nationalist Deputy Prime Minister Devlet Bahceli on Tuesday, in which he renewed his warning that the government could collapse. 

 ""The key question is whether all these political manoeuvrings undermine the IMF (International Monetary Fund) programme,"" said Gregory Kronsten, emerging markets analyst at WestLB. 

 ""On the face of it they don't, but if market confidence evaporates and everyone heads for the door then it could cause problems,"" he added. 

 Bahceli's main gripe is over sensitive political reforms aimed at meeting European Union entrance criteria. He accused his two coalition partners of portraying his party (the MHP) as a force blocking the country's progress towards EU entry. 

 But the biggest threat to the coalition remains the health of Prime Minister Bulent Ecevit. Analysts fear that if he is forced to stand down it could be the trigger for early elections. 

 Ecevit appeared in public on Sunday, for the first time in over a week, but said he still needed a few more weeks to recover from the string of ailments that hospitalised him last month. 

 At 1000 GMT, the lira traded at 1,529,000 to the dollar on the interbank market from 1,510,000 at Tuesday's close. 

 SLOVAK CROWN CALMER 

 The Slovak crown settled at higher levels after Tuesday's intervention-inspired gains, with local dealers saying the central bank's action was likely to set a floor for the crown in the near term. 

 The crown traded at 44.54 to the euro up from Tuesday's intervention level of 44.80. 

 Meanwhile, tension between politicians and central banks in the region continued to simmer. 

 In Hungary, the central bank said a government plan to set up a supervisory body at the bank was at odds with its independence and EU practice. 

 The new cabinet, which took power last month, submitted a proposal to parliament on Tuesday to amend the central bank law and set up a committee to supervise its operations, but not monetary policy. 

 ""It's not so much the supervisory body as the government's interference on exchange rate policy that really concerns the central bank,"" said Natalia Gurushina, emerging markets analyst at Deutsche Bank. 

 ""The worry is that (the committee) will be used as a conductor through which the government can influence policy,"" she added. 

 The bank has been at odds with the new government on inflation and exchange rate policy, with the latter keen to dampen forint strength that it believes is dragging on exports and growth. 

 A similar debate is going on in Poland, where the government has called for a shift in exchange rate policy in order to weaken the zloty. 

 So far Poland's central bank has stood firm in opposing a shift - policy cannot be changed without its approval. 

 Bank Governor Leszek Balcerowicz believes lax fiscal policy lies at the root of zloty strength, with a bloated budget deficit drawing in portfolio capital. 

 He repeated on Wednesday his call for the government to curb the budget deficit next year to help cap the Polish unit's strength."
"Slovak  crown up as cbank  intervenes , seen stable. ",2002-06-11,"
    BRATISLAVA, June 11 (Reuters) - The Slovak crown



 reversed a six-week decline on Tuesday after the central


 bank intervened to support the ailing currency and dealers said 

 they expected the unit to stabilise near term. 

     The crown, which touched the 44.800 level earlier in the 

 session closed at 44.430/460 to its key reference currency, the 

 euro, unchanged from late on Monday. It ended firmer against the 

 dollar at 47.130/180 versus Monday's 47.230/270. 

     The central bank intervened and sold euros when the crown 

 traded at around 44.800, its weakest level since summer 1999, 

 and the action drove the unit up in the afternoon trading. 

     The bank's Treasury Director Frantisek Szulenyi told Reuters 

 the intervention, the first since January 2001, was triggered by 

 the crown's sharp decline earlier on Tuesday. 

     He would not disclose the amount of hard currency used in 

 the intervention but traders estimated the total volume was 

 around 50 million euros. 

     ""The strongest point was 44.250, but part of the move was 

 caused by stop-losses of those who were playing on further 

 weakening... Domestic importers then bought relatively cheaper 

 hard currencies,"" said Robert Hakszer of CSOB bank. 

     Dealers said the central bank's intervention should put a 

 near-term floor on the crown but most market watchers predict a 

 gradual depreciation in longer term, mainly due to the expected 

 uncertainty ahead of important general elections in September. 

 The central bank has in the past said it has an internal 

 corridor within which it wants the crown to move, saying the 

 range could move according to economic development, mainly in 

 the external balance. 

 Dealers said the central bank had now shown that the lower 

 end of its target range for the crown could be around 

 44.800-45.000, predicting no further market attempts to break 

 those levels in the near future. 

 They expect the crown to trade in a narrow range of 

 44.200-44.600 in the coming days."
"Emerging  FX - Intervention  boosts  Slovak  crown, shekel soft. ",2002-06-11," LONDON, June 11 (Reuters) - The Slovak central bank intervened to defend the crown on Tuesday, acting on recent verbal warnings that its recent fall had been too rapid. 

 Elsewhere, the Israeli shekel dropped back close to last week's record lows against the dollar as Israeli forces extended their forays into Palestinian areas in the West Bank. 

 The Slovak central bank confirmed it had entered the market to bolster the weak crown at the 44.80 level to the euro , triggering a jump of around 0.7 percent. 

 ""Its not a huge surprise because they warned verbally last week, but whether it will prove that successful is another question,"" said Adam Slater, emerging markets analyst at Credit Agricole Indosuez. 

 The central bank's Treasury Director Frantisek Szulenyi told Reuters last Thursday that the bank would react if the crown continued to show daily falls of one percent or more. 

 ""Its a thin market and the central bank has traditionally been able to exercise some control. But the fundamentals still look pretty weak...I suspect this may not be the way to burst the speculative bubble that has developed,"" said Slater. 

 Other analysts said they were surprised the intervention came this week, with volatility not as great as it had been the previous week. 

 ""I think it would be dangerous for the bank to be targeting a specific level with elections coming up, it would be better to stick to the line that it is volatility that worries them,"" said Jeff Gable, emerging markets analyst at Deutsche Bank. 

 Gable said intervention was a high-risk game given the danger of speculative outflows in the run up to national elections in September. 

 Investors are worried about the prospect of authoritarian ex-Prime Minister Vladimir Meciar's HZDS party winning power - they currently lead in the polls. 

 At 0940 GMT the crown traded at 44.34 to the euro from 44.67 late on Monday and at 46.86 to the dollar from 47.16. 

 SHEKEL RESUMES SLIDE 

 Fresh Israeli raids in the West Bank kept up the tension in the region and helped put the shekel back on the defensive on Tuesday, after it bounced the previous day following a Bank of Israel rate hike. 

 Analysts said the central bank looked to be trying to halt the shekel's slide at around the five level against the dollar and did not rule out another near-term rate hike. 

 ""The clear interpretation is that the central bank has drawn a line in the sand at five and is prepared to respond with further intra-meeting moves if required,"" said Alex Garrard, emerging markets analyst at UBS Warburg. 

 ""There was no data between the last two rate hikes, but its likely that the central bank had some insight into how inflation was shaping up for May,"" he added. 

 The bank is worried about the inflationary implications of the shekel's fall over 11 percent so far this year. 

 Consumer prices jumped by 1.5 percentage points in April, for a cumulative rise of 3.9 percent since the start of the year - already above the government's target of two-to-three percent for the year. 

 The shekel traded at 4.9720 to the dollar from 4.9550 late on Monday. 

 Elsewhere, the forint showed little reaction to another positive inflation reading. Hungarian May consumer price inflation eased to an annual rate of 5.6 percent, from 6.1 percent in April, in line with expectations."
UPDATE 2- Slovak  cbank  intervenes  to prop up crown. ,2002-06-11," BRATISLAVA, June 11 (Reuters) - The Slovak central bank intervened on the foreign exchange market to support its hard-pressed currency for the first in more than a year on Tuesday, driving the crown up against the euro. 

 The market expects the central bank's action to stabilise the crown in the medium term, but dealers were quick to say that the unit was still likely to come under pressure in the run-up to a crucial general election in September. 

 The central bank made good on its threat last week to directly intervene, stepping into the market by selling euros when the crown fell to 44.800 to the single currency, its lowest level since the summer of 1999. 

 The bank's Treasury Director Frantisek Szulenyi told Reuters the intervention, the first since January 2001, was triggered by the crown's sharp decline earlier in the session. 

 He refused to comment on market speculation that the bank would not let the crown drop below 45.000 versus the euro. 

 ""I said sometime ago that we will act if the crown continues to weaken sharply... today's move was too quick, there were some deals done at 44.900,"" Szulenyi said. 

 He would not disclose the amount of hard currency used in the intervention but traders estimated the total volume was around 50 million euros. 

 ""The bank wanted to prevent the crown from testing 45.000, which seemed likely after morning stop-losses. I think we should see stabilisation now, between 44.300-44.600,"" said Tatra Banka trader Boris Somorovsky. 

 The crown has been on a downward path since the end of April when concerns about widening fiscal and trade gaps knocked it off all-time highs of 41.400 versus the single currency. 

 By 1300 GMT the crown was trading at 44.470/525 against the euro compared with Tuesday's 44.280/330. 

 PRE-ELECTION PRESSURE 

 The bank's intervention should put a near-term floor on the crown but most market watchers expect a gradual depreciation in longer term. 

 The central bank has in the past said it has an internal corridor within which it wants the crown to move, saying the range could move according to economic development, mainly in the external balance. 

 ""The macroeconomic situation has not changed, so the market will wait for more data, like foreign trade, to judge the fundamentals,"" said a Bratislava-based trader at a foreign bank. ""The central bank showed its target now, so 44.800-45.500 per (euro) would be considered as intervention level for some time. But, we will check the 45.000-per-euro level again before the elections,"" he said. 

 September elections will be crucial for deciding on Slovakia's invitation to join the European Union and NATO, as a victory of autocratic ex-Premier Vladimir Meciar, currently leading the polls, is likely to impede integration chances. 

 United States and EU officials have repeatedly warned that Meciar's return to power would jeopardise Slovakia's chances for entry into the NATO and the EU because of undemocratic policies he pursued during his previous term as prime minister which ended in 1998."
Slovak  cbank confirms  intervention  to support SKK. ,2002-06-11," BRATISLAVA, June 11 (Reuters) - The Slovak central bank (NBS) on Tuesday confirmed it had directly intervened on the foreign exchange market to prop up the sagging crown currency. 

 NBS Treasury director Frantisek Szulenyi told Reuters the central bank sold euros for crowns at around 44.800. He gave no volumes for the intervention. 

 The central bank last time intervened to prop up the crown in January 2001. At 0847 GMT, the crown was trading at 44.46/00. 

 ""I said sometime ago that we will act if the crown continues to weaken sharply...today's move was too quick, there were some deals done at 44.900,"" he said. 

 The crown has been under pressure in the past few weeks due to macroeconomic risks and pre-election uncertainty, and the move accelerated last week when bearish central bank comments sent the unit down by more than one percent from 43.86/92."
Slovak  cbank  intervening  to boost crown - dealers. ,2002-06-11," BRATISLAVA, June 11 (Reuters) - The Slovak central bank (NBS) on Tuesday was directly intervening on the foreign exchange market to prop up the ailing crown currency, dealers said. 

 Traders said the bank stepped into the market and sold euro - its key refernce currency - when the Slovak unit traded at around 44.700/800. The central bank last time intervened to prop up the crown in January 2001. After the intervention the crown was at 44.450/520. 

 ""The NBS was in the market, they were selling euros at around 44.800,"" one dealer said. Another said he sold crowns at 44.700 to the central bank. Neither commented on volumes. 

 The crown has been under pressure in the past few weeks due to macroeconomic risks and pre-election uncertainty, and the move accelerated last week when bearish central bank comments sent the unit down by more than one percent from 43.86/92."
UPDATE 2-Slovak cbank says will act if crown falls further. ,2002-06-06," BRATISLAVA, June 6 (Reuters) - The Slovak central bank intervened verbally on Thursday to prevent further falls in the edgy crown and said it would step directly into the market to support the currency if its recent sharp decline went on. 

 Unlike other east European currencies which have gained on foreign inflows linked to confidence in their joining the EU, the Slovak crown has weakened due to worries over widening budget and foreign trade gaps and political uncertainty. The crown's decline accelerated on Wednesday and Thursday, with the unit hitting 18-month lows. 

Central Bank Governor Marian Jusko's comments on Wednesday that he welcomed the recent shift to weakening from an uptrend earlier in the year sparked a sell-off. 

 The unit briefly rebounded on Thursday after the bank's treasurer said the market's reaction was overdone and that more depreciation would not be justified by economic fundamentals. 

 ""If this continues, and we see more daily falls of, say, one percent, then we will obviously react. But I will not say any concrete level,"" Central Bank's Treasury Director Frantisek Szulenyi told Reuters in a brief telephone interview. 

 Market players said the central bank may soon need to make good on its direct intervention threat if it wanted to hold the crown steady. The currency is expected to remain nervous and prone to slide ahead of key September elections. 

 On Thursday Slovakia set September 20-21 as the date for the general election which will effectively decide if the country enters NATO and the European Union alongside its neighbours and if economic reform continues or stalls. 

 A return to power by authoritarian ex-premier Vladimir Meciar, whose party leads in the polls, would scupper Slovak chances of winning a NATO membership invitation at the Prague summit in November and leave the country isolated. 

 DOWNSIDE PRESSURE 

 The crown traded at around 44.43/47 to its key reference currency, the euro, shortly before Szulenyi's comments, compared with levels of 43.86/92 before Wednesday's statements by Jusko. 

 ""The current level of the crown corresponds to economic fundamentals, and to the performance of the economy... I think the crown should now stabilise at around the present rates,"" Szulenyi said. 

 ""It looks like we will go higher again (crown easing). The market might try to push it further, and we can soon test 44.50 (per euro),"" said Slovenska Sporitelna trader Vladimir Gajdos. 

 Some foreign players would be tempted to try to find the central bank's intervention level by pushing the crown weaker. ""The trend is clear. I don't think that anyone will come to this atmosphere and build crown positions,"" one foreign bank dealer said. 

 ""The elections are coming, and the uncertainty is the reasons for buying (hard currencies). We are in a completely different situation from the Czechs,"" he added. 

 Analysts said the central bank might have wanted a weaker crown but it underestimated the market's sensitivity and may need to spend some reserves to prevent further decline. 

 ""Everybody was expecting crown weakening before elections. But this is not the elections, this looks like a wish of the central bank, though executed in a little bit unfortunate way,"" said VUB bank analyst Pavol Popp. 

 A falling crown could help Slovakia's trade deficit, which was one of the reasons given for a rate hike in April. Some analysts also said that a weaker currency will mean more crown income from privatisation deals."
"Slovak crown opens flat, may ease later. ",2002-04-15,"
    BRATISLAVA, April 15 (Reuters) - The Slovak crown



 was flat early on Monday, with dealers saying the unit


 might rather ease later in the day, on the expected slide of the 

 Czech currency. 

     The Slovak crown, which has been driven by the rallying 

 Czech unit in the past few weeks, was at 41.43/48 to its key 

 reference currency, the euro, from 41.43/47 late on Friday. It 

 was at 47.01/06 to the dollar, from 47.10/14. 

     ""We're closely watching the Czech (unit), which at the 

 moment trades just above the figure (30.00 to the euro). The 

 market tends to see it (the Czech crown) easing rather than 

 firming today. If so, I think we're going to move that direction 

 too,"" said ING dealer Marian Tatar. 

     However, Tatar said no trading could have been seen on the 

 Slovak market since the open. 

  ""The market is pretty flat. There are some bids hanging at 

 around 41.45 (to the euro), but no movement was seen so far."" 

     He added he saw the crown trading within a range of between 

 41.45 and 41.51 to the euro throughout the day. 

     Last week, the Slovak crown hit its all-time highs, driven 

 by the bullish Czech currency, but retreated from the levels on 

 Friday. 

     The crown briefly touched 41.33/37 to the euro early on 

 Friday, but some investors took profit from the crown's recent 

 uptrend, pushing it weaker at the close of the day. 

     The Slovak crown, which has gained over three percent this 

 year, has followed the neighbouring Czech crown as some 

 investors play the two currencies together and others hedge 

 their euro exposure through the Czech/Slovak pair. 

 The Czech central bank intervened twice in as many weeks to 

 knock its currency down, but it has so far failed to weaken it 

 substantially from record highs of around 30.0 to the euro. 

 Dealers do not expect the Slovak central bank to step into 

 the market to weaken the crown soon, with some saying the market 

 will watch 41.00-per-euro as a possible intervention level."
"Slovak crown off record highs, seen stronger again. ",2002-04-12,"
    BRATISLAVA, April 12 (Reuters) - The Slovak crown



 closed flat on Friday after retreating from all-time


 highs in morning trading, but dealers said a bullish mood on the 

 Czech currency was likely to push it up again. 

     The Slovak crown, which has been driven by the rallying 

 Czech unit in the past few weeks, closed at 41.43/47 to its key 

 reference currency, the euro, unchanged from late on Thursday. 

 It was at 47.10/14 to the dollar, from 46.94/99. 

     The crown briefly touched 41.33/37 to the euro on Friday, 

 but some investors took profits from the crown's recent uptrend, 

 pushing it weaker at the close of the day. 

     ""I think the Czech (crown) will strengthen further, which 

 should also influence us again... We are still seeing bids (to 

 sell hard currencies) both on the Czech and Slovak,"" said ING 

 bank trader Zuzana Rafajova. 

     The Slovak crown, which has gained over three percent this 

 year, has followed the neighbouring Czech crown as some 

 investors play the two currencies together and others hedge 

 their euro exposure through the Czech/Slovak pair. 

     The Czech central bank intervened twice in as many weeks to 

 knock its currency down, but it has so far failed to weaken it 

 substantially from record highs of around 30.0 to the euro. 

  Dealers do not expect the Slovak central bank to step into 

 the market to weaken the crown soon, with some saying the market 

 will watch 41.00 per euro as a possible intervention level."
Emerging  FX -Venezuelan bolivar steady on Chavez ousting. ,2002-04-12," LONDON, April 12 (Reuters) - The Venezuelan bolivar showed held steady in Europe after Friday's confirmation that president Hugo Chavez had resigned, having jumped against the dollar on Thursday as the pressure on him mounted. 

 Elsewhere, the Czech crown fell from record high levels against the euro following verbal intervention from the central bank governor, while the Turkish lira hit new nine-month highs versus the dollar on growing optimism on the domestic economy. 

 The bond market cheered Chavez's departure but dealers say it may not be an unequivocal positive for the currency given it is also likely to bring oil prices down, one of Venezuela's main revenue sources. 

 The bolivar hit two-month highs against the dollar on Thursday as another mass anti-Chavez demonstration upped the pressure on the unpopular president. 

 Venezuela's armed forces chief Lucas Rincon appeared on national television on Friday to confirm that Chavez had resigned following the demonstration in Caracas, in which at least 10 people died and over 80 were injured. 

 ""There's almost a sense of euphoria in the markets, with the view taking hold that Venezuela is now back in the real world and can move forward,"" said Peter West, chief Latin American economist at BBVA Securities in London. 

 ""However, once that euphoria dies down we are likely to enter a period of reflection and it's far from clear what comes next,"" he added. 

 One of the main factors keeping Chavez in office was the lack of a clear alternative and analysts said that a period of uncertainty was now likely to ensue until elections can be held. 

 Pedro Carmona, the head of Venezuela's leading business association, Fedecamaras, said he would head a transition government that would lead to free elections. 

 Dealers in London said there had been little trade in the bolivar despite the news, the unit is sparsely traded in Europe. 

 The recent rally in crude prices had been inspired in part by a six-week oil workers' strike in Venezuela, and prices immediately came under pressure as news of Chavez's ousting emerged. 

 At 0925 GMT the bolivar traded at 850 to the dollar . 

 VERBAL INTERVENTION DENTS CROWN 

 The Czech crown was brought down from earlier record highs below 30 to the euro as Czech National Bank governor Zdenek Tuma pledged to continue efforts to weaken the currency. 

 The crown eased as the market latched on to an opinion article in the business daily Hospodarske Noviny, in which Tuma said the bank's policy would aim to deflate what he called an ""exchange rate bubble"" that could be dangerous for the country's economic stability. 

 However, dealers increasingly see the central bank as losing credibility in its efforts to slow down the crown's appreciation, with two interventions within a week failing to stop the currency hitting fresh record highs. 

 ""The central bank is out the picture. They say there is no fundamental reason for the crown to be here, but if you look at the amount of portfolio inflows there is a every reason,"" said one London dealer. 

 ""I would say there are good fundamental reasons why people want to buy Czech companies,"" he added. 

 The dealer said the market was probably now getting over-stretched on the upside and that players would be looking to take profits. However, he added that any weakness was likely to be short-lived. 

 The crown traded at 30.11 to the euro from 30.04 and at 34.195 to the dollar from 33.97. The Slovak crown followed its Czech counterpart to record highs against the euro around early on, before being pegged back. 

 Strong foreign investment inflows are also buoying the Slovak unit, but the central bank has been more relaxed about its rise. 

 Slovak central bank Treasury Director Frantisek Szulenyi told Reuters on Thursday that the bank had no plans to intervene at current levels. 

 The Slovak crown traded at 41.442 to the euro from 41.42 and at 47.08 to the dollar from 46.94. 

 The Turkish lira extended its rally up to nine-month peaks against the dollar on growing optimism over the domestic economic outlook. 

 An upbeat central bank survey on Thursday raised hopes that an annual inflation target of 35 percent for 2002 would be met, and boosted hopes for further rate cuts. 

 The lira traded at 1,282,500 to the dollar on the interbank market from 1,292,000 at Thursday's close."
"Slovak crown hits record highs, c.bank unmoved. ",2002-04-11,"
    BRATISLAVA, April 11 (Reuters) - The Slovak crown



 matched an all-time high against the euro on Thursday,


 and dealers said its path following the strong Czech crown could 

 possibly lead to further gains in the near term. 

     They added that comments from the Slovak central bank (NBS) 

 indicated that there would be no intervention against the Slovak

 crown to knock the unit weaker from the current levels. 

     The Slovak crown hit 41.45 against the euro at around midday 

 in medium-to-low trading volumes, matching an all-time high hit 

 exactly two years ago on April 11, 2000. 

     It closed quoted at 41.42/48 to its key reference currency, 

 the euro, from 41.54/79 late on Wednesday. It was at 46.93/99 to 

 the dollar, from 47.24/28. 

     ""We are still following the Czech crown. There was an 

 all-time high on the Czech crown (against the euro), and the 

 reaction on the Slovak was the same,"" said CSOB dealer Richard 

 Brza. 

     ""I thought that 41.5 (Slovak crowns per euro) was a good 

 support, but it broke... I don't know where the bottom could be, 

 but 41.2 or 41.3 could be a good support. 

     Dealers said the Slovak crown could range between 41.3-41.8 

 to the euro in the near term. 

Central bank Treasury Director Frantisek Szulenyi told 

 Reuters on Thursday the bank had no plans to intervene against 

 the crown at current levels, despite a battle in the 

 neighbouring Czech foreign exchange market, where that country's 

central bank has so far unsuccessfully tried to knock its unit 

 off of record highs. 

 Althought the Czech central bank has intervened against the 

 Czech crown twice in the last two weeks, the currency broke 

 through the 30.0 per euro level for the first time in Thursday's 

 session. 

 The Slovak central bank does not see the Slovak crown's 

 strength as having negative effects on the economy at present, 

 partially due to its relative weakness against the very strong 

 Czech unit, which is what is used to pay for a large part of 

 Slovak exports. 

 The two currencies often move in tandem as dealers hedge 

 euro positions through the Czech/Slovak pair."
"Slovak crown slightly up, seen testing key level. ",2002-04-11,"
    BRATISLAVA, April 11 (Reuters) - The Slovak crown



 opened slightly firmer, moving closer to all-time


 highs against the euro on Thursday morning, with dealers saying 

 it could test a key resistance level soon. 

     The crown traded at 41.50/53 to the euro as of 0730 GMT, 

 after 41.54/59 late on Wednesday. It was at 47.13/19 to the 

 dollar, from 47.24/28. 

     The Slovak crown has been influenced mainly the Czech 

currency in the past few weeks, which had repeatedly jumped to 

 new record highs before the Czech central bank intervened last 

 week and on Wednesday to knock the unit weaker. 

     ""The Slovak crown's reaction to yesterday's (Czech) 

intervention was not so strong, so it looks that people think 

 the Slovak could firm further,"" said one foreign bank trader. 

     ""The 41.50 (Slovak/euro) level will be a strong level, but I 

 think it could break eventually."" 

     Some traders said the market will watch whether the Slovak 

central bank takes some action against the crown when it moves 

 closer to the all-time high of around 41.45 to the euro. 

     However, several dealers said the central bank's comments on 

 Tuesday that the crown's strength was not hurting the economy 

 could indicate that the bank did not intend to step into the 

 market."
"Slovak crown steady, seen testing stronger levels. ",2002-04-10,"
    BRATISLAVA, April 10 (Reuters) - The Slovak crown



 hovered near two-year highs against the euro on


 Wednesday morning, with dealers saying the unit could test 

 slightly stronger levels if the Czech crown firms further. 

     The Slovak crown was at 41.52/57 to the euro as of 0730 GMT, 

 slightly stronger from 41.54/59 late on Tuesday. It stood at 

 47.06/12 to the dollar, after 47.37/44. 

     The Slovak crown has in the past few weeks mostly followed 

 the neighbouring Czech currency, which trades around all-time 

 highs of around 30.10 per euro, as investors tend to hedge their 

 euro exposure through the Czech/Slovak pair. 

     ""I think we could test 41.50 (per euro) if the Czech central 

 bank does not take any action and the Czech crown firms 

 further,"" said a bank trader in Bratislava. 

     ""But I don't think any further firming (of the Slovak crown) 

 should be either very fast or significant, as we have already 

 seen what appeared to have been client orders to buy euros when 

 it (the Slovak crown) was at around 41.49/54."" 

     The Czech central bank intervened to weaken its surging 

currency last week and dealers said further intervention, or 

 lack of it, will also set the direction for the Slovak crown in 

 the near future. 

     Dealers said they did not expect the Slovak central bank to 

intervene on the market to slow the crown's appreciation given 

 comments on Tuesday that the present strength of the currency

 was not hurting the economy. 

     The  Slovak central bank has repeatedly said it will only 

 step into the market if it sees sharp volatility rather than 

intervene against specific crown levels."
"Slovak crown at two-year high, upside seen tight. ",2002-04-09,"
    BRATISLAVA, April 9 (Reuters) - The Slovak crown



 firmed to two-year highs on Tuesday on the back of


 record highs reached by the neighbouring Czech crown and 

 positive comments from the Slovak central bank, dealers said. 

 But the market sees limited room for further gains as it 

 expects local clients to begin picking up cheap euros at 

 slightly stronger levels. 

     The crown was trading at 41.54/59 late on Tuesday to its key 

 reference currency, the euro, from 41.67/70 late on Monday. It 

 was at 47.37/44 to the dollar, from 47.65/79. 

     ""The Slovak crown strengthened. The main impetus for this 

 was a strong firming in the Czech crown against the euro. It 

 reached its highest level against the euro ever,"" said Tatra 

 Banka dealer Boris Somorovsky. 

     ""We are approaching an all-time high, which is around 41.5 

 (Slovak crowns to the euro). There might be tries in the next 

 session, maybe tomorrow, to test this level, but if the crown 

 strengthens past that, it would be just for a short time, and I 

 would expect orders to buy cheap euros above these levels."" 

     The Czech crown hit an all-time high of 30.05/08 to the euro 

 before retreating on Tuesday to close lower, erasing the impact 

 of intervention by that country's central bank last week. The 

Slovak crown often tracks its more-heavily-traded neighbour. 

     The Slovak crown last touched 41.5 to the euro in early 

 2000, prompting repeated intervention from the Slovak central 

 bank (NBS) to knock it weaker. 

     But dealers said they were now not worried about central 

 bank action after NBS Vice Governor Elena Kohutikova said 

 earlier in the day that the strong crown was not hurting the 

 economy. 

     Traders also said such a move at this level would be very 

 expensive for the central bank which would have to expect much 

 more room to firm to justify buying crowns. 

     ""To buy such expensive crowns would mean the expectations of 

 strengthening is much stronger than the 41.500 (to the euro) 

 level,"" Somorovsky said."
Slovak cbank says strong crown not hurting economy. ,2002-04-09," BRATISLAVA, April 9 (Reuters) - Slovak central bank (NBS) Vice Governor Elena Kohutikova said on Tuesday that the recent firming of the crown currency, which is near two-year highs, would not hurt the economy, now burdened by a wide trade gap. 

 ""We are seeing a market trend for crown strengthening, rather than weakening at the moment... but the strengthening is not such that would endanger the performance of the economy,"" Kohutikova told a conference in Bratislava. 

 The Slovak crown firmed slightly to 41.60/66 against its key reference currency, the euro, on Tuesday, nearing the two-year high level of 41.5 crowns. In May 2000 the Slovak central bank intervened in the foreign exchange market and sold the crown when it touched the 41.5 level versus the single currency."
"Slovak crown up slightly, seen in range. ",2002-04-09,"
    BRATISLAVA, April 9 (Reuters) - The Slovak crown



 edged up on Tuesday in quiet trade and dealers said it


 would likely remain in a near-term tight range as investors kept 

 an eye on the Czech crown. 

 The Czech and Slovak currencies often move in tandem, as 

 dealers hedge euro exposure through the Czech/Slovak pair. 

     By 0725 GMT the Slovak crown was trading at 41.63/69 versus 

 its key reference currency, the euro, from 41.67/70 late on 

 Monday. It was at 47.63/68 against the dollar from 47.65/79. 

     ""The Slovak crown strengthened a little bit. We broke the 

 41.70 (crowns to the euro) support level. We've only seen some 

 local banks selling euro against the crown and the move was not 

 sharp or quick,"" said CSOB dealer Richard Brza.. 

     ""It's been quiet trading for the last few weeks. I think the 

 next support could be around 41.50, but I don't think we'll go 

 there for the next week. The top for the next few weeks will be 

 41.80."" 

     Dealers said that the Slovak crown would probably ease if 

 the Czech central bank intervened to dampen demand for that 

currency again, as it did last week, to prevent it from pushing 

 too high. 

     They added any medium-term advance by Slovak crown was seen 

 limited as foreign players were expected to remain cautious 

 ahead of September elections seen crucial to Slovakia's entry 

 into the European Union and NATO."
"Slovak crown steady in calm trading, eyes on Czech. ",2002-04-08,"
    BRATISLAVA, April 8 (Reuters) - The Slovak crown



 was only slightly changed in listless trading on


 Monday, and a lack of domestic impulses left the Czech unit's 

 developments the only moving factor for the Slovak currency. 

     The Slovak crown was quoted at 41.67/70 to its key reference 

currency, the euro, late on Monday, after 41.69/75 at Friday's 

 close. It was at 47.65/79 to the dollar, from 47.40/47. 

     ""We've seen very few deals today. There was no clear trend 

 on the Czech either, so we'll keep waiting,"" said ING Bank 

 trader Zuzana Rafajova. 

     The Slovak crown has mostly followed the Czech crown's moves 

 in the past few weeks as investors like to hedge their euro 

 exposure through the Czech/Slovak pair. 

     The Czech central bank intervened on the forex market to 

 knock its currency off record highs last week and dealers said 

 the market was now divided on whether to try and push it 

 stronger again. The Czech crown was at 30.76/78 to the euro late 

 on Monday 

     The Slovak crown did not react to Monday's release of 

 better-than-expected consumer price inflation data, which showed 

 the annual core and headline rates at 2.7 and 3.6 percent, 

 respectively, both all-time lows. 

     Dealers said the Slovak corporate flows appeared to be well 

 balanced at present, and they predicted the Slovak crown to move 

 in a tight range of 41.65-41.75 for the near future, barring any 

 unexpected large company order."
"Slovak crown opens flat, seen following Czech. ",2002-04-08,"
    BRATISLAVA, April 8 (Reuters) - The Slovak crown



 opened flat on Monday, shrugging off


 better-than-expected inflation data, as investors kept an eye on 

 the neighbouring Czech crown for further direction, dealers 

 said. 

    They said the Slovak market was closely watching to see 

 whether the Czech central bank (CNB) would continue to intervene

 to knock that country's currency lower, as it did last Thursday 

 after the Czech crown reached all-time high levels versus the 

 euro. 

     By 0740 GMT the Slovak crown was quoted at 41.70/75 versus 

 its key reference currency, the euro, from 41.69/75 late on 

 Friday. It was at 47.52/59 against the dollar from 47.40/47. 

     ""We started at 41.70-75 (Slovak crowns to the euro). There 

 has not been a move. I expect that we should stay at this level, 

 or maybe the Slovak crown could weaken, but it will depend on 

 the Czech crown,"" said Slovenska Sporitelna dealer Vladimir 

 Gajdos. 

     ""Slovak inflation figures were very good, but we have seen 

 no move yet on the market. There has only been price checking."" 

     The Czech crown has been the strongest influence on the 

 Slovak unit in the past few weeks. The two often move in tandem 

 because investors tend to hedge their euro exposure through the 

 Czech/Slovak pair. 

 On Friday, analysts said the CNB would probably have to 

intervene more forcefully to stop the Czech crown strengthening 

 to firmer-than-desired levels. 

 Data released earlier in the day also showed Slovak core 

 inflation, the central bank's key monetary goal, was flat month 

 on month for an all-time-low annual rate of 2.7 percent. 

 Headline inflation was also flat on the month for an annual 

 rate of 3.6 percent. Both figures were well under market 

 expectations. 

 Dealers said they expected the Slovak crown to stick to a 

 tight range between 41.65-41.85 versus the euro, barring any 

 major move on the Czech market. 

 ""A possibility of intervention of the CNB against the Czech 

 crown remains high after a not very successful intervention

 (last Thursday). If the central bank intervenes again, the 

Slovak crown will weaken,"" Volksbank said in a report."
"Slovak crown end slightly higher, in tight range. ",2002-04-05,"
    BRATISLAVA, April 5 (Reuters) - The Slovak crown



 ended a touch higher on Friday but trading activity


 was light as investors remained cautious after the neighbouring 

 Czech crown was knocked lower by central bank intervention on 

 Thursday. 

     The Slovak unit stood at 41.69/75 in late trade versus its 

 key currency, the euro, from 41.72/76 on Thursday. It was at 

 47.40/47 against the dollar from 47.20/24. 

     Dealers said the Slovak crown would probably stick to a 

 tight range after the Czech central bank intervened to weaken 

 that country's currency the previous session. The Slovak crown 

 had benefited from the Czech unit's recent rapid firming. 

     ""Nothing happened really today. The euro/Slovak hovered at 

 41.70-41.75 for the whole session. Just a minimum of interbank 

 trades were matched,"" said Tatra Banka dealer Boris Somorovsky. 

     ""I think that the Slovak market is lacking impulses after 

 the euro/Czech market was stabilised after yesterday's 

intervention. I expect us to stay in 41.65-41.90 range in the 

 near term and we'll see what happens."" 

     February inflation data, due to be released at around 0700 

 GMT on Monday, was expected to have little if any impact on the 

 Slovak crown, dealers said. 

     Market players were now awaiting upcoming sales of 49 

 percent stakes in Slovakia's three regional energy utilities, 

 which are expected to earn the government hundreds of millions 

 of euros. 

     ""This is the thing that might bring some potential pressure 

 for crown strengthening, but we aren't sure about the timing of 

 this deal,"" said Somorovsky. 

     Bids in three separate tenders for the firms are due on 

 April 12 and the state is expected to evaluate the offers early 

 the following week."
Slovak crown seen stable in technical trading. ,2002-04-05,"
    BRATISLAVA, April 5 (Reuters) - The Slovak crown



 was little changed in technical trading early on


 Friday, with dealers saying they did not expect bigger 

 changes throughout the day. 

     The Slovak crown at 41.70/75 to its key reference currency, 

 the euro, at around 0750 GMT, from Thursday's close at 41.72/76. 

 It traded at 47.42/48 to the dollar, after 47.20/24. 

     The crown was pulled back from levels close to its two 

 year-high on Thursday afternoon, after the Czech central bank

 acted against the strenght of its own currency. 

     The Czech currency has been the strongest influential factor 

 for the Slovak crown in the past few weeks as the two units 

 often move in a tandem because investors tend to hedge their 

 euro exposure through the Czech/Slovak pair. 

     The Czech central bank directly intervened on the foreign 

 exchange market on Thursday to knock down the Czech unit from 

 its historic highs. 

     ""So far, we haven't seen any real trading here...Perhaps the 

 market is waiting for next developments on the Czech (market), 

 but still, I don't think we'll see any huge movements today,"" 

 said CSOB dealer Richard Brza. 

     Brza said he expected a typical slow Friday trading for the 

 rest of the day, with the crown moving between 41.60 to 41.80-85 

 to the euro."
Slovak  crown falls on Czech  intervention . ,2002-04-04,"
    BRATISLAVA, April 4 (Reuters) - The Slovak crown



 closed weaker against the euro on Thursday, pulled


 down by Czech central bank intervention, dealers said. 

     The Slovak crown closed at 41.72/76 to the euro from 

 Wednesday's close at 41.64/67. It traded at 47.20/24 to the 

 dollar after 47.28/33. 

     The Czech currency has been the strongest influence on the 

 Slovak crown in the past few weeks as the two units often move 

 in a tandem because investors tend to hedge their euro exposure 

 through the Czech/Slovak pair. 

 The Czech central bank directly intervened on the foreign 

 exchange market to knock down the Czech unit from its historic 

 highs. 

 ""We moved down clearly with the Czech (crown)...It was 

 mainly domestic players who reacted,"" said ING dealer Zuzana 

 Rafajova. 

 Traders see the Slovak crown moving between 41.65 to the 

 euro, its record high, and 41.95 in the next few days."
"Slovak crown up, following Czech unit. ",2002-04-03,"
    BRATISLAVA, April 3 (Reuters) - The Slovak crown



 firmed in moderate trading on Wednesday, with dealers


 saying the unit was again pushed by gains to the Czech crown. 

     The crown closed at 41.63/66 to its key reference currency, 

 the euro, from 41.74/79 late on Tuesday. It was at 47.28/33 to 

 the dollar, from 47.40/46. 

     Dealers said the Slovak crown was watching the Czech crown, 

 which was testing an all time high against the euro at around 

 30.36/38 on Wednesday afternoon. 

     ""Speculation on the Czech unit and also some corporate 

 client orders were behind the crown's strenghtening today,"" said 

 Istrobanka dealer Roman Trubac. 

     ""It's still the same story... We're tracking the Czech unit 

 and it seems there is no other factor influencing the market at 

 these days,"" Trubac said. 

     The Slovak crown often tracks movements of the Czech 

currency as some investors hedge their euro exposure through the 

 Czech/Slovak pair, while overall trends in developing central 

 Europe also affect the Slovak unit. 

     Trubac said he expected the upward trend to at least slow 

 down in next days. 

     ""We had said that already, and nothing happened at the time, 

 but now it really seems that the Czech central bank is going to 

 be forced to act (to intervene against the currency), which 

 would of course also stop Slovak crown's firming,"" he added."
"Slovak crown closes flat, eyeing Czech unit. ",2002-03-26,"     BRATISLAVA, March 26 (Reuters) - The Slovak crown closed 

 almost unchanged against the euro after a calm session on 

 Tuesday and dealers said the Czech crown's movements are seen as 

 the main factor behind the Slovak unit's further direction. 

     The Slovak crown closed at 41.77/81 to the euro from 

 Monday's close at 41.76/80. It was at 47.62/70 to the dollar, 

 from 47.62/66 on Monday. 

     ""Some foreign banks were buying euros in the morning, while 

 domestic players were selling later in the day, causing the 

 crown's rate to close only very little changed from 

 yesterday...Volumes traded on both sides were not big,"" said 

 Tatra Banka dealer Boris Somorovsky. 

     Somorovsky said the market awaits Thursday's monetary policy 

 meeting of the Czech central bank, which is expected to shed 

 light on its stance towards the Czech crown. The unit touched an 

 all-time high late last week. 

 The Slovak crown often tracks the neighbouring Czech 

currency because some investors hedge their euro exposure 

 through the Czech/Slovak pair. 

 ""If the Czech central bank decides to intervene (against the 

 Czech currency), it could influence our market with some delay. 

 If the Czech crown continues rising, I think we would also firm, 

 maybe breaking through the 41.65 to-the-euro level,"" he said. 

 He added that the Slovak crown should not leave the range of 

 between 41.70 and 41.95 to the euro until then."
Emerging  FX -Zloty lower on Polish  central bank  concerns. ,2002-03-01," LONDON, March 1 (Reuters) - The zloty edged down to two and half week lows against the euro on Friday amid renewed concerns over the independence of the Polish central bank. 

 In the neighbouring Czech Republic, the central bank was also in focus. Thursday's meeting of the Czech central bank surprised markets by the absence of any hardline comment aimed at talking down the ever resilient crown. 

 Dealers said they expected appreciation pressure on the Czech currency but were mindful of the central bank's proven readiness to intervene in order to prevent any sharp firming. 

 Hungarian growth figures had little effect on the forint with market attention directed towards forthcoming elections. 

 Elsewhere, the Russian rouble continued to hover just below 31 to the dollar and the South African rand firmed slightly on central bank comments and the affirmation of the country's credit ratings by Standard & Poors. 

 POLISH CENTRAL BANK INDEPENDENCE 

 The zloty edged lower to 3.6720 to the euro as the issue of central bank independence dominated concerns. 

 The Polish parliament on Friday resumes discussions over a resolution scolding the central bank for damaging the economy with high interest rates. 

 The move follows Wednesday's controversial decision by the central bank to leave rates on hold. The main Polish market rate stands at 10 percent, 6.5 percentage points above inflation. 

 ""This is not going to help the zloty but I don't think it will crush it either unless they do something really drastic with the central bank's independence,"" said one trader. 

 Investors are waiting to see if the resolution will be followed by a bill, proposed by junior goverment coalition members, aimed at watering down the central bank's inflation fighting mandate and adding more dovish members to the 10-seat rate-setting panel. 

 Dealers said worse-than-expected current account deficit figures for January, which showed the monthly shortfall widening to $826 million from $500 million in December, also weighed on the Polish unit on Friday. 

 The Czech crown opened steady versus the euro but analysts said they expected the 31.50 level to be tested within the next few days after the central bank maintained a stony silence on the robustness of the crown. 

 The Czech currency set a two-month high just shy of 31.5 on Thursday after the central bank left interest rates unchanged and kept the market guessing as to if and when it might intervene to weaken what it says is an overvalued crown. 

 ""That was a surprise. I get the feeling everyone was expecting them to talk down the crown,"" said Dwyfor Evans, emerging market economist at Bank of America. 

Central bank and government officials are concerned that a stronger crown - the currency has already hit all time highs against the euro in recent months - would undermine the country's economic recovery. 

 Vice-Governor Ludek Niedermayer said after the bank's monetary policy meeting on Thursday the bank was not overly concerned about day to day market volatility and stuck to the standard policy line the bank can intervene if and when needed. 

 ""The central bank has gone in directly or verbally in the last three or four months. The market knows that should euro/Czech fall below 31.50 there's likely to be some form of intervention,"" said Evans. 

 The Slovak crown fell off highs early on Friday as the market reacted negatively to Thursday's news that there was only one bid for gas company SPP in Slovakia's biggest ever privatisation. 

 The crown was quoted at 41.75/80 to its key reference currency, the euro. On Thursday, the Slovak government received a sole bid for 49 percent and management control over SPP from a consortium of Gaz de France , Russian Gazprom and Germany's Ruhrgas. 

 A source close to the deal said the offered price was below, but close to, analysts' valuation of the deal of $3.0 billion. 

 Having recoverd a little from month and a half lows against the euro on Wednesday the Hungarian forint was again looking a little weaker. It was trading around 245.90 to the euro . 

 Hungary's gross domestic product (GDP) growth slowed to 3.8 percent in 2001 according to preliminary data, from 5.2 percent in the previous year, according to figures out on Friday. 

 The rand firmed about three cents to the dollar at 11.37, heartened by the central bank's confirmation that its net open forward position (NOFP), a measure of its uncovered foreign exchange liabilities, had fallen to $2.99 billion from $4.8 billion in December. 

 The unit was also supported by rating agency Standard & Poor's affirmation of the country's BBB-minus/A-3 foreign currency sovereign credit rating."
"Emerging  FX -Czech, Slovak crowns probe higher. ",2002-02-22," LONDON, Feb 22 (Reuters) - The Czech crown hit its highest levels in a week against the euro on Friday on reports of good foreign demand and receding nerves over possible central bank intervention. 

 Elsewhere, the Slovak crown rose alongside its Czech counterpart, buoyed by good news on the privatisation front earlier in the week. 

 The crown has drifted steadily higher this week despite a stern warning against excessive strength from Czech central bank governor Oldrich Dedek in a Reuters interview last week. 

 Dedek said the crown should fall to around 33 to the euro and warned that the bank was prepared to fight currency strength with all means available to it, including intervention and rate cuts. 

 However, one dealer in London said he didn't expect the central bank to step in around current levels. 

 ""I still think we are some way from intervention, I don't see them coming in ahead of the 31.50 level,"" the dealer said. 

 Czech January trade data added to the mildly positive tone, with the deficit coming in a shade below expectations at 6.57 billion crowns. 

 Technical analysts are cautious on the near-term outlook for the euro/crown rate, saying the bias remains to the downside for the euro. 

 ""It could be that we're hammering out a bottom, but I wouldn't say I'm bullish - we're still in a downward sloping trend channel,"" said Steve Wesiak, technical analyst at ABN Amro in Amsterdam. 

 Wesiak said key support lies around 31.46 crowns per euro, but that the market needed to take out resistance around 32.675 and then just below 33 to turn the outlook more positive. 

 At 1045 GMT, the crown traded at 31.735 to the euro from 31.79 and at 36.457 to the dollar from 36.465. 

 SLOVAK CROWN BUOYANT 

 The Slovak crown was also on the up, continuing to attract demand after good news earlier in the week on the government's plans to sell a 49 percent stake in gas monopoly SPP. 

 The leftist SDL, a member of the coalition government, had been pushing for the stake to be cut to 24 percent, but withdrew its objection to the sale without the reduction. 

 Final bids for the stake, which could rake in as much as $3 billion, are due by February 28, with France's TotalFinaElf seen as one of six likely bidders. 

 However, analysts don't see the crown's current strength giving the authorities as much cause for concern as in the Czech case. 

 ""I don't think the break of 42 (crowns per euro) is likely to prompt verbal intervention and there are lots of things that could take the heat out the currency,"" said Stephen Gilmore, emerging markets currency strategist at Morgan Stanley. 

 Gilmore said a possible deterioration in Slovakia's current account position and nerves ahead of September elections were potential negatives for the crown, but he added that the bank remained positive on the currency over the long term. 

 The crown traded at 41.90 to the euro from 42.11 and at 48.24 to the dollar from 48.38."
"Slovak crown up, seen testing stronger levels. ",2002-02-19,"
    BRATISLAVA, Feb 19 (Reuters) - The Slovak crown



 was slightly stronger against the euro in moderate


 Tuesday morning activity, and dealers said the unit had 

 potential for further gains in the near future. 

     The crown was quoted at 42.16/20 to the euro as of 0830 GMT, 

 after 42.20/24 at Monday's close. It was at 48.60/65 to the 

 dollar, from 48.45/51. 

     The market is eagerly awaiting Wednesday's government 

 session, in which the Cabinet is widely expected to reject a 

 controversial proposal to signifcantly alter crucial sale of 

 natural gas company SPP. 

     ""We expect the government will announce the (SPP) sale will 

 proceed in line with original plans and this will be a strong 

 impetus for the crown to firm sharply,"" Volksbank said in a 

 research note on Tuesday. 

     On Monday, Premier Mikulas Dzurinda said the sale would go 

 on as planned, but the leftist coalition SDL party promised to 

 present its proposal, which leaders of the ruling coalition have 

 already rejected, at Wednesday's government meeting. 

     While the government aims to find a new owner for 49 percent 

 and management rights in SPP in a tender due to close at the end 

 of this month, SDL wants to change the sale so that only 24 

 percent of SPP is sold. 

     Dealers said the Slovak currency's rise could be held in 

 check by movements of the Czech crown, which has been edgy in 

 the past few days amid threats of central bank intervention. 

     The Slovak crown is expected to move between 42.00-42.30 per 

 euro in coming days, with traders saying the unit was likely to 

 test the 42.10 level on Tuesday."
"Slovak crown weakens a touch, focus shifts to SPP. ",2002-02-15,"     BRATISLAVA, Feb 15 (Reuters) - The Slovak crown eased a 

 touch at the open on Friday, and dealers said they expected the 

currency to stay in a broad range over the near term until 

 political questions concerning a major privatisation are solved. 

     The crown was trading at 42.23/29 to its key reference 

currency, the euro, at 0840 GMT, from 42.20/25 late on Thursday. 

 It was at 48.38/46 to the dollar, from 48.49/56. 

     The crown firmed by about half a percent on Thursday after 

 Deputy Premier for Economy Ivan Miklos, the Cabinet's key 

 reformer, survived an opposition-led no-confidence vote in 

 Parliament. 

     But dealers said unresolved questions over the sale of gas 

 monopoly SPP, which the coalition SDL party is trying to halt, 

 would mean that further rises would be limited. 

     ""After this no-confidence vote we firmed really rapidly... 

 I would say that we should stay in a range of 42.1-42.4 for a 

 longer period,"" said Slovenska Sporitelna dealer Juraj Zabadal. 

     ""The mood in middle-Europe is really good. Yesterday we saw 

 the Hungarian forint firming, so I think there will still be 

 room for the Slovak crown to firm, but the case of SPP is still 

 not resolved, so we will have to wait."" 

 In a morning report, Volksbank recommended investors keep 

 long Slovak crown positions on expectations it will firm against 

 the euro ahead of the SPP sale, but it also warned of easing if 

 the Czech central bank (CNB) intervened against that country's 

currency, which is trading at very high levels. 

     ""The Slovak crown will likely face a threat of intervention

 of the CNB against the strong CZK/EUR cross. Such an 

intervention would lead to weakening of the SKK versus the 

 euro,"" Volksbank said."
"Emerging  FX -Shekel slides, politics hurts Slovak crown. ",2002-02-11," LONDON, Feb 11 (Reuters) - The Israeli shekel slid to record lows against the dollar on Monday as the market bet that the central bank would not intervene to stem its decline. 

 Elsewhere, the Slovak crown eased on domestic political worries ahead of a no confidence vote in a leading government economic reformers on Wednesday, and worries over possible military moves against Iraq continued to dog the Turkish lira. 

 Dealers reported sales from local mutual funds fuelling the shekel's latest descent, with few players worried that the central bank will do anything to cushion its fall. 

 ""The central bank will be concerned about a further depreciation of the shekel, but as long as it isn't reflected in an adjustment of inflation expectations I don't expect them to act,"" said Ousmene Mandeng, emerging markets analyst at CSFB. 

 Mutual funds have been seen as consistent shekel sellers this year after an aggressive two percent interest rate cut from the Bank of Israel last December substantially reduced their willingness to hold Israeli assets. 

 Adding to the shekel's woes was a fresh escalation of violence in the region. Israel's missiles struck the main security complex in Palestinian-ruled Gaza City on Monday, while its tanks rolled into another Palestinian enclave at Nablus. 

 The moves were a retaliation after two Palestinians sprayed gunfire at a cafe near an Israeli army base in southern Israel on Sunday, killing two women soldiers before being shot dead themselves. 

 Analysts often play down the influence of the Israeli-Palestinian conflict on shekel moves, but Mandeng at CSFB said that it was hampering the recovery of the local economy. 

 ""We've had no progress on the security front and that is affecting the real economy. As long as these factors do not change, it's difficult to see the upside in the shekel,"" he said. 

 At 1115 GMT, the shekel traded at 4.7370 to the dollar from 4.6610 late on Friday. 

 POLITICS WEIGHS ON SLOVAK CROWN 

 The Slovak crown slipped on political worries ahead of a parliamentary no-confidence motion on Wednesday against the reformist deputy premier for the economy Ivan Miklos, moved by opposition deputies. 

 If Miklos were to go, it would be seen as a blow to the country's aspirations to join the EU in the first enlargement wave. 

 However, a senior official in the coalition-member leftist SDL party said on Friday that he did not expect his party to join the opposition move. 

 The SDL was instrumental in forcing the resignation of another leading reformer, the former finance minister Brigita Schmognerova, last month. 

 ""The movements in the crown have been pretty mild as it it isn't surprising news. This isn't the first time that Miklos has faced calls for his head,"" said Jeff Gable, emerging markets analyst at Deutsche Bank. 

 However, Gable noted that the ruling coalition parties are tentatively scheduled to meet on Tuesday to discuss the SDL's proposals to alter the sale of the gas monopoly SPP. 

 ""Its unlikely that the SDL's demands will be met and that may darken their mood somewhat. That is the risk,"" said Gable. 

 The Slovak crown traded at 42.50 to the euro from 42.35 and at 48.47 to the dollar from 48.45. 

 The Turkish lira fell briefly below 1.4 million to the dollar early on Monday with nerves over possible military action against Iraq still dogging sentiment. 

 Turkish president Bulent Ecevit said on Friday that Iraqi president Saddam Hussain had indicated no change of position on allowing U.N. arms inspection teams into Iraq, in response to an appeal from Turkey last week. 

 However, the local press released what it claimed were the contents of Saddam's reply over the weekend, containing none of the aggressive rhetoric rumoured in the market last week. 

 The lira traded at 1,385,000 to the dollar on the interbank market from 1,376,000 at Friday's close."
"Slovak crown flat, strengthening seen in near term. ",2002-02-04," BRATISLAVA, Feb 4 (Reuters) - The Slovak crown was flat in narrow trade on Monday but dealers said it may strengthen in the near future if the Czech central bank (CNB) refrains from intervening against the strong Czech crown. 

 The Slovak crown closed at 42.39/50 to its key reference currency, the euro, flat from Friday's close. It was at 48.92/98 versus the dollar from 49.22/29. 

 Dealers said client orders weakened the crown earlier in the day but a major Czech bank reversed the trend at the end of the session. 

 ""We expect that we could reach 42.0 crowns to the euro in the near future and I see a support level there if there is no intervention against the Czech crown or any political chaos here,"" said CSOB dealer Andrej Zeman. 

 The CNB has cut interest rates twice within the last 10 days and intervened on the market in an attempt to weaken the Czech crown which is now trading near all-time highs. 

 The Czech and Slovak currencies often trade in tandem."
"Slovak crown edges down, mkt still watching cbank. ",2001-02-05," 0830 GMT - The Slovak crown eases slightly at the open on Monday, but dealers say it may bottom out at levels only a touch weaker to avoid drawing the Slovak central bank into the market to support the crown. 

 * Crown at 43.73/82 to its key reference currency, the euro, from 43.70/75 late on Friday. Currency at 46.49/59 to the dollar, from 46.82/90. 

 * ""So far it's quiet. At about 43.85 (to the euro), we could see foreigners buying Slovak crowns... because last month the central bank intervened at 44.0 to the euro all the way down to 43.80,"" said ING dealer Branislav Matusek. 

 In January, the Slovak central bank intervened three times in small amounts to support the currency, saying that its weakness was not supported by macro-economic fundamentals. 

 In its last move in the market, the central bank started selling hard currency for crowns at 44.0 to the euro, and continued selling in several waves until 43.8 to the euro. 

 Dealers said they expect the crown to stay within a range of 43.6-43.90 over the near term."
Slovak crown flat at open in quiet trading. ,2001-01-22," 0910 GMT - The Slovak crown opened unchanged in quiet trading on Monday, and dealers said its future direction will depend on whether foreign investors or domestic client orders prevail. 

 * Crown at 43.67/75 to its key reference currency, the euro, unchanged from Friday. Currency at 46.83/91 to the dollar from 46.34/43. 

 * ""I think no deals have been done yet. We could go to weaker levels on client orders. We will see what prevails because if foreign players come to the market, they will be trying to buy crowns,"" said Tatra Banka dealer Boris Somorovsky. 

 * The Slovak central bank intervened, selling hard currency at 44.0 crowns to the euro, for the third time this year last week, saying the crown's weakness did not reflect Slovakia's macroeconomic conditions. 

 * Dealers said they expected the crown to trade in a range of 43.55-43.85 to the euro in the near term."
Slovak  crown direction unclear after  intervention . ,2001-01-18," 0815 GMT - The Slovak crown opens slightly higher on Thursday with its direction unclear following central bank (NBS) intervention one day earlier to prevent it from easing past the 44.0 crown-to-the euro level. 

 * Crown at 43.73/81 to its key reference currency the euro, from 43.75/85 late on Wednesday. Crown at 46.54/64 to the dollar, from 46.36/41. 

 * Dealers from several banks said they saw the NBS selling hard currency to protect the crown at 44.0 to the euro on Wednesday afternoon. The crown had weakened there from around its current level. 

 * ""The direction now is really unclear, but the (euro/crown) upside is limited,"" said Slovenska Sporitelna dealer Rastislav Talajka. 

 ""We saw the central bank on the market yesterday... and I expect maybe a little move upstairs to 43.85 or 43.90, but there's no space for the crown up to 44.0 the figure because we expect the central bank there now again."" 

 Dealers said the crown's recent easing was mainly due to large orders from corporations."
Slovak  cbank confirms  intervened  on Wednesday. ,2001-01-18," BRATISLAVA, Jan 18 (Reuters) - The Slovak central bank (NBS) confirmed on Thursday it had intervened selling euros in the market one day earlier to prop up the crown currency at around 44 to the euro. 

 ""Yes we intervened... but we will not reveal the amount,"" said Peter Sevcovic, head of the NBS monetary policy division, adding the bank thought the crown had eased on Wednesday too quickly. 

 Dealers told Reuters one day earlier they had seen the NBS in the market when the crown weakened past the level of 44.0 to the euro and said the volumes sold were likely around 10 to 15 million euros. 

 The move was the third intervention from the central bank this year. It also entered the market twice in the first week of January at the same level, saying the crown's weakness did not reflect Slovakia's macroeconomic position. 

 Sevcovic said the bank was still watching the currency but would not specify at which level the bank would protect the crown. ""Yesterday the intervention was very close to 44.0, but of course (the figure) could float,"" he said."
"Slovak  crown flat, propped by cbank  intervention . ",2001-01-17," BRATISLAVA, Jan 17 (Reuters) - The Slovak crown was little changed at the close on Wednesday after the weaker trend was checked by central bank intervention, dealers said. 

 The crown traded at 43.75/85 to its key reference currency, the euro, at 1610 GMT, from 43.78/83 late on Tuesday. The unit was at 47.07/12 to the dollar, from 46.36/41. 

 ""The central bank intervened after there was a deal at 44.01 (crowns to the euro), that probably set off the whole thing,"" said ING Barings dealer Alexander Matusek. 

 Dealers said the currency's weakening was due to heavy client orders for foreign currency. 

 ""The intervention did not ofset the demand for foreign currency that we saw in the past few days, but psychologically it helped the unit...It proved the central bank means it with the 44.00 level,"" Matusek said. 

 ""I think we will stay between 43.50 to 43.90 tomorrow, I doubt anybody would try to go against the central bank,"" he added. 

 The NBS also intervened on January 2 and 3 when the crown fell below 44.00 to the euro."
"Emerging  FX -Euro moves main driver for Europe,rand. ",2001-01-05," LONDON, Jan 5 (Reuters) - Emerging currencies in Europe recovered some ground against the euro on Friday but remained under its spell as the single currency rose across the board amid expectations that euro-zone growth will outpace the U.S. 

 The euro's push to a fresh six-month high against the dollar provided the backbone for the single currency's rise to a 2-1/2 month peak against the Czech crown, a one-month top against the zloty and a lifetime high against the South African rand. 

 However, emerging currencies held firm against the dollar which has seen its support fade as concerns over the U.S. economy's health overshadowed the stock market-led rally that followed Wednesday's surprise U.S. interest rate cut. 

 ""It's still the euro and dollar that's guiding emerging currencies at the moment. It's a good environment for traders but it's still too frothy to pull in more long-term investors,"" said one U.S. bank emerging market analyst. 

 The Polish zloty was trading at 4.0850 per dollar to the dollar from 4.1151 late on Thursday. Against the euro, the zloty stood at 3.8976 after earlier touching a one-month low of 3.9259. 

 The Czech crown slipped to 35.34 per euro, its weakest point against the single currency since October 19. Against the dollar, the crown stood at 36.94 after earlier touching a new nine-month peak around 36.67. 

 Both Czech and Polish bond prices extended their gains amid ongoing expectations of slowing inflation and forthcoming interest rate cuts. 

 The Slovak crown edged lower against the euro but dealers said the threat of central bank intervention to support the crown on one side and a market short of euros on the other would likely keep the currency in a tight range. 

 The Slovak central bank directly intervened selling hard currency on Tuesday and Wednesday to keep the crown from slipping past the 44 per euro level, saying its weakness did not reflect Slovakia's macroeconomic position. 

 The crown stood at 43.85/90 to the euro from 43.77/85 late on Thursday. 

 The rand was last bid at 7.48 per dollar, still shy of this week's two month highs but bolstered by gains made by the euro - the currency of South Africa's major trading partners - against the dollar. 

 However, dealers said the rand's drop to a new record low against the buoyant euro would keep dollar/rand gains in check until there was more foreign investment in South African assets. 

 So far, foreigners have been wary of jumping into South Africa despite South African bond yields hitting their lowest level in seven years amid expectations that domestic interest rates could be cut early this year. 

 Local banks and institutions piled into government debt, sending yields - which move in the opposite direction to prices - on the benchmark R150 bond, due February 2005, to 11.82 percent, its lowest point since January 1994. 

 A combination of lower bond yields, a firm rand and easing oil prices have boosted chances that the Reserve Bank could cut rates when its interest-rate setting Monetary Policy Committee (MPC) starts a two-day meeting on January 18, traders said."
Slovak  crown hemmed in by possible c.bank  intervention . ,2001-01-05," 0830 GMT - The Slovak crown trades slightly weaker at the open on Friday, but dealers say the threat of central bank intervention on one side and a short euro market on the other will likely keep the currency in a tight range. 

 * The crown trades at 43.85/90 to the euro, from 43.77/85 late on Thursday, and at 45.86/97 to the dollar, from 46.20/29. 

 The Slovak central bank (NBS) directly intervened selling hard currency on Tuesday and Wednesday to keep the crown from easing past the 44 to the euro level, saying its weakness did not reflect Slovakia's macroeconomic position. 

 * ""The market is quiet... If we break 44, the market expects (the NBS) to come into the market. So the weak side of the crown could be limited, but the market still seems to be short in euros,"" said CSOB dealer Richard Bruza. 

 ""There is more room for the crown to strengthen than to weaken. For now the range could be 43.75-44.0 (to the euro)."" 

 * Dealers said the crown could also experience more firming pressure once foreign banks began to increase their exposure to emerging markets in the new year, which has yet to occur. 

 ."
UPDATE 1- Slovak  cbank  intervenes  to prop up crown. ,2001-01-03," BRATISLAVA, JAN 3 (Reuters) - The Slovak central bank (NBS) intervened on the foreign exchange market selling hard currency for the second day running on Wednesday to support the Slovak crown at the level of 44 crowns to the euro. 

 When asked if the central bank had been in the market after reports of intervention from dealers, NBS dealer Vladimir Polhorsky said, ""Yes, we were."" He confirmed that the level of the intervention was at 44 crowns to the euro. 

 NBS Treasury Director Frantisek Szulenyi added, ""According to the latest macroeconomic indicators, the NBS doesn't think that a (crown) rate above 44 crowns to the euro is appropriate, so we supported the direct intervention."" 

 The NBS would not reveal the volumes of the intervention. 

 The crown firmed to 43.87/94 to the euro, from bid at 44.0 before the news and 43.93/02 late on Tuesday. The crown traded at 46.12/23 to the dollar, from 46.41/51 on Tuesday. 

 The market had been expecting the move from the central bank, which stepped into the market at midday on Tuesday at just above 44.01 crowns to the euro. 

 Dealers say the recent easing in the crown has been a result of the appreciation of the euro against the dollar and a generally short euro market. 

 The Slovak unit has lost more than three percent since mid-November, when it traded at around 42.5 to the euro."
Slovak  cbank  intervenes  to prop up crown. ,2001-01-03," BRATISLAVA, JAN 3 (Reuters) - The Slovak central bank (NBS) intervened on the foreign exchange market selling foreign currency on Wednesday to support the Slovak crown at the level of 44 crowns to the euro. 

 When asked if the central bank had been in the market after reports of intervention from dealers, NBS dealer Vladimir Polhorsky said ""Yes, we were."" He confirmed that the level of the intervention was at 44 crowns to the euro. 

 The crown firmed slightly on the news to 43.89/97 to the euro, from bid at 44.0 before the news. 

 The NBS also stepped into the market on Tuesday at just above 44.01 crowns to the euro."
"Slovak  crown flat, mkt on  intervention  watch. ",2001-01-03," 0855 GMT - The Slovak crown trades virtually flat on Wednesday morning, and some dealers are concerned the central bank (NBS) will repeat the steps it took on Tuesday when it intervened to prevent crown easing to 44 crowns to the euro. 

 * Crown trades at 43.92/00 to its key reference currency, the euro, from 43.93/02 late on Tuesday. Crown at 46.08/16 to the dollar, from 46.41/51. 

 * ""We virtually started where we finished yesterday... The range may be 44.05 (crowns to the euro) at the top if the NBS does not come and on the bottom 43.8, where I would expect to see profit taking,"" said CSOB dealer Andrej Zeman. 

 * Dealers say easing pressure on the crown is caused mainly by the appreciation of the euro against the dollar - making dollars for crowns attractive - and a generally short euro market."
Slovak  crown ends higher after cbank  intervention . ,2001-01-03," BRATISLAVA, Jan 3 (Reuters) - The Slovak crown was moderately firmer against the euro and the dollar on Wednesday after the central bank (NBS) intervened to prop up the local currency, dealers said. 

 The crown was at 43.82/89 to its key reference currency, the euro, from 43.93/02 late on Tuesday. The currency traded at 46.18/28 to the dollar, from 46.41/51. 

 The NBS said earlier it had sold hard currency to prevent the crown from weakening when the unit was at 44 to the euro. 

 ""It was nothing huge...It might have been around 10 to 15 million euro (the amount of forex sold by the NBS)...But the intervention was successful, as the crown has settled down to the current levels,"" said Richard Brza of CSOB bank. 

 The NBS also stepped into the market on Tuesday at just above 44.01 crowns to the euro. 

 Dealers said the weakness of the Slovak currency was caused by a rise in the euro against the dollar - which makes dollars for crowns attractive - and a short euro market. 

 ""The market remains pretty short, and even a single deal can change its direction,"" Brza said. 

 ""It is possible that the crown will test the 44 (to the euro) level again, even though it's clear that the NBS is ready to protect the barrier...But I see much more room for firming of the crown in near future,"" he added."
"Slovak crown ends flat, mkt sees more cbank action. ",2001-01-02," BRATISLAVA, Jan 2 (Reuters) - The Slovak crown ended virtually flat on Tuesday after midday intervention by the central bank (NBS), and dealers said they expect the NBS to have to take further steps in the near term. 

 The crown ended at 43.93/02 to its key reference currency, the euro, from 43.92/44 late on Friday. The unit traded at 46.41/51 to the dollar, from 47.21/36. 

 The NBS said earlier it had sold hard currency to stop the crown from easing after the currency crossed the 44-to-the-euro barrier and appeared to be continuing in that direction. 

 Dealers said the weakness of the Slovak currency was caused by a rise in the euro against the dollar - which makes dollars for crowns attractive - and a short euro market. 

 They added both influences could force the crown back to intervention levels soon. 

 ""I expect the central bank to be forced to intervene again maybe tomorrow or the day after tomorrow, because a lot of banks are still buying (euro) and a lot of banks are short in euros. It's only a question of time,"" said Slovenska Sporitelna dealer Juraj Zabadal. 

 Zabadal said the market would be watching the central bank to see how resolutely it would act at around 44.0 to the euro. 

 Dealers also said the market was unmoved by an announcement from the Finance Ministry that the full year budget deficit had well overshot the government target of 18.0 billion crowns. 

 The final gap reached 27.7 billion crowns, which also included 12.5 billion crowns in extra spending on bank restructuring and loan guarantees."
Slovak  crown higher following cbank  intervention . ,2001-01-02,"
    1120 GMT - The Slovak crown			trades firmer



at midday on Tuesday against its key reference currency, the


 euro, following an intervention by the Slovak central bank

 (NBS). 

     * The NBS intervened selling euros at around 44 crowns to 

 prevent the crown from easing. Dealers said the move would 

 likely stop the crown from falling past that level, but the bank 

 may buy crowns again if easing persists. 

     * The crown stable at 43.87/95 to the euro, from around 

 43.98/05 at the open and late on Friday. Crown at 46.36/47 to 

 the dollar, from 47.21/36 late on Friday. 

 ""I think they're ready to intervene if we go to 44.0 (crowns 

 to the euro) again... The market is still pretty short, so I 

 think they'll need to come again,"" said ING dealer Branislav 

 Matusek. 

     CSOB dealer Dusan Svitek said the crown could firm, but 

 gains would most likely be limited to just on the strong side of 

 43.8 to the euro. Matusek said he expected the unit to trade 

 from 43.7-44.0 in the near term. 

     The crown has eased to current levels from around 42.5 to 

 the euro since mid-November."
Emerging  FX -E.Europe extends rally on soft dollar. ,2001-01-02," LONDON, Jan 2 (Reuters) - Emerging currencies in Europe started the new year strongly against the dollar on Tuesday as the U.S. currency fell to a five-month low against a broadly stronger euro. 

 The zloty extended December's rally and hit an 8-1/2 month high against the dollar while the Czech crown rallied to an eight month peak and the South African rand also posted gains. 

 However, the buoyant euro, boosted by expectations the euro zone economy will be relative strong while there is a sharp slowdown in the United States and Japan, rose against the rand and emerging currencies in Europe. 

 The stronger euro prompted the Slovak central bank (NBS) to intervene in support of the crown , buying crowns from the 44 per euro level. The crown was trading at 43.87/95 to the euro. 

 The central bank said it was satisfied with the outcome of the intervention but did not reveal the volume of hard currency offered by the bank. 

 Recent European data have reinforced the view that euro-zone growth remains relatively robust and it is well placed to withstand a period of slower global growth. This has provided a key support for emerging Europe which sends most of its exports to the euro zone. 

 The zloty stood at 4.1000 per dollar from 4.145 late on Friday and at 3.8753 to the euro against 3.852. 

 Dealers said the market was awaiting the release of Polish current account data at 1500 GMT. A Reuters consensus poll conducted at the start of December showed analysts expecting the current account gap to fall some some $800 million in November from $1.05 billion in October. 

 The Czech crown rose to its highest level against the dollar since March 28 last year but edged lower against the euro, trading at 35.11 to the euro after briefly firming to 34.95. 

 The crown stood at 37.14/17 per dollar from 37.60/63 on Friday. 

 South Africa's rand edged up against the weaker dollar, last bid at 7.5675 per dollar from 7.5680 in late South African trade before New Year break. 

 The rand struggled against the stronger euro, the currency of South Africa's major trading partners, and was last quoted at around 7.1560 per euro from 7.03. Against sterling the rand was trading at at 11.28. 

 The yield on South Africa's benchmark R150 bond was last bid at 12.075 percent from its 12.01 percent close last Friday."
Slovak  c. bank  intervenes  to prevent crown easing. ,2001-01-02," BRATISLAVA, Jan 2 (Reuters) - The Slovak central bank (NBS) said on Tuesday it had sold hard currency in the foreign exchange market to prevent further weakening in the Slovak crown. 

 ""We started at around 44 crowns to the euro,"" NBS Treasury Director Frantisek Szulenyi told Reuters. The crown was trading at 43.87/95 to the euro at 1030 GMT, shortly after the move. 

 Szulenyi told Reuters the bank was ""definitely"" satisfied with the outcome of the intervention. He refused to reveal the volumes offered by the central bank. 

 The crown eased to its current levels against its main reference currency, the euro, at the end of 2000, from around 42.5 to the euro in mid-November. 

 Dealers said the bank intervened after the crown broke the 44.0 to the euro level and looked ready to continue easing. They added that the last NBS offer was at 43.82 to the euro."
Slovak  crown calm after cbank  intervention  threat. ,2000-12-05," 0820 GMT - The Slovak crown trades calmly early on Tuesday following a central bank threat to intervene against the currency's slide versus euro the day before, dealers said. 

 * The crown is trading at 43.43/50 to the euro, from 43.42/50 late on Monday. The currency is at 48.75/84 to the dollar, from 49.75/84. 

 The central bank said on Monday it was prepared to act against the recent sharp depreciation of the crown versus its key reference currency, the euro, after clients hurried to buy cheaper dollars, following the U.S. currency's dip versus the euro. 

 ""Yesterday's (central bank) announcement has had its effect. The market is now sensitive to any moves to the weaker side,"" said ING Barings dealer Branislav Matusek. 

 ""We will have to wait for some bigger orders for euro before the market starts to move,"" said Matusek."
Slovak  cbank to  intervene  if SKK easing continues. ,2000-12-04," BRATISLAVA, Dec 4 (Reuters) - The director of the Slovak central bank's (NBS) treasury department, Frantisek Szulenyi, said on Monday that the bank could intervene to prevent the crown currency from easing if its recent trend continued. 

 The Slovak crown was bid at 43.51 to its key reference currency, the euro, at 1120 GMT, from 43.21/26 late on Friday and 43.24/32 at the open. The Slovak unit has eased steadily from bid at around 42.5 to the euro on November 23. 

 ""Of course we are watching the market. We are not quite happy about the development in the market, but so far we don't think there is a need for intervention,"" Szulenyi told Reuters. 

 ""Of course if the development continues as it has in the last couple of days, definitely we will step into the market, but we still think at this level it wouldn't be very appropriate to step in."" 

 Szulenyi added commercial banks said the easing was supported by client orders and could also be caused by the dip in the rate of the U.S. dollar against the euro. The crown was trading at 48.97/07 to the dollar, from 49.50/58 on Friday. 

 The Slovak crown often reacts conversely with euro movements against the dollar and vice-versa."
"Slovak crown slightly firmer, seen rangebound. ",2000-10-16," 0727 GMT - The Slovak crown is slightly firmer early on Monday and seen staying within a tight range. 

 Crown at 43.70/79 to its key reference currency, the euro, from 43.77/82 late on Friday, and at 51.14/19 to the dollar, from 50.76/83. 

 * ""It's quiet so far...we should stay within a range of 43.60 to 43.90 (crowns to the euro) today and most likely until the end of October,"" said Slovenska Sporitelna dealer Juraj Zabadal. 

 Dealers say the crown will not appreciate significantly before the November 11 referendum on early elections, initiated by the nationalist opposition. 

 The outcome of the referendum is not binding on the parliament, but fears of political instability started a slide in the crown in September that was stopped by a Slovak central bank warning of possible intervention earlier this month."
UPDATE 1- Slovak  cbank ready to  intervene  to support crown. ,2000-10-03," BRATISLAVA, Oct 3 (Reuters) - Slovak central bank (NBS) Governor Marian Jusko said on Tuesday that the bank was ready to intervene to support the crown if it continued to weaken against the euro. 

 ""The crown has depreciated against the euro by 3.3 percent since the beginning of the year... In case of continued weakening of the crown, we are ready to intervene on the interbank foreign exchange market,"" Jusko told a news conference. 

 NBS Vice Governor Elena Kohutikova said the bank had intervened with 45 million euros on currency markets last month to support the crown. 

 ""It was a so-called 'discreet' type of intervention,"" she added without elaborating. 

 The crown has declined to lows not seen in nearly a year, following the announcement of a November 11 referendum on whether to hold early general elections. 

 It traded at 43.94/02 to the euro on Tuesday morning, from 43.88/94 late on Monday and bid at around 42.60 in mid-September. 

 ""We will intervene when the crown exchange rate development does not reflect the macroeconomic indicators... which are favourable at the moment,"" Jusko said. 

 Jusko also said that the bank would consider cutting interest rates further, following a reduction at the end of August, only after next year's budget had been set. The NBS board decided on September 29 to leave interest rates unchanged. On August 30, the central bank cut its key overnight rate for sterilising operations to 6.5 percent from 7.0 percent and its refinancing repo rate to 9.5 percent from 10.0 percent. 

 ""The last time the bank board decided to keep interest rates unchanged, one of the reasons was uncertainty over next year's public finance,"" NBS Governor Marian Jusko told a news conference. 

 ""When the budget is set, and if the stable macroeconomic developments continue, then we may decide to lower interest rates... but it certainly won't be as much as last time,"" he added. 

 The government has agreed to set the 2001 state budget so that the overall public finance deficit does not exceed 4.0 percent of gross domestic product. 

 The cabinet plans to vote on the budget draft on October 4 and to submit it to the parliament for the final discussion by October 15."
Slovak  c.bank ready to  intervene  to support crown. ,2000-10-03," BRATISLAVA, Oct 3 (Reuters) - Slovak central bank (NBS) Governor Marian Jusko said on Tuesday that the bank was ready to intervene to support the crown if it continues to weaken against the euro. 

 ""The crown has depreciated against the euro by 3.3 percent since the beginning of the year. In case of continued weakening of the crown, we are ready to intervene on the interbank foreign exchange market,"" Jusko told a news conference. 

 The crown has declined to lows not seen in nearly a year, following the announcement of a November 11 referendum on whether to hold early general elections. 

 It was trading at 43.94/02 to the euro on Tuesday at 0735 GMT, from 43.88/94 late on Monday and around bid at 42.60 in mid-September."
INTERVIEW-Slovak c.bank vicegov happy with  fx  rate. ,2000-09-20," BRATISLAVA, Sept 20 (Reuters) - The Vice Governor of the Slovak central bank (NBS) Elena Kohutikova said on Wednesday that the NBS is satisfied with the exchange rate of the Slovak crown to the euro this year. 

  ""In the first half of the year and now...I consider the 

  performance (of the crown) as very stable...any fluctuations 

  have been short-term...we do not have any indication that it 

 should be otherwise,"" Kohutikova told Reuters in an interview. 

 ""The crown-dollar exchange rate is not that positive for us, but that is outside the influence of the NBS,"" Kohutikova said. 

 She stressed that the central bank was ready to intervene if needed. 

 ""We are watching the non-economic factors, and we are ready to intervene if necessary."" 

 The Slovak crown has been sliding since President Rudolf Schuster called a referendum on early elections two weeks ago following an opposition-initiated citizen petition. 

 Kohutikova said the central bank does not have strict targets for intervention. 

 ""We always evaluate the performance of the crown on the background of the economy."" 

 Recently, the crown has been consistently shaking off macroeconomic data. 

 ""Apart from non-economic influences...the crown is mostly sensitive to capital and financial account,"" Kohutikova said. 

 She said the central bank is ready to assuage any impact from privatisation proceeds on Slovak financial markets. 

 ""The (state privatisation agency) National Property Fund (NPF) has an account at the central bank, and NPF is the recepient of the privatisation proceeds...so we can release the proceeds gradually."""
UPDATE 2-Slovak Deputy PM says economic stability reached. ,2000-07-27," BRATISLAVA, July 27 (Reuters) - Deputy Prime Minister for the Economy Ivan Miklos said on Thursday that Slovakia had reached economic stability and that he expected inflation to fall below 10 percent soon. 

 He said continued reforms could lead to Slovakia's credit ratings to be upgraded to investment grade in the first half of next year. 

 ""All the economic indicators are showing that we have managed to reach macroeconomic stabilisation after a year since we introduced a package of measures aiming to that effect,"" Miklos told a news conference. 

 ""Inflation will soon be under the level of 10 percent, and a further downward trend will continue in the first months of next year."" 

 Slovak consumer prices fell 0.1 percent in June from May, taking year-on-year inflation to 15.4 percent. Core inflation, which excluded the effect of regulated prices and tax changes, came in at 5.8 percent year-on-year in June. 

 ""The exchange rate of the crown can be seen at present as stabilised,"" Miklos said. 

 ""The (crown's) rate since October 1998 has decreased only against the American dollar, but this movement is caused by a significant strengthening of the American currency against the euro over the last year."" 

 Earlier this year the Slovak central bank was forced for the first time to intervene against the crown currency to prevent its unwanted firming. 

 Miklos said that he expected the country's corporate sphere to revive, boosted by a significant decrease in Slovak interbank market rates and subsequently also in commercial loan rates. 

 ""While the average loan interest rate was at 23.5 percent in October 1998, in June 2000 it was only 10.8 percent,"" Miklos said in a prepared statement distributed at the conference. 

 ""We expect lower financial costs (for loans) to help the corporate sphere to revive,"" he said. ""This should, with some delay, increase also the state budget income from tax payments."" 

 Miklos also said Slovakia's ratings with international agencies could return to investment grade, from where they fell in 1998. 

 ""In continuing reforms, we can expect improving of ratings and moving Slovakia into the investment range again in the first half of 2001,"" the statement said. 

 Miklos said, however, that next year would be ""quite difficult"" in fiscal terms. 

 Among other factors, the cancellation of an import surcharge, currently at three percent, and lower individual income taxes and a 10 percent increase in pensions will cause fiscal pressure next year. ((Bratislava Newsroom, 421-7-5341-8402, fax 421-7-5341-8403, bratislava.newsroom@reuters.com))."
Slovak  cbank says no need to  intervene  on crown. ,2000-06-16," BRATISLAVA, June 16 (Reuters) - The Slovak central bank's head of foreign exchange policy, Frantisek Szulenyi, said on Friday he saw no need for the bank to intervene on the foreign exchange market despite a continued weakening of the currency. 

 ""I don't see any reason for us to intervene,"" Szulenyi told Reuters. The crown was quoted at 42.264/364 at 1122 GMT on Friday after opening quotes of around 42.07/15. Dealers say the weakening reflected continued bearish sentiment following Thursday's release of worse than expected first quarter gross domestic product figures. 

 GDP growth in the first quarter came in at 1.5 percent, well below market expectations of a 2.78 percent year-on-year rise. 

 The crown was trading at 41.900/980 to the euro just after the GDP figures were released compared with 41.850/920 at Wednesday's close. ((Robin Shepherd, Bratislava Newsroom, 421-7-5341-8402, fax 421-7-5341-8403, bratislava.newsroom@reuters.com))."
"UPDATE 1-Slovak CPI beats expectations, boosts crown. ",2000-05-12," BRATISLAVA, May 12 (Reuters) - Slovakia's headline inflation rate for April came in below market expectations on Friday giving relief to the crown currency which edged up to 42.8 against the euro after 43.15 at the open. 

 The statistical office said April inflation was 0.0 percent on a month-on-month basis and 15.9 percent year-on-year. A Reuters poll of analysts had predicted an average monthly inflation figure of 0.3 percent and 16.4 percent on an annualised basis. 

 ""It was mainly foreign banks who were buying crowns since the market opened but this trend was visibly boosted by favourable economic indicators,"" Marek Senkovic a foreign exchange dealer at Istrobank said. 

 The crown has weakened in the last week prompting central bank intervention to stem the fall. The decline began at around 41.7 to the euro on May 4, driven, analysts say, by fears over the stability of the coalition government. 

 The central bank said the depreciation was not based on economic fundamentals, and its interventions were designed to counter volatility. 

Slovak central bank Vice Governor Elena Kohutikova said on Thursday she believed headline inflation had peaked at current levels and that it would decline to reach 10 percent by the end of the year. 

 The statistical office also said on Friday that core inflation - headline inflation stripped of the effects of regulated price and indirect tax changes - was minus 0.1 percent month-on-month compared with a 0.3 percent rise in March and 6.4 percent year-on-year after 7.0 percent in March. 

 Industrial production was 8.5 percent year-on-year in March compared with a downwardly revised 8.0 percent increase in February and construction output fell 16.1 percent year-on-year after an 11.7 percent decline in February. ((Robin Shepherd, Bratislava Newsroom, 421-7-5341-8402, fax 421-7-5341-8403, bratislava.newsroom@reuters.com)). 

 (C) Reuters Limited 2000."
"CORRECTED - IMF urges Slovakia to cut spending, curb  currency . ",2000-05-12," In BRATISLAVA story 'IMF urges Slovakia to cut spending, curb currency' 

 please read in fifth paragraph '...with GDP itself seen growing at 2.5 percent.' 

 This corrects GDP figure. 

 (The Slovak finance ministry, which issued the report, corrected the figure which, 

 due to a software problem, was improperly transcribed from the IMF). 

 A corrected repetition follows. 

 By Robin Shepherd 

 BRATISLAVA, May 12 (Reuters) - The International Monetary Fund (IMF) released a report on the strengths and weaknesses of the Slovak economy on Monday, highlighting recommendations to avoid a big appreciation in the crown and curb public spending. 

 The IMF report comes after several days of depreciation pressure on the Slovak currency and two rounds of central bank intervention to stem volatility. 

 The report praised the government's privatisation programme and also plans to sterilise foreign direct investment inflows through special accounts at the central bank. 

 ""...A sustained and significant appreciation of the exchange rate would not be desirable at this juncture as it could adversely affect external competitiveness and result in a widening of the external current account deficit,"" the IMF said. 

 The IMF added it expected the current account deficit to be around 5.0 percent of GDP in 2000 with GDP itself seen growing at 2.5 percent. 

 The IMF's main concerns centred on public spending, particularly increased expenditure financed by privatisation proceeds. 

 ""The mission is concerned about plans to increase government expenditure, contingent on financing from privatisation proceeds."" 

 ""It now appears that the deficit of the general government - excluding planned additional expenditure associated with privatisation proceeds - could approach four percent of GDP in 2000."" 

 The report added that this figure could rise to around five percent unless such planned expenditures were reversed or offsetting spending measures were adopted. 

 Privatisation proceeds would be well used, the IMF said, if they were employed to retire foreign debt and postpone the need for further foreign debt issuance. 

 The IMF said that a public sector deficit of closer to three percent of GDP would be preferable because it would help build credibility among potential foreign investors and it would relieve spending pressures future years. 

 However, a rise in the fiscal deficit of one percent of GDP would be acceptable if funds were used to effect banking system reform which the IMF said was a crucial aspect of overall structural reform. 

 The mission was postive on Slovakia's inflation prospects. 

 ""The mission does not see any significant inflationary pressures ahead, as long as wage settlements are moderate and the public finances remain under control."" 

 ""In these circumstances, there may be room for further, moderate interest rate cuts."" 

 Unemployment had peaked at around the current level - 19.3 percent in March - but it was likely to remain high. ((Bratislava Newsroom, 421-7-5341-8402, fax 421-7-5341-8403, bratislava.newsroom@reuters.com)). 

 (C) Reuters Limited 2000."
Slovak  cbank  intervenes  to halt crown weakening. ,2000-05-05," BRATISLAVA, May 5 (Reuters) - The Slovak central bank intervened on the foreign exchange market on Friday to prevent a further weakening of the crown, the head of the bank's foreign currency trading department said. 

 ""We intervened when the crown was over 42.500 and since then it went significantly down (stronger)...We think the intervention was successful,"" Karol Mrva told Reuters. 

 ""We still don't have any concrete level which we would want to protect...Our aim is to smooth out turbulence which was beginning to be unacceptable,"" he added. 

 The crown traded at a year low against the euro of 42.680 on Friday. After the intervention it firmed to around 42.1. 

 The central bank also intervend on Thursday to prevent the crown weakening. It does not generally disclose the volumes used in its interventions. ((Bratislava Newsroom, 421-7-5341-8402, fax 421-7-5341-8403, bratislava.newsroom@reuters.com)). 

 (C) Reuters Limited 2000."
Slovak  cbank says  intervened  to halt crown fall. ,2000-05-04," BRATISLAVA, May 4 (Reuters) - The chief dealer at the Slovak central bank, Vladimir Polhorsky, told Reuters the central bank had intervened directly on the foreign exchange market on Thursday after the crown weakened sharply against the euro. 

 The Slovak currency opened at 41.7 to the euro but rapidly declined as the morning session got underway, briefly hitting levels of around 42.45. 

 ""Today's weakening was too extensive so we intervened in favour of the crown to reduce volatility and calm down the market,"" Polhorsky said. He added the intervention came in the form of direct calls to selected banks with whom trades were conducted. 

 He would not disclose the volume of the intervention or the level at which it came but a dealer at a local bank who requested anonymity said he believed interventions began at about 42.2 to the euro and estimated the volume at around 30 million euros. It was quoted at 42.045/130 at 1053 GMT. 

 Polhorsky said that according to his sources at commercial banks, the weakening of the crown was driven by foreign institutions closing crown positions. The reason for the weakening was not clear but local media reported earlier in the day that two big privatisation projects would be delayed. ((Bratislava Newsroom, 421-7-5341-8402, fax 421-7-5341-8403, bratislava.newsroom@reuters.com)). 

 (C) Reuters Limited 2000."
INTERVIEW-Slovak c.bank says fighting volatility. ,2000-04-19," BRATISLAVA, April 19 (Reuters) - The Slovak central bank's discreet interventions against crown strength are aimed at curbing volatility rather than defending a specific exchange rate, Vice-governor Elena Kohutikova said on Wednesday. 

 She added, in an interview with Reuters, that interest rates would not become a significant instrument in the management of the exchange rate. The overnight repo rate stands at 7.5 percent for sterilisation operations and 10.5 percent for refinancing. 

 ""We see that the interest rates are at an acceptable level at present...We cannot subordinate interest rate policy to exchange rate policy,"" she said. 

 The central bank has used the equivalent of over $400 million this year to buy foreign currency directly from local banks. The bank has voiced concerns that trade performance could be hurt if the currency firmed too much. 

 ""The interventions are designed to prevent certain volumes of forex from moving the exchange rate significantly for a few days,"" Kohutikova told Reuters in an interview. 

 When asked whether the bank was defending any particular crowns levels, she said: ""No, we are intervening to prevent volatility in the market."" 

 She added there was no need at present for different forms of intervention: ""Of course, it's a matter for the bank board to decide, but for now we do not see a reason to use a different procedure."" 

 Interest in the Slovak crown soared in December after the European Union formally invited the country to open accession talks. The pressure has been kept up due to expectations of large privatisations planned by the government for this year and next. 

 ""Too much crown strengthening having to do with the capital account...would not be very good for the economy, so we have prepared some instruments to eliminate this effect,"" she said, referring to plans to set up special privatisation accounts from which forex inflows would be dissolved in the economy gradually. 

 ""Negotiations are going on right now and there seems to be general support for the idea...The funds would be spread out to minimise the pressure on the crown,"" she said. 

 Kohutikova said the central bank also remained prepared to sterilise the crown market as needed, regardless of costs. ""We are sterilising huge amounts of money and are ready to sterilise enough to maintain currency stability."" ((Bratislava Newsroom, 421-7-5341-8402, fax 421-7-5341-8403, bratislava.newsroom@reuters.com)). 

 (C) Reuters Limited 2000."
Emerging  FX -Nasdaq takes shine off zloty. ,2000-04-11," LONDON, April 11 (Reuters) - East European currencies were mostly firm on Tuesday in thin trade apart from the Polish zloty which slid in response to a drop in Wall Street's tech-heavy Nasdaq index overnight. 

 Poland, which has the largest concentration of technology, media and telecom stocks of any East European bourse, and is also the largest regional market, saw the zloty slide to 5.29 percent above parity against its basket of euros and dollars from close to six percent on Monday. 

 ""The capital account has shown a lot more portfolio flows, it is just a sentiment thing, people feel the zloty is more exposed globally,"" said Tim Ash, analyst at West LB. 

 The zloty was trading at 3.9925 bid to the euro by 0958 GMT, compared with 3.9965 at the open and 3.9769 at Monday's close. 

 Ash believes zloty weakness should be used by investors as an entry point. 

 ""You are still getting 600-700 basis points for Polish paper over Hungary,"" he said. 

 The Hungarian forint was quiet on Tuesday, with more positive news on the economy outweighing a reports in a local newspaper that National Bank of Hungary Gyorgy Suranyi had tendered his resignation which had been turned down by the government. 

 Although Suranyi's departure is a perennial in the markets, analysts and traders said it would certainly be received badly, given Hungary's sometimes fractious government coalition. 

 ""If he did go, it would be important. He has often been the last man standing in terms of the foreign exchange regime,"" said West LB's Ash. 

 The forint was trading at 258.29 bid compared with 258.10 on Monday, with investors continuing to fall out of love with East Europe's most succesful economy. 

 Data on Tuesday showed Hungary's March headline consumer prices rose 9.6 percent rise year-on-year and one percent month-on-month. 

 Core inflation was 8.6 percent year-on-year and 0.4 percent month-on-month. 

 In the Czech Republic, the release of the central bank's monetary meeting notes opened the possibility of another interest rate cut, with comments that the continuation of the strengthening of the crown ""could lead to an unwanted tightening of monetary conditions"". 

 The Czech crown was trading at 36.438 bid to the euro moderately lower than 36.21 bid on Monday. 

 In Slovakia, the central bank continued to keep investors on their toes, with comments that it was ""intervening discreetly"" in the market. 

 The Slovak crown was at 41.526 bid to the euro, little changed from 41.525 on Monday. ((David Chance, London Capital Markets +44 171 542 6784 email david.chance@reuters.com)). 

  ** Following is a table of key emerging market exchange rates, 

 including the change versus late New York trade the previous day 

 and the change in the year to date. 

  ** The Czech, Polish, Hungarian and Slovak currencies, formerly 

 quoted against the mark, are now quoted against the euro to 

 reflect new market norms. All other currencies are quoted 

 against the dollar. 

  ** According to market convention, exchange rates are quoted in 

 units per dollar or euro and the percentage change denotes the 

 rise or fall of the dollar or euro value. 

  ** Annual percentage changes are calculated from late on the 

 first day of the current trading year, January 3. 

CURRENCY		    LATEST  PREV    PCT CHG  PCT CHG
					  CLOSE		in 2000



EUROPE/MEAST/AFRICA



Czech Rep.		    36.49   36.24   0.68%   1.12%
Poland			  3.99    3.98    0.36%   -4.74%
Hungary			 258.3   257.96  0.13%   1.54%
Slovakia			41.52   41.45   0.17%   -1.76%
Romania			 19,635  19,610  0.13%   8.72%
Ukraine			 5.50    5.52    -0.36%  5.77%
South Africa		  6.59    6.56    0.53%   7.54%
Kenya			   74.37   74.70   -0.44%  2.23%
Israel			  4.034   4.019   0.36%   -1.69%
Turkey			  589,500 589,830 -0.06%  9.38%



LATAM



Mexico			  9.34    9.35    -0.14%  -0.69%
Brazil			  1.7420  1.7420  0.00%   -4.23%
Venezuela		     670.75  670.75  0.00%   3.39%
Chile			   504.90  504.90  0.00%   -4.32%



ASIA



Singapore		     1.720   1.717   0.13%   3.84%
Hong Kong		     7.786   7.787   -0.01%  0.13%
China			   8.279   8.280   -0.01%  -0.01%
Indonesia		     7,600   7,615   -0.20%  8.11%
Thailand			38.06   38.01   0.13%   2.89%
Philippines		   40.95   41.05   -0.24%  2.63%
Taiwan			  30.29   30.25   0.12%   -3.24%
South Korea		   1,110   1,110   0.00%   -1.55%
India			   43.63   43.56   0.15%   0.48%.



(C) Reuters Limited 2000."
WRAPUP 1-Slovak  central bank  battles on with strong crown. ,2000-04-11," BRATISLAVA, April 11 (Reuters) - The Slovak central bank continues to combat crown strength with market intervention and is ready to keep expected privatisation inflows from boosting the currency, Vice-Governor Elena Kohutikova said on Tuesday. 

 Between December and mid-February the central bank intervened directly on the foreign exchange market, buying euros to prevent the crown from firming. 

 The recently appointed vice-governor told a management conference the bank was still intervening, albeit less overtly. 

 ""We are intervening discreetly in the market... continuously,"" she said, adding that the bank had so far bought the equivalent of $400 million in interventions in 2000. 

 These covert interventions involved directly buying large volumes of foreign currency from local banks. 

 The crown came under appreciation pressure in December when Slovakia received a formal invitation to open European Union accession talks. 

 Officials say they do not want it to strengthen in a way that could hit Slovakia's export-led growth and falling current account deficit, although they have allowed it to firm a little after stronger trade data. 

 Kohutikova said the bank was facing mounting pressure in its efforts to sterilise crown liquidity arising from the conversion of forex inflows. 

 ""I expect the sterilisation position (the amount currently borrowed by the bank from the crown market) could reach as much as 60 billion crowns ($1.4 billion) this year."" Kohutikova said the figure currently stood at around 25 billion crowns. 

 Appreciation pressure on the crown has increased ahead of an extensive programme of sales of government holdings in banks and enterprises, expected to bring in tens of billions of crowns from foreign investors in the next two years. 

 ""Towards the end of the year I expect the actual bank privatisation to begin, not only in state-owned banks but in smaller banks where the state has a share,"" Kohutikova said, adding that she expected the main privatisation wave next year. 

 ""We are negotiating with the FNM (state privatisation agency) and the finance ministry on opening special accounts for these capital inflows...to stabilise these funds at the central bank and gradually dissolve them into the economy."" 

 Kohutikova said the central bank believed the 2000 current account deficit might come in lower than the 5.3 percent of GDP targeted. She forecast the deficit at 4.1 percent of GDP in 2001, 3.7 percent in 2002, 3.2 percent in 2003 and 2.8 percent in 2004. $=43.1 Slovak crowns ((Bratislava Newsroom, 421-7-5341-8402, fax 421-7-5341-8403, bratislava.newsroom@reuters.com)). 

 (C) Reuters Limited 2000."
Slovak crown steady near solid support level. ,2000-03-15,"
    BRATISLAVA, March 15 (Reuters) - The Slovak crown	



was trading calmly on Wednesday morning, with dealers saying


 that pressure for further strength was contained by a very solid 

 support level at 41.500 to the euro. 

     The crown was quoted at 41.535/560 to the euro at 0855 GMT, 

 slightly firmer from opening levels. 

     ""There is pressure for a further strengthening. No sign of 

 the trend reversing at the moment,"" said one dealer at a foreign 

 bank who asked not to be identified. ""But the 41.500 (to the 

 euro) level is very well bid at the moment, so it should hold,"" 

 he added. 

 The Slovak central bank had been intervening until a few 

 weeks ago to prevent the crown from firming over 42.3 to the 

 euro. The bank has said it had shifted its unpublished preffered 

 corridor for the crown and has allowed the currency to firm to 

 current level without taking action. 

 The crown was quoted at 42.89/92 to the dollar at 0855 GMT. 

 ((Andrej Salner, Bratislava Newsroom, 421-7-5341-8402, fax 

 421-7-5341-8403, bratislava.newsroom@reuters.com)). 

 (C) Reuters Limited 2000."
Slovak  cbank says no  intervention  at current rate. ,2000-03-07," BRATISLAVA, March 7 (Reuters) - The Slovak central bank said on Tuesday it would not intervene to cap crown strength at the current rate of around 41.61 to the euro. 

 ""At these levels we are not entering into the market yet,"" Frantisek Szulenyi, the head of the foreign currency assets department at the central bank, told Reuters. 

 Szulenyi also said that the central bank still had a secret level at which it would intervene to prevent a firming of the currency. 

 Since the central bank allowed the crown to firm through the 42.3 level - where it had intervened on several occasions - and subsequently the 42.0 to the euro levels - which many dealers believed could have been the new intervention level - some analysts suggested that the bank may no longer have a firm idea of when it would intervene again. 

 Specifically asked whether the central bank still had a level at which the market should expect an intervention, Szulenyi said: 

 ""Of course, we have a certain internal level.""In keeping with central bank practice, he would not be drawn on what that level was. 

 Finance Minister Brigita Schmognerova said on Monday that the rate of the crown to the euro was ""appropriate"" at levels reached last Friday when the crown was trading at around 41.75 to the euro. 

 Szulenyi said he had no comment to make on the minister's remarks. 

 ((Bratislava Newsroom, 421-7-5341-8402, fax 421-7-5341-8403, bratislava.newsroom@reuters.com)). 

 (C) Reuters Limited 2000."
"Slovak crown calm, market lacks direction-dealers. ",2000-03-06,"
    BRATISLAVA, March 6 (Reuters) -The Slovak crown	



was trading unchanged against to the euro early on Monday


 morning without major pressure in either direction, dealers 

 said. 

     The crown was quoted at 41.76/79 to the euro at 0805 GMT, 

 the strongest the currency has been to the euro since the euro's 

 inception. 

     ""This should be one of those ordinary quiet days and the 

 crown is unlikely to move more than 50 points up or down,"" said 

 Mario Mika, a dealer at VUB Bank. ""Both sales and purchases can 

 be seen in the market, so the current levels could hold,"" he 

 added. 

     The Slovak central bank (NBS) had been intervening to 

 prevent the crown from firming over 42.3 to the euro since 

 mid-December. The bank ceased its intervention the week before 

 last, allowing the crown to firm to current levels. 

     However, the NBS has said it would intervene on a different, 

 unspecified corridor. 

     The crown was quoted at 43.45/49 to the dollar at 0805 GMT. 

  ((Andrej Salner, Bratislava Newsroom, 421-7-5341-8402, fax 

 421-7-5341-8403, bratislava.newsroom@reuters.com)). 

 (C) Reuters Limited 2000."
Slovak  cbank says not  intervened  to weaken crown. ,2000-02-28," BRATISLAVA, Feb 28 (Reuters) - The head of the Slovak central bank's foreign currency assets department said on Monday that the bank had seen the crown firm through 42.000 to the euro and that it had not intervened. 

 ""I don't know of anyone from the central bank who said 42.000 was some level at which we would intervene,"" Frantisek Szulenyi told Reuters. 

 Several trades took place at 41.98 to the euro prior to Szulenyi's remarks. 

 The central bank had intervened on several occassions since mid December to stop the crown breaking through 42.3 to the euro but allowed the currency to firm through that level last week. 

 Dealers had speculated that the bank would probably step in if the currency strengthened through 42.000. 

 Analysts say pressure for a firming has come mainly from the country's improved foreign trade performance. Positive sentiment had also been boosted by the prospect of Organisation for Economic Cooperation and Development membership which ministers expect by the middle of the year at the latest. ((Robin Shepherd, Bratislava Newsroom, 421-7-5341-8402, fax 421-7-5341-8403, bratislava.newsroom@reuters.com)). 

 (C) Reuters Limited 2000."
Market mixed on Slovak rate move at cbank meeting. ,2000-02-24," BRATISLAVA, Feb 24 (Reuters) - Slovak dealers gave mixed views on Thursday at the liklehood of a repo rate change after Friday's central bank board meeting. 

 The central bank launched a new automatic repo system at the beginning of February setting the overnight rate for refinanicng at 12 percent and the sterilisation repo rate at 8.0 percent. 

 Dalibor Cernicka, managing director of Money Market Brokers in Bratislava, said a change in rates was unlikely precisely because the central bank had only just introduced the new system. 

 ""They could indicate the direction of rates but I think they would wait at least two months (for a change),"" he said. 

 Miroslav Nespala from CSOB bank agreed. 

 ""I would appreciate it if they narowed the spread to 8.5/11.5 but I don't expect the central bank will do it tomorrow as it's only less than a month since they started this system,"" he said. 

 But others gave a different view. Rastislav Zivor, of ING Barings, said the central bank may cut the sterilisation rate by 50-100 basis points. 

 ""This would support the operations which the central bank has been doing on foreign exchange until now. And it would make it cheaper to sterilise the market (after spending money on interventions),"" he said. 

 The Slovak currency firmed slightly earlier this week, after the central bank broke with recent policy and allowed the crown to strengthen through the 42.3 to the euro level. It had intervened on several occassions to stop the crown firming over 42.3 since mid-December. 

 On Thursday the currency was traded between 42.14 and 42.2 to the euro. 

 ING's chief economist in Slovakia, Jan Toth, said a 50-100 basis point cut from 8.0 percent may come because the country's improved export performance lessened the central bank's need to keep the crown weak. 

 Foreign trade figures for January will be released on Friday morning. The finance and economy ministries have both said the figure will be slightly better than the 2.9 billion deficit recorded in January 1999. 

 The SITA news agency quoted central bank monetary policy head Elena Kohutikova on Thursday as saying Slovakia's current account deficit should fall to 5.6 percent of gross domestic product for 1999, 5.3 percent for 2000 and 4.1 percent of GDP in 2001. 

 ((Bratislava Newsroom, 421-7-5341-8402, fax 421-7-5341-8403, bratislava.newsroom@reuters.com)). 

 (C) Reuters Limited 2000."
"Slovak crown steady in quiet trade, outlook stable. ",2000-02-23,"
    BRATISLAVA, Feb 23 (Reuters) - The Slovak crown	



traded quietly on Wednesday morning, with dealers expecting no


 surprises throughout the day. 

     The crown was quoted at 42.150/190 to the euro at 0920 GMT, 

 unchanged from opening levels. 

     ""Only the prices (of crown/forex) have been moving since the 

 open, but there were no real deals matched,"" said Roman Farkas 

 of Tatra Banka. 

     On Tuesday, the Slovak central bank abandoned its policy of 

intervening to prevent the crown from firming over 42.300 to the 

 euro. The bank has said it might intervene again, but probably 

 at different levels of the crown/euro rate. 

 ""The crown has a potential for further slight firming, 

 towards the 42.000 (to the euro) level, but I don't think this 

 will happen today,"" Farkas said. 

 ""If there were any players willing to speculate, they would 

 have done it earlier, just after the market open,"" he said. 

 ""Since nothing like that had happened, I don't expect any big 

 jumps later on today."" 

 The crown was quoted at 41.980/022 to the dollar at 0925 

 GMT. 

 ((Peter Javurek, Bratislava Newsroom, 421-7-5341-8402, fax 

 421-7-5341-8403, bratislava.newsroom@reuters.com)). 

 (C) Reuters Limited 2000."
Slovak  cbank says may still  intervene . ,2000-02-22," BRATISLAVA, Feb 22 (Reuters) - The Slovak central bank said on Tuesday it may still intervene on the foreign currency markets, perhaps at levels other than the 42.3 to the euro level at which it has repeatedly intervened to cap crown strenth since December. 

 ""It is not excluded that we will enter the market, that we will intervene maybe at other levels...We may intervene in future but maybe not at the 42.300 level,"" Frantisek Szulenyi, the head of the central bank's foreign exchange assets department told Reuters. 

 The crown firmed strongly on Tuesday morning with deals struck at levels around 42.16 to the euro but the central bank said it had not intervened. 

 ""We never said that the 42.3 level would be for ever,"" Szulenyi said in an earlier conversation with Reuters. 

 The central bank has said on many occassions that it has a secret preferred range within which it wants to see the crown move and that this range can change according to fundamentals, such as the balance of payments. 

 The statistical office releases January trade figures on Friday morning. An economy ministry spokesman said that the January figures would be better than for the same month last year. ((Robin Shepherd, Bratislava Newsroom, 421-7-5341-8402, fax 421-7-5341-8403, bratislava.newsroom@reuters.com)). 

 (C) Reuters Limited 2000."
Slovak  crown calm around cbank  intervention  level. ,2000-02-17,"
    BRATISLAVA, Feb 17 (Reuters) - The Slovak crown	



was quiet on Thursday morning, around levels where the central


 bank has been intervening against a strengthening crown, dealers 

 said. 

     The crown was quoted at 42.290/310 to the euro at 0900 GMT, 

 unchanged from opening levels. 

     The Slovak central bank has repeatedly intervened at around 

 42.3 to the euro to keep the crown from strengthening. In its 

 latest round of interventions on Wednesday, the bank bid the 

 crown up to 42.315 to the euro after the currence firmed over 

 the 42.3 level. 

 ""The crown is still at around the intervention levels...but 

 no trading has been seen yet on the market,"" said Richard Brza 

 of CSOB bank. ""We've seen no activity from both domestic and 

 foreign players."" 

 ""It's clear that the central bank has been ready to 

intervene again...this is a factor preventing the crown from 

 firming, and on the other hand, there is not much reason for 

 easing at the moment,"" Brza added. 

 The crown was quoted at 42.85/90 to the dollar at 0910 GMT. 

 ((Peter Javurek, Bratislava Newsroom, 421-7-5341-8402, fax 

 421-7-5341-8403, bratislava.newsroom@reuters.com)). 

 (C) Reuters Limited 2000."
Slovak  c.bank  intervenes  to cap crown strength. ,2000-02-16," BRATISLAVA, Feb 16 (Reuters) - The Slovak central bank intervened in the foreign exchange market on Wednesday, buying euros for crowns at around 42.3 to the euro to prevent the crown firming, the bank's head of foreign currency assets said. 

 ""We are intervening, still around the same levels,"" the central bank's (NBS) Frantisek Szulenyi told Reuters. The NBS has repeatedly intervened at around 42.3 to the euro since mid-December to prevent the currency from strengthening. 

 One dealer at a foreign bank who requested anonymity said: ""The NBS was first bidding at around 42.300 and then they accepted some offers on electronic broker up to about 42.310."" 

 The central bank has said its intervention level could change at any time if economic fundamentals change. ((Bratislava Newsroom, 421-7-5341-8402, fax 421-7-5341-8403, bratislava.newsroom@reuters.com)). 

 (C) Reuters Limited 2000."
"Slovak  crown calm, seen testing  intervention  level. ",2000-02-16,"
    BRATISLAVA, Feb 16 (Reuters) - The Slovak crown	



was steady on Wednesday morning around levels where the central


 bank has been intervening to prevent it firming, dealers said. 

     The crown was quoted at 42.290/305 to the euro at 0815 GMT, 

 little changed from opening levels. 

     The Slovak central bank has repeatedly intervened at around 

 42.3 to the euro to keep the crown from firming. In its latest 

 round of interventions on Monday, the bank bid the crown up to 

 42.315 to the euro after the currency firmed over the 42.3 

 level. 

 ""There is still pressure on the crown towards firming coming 

 from domestic client payments,"" said Roman Farkas, a trader at 

 Tatrabanka. ""We would expect the central bank to appear on the 

 market if the crown firms over 42.300,"" he added. 

 The crown was quoted at 43.10/14 to the dollar at 0815 GMT. 

 ((Andrej Salner, Bratislava Newsroom, 421-7-5341-8402, fax 

 421-7-5341-8403, bratislava.newsroom@reuters.com)). 

 (C) Reuters Limited 2000."
Slovak  crown steady near c.bank  intervention  level. ,2000-02-14,"
    BRATISLAVA, Feb 14 (Reuters) - The Slovak crown	



was calm in quiet Monday morning trading, hovering near the


 levels where the central bank has been repeatedly intervening to 

 prevent a firming, dealers said. 

     The crown was quoted at 42.30/32 to the euro at 0840 GMT, 

 unchanged from Friday's close. 

     The central bank has repeatedly intervened since 

 mid-December at around 42.3 to the euro to prevent the currency

 from strengthening. 

     ""We have seen only very passive trading so far today,"" said 

 VUB Bank's Ladislav Benedek. ""Should demand for crowns 

 strengthen the crown over 42.3 (to the euro), the central bank

 is very likely to intervene again,"" he added. 

 The central bank has said economic fundamentals do not 

 warrant a crown firmer than 42.3 to the euro at present. But the 

 bank has said its intervention level could change at any time if 

 fundamentals change. 

 The crown was quoted at 42.78/83 to the dollar at 0840 GMT. 

 ((Andrej Salner, Bratislava Newsroom, 421-7-5341-8402, fax 

 421-7-5341-8403, bratislava.newsroom@reuters.com)). 

 (C) Reuters Limited 2000."
Slovak  crown calm after cbank  intervened  Wednesday. ,2000-02-10,"
    BRATISLAVA, Feb 10 (Reuters) - The Slovak crown	



was trading calmly on Thursday morning with dealers saying that


 Wednesday's central bank intervention to weaken the crown had 

 ushered in stability. 

     The crown was quoted at 42.30/32 to the euro at 0840 GMT, 

 little moved from opening levels. 

     ""The market is very calm, since yesterday's intervention

 removed some excess foreign currency,"" said Juraj Zabadal, a 

 trader at Slovenska Sporitelna. ""We are not expecting any major 

 moves and the central bank is unlikely to have to intervene

 again today,"" he added. 

 The Slovak central bank (NBS) intervened in the foreign 

 exchange market on Wednesday to prevent the crown from firming 

 over 42.3 to the euro. The bank has been intervening around 

 these levels since mid-December. 

 Frantisek Szulenyi, the head of the NBS's foreign currency

 assets department, said on Wednesday he saw no need to change 

 the bank's intervention levels at the moment. 

 The crown was quoted at 42.57/61 to the dollar at 0840 GMT. 

 ((Andrej Salner, Bratislava Newsroom, 421-7-5341-8402, fax 

 421-7-5341-8403, bratislava.newsroom@reuters.com)). 

 (C) Reuters Limited 2000."
Slovak  cbank confirms  intervention  to weaken crown. ,2000-02-10," BRATISLAVA, Feb 10 (Reuters) - The Slovak central bank confirmed earlier reports by local dealers on Thursday that it had intervened to weaken the crown at around 42.3 to the euro. 

 ""I can confirm that we have intervened at the usual levels,"" Frantisek Szulenyi, the head of the central bank's foreign currency assets department told Reuters. 

 Szulenyi said the bank placed its bids on electronic broker 

 systems and actively matched offers by other players. ""To us, 

 the midpoint of where the crown is quoted matters...We wanted to 

 bring it above 42.300 (to the euro),"" he said. 

 The central bank has repeatedly intervened since mid-December at around 42.3 to the euro to prevent the crown from firming. ((Bratislava Newsroom, 421-7-5341-8402, fax 421-7-5341-8403, bratislava.newsroom@reuters.com)). 

 (C) Reuters Limited 2000."
Slovak  c.bank  intervenes  to cap crown strength. ,2000-02-10," BRATISLAVA, Feb 10 (Reuters) - The Slovak central bank intervened in the foreign exchange market to keep the crown from firming, buying euros for crowns around 42.300-42.315 to the euro, dealers said. 

 The central bank intervened around the same levels on Wednesday and has been doing so repeatedly since mid-December. 

 ""The central bank has been active right above 42.300 (to the euro),"" one dealer, who asked not to be identified, told Reuters. Another forex dealer at a local bank added: ""Yes, the central bank is in the market again."" 

 Dealers said the central bank actively paid offers just above 42.300 to the euro on electronic broker systems. 

 The crown weakened slightly right after the intervention to 42.310/315 at 1037 GMT from about 42.285/300 just before the intervention. 

 Officials at the central bank were not immediately available to confirm dealer reports. ((Andrej Salner, Bratislava Newsroom, 421-7-5341-8402, fax 421-7-5341-8403, bratislava.newsroom@reuters.com)). 

 (C) Reuters Limited 2000."
Slovak  c.bank confirms  intervened  to cap crown. ,2000-02-09," BRATISLAVA, Feb 9 (Reuters) - The head of the Slovak central bank's foreign currency assets department Frantisek Szulenyi said that the central bank had intervened to prevent the crown from firming over 42.3 to the euro on Wednesday. 

 Earlier in the day local dealers reported they had seen central bank activity in the foreign exchange market. ""I can confirm we have intervened at around 42.30 (to the euro),"" Szulenyi told Reuters. 

 Szulenyi said the bank (NBS) had placed bids in the market over electronic broker systems, as well as actively paid offers, to bring the midpoint of the level where the crown was quoted above the 42.3 to the euro intervention level. 

 The NBS has intervened at this level repeatedly since mid-December to prevent a firming. 

 ""At the moment the situation is unchanged, it depends on macroeconomic indicators, mainly the trade balance and the balance of payments,"" Szulenyi said. ""I see no reason at the moment to change it (the intervention level)."" 

 The bank has said its intervention level could change at any time if economic fundamentals change. ((Andrej Salner, Bratislava Newsroom, 421-7-5341-8402, fax 421-7-5341-8403, bratislava.newsroom@reuters.com)). 

 (C) Reuters Limited 2000."
Sloval cbank  intervenes  to weaken crown - dealers. ,2000-02-09," BRATISLAVA, Feb 9 (Reuters) - The Slovak central bank (NBS) intervened selling crowns on the foreign exchange market on Wednesday at the level of 42.30 crowns to the euro, dealers said. 

 ""We've seen the NBS at 42.30 (to the euro),"" a dealer at a foreign bank said. Another dealer at a local bank also said he had seen the central bank intervene at the same levels. 

 The central bank has intervened to weaken the crown on many occasions since December of last year. 

 NBS Governor Marian Jusko has said the bank does not intervene to counter trends but that it had a secret preferred range for the crown's exchange rate, which can fluctuate according to changing fundamentals. 

 The NBS last intervened to weaken the crown on February 1 at at levels between 42.29 and 42.3 crowns to the euro. After the intervention news on Wednesday, the crown was trading virtually unchanged at 42.26/34 to the euro. ((Bratislava newsroom, +421-7-5341-8402, fax +421-7-5341-8403, bratislava.newsroom@reuters.com)). 

 (C) Reuters Limited 2000."
"Slovak crown slightly weaker, seen calm. ",2000-02-04,"
    BRATISLAVA, Feb 4 (Reuters) -  The Slovak crown	



weakened mildly on domestic client orders on Friday morning,


 with dealers expecting the currency to remain calm for the 

 remainder of the day. 

     The crown was quoted at 42.29/32 to the euro at 0835 GMT 

 from 42.28/31 at the open. 

     ""Banks saw some domestic client interest in buying forex

 this morning,"" said Katarina Sevcikova, a foreign exchange

 dealer at VUB Bank. ""Probably, there will be no need today for 

 the central bank to intervene (against crown strength), as 

 trading looks very calm,"" she added. 

 The Slovak central bank intervened on Thursday to keep the 

 crown from firming over 42.3 to the euro. The bank has 

 repeatedly intervened around those levels since mid-December. 

Central bank officials have said the 42.3 intervention level 

 could change easily if economic fundamentals change. 

     The crown was quoted at 42.57/63 to the dollar at 0835 GMT. 

  ((Andrej Salner, Bratislava Newsroom, 421-7-5341-8402, fax 

 421-7-5341-8403, bratislava.newsroom@reuters.com)). 

 (C) Reuters Limited 2000."
CORRECTED-Emerging  FX -Central Europe well supported. ,2000-02-04," In LONDON story headlined ""Emerging FX-Central Europe well 

 supported"","" please read in seventh paragraph...The crown was 

 trading at 35.798 bid to the euro...instead of...The crown was 

 trading at 25.798 bid to the euro (corrects rate). 

 A corrected repitition follows. 

 LONDON, Feb 4 (Reuters) - Central European currencies were 

 well supported on Friday, although trade thinned after a hectic 

 week which saw intervention by the Slovak central bank and the 

 sale of a leading Czech bank as well as busy trade in the zloty. 

 The zloty continued its comeback on Friday, trading at 2.7 

 percent above parity against its basket of euros and dollars. 

 ""I think the zloty will hold around two percent above parity, 

 any lower than that and you see demand from the carry trade as 

 people seek to lock in yields,"" said one trader. 

 There was a large amount of activity on Thursday, with a 

 corporate order for $100 million and foreigners also sold 

 foreign currencies to participate in the T-bill auction. 

 By 1019 GMT, the zloty was trading at 4.1305 bid to the euro 

 compared with 4.1160 at Thursday's European close. 

 Traders said there had been some disappointment in the market 

 that the more than $500 million to be paid by Austria's Erste 

 Bank for Czech Ceska Sporitelna would not go through the market, 

 but would instead be put in a special hard currency account. 

 The crown was trading at 35.798 bid to the euro, slightly 

 weaker than Thursday's close of 35.79. 

 ""The market was a little disappointed, but from the 

 authorities' point of view it is quite sensible,"" said the 

 trader. 

 The Czech crown has been steadily appreciating on the back of 

 strong privatisation revenues. 

 Elsewhere, the Slovak crown was little changed and there was 

 no sign of renewed intervention by the central bank after two 

 bouts to stop the currency firming. 

 The Slovak crown was at 42.260 bid, slightly weaker than 

 yesterday's 42.24 

 ** Following is a table of key emerging market exchange rates, 

 including the change versus late New York trade the previous day 

 and the change in the year to date. 

 ** The Czech, Polish, Hungarian and Slovak currencies, formerly 

 quoted against the mark, are now quoted against the euro to 

 reflect new market norms. All other currencies are quoted 

 against the dollar. 

 ** According to market convention, exchange rates are quoted in 

 units per dollar or euro and the percentage change denotes the 

 rise or fall of the dollar or euro value. 

 ** Annual percentage changes are calculated from late on the 

 first day of the current trading year, January 3. 

CURRENCY		    LATEST  PREV    PCT CHG  PCT CHG
CLOSE		in 2000



EUROPE/MEAST/AFRICA



Czech Rep.		    35.80   35.83   -0.08%  -0.78%
Poland			  4.13    4.13    0.03%   -1.39%
Hungary			 255.48  255.40  0.03%   0.43%
Slovakia			42.26   42.24   0.04%   0.00%
Romania			 18,575  18,550  0.13%   2.85%
Ukraine			 5.56    5.54    0.36%   6.92%
South Africa		  6.23    6.26    -0.32%  1.71%
Kenya			   73.40   72.55   1.17%   0.89%
Israel			  4.050   4.048   0.06%   -1.28%
Turkey			  557,050 558,870 -0.33%  3.36%



LATAM



Mexico			  9.49    9.48    0.00%   0.90%
Brazil			  1.7830  1.7830  0.00%   -1.98%
Venezuela		     655.90  655.90  0.00%   1.10%
Chile			   514.80  514.80  0.00%   -2.44%



ASIA



Singapore		     1.689   1.693   -0.24%  1.96%
Hong Kong		     7.780   7.781   -0.01%  0.05%
China			   8.279   8.278   0.01%   -0.01%
Indonesia		     7,500   7,660   -2.09%  6.69%
Thailand			37.52   37.53   -0.03%  1.43%
Philippines		   40.50   40.65   -0.37%  1.50%
Taiwan			  30.75   30.66   0.29%   -1.76%
South Korea		   1,128   1,130   -0.13%  0.09%
India			   43.61   43.56   0.10%   0.43%



((David Chance, London Capital Markets +44 171 542 6784 email



david.chance@reuters.com)).



(C) Reuters Limited 2000."
Slovak  cenbank confirms crown  intervention . ,2000-02-01," BRATISLAVA, Feb 1 (Reuters) - The Slovak central bank said on Tuesday it had intervened to weaken the crown at levels around 42.3 to the euro, confirming dealers' sightings of the bank earlier in the session. 

 ""We have intervened...We began somewhere below 42.3 and continued up to that level,"" said Frantisek Szulenyi, the head of the central bank's foreign currency assets department. 

 The central bank has intervened to keep the crown from strengthening over 42.3 to the euro repeatedly since mid-December, saying a firmer crown could hurt the economy. Last week, the central bank said it remained committed to defending the 42.3 level for the time being. 

 However, on Monday afternoon the crown traded at levels firmer than 42.3 without the central bank stepping in. 

 Local dealers said prior to Tuesday's intervention they expected the central bank to appear on the market to weaken the crown. 

 After the intervention, around 0900 GMT, the crown was quoted at 42.310/350 to the euro from 42.270/295 at the open. ((Bratislava Newsroom, 421-7-5341-8402, fax 421-7-5341-8403, bratislava.newsroom@reuters.com)). 

 (C) Reuters Limited 2000."
Slovak  cbank  intervenes  to weaken crown-dealers. ,2000-02-01," BRATISLAVA, Feb 1 (Reuters) - The Slovak central bank reappeared on the foreign exchange market on Tuesday, intervening to weaken the crown at levels between 42.29 and 42.3 to the euro, dealers said. 

 ""Finally the National Bank is on the market again,"" said one dealer who refused to be named. 

 The central bank has intervened to weaken the crown at these levels on several occasions since December last year. 

 Governor Marian Jusko has said the bank does not intervene to counter trends but that it has a secret preferred range, which can move along with changes to fundamentals, within which it wants to see the crown. 

 In a recent interview with Reuters, however, he said economic fundamentals themselves were affected by the rate of the crown. 

 ((Bratislava Newsroom, 421-7-5341-8402, fax 421-7-5341-8403, bratislava.newsroom@reuters.com)). 

 (C) Reuters Limited 2000."
"Emerging  FX -Stronger, awaiting Polish c/a data. ",2000-02-01," LONDON, Feb 1 (Reuters) - The Czech and Slovak crowns gained on Tuesday, at one point prompting the Slovak central bank to intervene again, as investors bet long term capital inflows would continue to boost the currencies. 

 Poland's zloty also opened firmer ahead of key current account data due at 1300 GMT that analysts will scour for signs of an export recovery. 

 But the rand hovered at 6.300 per dollar, near recent lows, despite credit growth numbers that showed South Africa's long-awaited economic recovery was not yet stoking inflation. 

 ""Everyone's waiting for the Polish number. Until we get a good one, markets are going to remain cautious on Poland. It all hangs off exports,"" West LB economist Tim Ash said. 

 Analysts expect a December current account deficit of around $1.2 billion, after $1.15 billion in November, but a smaller number will be rewarded with strong zloty gains. 

 At 1015 GMT, the zloty rose to 2.75 percent above the central bank's parity rate from 2.48 percent on Monday. 

 FLAT POSTIONS AHEAD OF THE FED 

 Analysts and traders said most investors had flat positions going into the U.S. Federal Reserve's two day policy meeting, which starts today, with a 25 basis point hike widely expected. 

 The European Central Bank, which meets on Thursday, is also expected to raise rates by 25 bp. A mirror rates rise should help stem some of the recent volatility that has rattled emerging currencies pegged to dollar/euro baskets. 

 Still, flat investor positions did not stop Slovakia's central bank from intervening at around 42.3 crowns to the euro to stop the currency appreciating and choking off growth. At 1030 GMT, the unit stood at 42.32. 

 ""The bank keeps on coming in at that level, but while people still see some long term upside there's more caution,"" Ash said. 

 The Czech crown also reversed some of Monday's losses that were prompted by news the government would set up an offshore account to deposit privatisation revenues that might otherwise be repatriated and boost the currency. 

 ((John Paul Rathbone, London Capital Markets unit, tel 44 171 542 5110, fax 542 5285, john.rathbone@reuters.com)). 

 (C) Reuters Limited 2000."
Slovak  crown testing earlier  intervention  levels. ,2000-01-28,"
    BRATISLAVA, Jan 28 (Reuters) - The Slovak crown	



was calm on Friday morning, with non-resident banks driving the


currency up closer to earlier central bank intervention levels 

 of 42.3 to the euro, dealers said. 

     The crown was quoted at 42.29/32 to the euro at 0900 GMT, 

 little moved from opening levels. 

     ""Some foreign banks are showing interest to buy crowns for 

 euros,"" said Branislav Matusek, a trader at ING Barings. ""The 

 market is likely to test whether the central bank still has a 

 bid around its previous intervention levels at 42.300,"" he 

 added. 

 The central bank has repeatedly intervened since 

 mid-December at around 42.3 to the euro to prevent the crown 

 from firming. 

 Frantisek Szulenyi, the head of the central bank's foreign 

currency assets department, said on Thursday the bank remained 

 ready to intervene against a strengthening around the same 

 levels. 

 The crown was quoted at 42.95/00 to the dollar at 0900 GMT. 

 ((Andrej Salner, Bratislava Newsroom, 421-7-5341-8402, fax 

 421-7-5341-8403, bratislava.newsroom@reuters.com)). 

 (C) Reuters Limited 2000."
Slovak  cbank says still ready to  intervene . ,2000-01-27," BRATISLAVA, Jan 27 (Reuters) - The Slovak central bank said on Thursday it remained ready to prevent the crown from firming over the 42.3 to the euro level at which it has repeatedly intervened since mid-December. 

 ""For the moment we do not see a reason for any change in the level at which we intervened the last time - 42.3 to the euro,"" Frantisek Szulenyi, the head of the central bank's foreign currency assets department, told Reuters. 

 When asked specifically whether the bank was prepared to prevent a firming over 42.3 to the euro, Szulenyi said: ""For now yes."" 

 He added that the bank had not intervened on the foreign exchange market in recent days since the crown was trading steadily above the 42.3 level. 

 At 0855 GMT, the crown was quoted at 42.320/345. 

 The central bank has long said that it has a preferred range within which it wants to see the crown. It does not publish this range, however, but says it can move according to economic fundamentals, such as the trade situation. 

 The Slovak Statistical Office said on Tuesday that a surge in exports had slashed Slovakia's 1999 trade deficit to 45.7 billion crowns in 1999 after an 82.9 billion crown deficit the year before. 

 But the December deficit, at 7.6 billion crowns, was the second highest monthly deficit of the year. ((Bratislava Newsroom, 421-7-5341-8402, fax, 421-7-5341-8403 bratislava.newsroom@reuters.com)). 

 (C) Reuters Limited 2000."
"Slovak  crown calm, near earlier  intervention  level. ",2000-01-26," BRATISLAVA, Jan 26 (Reuters) - The Slovak crown was calm on Wednesday morning, but dealers said they expected the currency to again approach 42.3 to the euro, the level at which the central bank had been intervening to prevent a firming. 

 The crown was quoted at 42.335/375 to the euro at 0815 GMT, unmoved from opening levels. 

 The central bank has repeatedly intervened since mid-December to keep the crown from strengthening beyond 42.3 to the euro. The bank has said, however, the intervention level could change at any time depending on economic fundamentals. 

 ""Banks are long in foreign currency, so we will probably approach 42.3 to the euro again in the near future,"" said Juraj Zabadal, a trader at Slovenska Sporitelna. ""The question now is whether or not the intervention level has been moved after Tuesday's foreign trade figures."" 

 On Tuesday the Slovak Statistical Office said that Slovakia's trade deficit in 1999 reached 45.7 billion crowns compared with 82.9 billion crowns in the previous year. 

 The crown was quoted at 42.29/35 to the dollar at 0815 GMT. ((Andrej Salner, Bratislava Newsroom, 421-7-5341-8402, fax 421-7-5341-8403, bratislava.newsroom@reuters.com)). 

 (C) Reuters Limited 2000."
Slovak  c.bank confirms  intervened  to weaken crown. ,2000-01-19," BRATISLAVA, Jan 19 (Reuters) - The Slovak central bank confirmed earlier dealer reports that it had intervened in the foreign exchange market on Wednesday, buying euros for crowns to prevent the crown from firming over the 42.3 per euro level. 

 ""Yes, we have intervened at the same levels as before,"" said Frantisek Szulenyi, the head of the central bank's foreign currency assets department. ""The crown firmed slightly today after hovering around 42.300 for a few days, so we intervened to prevent a firming,"" he added. ((Andrej Salner, Bratislava Newsroom, 421-7-5341-8402, fax 421-7-5341-8403, bratislava.newsroom@reuters.com)). 

 (C) Reuters Limited 2000."
Slovak  cenbank  intervenes  to cap crown - dealers. ,2000-01-19," BRATISLAVA, Jan 19 (Reuters) - The Slovak central bank intervened on the foreign exchange market on Wednesday afternoon to prevent the crown from firming over 42.3 to the euro, dealers said. 

 ""We saw the National Bank of Slovakia buying euros at 42.300,"" a dealer at a domestic bank, who asked not to be identified, said. ""The central bank was there at 42.300 and 42.298,"" said another dealer. 

 The central bank has repeatedly intervened since mid-December at similar levels, saying a firmer crown may hurt trade performance. 

 Wednesday's intervention was the first this week, but last week the bank had intervened in four consecutive sessions. 

Central bank Governor Marian Jusko has said the intervention level may change when economic fundamentals change. ((Andrej Salner, Bratislava Newsroom, 421-7-5341-8402, fax 421-7-5341-8403, bratislava.newsroom@reuters.com)). 

 (C) Reuters Limited 2000."
"Slovak crown calm, tight range seen due to c.bank. ",2000-01-17,"
    BRATISLAVA, Jan 17 (Reuters) - The Slovak crown	



was unmoved early on Monday and dealers expected the currency to


 stick to last week's narrow trading band limited by the threat 

 of central bank intervention on the up side. 

     The crown was quoted at 42.27/33 to the euro at 0810 GMT, 

 unchanged from opening levels. 

     ""There is still pressure for a firming,"" said Juraj Zabadal, 

 a trader at Slovenska Sporitelna. ""But we will probably stick to 

 last week's band of 42.300 to 42.330, due to the central bank,"" 

 he added. 

 The Slovak central bank has been repeatedly intervening

 since mid-December to prevent the crown from firming over 42.300 

 to the euro, saying a rapid firming may hurt trade performance. 

 Last week the central bank intervened on four consecutive days. 

 Dealers said the upward pressure came mainly from 

 non-resident players interested in Slovak government bonds, 

 domestic corporate orders and general expectations of higher 

 foreign currency inflows due to privatisations planned for 2000. 

 The crown was quoted at 41.83/90 to the dollar at 0810 GMT. 

 ((Andrej Salner, Bratislava Newsroom, 421-7-5341-8402, fax 

 421-7-5341-8403, bratislava.newsroom@reuters.com)). 

 (C) Reuters Limited 2000."
"Slovak  crown steady, near  intervention  levels. ",2000-01-14,"
    BRATISLAVA, Jan 14 (Reuters) - The Slovak crown	



was trading calmly on Friday morning, hovering near levels where


 the central bank has intervened to cap the crown in all four 

 previous sessions this week, dealers said. 

     The crown was quoted at 42.31/34 to the euro at 0850 GMT. 

 The central bank has intervened repeatedly since mid-December to 

 cap the crown at 42.3 to the euro. The bank has said it would 

 not like to see the currency firm beyond that point unless 

 economic fundamentals change. 

     ""There still seems to be pressure for a firmer 

 crown...Domestic customers and banks are still mainly buying 

 crowns,"" said Richard Brza at CSOB Bank. 

     ""But overall, the strengthening pressure comes mainly from 

 foreign interest in attractive Slovak state bond yields and from 

 expectations of foreign investment inflows later in the year,"" 

 Brza added. 

     The crown was quoted at 41.34/39 to the dollar at 0850 GMT, 

  ((Andrej Salner, Bratislava Newsroom, 421-7-5341-8402, fax 

 421-7-5341-8403, bratislava.newsroom@reuters.com)). 

 (C) Reuters Limited 2000."
INTERVIEW -  Slovak  cbank can afford more  intervention . ,2000-01-13," BRATISLAVA, Jan 13 (Reuters) - Slovak central bank governor Marian Jusko said on Thursday he had been surprised that the bank had needed to intervene to weaken the crown so often this year but added it could afford more interventions against any excessive firming. 

 ""The amount of intervention in the past 13 days of this year quite surpised me. We did not expect such a sharp start but it is all still in accordance and within the framework set out by the monetary programme,"" he told Reuters in an interview. 

 Deputy Premier for the Economy Ivan Miklos said on Wednesday that interventions were justified at present but that in the longer term the finances of the central bank should be taken into account. 

 The bank has intervened several times since mid-December to prevent the crown, which was floated in October 1998, from firming through 42.3 to the euro. Dealers said they had seen another intervention on Thursday, the fourth session in a row. 

 While the central bank has also often said that the currency should reflect fundamentals, the governor pointed out that the rate of the crown could itself influence those fundamentals. 

 ""Excessive strengthening of the crown could threaten our aims to further improve macroeconomic results, mainly in foreign trade,"" he said. 

 Asked how long the central bank could afford to continue intervening, Jusko said: 

 ""Monetary policy is not determined by the financial results of the central bank. I think the bank has enough reserves to incur certain expenses to maintain a monetary situation corresponding with the state and development needs of our economy."" 

 Analysts expect that major privatisations in 2000 will attract a big inflow of funds, further complicating central bank efforts to keep the crown from rising. Jusko said the bank was ready to sterilise such inflows. 

 ""There will be costs and they are significant but the bank has large assets so we can bear these costs."" 

 The central bank declined to give any figures as to its current level of reserves or how much it has spent so far during its market interventions. 

 Jusko acknowledged that he was not running a purely free floating exchange rate regime for the crown. 

 ""Of course it could be argued that there is not a clean float here - I also think there isn't - and that there is here some form of managed float,"" he said. 

Central bank officials have repeatedly stressed that intervention is not designed to counter trends. Jusko, however, pushed a softer line. ""If someone thinks that our policy is a managed float or that we are intervening on trends or the amount of fluctuation, I'll be glad to listen to these discussions but I think that what really matters for the economy is (central bank) transparency."" 

 Turning to wider aspects of monetary policy, Jusko said interest rates lower than headline inflation could be satisfactory if inflation was being driven by adminstrative measures such as price deregulations. 

 ""We could say that in the second half of (last) year the interest rate level was too low compared to inflation at that time. Since we know (the cause was) a one time measure whose effect will pass, that these were administrative measures, I think it is necessary to express satisfaction with the current level of interest rates."" 

 Statistical office figures released on Wednesday put inflation in December at 14.2 percent year-on-year. One year interest rates were quoted on the interbank market on Thursday at 10.30/11.00 percent. 

 The central bank has targeted core inflation at 4.5 to 5.8 percent for end-December 2000 but many analysts say central bank warnings of a credit crunch this year suggest that monetary policy may not be adjusted to achieving this aim at all costs. 

 When this point was put to Jusko he said: 

 ""On the one hand monetary policy cannot be too inward looking, exclusively following monetary aims regardless of the real state of the economy...We don't want to achieve the best possible monetary results at the expense of development opportunities for the real economy."" ""On the other hand monetary policy should not be too relaxed...We want to avoid the mistakes of conditions being such that access to credit is too easy and there is a great possibility in our situation that credits would be given that wouldn't be repaid."" 

 He concluded the interview by saying that the central bank had no major differences with the finance minstry and that communication between the two was good. ((Bratislava Newsroom, 421-7-5341-8402, fax, 421-7-5341-8403 bratislava.newsroom@reuters.com)). 

 (C) Reuters Limited 2000."
FOCUS-Slovak Dec inflation hits top end of target. ,2000-01-12," BRATISLAVA, Jan 12 (Reuters) - Slovakia's end year inflation rate came in at the top end of the central bank's target range on Wednesday, with consumer prices rising by 0.4 percent month-on-month in December and 14.2 percent year-on-year. 

 A Reuters poll of analysts conducted on Tuesday gave a mean average prediction of 0.33 percent for the month with annualised December inflation seen at 14.0 percent. 

 Prior to the release of the data, the Slovak central bank again intervened to prevent the crown firming through 42.3 to the euro but traders said the inflation figures were unlikely to move the market even at such a sensitive time. 

 ""These data had no influence on market developments,"" said Branislav Matusek, a forex trader at ING Barings. 

 ""Since the central bank has declared it is watching foreign trade data closely in determining the crown level it desires, the market's attention is likely to focus more on these figures ... The market will note other indicators, but they are unlikely to have an impact."" 

 Jan Toth, chief economist at ING Barings in Bratislava, said the figures were a touch higher than expected and had been boosted by food and fuel prices. 

 These components of the inflation basket had probably been affected by seasonal and world pricing factors, however, rather than the amount of money circulating in the Slovak economy. 

 ""So I would not expect monetary policy to tighten because of this,"" he told Reuters. 

 The central bank has targeted core inflation at 4.5 to 5.8 percent for end-December 2000 but analysts said central bank warnings of a credit crunch this year suggested that monetary policy may not be adjusted to achieving this aim at all costs. 

 ""I believe there is a will in the central bank to significantly reduce interest rates this year in order to avoid the situation which arose in the Czech Republic in the last two years,"" said Milos Bozek of J&T Securities. 

 ""This would also be a tool for fighting an overvalued crown."" 

 Bozek said many analysts partly attributed the recent deep recession in the Czech Republic to a failure of the Czech central bank to begin cutting interest rates soon enough. 

 ""Even if inflation is a bit above target they will not tighten because of the potential for a credit crunch,"" added Toth. ((Bratislava Newsroom, 421-7-5341-8402, fax, 421-7-5341-8403 bratislava.newsroom@reuters.com)). 

 (C) Reuters Limited 2000."
Slovak  c.bank confirms  intervened  to weaken crown. ,2000-01-12," BRATISLAVA, Jan 12 (Reuters) - The Slovak central bank confirmed dealer reports that it had intervened on the market to weaken the Slovak crown at levels close to 42.3 to the euro on Wednesday morning. 

 ""Yes, we have intervened...The aim of the intervention remains to keep the crown from firming over 42.3,"" said Frantisek Szulenyi, the head of the bank's foreign currency assets department. ((Bratislava Newsroom, 421-7-5341-8402, fax 421-7-5341-8403, bratislava.newsroom@reuters.com)). 

 (C) Reuters Limited 2000."
"Emerging  FX -Steady in Europe, ignoring bond falls. ",2000-01-12," LONDON, Jan 12 (Reuters) - Emerging market currencies were little changed to weaker in Europe on Wednesday, showing no clear reaction to interest rate fears that sent international bond yields to their highest levels since 1997. 


Weakness in Polish Treasury bills, amid a rise in German Bund yields to more than two-year highs, had some impact on the zloty	  in early trade, said Jan Pudil, trader at West LB. But the unit later firmed to stand little changed despite reduced hopes that the currency will be fully floated soon.


 The zloty surged to near five-month highs ahead of a meeting between the central bank and the finance ministry on a float, but fell on Tuesday after the government did not discuss the issue at its weekly meeting. 

 Deputy Finance Minister Jaroslaw Bauc said a period of stabilisation was needed before a decision would be made. 

 ""Despite all this, we remain inclined to believe that the zloty will be floated during 1H2000 and that the PLN/EUR exchange rate will become the exchange rate on which markets will focus,"" said Deutsche Bank analyst Laura Papi in a daily note. 

 Papi and Pudil said the currency was effectively free floating anyway as it can move in a 30 percent band. 


The zloty	     was bid around three percent stronger than the central bank's parity level, firmer than Tuesday's 2.9 percent, and at 4.1890 against the euro versus 4.1950.



SOUTH AFRICA MULLS RATES



South Africa's rand	  was little changed as the central bank began a two-day meeting that may lower interest rates for the first time since November.



Economists are divided on whether the Reserve Bank will free the repo rate, which it fixed at 12 percent on November 25, now that the millennium rollover has passed without problem. Some think it will leave the rate on hold because of evidence of mounting growth and rising rates elsewhere in the world.



The Bank said its Monetary Policy Committee would issue a statement on interest rates Thursday afternoon. The rand traded at 6.076 bid compared with 6.07 late on Tuesday.



The Israeli shekel	  was also steady despite losses in U.S. stocks and signs that Prime Minister Ehud Barak may have problems winning cabinet approval for his nominated central bank governor David Klein.



The currency set its strongest levels since July on Tuesday, continuing to gain on expectations Klein would not cut interest rates drastically.



But local dealers said the market was now following the direction of U.S. equities, whose strength has sent Israeli shares soaring. U.S. stocks fell on Tuesday, with technology issues suffering particularly heavy losses.



Reports that the cabinet was divided on Klein's appointment may also weigh on the shekel, which was bid around 4.1151 to the dollar compared with 4.1102 late on Tuesday.



The Slovak crown	  was little changed as the central bank intervened for a third day running, buying euros for crowns at around 42.3 to the euro. The currency	     was recently bid near 42.235 to the euro.
The Czech crown			continued to trade around the 36 to the euro level, weakening to 35.975 bid from 35.93 on Tuesday.



 ** Following is a table of key emerging market exchange rates,



including the change versus late New York trade the previous day



and the change in the year to date.



 ** The Czech, Polish, Hungarian and Slovak currencies, formerly



quoted against the mark, are now quoted against the euro to



reflect new market norms. All other currencies are quoted



against the dollar.



 ** According to market convention, exchange rates are quoted in



units per dollar or euro and the percentage change denotes the



rise or fall of the dollar or euro value.



 ** Annual percentage changes are calculated from late on the



first day of the current trading year, January 4.


CURRENCY		    LATEST  PREV    PCT CHG  PCT CHG
					  CLOSE		IN 2000



EUROPE/MEAST/AFRICA



Czech Rep.		   35.98   35.95   0.08%   -0.28%
Poland			 4.19    4.19    -0.06%  -0.05%
Hungary			254.7   254.58  0.05%   0.12%
Slovakia		     42.23   42.22   0.02%   -0.07%
Romania			18,307  18,305  0.01%   1.37%
Ukraine			5.44    5.53    -1.63%  4.62%
South Africa		 6.08    6.09    -0.25%  -0.90%
Kenya			  72.68   72.55   0.18%   -0.10%
Israel			 4.116   4.100   0.38%   0.31%
Turkey			 539,050 539,300 -0.05%  0.02%



LATAM



Mexico			 9.51    9.51    -0.02%  1.17%
Brazil			 1.8260  1.8210  0.27%   0.38%
Venezuela		    650.75  650.75  0.00%   0.31%
Chile			  521.60  521.60  0.00%   -1.16%



ASIA



Singapore		    1.668   1.669   -0.03%  0.72%
Hong Kong		    7.778   7.778   0.00%   0.03%
China			  8.280   8.280   0.00%   0.00%
Indonesia		    7,205   7,240   -0.48%  2.49%
Thailand		     37.40   37.61   -0.56%  1.11%
Philippines		  40.50   40.70   -0.49%  1.50%
Taiwan			 30.75   30.68   0.23%   -1.76%
South Korea		  1,143   1,145   -0.17%  1.42%
India			  43.52   43.45   0.15%   0.22%.



(C) Reuters Limited 2000."
Slovak  cbank says  intervened  around 42.3 to euro. ,2000-01-11," BRATISLAVA, Jan 11 (Reuters) - The Slovak central bank on Tuesday confirmed that it had intervened to weaken the crown at around 42.3 to the euro. 

 ""Yes we have intervened close to the same levels (as yesterday). The 42.3 (intervention) level is the same,"" Frantisek Szulenyi, the head of the central bank's foreign currency assets department told Reuters. 

 Dealers said the Slovak central bank had intervened on the currency market, buying euros at around 42.29 to the crown, at around 0755 GMT. 

 The bank has intervened to prevent the crown from firming at or around the 42.300 to the euro level several times in December, and again on January 3 and January 10. 

 The central bank's monetary programme calls for intervention to prevent excess volatility, but not to counter trends. NBS Monetary Department Director Elena Kohutikova said last week the bank had intervened, as pressures for a crown firming were of a one-time character. 

 Kohutikova said the central bank intervention level may easily change at any time, depending on developments of economic fundamentals. ((Bratislava Newsroom, 421-7-5341-8402, fax 421-7-5341-8403, bratislava.newsroom@reuters.com)). 

 (C) Reuters Limited 2000."
Slovak  cbank again  intervenes  as crown firms. ,2000-01-11," BRATISLAVA, Jan 11 (Reuters) - Dealers said the Slovak central bank had intervened on the currency market on Tuesday morning, buying euros at around 42.29 to the crown. 

 ""The central bank is buying euros again and they are still there. It was at about 0855 (0755 GMT) and at about 42.29 to the euro,"" said one local dealer. 

 The central bank (NBS) was not immediately available to confirm the intervention. 

 The bank has intervened to prevent the crown from firming at or around the 42.300 to the euro level several times in December, and again on January 3 and January 10. 

 The central bank's monetary programme calls for intervention to prevent excess volatility, but not to counter trends. NBS Monetary Department Director Elena Kohutikova said last week the bank had intervened, as pressures for a crown firming were one offs. 

 Kohutikova said the central bank intervention level may easily change at any time, depending on the development of economic fundamentals. ((Robin Shepherd, Bratislava Newsroom, 421-7-5341-8402, fax 421-7-5341-8403, bratislava.newsroom@reuters.com)). 

 (C) Reuters Limited 2000."
"Emerging  FX -Central Europe firm, picture positive. ",2000-01-11," LONDON, Jan 11 (Reuters) - Central European currencies were mostly firmer on Tuesday with the Polish zloty showing strength despite a delay in a decision to float the currency at a meeting of the central bank and finance ministry. 

 Traders and analysts said that trading volumes had improved from last week, although they were not back up to pre-Christmas levels. 

 ""We expect a decision on the zloty to be taken in the second quarter. Obviously strong privatisation inflows will drive the zloty stronger,"" said Stefan Kolek, currency strategist at HypoVereinsbank. 

 By 1111 GMT, the zloty was trading at 4.174 bid to the euro little changed from the close of 4.1725. It was at 3.34 percent on the strong side of parity against its basket of dollars and euros. 

 Poland's Finance Ministry and the central bank's Monetary Policy Council on Monday concluded their meeting with no word on the flotation of the zloty when many had been expecting a decision or at least a timeframe for one. 

 The zloty currently trades in a 30 percent wide trading range and is devalued at 0.3 percent a month. 

 Elsewhere in Central Europe, the Slovak central bank continued to intervene, at around 42.3 to the euro and the crown was trading at 42.219 bid in mid-morning trade. 

 ""The fact of intervention is marginal,"" said Kolek. ""They cannot do anything in the long run."" 

 Slovak bond yields dipped ahead of a 3.0 billion crown T-bond offering, ahead of strong anticipated demand. 

 The Czech crown was little changed after Monday's release of December consumer price inflation, which came in higher than expected at 0.5 percent month on month. 

 The crown was at 35.972 bid to the euro, marginally weaker than 35.97 at Monday's close. 

 Czech central bank (CNB) Vice-governor Zdenek Tuma said his bias on monetary policy remained neutral despite stronger-than-expected inflation in December, the daily Hospodarske Noviny said on Tuesday. In Hungary, the main news of the day was the addition of 200 million euros to a floating rate issue for a total of 600 million euros. 

 The forint was trading at compared 254.54 bid to the euro, little changed from 254.63 at Monday's close. 

 In South Africa, the rand was firmer as the market braces for central bank meetings on Wednesday and Thursday this week, at which a further cut in interest rates is expected. 

 The rand was at 6.0710 bid to the dollar, little changed from late-Monday trade. 

 The Israeli shekel continued to rally against the dollar to its highest level in 4-1/2 months with the appointment of David Klein as central bank chief. 

 It was trading at 4.1009 bid to the dollar. 

  ** Following is a table of key emerging market exchange rates, 

 including the change versus late New York trade the previous day 

 and the change in the year to date. 

  ** The Czech, Polish, Hungarian and Slovak currencies, formerly 

 quoted against the mark, are now quoted against the euro to 

 reflect new market norms. All other currencies are quoted 

 against the dollar. 

  ** According to market convention, exchange rates are quoted in 

 units per dollar or euro and the percentage change denotes the 

 rise or fall of the dollar or euro value. 

CURRENCY		    LATEST  PREV    PCT CHG  PCT CHG
					  CLOSE		ON YR



EUROPE/MEAST/AFRICA



Czech Rep.		    35.97   35.95   0.06%   -0.30%
Poland			  4.17    4.17    0.05%   -0.38%
Hungary			 254.67  254.42  0.10%   0.11%
Slovakia			42.22   42.25   -0.07%  -0.09%
Romania			 18,300  18,322  -0.12%  1.33%
Ukraine			 5.42    5.60    -3.21%  4.23%
South Africa		  6.07    6.08    -0.18%  -1.02%
Kenya			   72.60   72.45   0.21%   -0.21%
Israel			  4.101   4.108   -0.17%  -0.05%
Turkey			  538,250 540,320 -0.38%  -0.13%



LATAM



Mexico			  9.45    9.45    0.05%   0.53%
Brazil			  1.8130  1.8130  0.00%   -0.33%
Venezuela		     651.00  651.00  0.00%   0.35%
Chile			   519.70  519.70  0.00%   -1.52%



ASIA



Singapore		     1.669   1.660   0.52%   0.79%
Hong Kong		     7.778   7.778   0.00%   0.03%
China			   8.280	     0.00%
Indonesia		     7,250   7,140   1.54%   3.13%
Thailand			37.63   37.21   1.13%   1.73%
Philippines		   40.70   40.25   1.12%   2.01%
Taiwan			  30.80   30.68   0.39%   -1.60%
South Korea		   1,146   1,133   1.15%   1.69%
India			   43.53   43.42   0.24%   0.24%.



(C) Reuters Limited 2000."
"Emerging  FX -Zloty, shekel lead Europe higher. ",2000-01-10,"
LONDON, Jan 10 (Reuters) - Hopes that the Polish authorities will agree to a full float of the zloty	  lifted the currency to four-month highs on Monday in a busy European session for emerging market currencies.
Israel's shekel	  rallied as the market welcomed the nomination of a tough central bank chief, while the Czech crown	  gained after robust inflation data reinforced expectations of higher interest rates.



The zloty surged to 3.52 percent bid above the central bank's parity level from 3.0 percent on Friday, buoyed by hopes that the finance minister will agree at a 1500 GMT meeting with the central bank to fully float the currency.


 Analysts say such a move would show the authorities were confident in the zloty and would give a psychological boost to the currency, which is already allowed to fluctuate in a band of 15 percent on either side of the parity rate. 

 The latest firming of the currency came after a ministry adviser said the central bank should pledge to intervene against the zloty to protect Poland's current account if the floated unit rose sharply. 

 ""That seemed to trigger quite a bit of zloty buying,"" said Bank of America currency strategist Juliet Sampson, adding that she was surprised at the market's reaction. ""It looks like there's still going to be a lot of volatility, which has to be taken as a negative."" 


The zloty	     was trading at 4.1538 to the euro compared with 4.1935 on Friday, around levels not seen since late August.



ISRAEL RISKS POLICY CLASH



Prime Minister Ehud Barak's choice of David Klein to succeed Jacob Frenkel as Bank of Israel governor, announced on Friday, boosted the shekel on expectations Klein will stick to a tough monetary policy.



""Klein is clearly a hawk, perhaps more hawkish that Frenkel, and that should be taken well by the markets,"" said Sampson. But the likelihood that Klein would clash more with the finance ministry, which wants lower interest rates, could destabilise economic policy, she said.



The shekel strengthened to 4.119 to the dollar from 4.1390 on Friday.



The Czech crown firmed slightly to around three-week highs against the euro after higher-than-expected inflation figures bolstered the view that a long series of interest rate cuts was over.



Consumer prices in December grew 0.5 percent on the month by the headline measure and 0.6 percent at the net level, against market expectations for a 0.3 percent increase on both counts.



The crown	     was bid at 35.98 to the euro from about 36.00 ahead of the data and 36.02 late on Friday.
The Slovak crown	  was little changed after the central bank again intervened to cap its strength around 42.3 to the euro.



The bank has intervened to prevent the crown from firming around that level level several times in December and again in January.



The crown	     was recently trading at 42.262 against the euro from around 42.259 on Friday.



 ** Following is a table of key emerging market exchange rates,



including the change versus late New York trade the previous day



and the change in the year to date.



 ** The Czech, Polish, Hungarian and Slovak currencies, formerly



quoted against the mark, are now quoted against the euro to



reflect new market norms. All other currencies are quoted



against the dollar.



 ** According to market convention, exchange rates are quoted in



units per dollar or euro and the percentage change denotes the



rise or fall of the dollar or euro value.


CURRENCY		    LATEST  PREV    PCT CHG
					  CLOSE
Czech Rep.		   36.00   36.02   -0.06%
Poland			 4.16    4.19    -0.82%
Hungary			254.64  254.43  0.08%
Slovakia		     42.26   42.26   0.01%
Romania			18,315  18,307  0.04%
Ukraine			5.50    5.37    2.42%
South Africa		 6.07    6.05    0.28%
Kenya			  72.45   72.60   -0.21%
Israel			 4.115   4.142   -0.65%
Turkey			 540,200 538,880 0.24%



LATAM



Mexico			 9.45    9.47    -0.21%
Brazil			 1.8260  1.8260  0.00%
Venezuela		    649.75  649.75  0.00%
Chile			  522.00  522.00  0.00%



ASIA



Singapore		    1.659   1.661   -0.10%
Hong Kong		    7.778   7.777   0.01%
China			  8.279   8.279   0.00%
Indonesia		    7,150   7,130   0.28%
Thailand		     37.11   37.21   -0.27%
Philippines		  40.20   40.30   -0.25%
Taiwan			 30.79   30.70   0.29%
South Korea		  1,133   1,137   -0.35%
India			  43.52   43.42   0.22%.



(C) Reuters Limited 2000."
Slovak cenbank  forex  reserves rise to $3.44 bln. ,2000-01-07,"     BRATISLAVA, Jan 7 (Reuters) - The Slovak central bank said 

 on Friday its foreign exchange reserves had increased to $3.44 

 billion as of January 4 from $3.42 billion on Dec 31. 

     On January 3 the central bank intervened on unspecified 

 volumes to cap the crown's strength, buying euros for crowns 

 near the 42.300 to the euro level. Dealers said the volume of 

 the intervention was quite small. 

SLOVAK FOREX RESERVES		 Jan 4	Dec 31     Dec 28



 (in millions of dollars)


Central bank reserves	   3,440.0     3,421.7    3,441.4
   Commercial banks		  1,090.5     1,062.6    1,077.4
   Entire banking sector	   4,530.5     4,484.3    4,518.8



 ((Bratislava Newsroom, 421-7-5341-8402, fax 421-7-5341-8403,



bratislava.newsroom@reuters.com)).



(C) Reuters Limited 2000."
"Slovak crown slightly weaker, seen calm. ",2000-01-05,"
    BRATISLAVA, Jan 5 (Reuters) - The Slovak crown	



opened slightly weaker on Wednesday, with dealers saying they


 did not expect any turbulence on the quiet market during the 

 day. 

     The crown was quoted at 42.350/450 to the euro at 0820 GMT, 

 unchanged from the open, but weaker from Tuesday's close at 

 42.300/400 to the euro. 

     ""We opened a little bit down from Tuesday, and so far we 

 have seen only a couple of domestic banks buying forex,"" said 

 ING's Zuzana Rafajova. 

     ""These buys have been made on low volumes and I don't see a 

 reason to expect anything special later on today,"" she added. 

     On Monday, the Slovak central bank intervened, selling 

 crowns for euros close to 42.3 to the euro. Monday's 

intervention came at levels around 42.29 to the euro. 

     The central bank's official monetary programme calls for 

intervention against excess volatility but not against trends. 

     Dealers said they did not expect such developments on 

 Wednesday. 

     ""I don't think the crown will streghten through 42.300 to 

 the euro today...It might happen only if somebody does it 

 deliberately,"" Rafajova said. 

     At 0825 GMT, the crown was quoted to the dollar with the 

 midpoint at 40.820. 

 ((Peter Javurek, Bratislava Newsroom, 421-7-5341-8402, fax 

 421-7-5341-8403, bratislava.newsroom@reuters.com)). 

 (C) Reuters Limited 2000."
"Slovak crown steady, mkt eyes cbank, non-residents. ",2000-01-04,"
    BRATISLAVA, Jan 4 (Reuters) - The Slovak crown		 was



quiet early on Tuesday with local dealers saying London banks'


 interest in buying crowns may test the central bank's resolve to 

 cap the currency's strength. 

     At 0810 GMT the crown was quoted unmoved at 42.25/35 to the 

 euro. 

     ""So far, there hasn't been much trading today,"" said Boris 

 Somorovsky, a forex dealer at Tatrabanka. ""The crown could trade 

 in a range between 42.150 and 42.400 to the euro, but that 

 depends on whether the NBS will intervene again and on the 

 behaviour of London banks,"" he added. 

 The crown firmed slightly on Monday under pressure from 

 foreign banks, prompting central bank (NBS) intervention to cap 

 its strength at around 42.300 to the euro. 

     But London-based banks, closed for a holiday, did not trade 

 on Monday. 

     ""The question is whether London players will join the trend 

 and start buying Slovak crowns as well,"" said Somorovsky. 

     Monday's intervention came at levels around 42.29 to the 

 euro. The central bank's official monetary programme calls for 

intervention against excess volatility but not against trends. 

Central bank Governor Marian Jusko said late last year the 

 bank would aim to keep the crown at around prevailing levels - 

 then 42.3 to the euro - in 2000, but acknowledged there would 

 probably be pressure for appreciation. 

 The crown was quoted at 41.16/26 to the dollar at 0810 GMT. 

 ((Andrej Salner, Bratislava Newsroom, 421-7-5341-8402, fax 

 421-7-5341-8403, bratislava.newsroom@reuters.com)). 

 (C) Reuters Limited 2000."
Slovak  cbank says would  intervene  to cap crown. ,2000-01-03," BRATISLAVA, Jan 3 (Reuters) - Slovak central bank foreign currency asset department head Frantisek Szulenyi said on Monday the bank would take action if the crown firmed strongly over 42.300 to the euro. 

 ""Should it go significantly over the 300 level we would do something,"" Szulenyi told Reuters. When asked to clarify whether that specifically meant intervention he said: ""Yes, probably we would intervene..."" 

 The crown was quoted at 42.260/340 to the euro at 1121 GMT. 

Central bank governor Marian Jusko said on December 22 the bank would aim to keep the crown at around prevailing levels - 42.3 to the euro - in 2000, but acknowledged there would probably be pressure for an appreciation. 

 The government is anxious to avoid a sharp strengthening of the currency, which it fears could hit the country's export-led growth at a time of flagging domestic demand. 

 The central bank intervened in four sessions in December to cap crown strength at 42.3 to the euro. 

 ((Bratislava Newsroom, 421-7-5341-8402, fax, 421-7-5341-8403 bratislava.newsroom@reuters.com)). 

 (C) Reuters Limited 2000."
Slovak  cbank says has  intervened  to cap crown. ,2000-01-03," BRATISLAVA, Jan 3 (Reuters) - The Slovak central bank intervened on the foreign exchange markets on Monday, selling crowns for euros close to 42.3 to the euro, the bank's foreign currency asset department head, Frantisek Szulenyi, said. 

 ""We were in the market and we are still there...A trade did take place below the 42.300 level,"" Szulenyi told Reuters. 

 The crown was quoted at 42.290 to the euro just before 1300 GMT. 

Central bank governor Marian Jusko said on December 22 that the central bank would aim to keep the crown at around prevailing levels - 42.3 to the euro - in 2000, but acknowledged there would probably be pressure for an appreciation. 

 The government is anxious to avoid a sharp strengthening of the currency which it fears could hit the country's export led growth at a time of flagging domestic demand. 

 The central bank intervened in four sessions in December to cap crown strength at 42.3 to the euro. The governor has said that the interventional level could change according to economic fundamentals. ((Bratislava Newsroom, 421-7-5341-8402, fax, 421-7-5341-8403 bratislava.newsroom@reuters.com)). 

 (C) Reuters Limited 2000."
Slovak  central bank  reserves rise to Dec 21. ,1999-12-23," BRATISLAVA, Dec 23 (Reuters) - The Slovak central bank said on Thursday its foreign exchange reserves had risen to $3.4 billion as of December 21 from $2.9 billion as of December 15. 

 The central has intervened to weaken the crown by buying euros in four sessions since Tuesday last week. Governor Marian Jusko said on Wednesday the bank remained prepared to intervene to counter exchange rate volatility. 

SLOVAK FOREX RESERVES	 Dec 21    Dec 15     Dec 8



   (in millions of dollars)


Central bank reserves	3,3841    2,930.8   2,891.4
   Commercial banks	     1,2237    1,283.6   1,382.9
   Entire banking sector	4,6078    4,214.4   4,274.3



    ((Robin Shepherd, Bratislava Newsroom, 421-7-5341-8402, fax,



421-7-5341-8403 bratislava.newsroom@reuters.com)).



(C) Reuters Limited 1999."
Emerging  FX -Zloty calm after Polish telecom delay. ,1999-12-23," LONDON, Dec 23 (Reuters) - Failure to agree a price for the sale of a stake in Polish telecommunications company TPSA did not make much a of a dent in the zloty as trading was slim ahead of the extended Christmas and millennium break. 

 ""It had an effect, but so many people are happy to have their positions through to the New Year,"" said Nick Douch currency strategist at Barclays Capital. 

 By 1140 GMT the zloty was trading at 4.165 bid to the euro, marginally higher than at the close of trade in New York, but slightly weaker than the 4.16 bid of morning trade on Wednesday. Against its basket of euros and dollars the zloty was 2.33 percent on the strong side of parity. 

 Poland on Wednesday rejected an offer by France Telecom  for a strategic stake in local phone group TPSA  and said it would call for fresh bids in the largest privatisation deal in the country's history. 

 Polish treasury minister Emil Wasacz said the French offer for a 25-35 percent stake in state-controlled TPSA had not met his expectations and that a fresh tender would be announced early in the New Year. 

 France Telecom, the sole bidder after U.S. SBC Communications  backed out in November due to a lack of clarity in market regulations, was believed to have offered $3.5 billion for a 30 percent stake, close to treasury demands. 

 The deal was said to have collapsed not so much because of the price, but due to the French firm's demands for full management control and 'get-out' clauses should a new telecoms law damage future profits. 

 Merrill Lynch said that while the bad news was evident in a six month delay there was a silver lining. 

 The cancellation clears the way for a new list of investors who came too late the first time or where circumstances have changed, Merrill said in a report. 

 ""We believe Deutsche Telekom will undoubtedly be first on any advisors' wish list given their less than satisfactory position in PTC,"" Merrill said. The seasonal torpor in markets extended throughout emerging Europe, with the extent of Slovak intervention to halt the rise in the value of the crown becoming clear after central bank foreign exchange reserves rose to $3.4 billion as of December 21 from $2.9 billion as of December 15. ""The Slovaks have got to think what they will do. The problem with intervention as they are practising it is that they are selling their own currency which adds to the money supply,"" said Douch. 

 The crown was little changed at 42.454 bid to the euro. 

 In South Africa, the prospect of bond markets closing until after the New Year limited appetite for rand trade. 

 The rand was at 6.1450 bid to the dollar. 

     ** Following is a table of key emerging market exchange 

 rates, including the change versus late New York trade the 

 previous day and the change in the year to date. For the latest 

 live prices click on the currency RICs. 

     ** The Czech, Polish, Hungarian and Slovak currencies, 

 formerly quoted against the mark, are now quoted against the 

 euro to reflect new market norms. All other currencies are 

 quoted against the dollar. 

     ** According to market convention, exchange rates are quoted 

 in units per dollar or euro and the percentage change denotes 

 the rise or fall of the dollar or euro value. 

     ** Annual percentage changes are calculated from late on the 

 first day of the current trading year, January 4. 

CURRENCY		    LATEST  PREV    PCT CHG  PCT CHG
					  CLOSE		in 1999



 EUROPE/MEAST/AFRICA



Czech Rep.		    36.16   36.17   -0.04%  3.89%
Poland			  4.17    4.17    -0.07%  2.45%
Hungary			 254.29  254.32  -0.01%  1.23%
Slovakia			42.40   42.32   0.18%   -1.40%
Romania			 17,950  17,945  0.03%   63.93%
Ukraine			 5.23    5.30    -1.32%  33.08%
South Africa		  6.14    6.14    0.01%   5.08%
Kenya			   72.90   72.70   0.28%   18.34%
Israel			  4.169   4.169   -0.01%  1.21%
Turkey			  535,350 535,030 0.06%   69.54%



LATAM



Mexico			  9.32    9.32    -0.03%  -5.32%
Brazil			  1.8200  1.8200  0.00%   50.77%
Venezuela		     644.00  644.00  0.00%   14.08%
Chile			   536.30  536.30  0.00%   14.06%



ASIA



Singapore		     1.670   1.665   0.30%   0.85%
Hong Kong		     7.769   7.770   -0.02%  0.29%
China			   8.280   8.280   0.00%   0.00%
Indonesia		     7,045   7,080   -0.49%  -11.38%
Thailand			37.42   37.60   -0.48%  3.66%
Philippines		   40.15   40.30   -0.37%  4.69%
Taiwan			  31.59   31.53   0.17%   -1.60%
South Korea		   1,130   1,131   -0.09%  -4.64%
India			   43.51   43.42   0.20%   2.39%.



(C) Reuters Limited 1999."
"Slovak  cbank says  intervening , buying euros. ",1999-12-22," BRATISLAVA, Dec 22 (Reuters) - The Slovak central bank said it intervened on the market on Wednesday, buying euros to prevent the crown from firming over 42.3 to the euro. 

 ""I can confirm that a trade did take place...I don't think there is a rational reason for the exchange rate to move beyond 42.300 in the long term,"" Frantisek Szulenyi, the head of the central bank's foreign currency assets department, told Reuters. 

 The central bank intervened on Tuesday this week and on Tuesday and Wednesday last week to prevent the crown strengthening above the 42.3 level. 

 The bank, which will outline its 2000 monetary policy at a news conference at 1300 GMT, has long said it has a range within which it wants the crown to be but has not disclosed what that range is. 

 Although the central bank says it only intervenes to prevent volatility which does not refelect economic fundamentals, Karol Mrva, the head of the bank's monetary policy department told Reuters last week that volatility was now taken to mean a ""significant strengthening"" of the currency. ((Bratislava Newsroom, 421-7-5341-8402, fax, 421-7-5341-8403 bratislava.newsroom@reuters.com)). 

 (C) Reuters Limited 1999."
FOCUS -  Slovak  cbank  intervention  seen light. ,1999-12-21," BRATISLAVA, Dec 21 (Reuters) - The Slovak central bank said on Tuesday it had intervened in the currency market and dealers said the bank had capped crown gains at 42.300 to the euro. 

 Dealers here said the intervention was light and made sense after intervention on Tuesday and Wednesday last week when NBS governor Marian Jusko said it was to prevent the crown from strengthing above 42.300 to the euro. 

 Only two dealers said they had seen the central bank act on Tuesday while others said any intervention must have been in very small volume. 

 The dealers that saw intervention said the central bank bid the currency from around 42.27 to the 42.3 level. 

 ""It all happened pretty quietly...The NBS hung its bid on the trading system and only when some bank applied to it, it became clear it had been the central bank,"" Marek Senkovic, a forex trader at Istrobanka told Reuters. 

 ""My estimate is that it (volume) could be only 3-4 million euros...Certainly not 10 (million) or more,"" Senkovic said. 

 The central bank declined to give the actual amount involved in its intervention. 

 Xenia Eacups from Tatra Banka said she had seen the crown peak at 42.260/300 to the euro earlier on Tuesday and this was probably the level at which the central bank had stepped in. 

 ""In my view...the intervention came at the moment when the midpoint of the crown rate-spread was lower than 42.300 (to the euro),"" Eacups said. ""We can say it was only symbolic intervention...slightly stronger than just a verbal one,"" she said. 

 Referring to governor Jusko's remarks last week about the 42.3 level, Senkovic said: 

 ""I think this is exactly what we saw today. I don't think the central bank would come up with a bid of some 42.400 or so, as it has been only checking the 42.300 level in recent days."" 

Central bank foreign exchange department head Karol Mrva also said last week that central bank intervention would be used to check volatility. He said the bank now understood volatility to mean a ""significant strengthening"" of the currency. ((Bratislava Newsroom, 421-7-5341-8402, fax 421-7-5341-8403, bratislava.newsroom@reuters.com)). 

 (C) Reuters Limited 1999."
Slovak  c.bank confirms crown  intervention . ,1999-12-21," BRATISLAVA, Dec 21 (Reuters) - The Slovak central bank told Reuters on Tuesday that it had intervened on the market earlier in the day to weaken the crown against the euro. 

 Two dealers had said the central bank had been present but others said they had only heard rumours and that any intervention must have been on very small volumes. 

 ""The National Bank of Slovakia was present on the market,"" spokesman Jan Onda said on Tuesday. 

 The dealers that saw intervention said the central bank bid the currency up from around 42.27 to the 42.3 per euro level. Last week the central bank intervened on Tuesday and Wednesday when the crown strengthened over 42.3 to the euro. 

 Last week, central bank governor Marian Jusko told journalists that central bank intervention would prevent the crown from strengthing over 42.3 to the euro. 

Central bank foreign exchange department head Karol Mrva also said last week that central bank intervention would be used to check volatility. He said the bank now understood volatility to mean a ""significant strengthening"" of the currency. 

 ((Bratislava Newsroom, 421-7-5341-8402, fax, 421-7-5341-8403 bratislava.newsroom@reuters.com)). 

 (C) Reuters Limited 1999."
Emerging  FX -Slovak crown unmoved by bank sale. ,1999-12-20," LONDON, Dec 20 (Reuters) - The sale of the Slovak government's 24 percent stake in Czech bank CSOB for 400 million euros had been widely anticipated by the foreign exchange market and did not renew upward pressure on the Slovak crown. 

 However, currency strategists said that the prospect of larger privatisations and a deepening of Slovak debt markets would add to upward pressures on the currency in the coming year. 

 ""Volumes in the market are slim. The sale of CSOB had been expected,"" said Stefan Kolek, currency strategist at HypoVereinsbank. 

 The Slovak crown was trading 42.323 bid to the euro by 1102 GMT, slightly weaker from the New York close Friday of 42.27 to the euro and little changed from early morning levels. 

 The Slovak central bank has been intervening in the market in an attempt to halt the rise in the value of the crown, to the extent that foreign exchange reserves rose $39 million last week, reflecting purchases of foreign currencies. 

 Strategists say that given limited foreign participation in the Slovak crown markets, the central bank's task has been relatively easy so far, but that could change in 2000. 

 Privatisations such as that for bank Slovenska Sporitelna should also keep the crown strong. 

 ""There will be more Slovak Eurobond issues, liquidity will be improved and the finance ministry wants to start a tapping system similar to the Hungarians,"" said Kolek. 

 Elsewhere, markets were quiet in the run-up to Christmas. 

 There was little movement in the Czech crown ahead of Tuesday's central bank meeting, with most analysts saying that a rate cut is unlikely. 

 The crown was trading at 35.981 bid to the euro, slightly weaker than 3.59 at the New York close. 

 The Hungarian forint was steady at 253.79 bid to the euro, compared with 253.97 on Friday, after the central bank cut its key two week rate by 25 basis points to 14.25 percent. 

 The only Hungarian data due for release this week is October retail sales. 

 The Polish zloty was stronger at 4.1940 bid to the euro, up from 4.21 bid at the New York close after more details emerged of the country's proposed sterilisation account for privatisation inflows. 

Central bank Governor Hanna Gronkiewicz-Waltz said on Monday that 40 percent of next year's privatisation inflows should be kept on a special hard currency account to facilitate sovereign debt financing. 

 (C) Reuters Limited 1999."
"Slovak crown opens firmer, further upside seen. ",1999-12-17,"
BRATISLAVA, Dec 17 (Reuters) - The Slovak crown	     firmed slightly in moderate trading on Friday morning and had the potential to strengthen further on domestic client activity, dealers said.



The crown was quoted at 42.37/45 to the euro at 0755 GMT, from Thursday's close of around 42.42/50.


 ""There is some pressure from selling of forex into crowns by domestic clients,"" said Katarina Sevcikova, a trader at VUB Bank. ""I would expect it to head for the 42.300 level again today."" 

 On Tuesday and Wednesday this week, the Slovak central bank (NBS) intervened repeatedly to cap crown strength at the 42.300 to the euro level. NBS Governor Marian Jusko said on Thursday the crown would not firm beyond that level due to central bank intervention. 

 The crown was quoted at 41.43/51 to the dollar at 0755 GMT. 

 ((Andrej Salner, Bratislava Newsroom, 421-7-5341-8402, fax 421-7-5341-8403, bratislava.newsroom@reuters.com)). 

 (C) Reuters Limited 1999."
Emerging  FX -Weaker in Europe on  intervention  talk. ,1999-12-16,"
LONDON, Dec 16 (Reuters) - Talk of crown sales by the Czech central bank enlivened quiet emerging European currency trade on Thursday, weakening the crown	  from 10-week highs against the euro despite a denial from the bank that it was intervening.
Local dealers said the central bank sold crowns	     at around 35.80 to the euro, but the central bank said it was not active in the market.



The currency weakened to 36.005 to the euro after the initial report from 35.725 in early trade and 35.80 late on Wednesday. Even after the denial the crown remained weaker on the day, at 35.855.


 Analysts have been expecting for weeks that the central bank would intervene, saying it would be worried a strong currency would hurt the fragile economic recovery. 

 ""Thirty-five point eight is getting to quite strong levels. When they started to intervene last time (in October) it was at these levels and then it went all the way up to 37,"" said Jan Pudil, trader at West LB. 

 The central bank said soon after the intervention reports that it would not discuss monetary policy at a regular board meeting underway. 

Intervention was also a focus for the Slovak crown	 , which was softer after two days of central bank action to stop its appreciation.
The crown	     was quoted at 42.36 to the euro compared with 42.28 late on Wednesday and 1999 highs of 42.087 reached before the central bank began making weaker bids for its currency.


Central bank governor Marian Jusko said on Thursday the intervention meant the crown would not firm over 42.3 to the euro, Czech news agency CTK reported.



The zloty	  strengthened to 0.85 percent above the central bank's parity level from 0.67 percent on Wednesday ahead of the release later in the day of key industrial output data for November.



HypoVereinsbank said it expected output to have increased 13 percent from the previous year, which should keep the zloty above parity.



The zloty	     was trading at 4.234 to the euro, against 4.2260 on Wednesday, when the central bank left interest rates unchanged.



 ** Following is a table of key emerging market exchange rates,



including the change versus late New York trade the previous day



and the change in the year to date.



 ** The Czech, Polish, Hungarian and Slovak currencies, formerly



quoted against the mark, are now quoted against the euro to



reflect new market norms. All other currencies are quoted



against the dollar.



 ** According to market convention, exchange rates are quoted in



units per dollar or euro and the percentage change denotes the



rise or fall of the dollar or euro value.



 ** Annual percentage changes are calculated from late on the



first day of the current trading year, January 4.


CURRENCY		   LATEST  PREV   PCT CHG  PCT CHG
					 CLOSE	     in 1999



EUROPE/MEAST/AFRICA



Czech Rep.		   35.86   35.75   0.32%   3.05%
Poland			 4.23    4.21    0.56%   4.03%
Hungary			254.59  253.91  0.27%   1.35%
Slovakia		     42.37   42.28   0.21%   -1.47%
Romania			17,915  17,940  -0.14%  63.61%
Ukraine			5.60    5.54    1.08%   42.49%
South Africa		 6.14    6.15    -0.18%  5.06%
Kenya			  73.85   73.50   0.48%   19.89%
Israel			 4.186   4.186   0.01%   1.63%
Turkey			 528,400 530,150 -0.33%  67.34%



LATAM



Mexico			 9.34    9.34    0.05%   -5.08%
Brazil			 1.8490  1.8470  0.11%   53.18%
Venezuela		    642.90  642.90  0.00%   13.89%
Chile			  536.60  536.60  0.00%   14.12%



ASIA



Singapore		    1.675   1.676   -0.05%  1.15%
Hong Kong		    7.772   7.774   -0.03%  0.34%
China			  8.279   8.279   0.00%   0.00%
Indonesia		    7,010   7,030   -0.28%  -11.82%
Thailand		     37.97   38.36   -1.02%  5.18%
Philippines		  40.59   40.55   0.10%   5.84%
Taiwan			 31.64   31.58   0.19%   -1.43%
South Korea		  1,130   1,134   -0.35%  -4.64%
India			  43.49   43.44   0.12%   2.35%.



(C) Reuters Limited 1999."
"Slovak  cbank  intervenes , bidding at 42.3 to euro. ",1999-12-15," BRATISLAVA, Dec 15 (Reuters) - The Slovak central bank intervened on Wednesday to weaken the crown, bidding at 42.3 to the euro, dealers told Reuters. 

 ""They are bidding at 42.300 to the euro. It seems foreign banks are trying to test the NBS resolve,"" a dealer, who requested anonymity, told Reuters. 

 The central bank said just prior to the intervention that rumours it had intervened earlier in the morning were untrue. It added, however, that it remained prepared to intervene should the need arise. 

 The head of the central bank's foreign exchange department Karol Mrva said the bank would intervene against volatility. 

 He said volatility was now understood to mean a significant strengthening of the crown. 

 On Tuesday, the bank bid down the crown to 42.15 to the euro and in mid-afternoon to 42.3 after the currency in early trade hit its strongest level since the creation of the euro, at 42.087 according to Reuters data. 

 The central bank said on Tuesday it had intervened to dampen down the crown, whose gains it attributed to Slovakia's invitation to begin membership talks with the European Union and end of year position closing. 

 ((Bratislava Newsroom, 421-7-5341-8402, fax, 421-7-5341-8403 bratislava.newsroom@reuters.com)). 

 (C) Reuters Limited 1999."
"Emerging  FX -Czech crown gains, Slovaks  intervene . ",1999-12-15,"
LONDON, Dec 15 (Reuters) - The Czech crown	  strengthened to fresh 10-week highs against the euro on Wednesday following news of an acceleration of economic growth, while reports of a second day of central bank intervention held the Slovak crown	  below its 1999 highs.
Other emerging market currencies in the region were little changed, with Poland's zloty	  and Israel's shekel	  steady before the release of inflation data.



Although Czech third-quarter gross domestic product data was widely leaked on Tuesday, confirmation that the fragile economy was making a mild recovery gave the crown a slight boost that took it to its firmest rate against the euro since early October.


 GDP grew by 0.8 percent year-on-year in the third quarter, compared with forecasts for 0.5-0.7 percent and growth of 0.4 percent in the second quarter. But retail sales data released at the same time was less encouraging, showing an annual fall of 1.6 percent in October. 


The crown	     was bid around 35.829 to the euro, off its strongest levels of the day at 35.790 but still stronger than 35.86 late on Tuesday.



Analysts expected worries that the central bank may intervene to weaken the crown to cap its appreciation.


SLOVAK INTERVENTION NOTED



Across the border in Slovakia, dealers reported the central bank was intervening for a second day to keep the crown	     at the weaker levels it orchestrated on Tuesday.



They said the bank was bidding for the crown at 42.3 to the euro, similar to the rates it bid on Tuesday in its first ever intervention to weaken the currency.



""The market's so thin at the moment they (the central bank) can probably do what they want and get away with it,"" said Nick Douch, emerging market currency strategist at Barclays Capital.



The crown was trading at 42.288 after the reported intervention, compared with 42.32 late on Tuesday and 1999 highs of 42.087 early that day.



The focus in the zloty	     market was the release later in the day of inflation figures for November, expected to show a one percent monthly rise in consumer prices.



Ahead of the figures the zloty was little changed at 0.51 percent stronger than the central bank's parity level versus Tuesday's close of 0.59 percent. It was bid at 4.230 to the euro against 4.237.



The shekel was little changed near four-month highs following strong gains on Monday and Tuesday, which were triggered by historic peace talks with Syria and improved international sentiment on Israel's credit rating and stocks.



Inflation data to be published later in the day was expected to show consumer prices rose by as much as 0.2 percent in November. The shekel was trading at 4.1846 to the dollar versus 4.1856 late on Tuesday.



Hungary's forint			was little changed at 2.24 percent above parity, at the strong end of its trading band.



News on Tuesday that the central bank will reduce its monthly devaluation rate in the first half of next year, with another cut possible in the second half, meant the exchange rate mechanism would remain broadly unchanged in 2000, Deutsche Bank said.



Romania's leu	  strengthened against the dollar as the market remained undisturbed by the ousting of Prime Minister Radu Vasile on Monday. The leu was quoted at 17,860 to the dollar against around 17,900 at Tuesday's close.



 ** Following is a table of key emerging market exchange rates,



including the change versus late New York trade the previous day



and the change in the year to date.



 ** The Czech, Polish, Hungarian and Slovak currencies, formerly



quoted against the mark, are now quoted against the euro to



reflect new market norms. All other currencies are quoted



against the dollar.



 ** According to market convention, exchange rates are quoted in



units per dollar or euro and the percentage change denotes the



rise or fall of the dollar or euro value.



 ** Annual percentage changes are calculated from late on the



first day of the current trading year, January 4.


CURRENCY		   LATEST  PREV    PCT CHG  PCT CHG
					 CLOSE		in 1999



EUROPE/MEAST/AFRICA



Czech Rep.		   35.83   35.85   -0.06%  2.96%
Poland			 4.23    4.22    0.22%   4.00%
Hungary			253.49  253.70  -0.08%  0.92%
Slovakia		     42.26   42.32   -0.14%  -1.72%
Romania			17,860  17,940  -0.45%  63.11%
Ukraine			5.40    5.40    0.00%   37.40%
South Africa		 6.12    6.13    -0.11%  4.76%
Kenya			  74.55   74.65   -0.13%  21.02%
Israel			 4.185   4.183   0.05%   1.60%
Turkey			 529,700 529,160 0.10%   67.75%



LATAM



Mexico			 9.39    9.40    -0.06%  -4.55%
Brazil			 1.8520  1.8520  0.00%   53.43%
Venezuela		    642.90  642.90  0.00%   13.89%
Chile			  537.30  537.30  0.00%   14.27%



ASIA



Singapore		    1.678   1.680   -0.12%  1.32%
Hong Kong		    7.775   7.774   0.00%   0.37%
China			  8.279   8.279   0.00%   0.00%
Indonesia		    7,080   7,180   -1.39%  -10.94%
Thailand		     38.42   38.56   -0.36%  6.43%
Philippines		  40.65   40.58   0.17%   6.00%
Taiwan			 31.61   31.55   0.17%   -1.54%
South Korea		  1,134   1,133   0.09%   -4.30%
India			  43.51   43.45   0.14%   2.41%.



(C) Reuters Limited 1999."
FOCUS -  Slovak  cbank resumes  intervention . ,1999-12-15," BRATISLAVA, Dec 15 (Reuters) - The Slovak central bank said on Wednesday it had again intervened to cap crown strength, with dealers seeing intervention on the bid at 42.300 to the euro for most of the day. 

 The bank said the intervention had been on a much smaller scale than Tuesday but central bank spokesman Ivan Paska told Reuters ""When it will be necessary the central bank is ready to intervene again."" 

 Market players estimated the central bank intervened to the tune of around 30 million euros on Tuesday. 

 Dealers reported that the bank had first entered the market on Wednesday when the crown touched 42.27 to the euro in mid-morning and bid it back to 42.3. 

 The currency has been trading above 42.3 throughout the afternoon and at 1517 GMT was quoted at 42.28/36 to the euro. The crown had opened at 42.32/40. 

 Dealers said the central bank move maintained stability in the crown market. 

 ""The whole day has been relatively quiet thanks to a stable bid at 42.300 which the central bank seems to have owned up to,"" said Mario Mika, a trader at VUB Bank. ""Their intervention was a success because it did prevent extreme volatility."" 

 Wednesday's central bank activity followed several rounds of intervention on Tuesday to dampen down the currency which the central bank said had picked up strength because of Slovakia's invitation to join European Union accession talks on Friday and end of year position closing. 

 Prior to the crown's strengthening in the early part of this week, 42.300 had represented the currency's year high and dealers said this appeared to be the strongest level the central bank was prepared to accept. 

 The central bank has a target range for the currency but keeps it a closely guarded secret. 

 Before Wednesday's intervention, the head of the Slovak central bank's foreign exchange department, Karol Mrva, said the bank remained prepared to move if the crown firmed sharply. 

 He added that intervention would be used to check volatility. ""These days, of course, volatility is viewed as a significant strengthening."" ((Bratislava Newsroom, 421-7-5341-8402, fax, 421-7-5341-8403 bratislava.newsroom@reuters.com)). 

 (C) Reuters Limited 1999."
Slovak  cbank says ready to  intervene  if needed. ,1999-12-15," BRATISLAVA, Dec 15 (Reuters) - Slovak central bank spokesman Ivan Paska on Wednesday confirmed that the bank had intervened to weaken the crown and that it remained prepared to do so again should the need arise. 

 ""I can say that it (the intervention) was at a much smaller volume than yesterday,"" Paska told Reuters. Dealers estimated that the central bank used around 30 million euros in its interventions on Tuesday. 

 Dealers reported that the bank had intervened when the crown touched 42.27 to the euro earlier on Wednesday and bid it back to 42.3. 

 The currency has been trading above 42.3 throughout the afternoon and at 1441 GMT was quoted at 42.306/386 to the euro. 

 ""We did not want the exchange rate to fluctuate too much... We are also concerned with longer term volatility,"" Paska said. 

 ""When it will be necessary the central bank is ready to intervene again."" 

 Wednesday's intervention followed several rounds of intervention on Tuesday to dampen down the currency, which the central bank said had picked up strength because of Slovakia's invitation to join European Union accession talks on Friday, and end of year position closing. 

 ((Bratislava Newsroom, 421-7-5341-8402, fax, 421-7-5341-8403 bratislava.newsroom@reuters.com)). 

 (C) Reuters Limited 1999."
Emerging  FX -Weaker amid  Slovak intervention . ,1999-12-14," LONDON, Dec 14 (Reuters) - Emerging European currencies were slightly weaker on Tuesday as intervention by the central bank of Slovakia drew more attention than the dismissal of the Romanian prime minister. 


The Slovak crown	 , boosted to record highs against the euro amid hopes for increased foreign investment next year, eased only a touch after dealers said the central bank intervened to weaken the currency.
The bank bid down the crown	     to 42.15 to the euro and then 42.20 after the currency in early trade hit its strongest level since the creation of the euro, at 42.087 according to Reuters data.


 Soon after the intervention it was bid at 42.168 compared with 42.10 late on Monday. 

 ""I'm not sure how great a success they're going to have given the euro's broad-based weakness,"" said Jake Moore, emerging market currency analyst at Barclays Capital. ""It (the intervention) will only be of limited impact."" 

 The central bank's moves came despite Finance Minister Brigita Schmognerova saying on Monday she would prefer the central bank did not intervene before the end of the year as it could complicate exchange rate risks for companies. 

 Her comments boosted the crown to record levels, adding fuel to a rally driven in recent days by expectations the European Union's invitation for membership talks will boost foreign business investment in Slovakia. 

 ROMANIAN DISMISSAL 


The central bank of Romania was also expected to intervene after resuming dollar purchases on Monday to prevent an appreciation of the leu	 .



That prospect weakened the currency against the dollar and overshadowed the dismissal late on Monday of Prime Minister Radu Vasile.



Vasile was ousted following a revolt in his Christian Democrat party over slow economic reform and hopes that fresh leadership would speed admission to the EU.



The leu was bid weaker at 17,935 to the dollar from 17,895 on Monday.



The zloty	  continued to weaken amid dampened hopes for a fast decision on a full float of the zloty.



The currency fell to 1.08 percent stronger than the central bank's parity level, compared with 1.44 percent on Monday and more than two percent after comments by the finance minister last week triggered hopes for a quick move to a float.



Against the euro	     the zloty was bid at 4.221 to the euro from 4.212.



The focus is likely to shift to inflation on Wednesday, when consumer price data is expected to show annual inflation accelerated to 9.25 percent in November from 8.7 percent in October.



Czech third-quarter gross domestic product figures are also due on Wednesday, and expected to show about 0.7 percent growth from a year earlier.



The crown			was in the meantime little changed, bid at 35.86 to the euro against 35.88 on Monday.
Hungary's forint	  showed little reaction to news consumer prices rose 10.6 percent year-on-year and 0.4 percent month-on-month in November, broadly in line with market expectations.



The currency was bid at 2.22 percent above parity, just off Monday's close at the 2.25 percent strong end of the central bank's intervention band.



 ** Following is a table of key emerging market exchange rates,



including the change versus late New York trade the previous day



and the change in the year to date.



 ** The Czech, Polish, Hungarian and Slovak currencies, formerly



quoted against the mark, are now quoted against the euro to



reflect new market norms. All other currencies are quoted



against the dollar.



 ** According to market convention, exchange rates are quoted in



units per dollar or euro and the percentage change denotes the



rise or fall of the dollar or euro value.



 ** Annual percentage changes are calculated from late on the



first day of the current trading year, January 4.


CURRENCY		   LATEST  PREV    PCT CHG  PCT CHG
					 CLOSE		in 1999



EUROPE/MEAST/AFRICA



Czech Rep.		   35.86   35.90   -0.11%  3.04%
Poland			 4.22    4.21    0.20%   3.69%
Hungary			253.7   254.20  -0.20%  1.00%
Slovakia		     42.16   42.10   0.14%   -1.95%
Romania			17,935  17,895  0.22%   63.79%
Ukraine			5.40    5.40    0.00%   37.40%
South Africa		 6.13    6.12    0.13%   4.79%
Kenya			  74.65   74.50   0.20%   21.19%
Israel			 4.193   4.199   -0.14%  1.79%
Turkey			 527,970 526,490 0.28%   67.21%



LATAM



Mexico			 9.41    9.40    0.02%   -4.42%
Brazil			 1.8500  1.8500  0.00%   53.26%
Venezuela		    642.00  642.00  0.00%   13.73%
Chile			  538.10  538.10  0.00%   14.44%



ASIA



Singapore		    1.678   1.678   0.01%   1.31%
Hong Kong		    7.774   7.775   -0.01%  0.36%
China			  8.279   8.280   0.00%   0.00%
Indonesia		    7,205   7,230   -0.35%  -9.37%
Thailand		     38.53   38.54   -0.03%  6.73%
Philippines		  40.64   40.65   -0.02%  5.97%
Taiwan			 31.63   31.50   0.41%   -1.46%
South Korea		  1,133   1,128   0.44%   -4.39%
India			  43.53   43.46   0.16%   2.45%.



(C) Reuters Limited 1999."
Slovak  deputy PM praises cbank crown  intervention . ,1999-12-14," BRATISLAVA, Dec 14 (Reuters) - Slovak Deputy Prime Minister for the Economy Ivan Miklos said Tuesday's central bank intervention to weaken the crown was good news for current account deficit prospects. 

 ""I think that the exchange rate prior (to Tuesday) was optimal from the point of view of maintaining competitiveness and thus also for the current account and trade deficit. I thus agree with the intervention,"" he told journalists. 

 Miklos said that a rate of around 43 to the euro was ""balanced from the perspective of positives and negatives"". 

 The central bank bid down the crown to 42.15 to the euro and in mid-afternoon to 42.3 after the currency in early trade hit its strongest level since the creation of the euro, at 42.087 according to Reuters data. 

 ""The National Bank really intervened because in its monetary programme it has as one of its aims a stable currency, not large fluctuations,"" Ivan Paska, a spokesman for the central bank, told Reuters. 

 ""One of the reasons for the strengthening was entry into the EU integration process... The most pragmatic reason, however, is that the end of the year is drawing near and banks are closing their positions,"" he added. 

 ((Bratislava Newsroom, 421-7-5341-8402, fax, 421-7-5341-8403 bratislava.newsroom@reuters.com)). 

 (C) Reuters Limited 1999."
Slovak  cbank says  intervention  in line with policy. ,1999-12-14," BRATISLAVA, Dec 14 (Reuters) - Slovak central bank spokesman Ivan Pasko said on Tuesday that the bank had intervened to weaken the crown following a firming caused by last Friday's invitation to begin accession talks with the European Union. 

 ""The National Bank really intervened because in its monetary programme it has as one of its aims a stable currency, not large fluctuations,"" Pasko told Reuters. 

 ""One of the reasons for the strengthening was entry into the EU integration process... The most pragmatic reason, however, is that the end of the year is drawing near and banks are closing their positions,"" he added. 

 The bank bid down the crown to 42.15 to the euro and then 42.20 after the currency in early trade hit its strongest level since the creation of the euro, at 42.087 according to Reuters data. 

 ""It seems that the crown began to firm in the last few days more than we considered to be healthy,"" Pasko said. 

 Pasko would not comment on how heavy the intervention had been, but several dealers told Reuters they thought it unlikely that more than five million euros had been used. 

 ((Bratislava Newsroom, 421-7-5341-8402, fax, 421-7-5341-8403 bratislava.newsroom@reuters.com)). 

 (C) Reuters Limited 1999."
Slovak  cbank continues  intervention  - dealer. ,1999-12-14," BRATISLAVA, Dec 14 (Reuters) - The Slovak central bank continued to intervene to weaken the crown on Tuesday afternoon, bidding at 42.3 to the euro, a dealer on the Bratislava market told Reuters. 

 Slovak central bank spokesman Ivan Paska said earlier on Tuesday that the bank had intervened to weaken the crown following a firming caused by last Friday's invitation to begin accession talks with the European Union. 

     Another dealer, who also requested anonymity, said: 

  ""I think that they've done around 30 million euros 

  today...But it seems that they've accomplished what they wanted 

 to accomplish,"" he said. 

 At 1452 GMT the crown was quoted at 42.318/398 to the euro. 

 In the morning intervention, the bank bid down the crown to 42.15 to the euro and then 42.20 after the currency in early trade hit its strongest level since the creation of the euro, at 42.087 according to Reuters data. 

 ""The National Bank really intervened because in its monetary programme it has as one of its aims a stable currency, not large fluctuations,"" Paska told Reuters. 

 ""One of the reasons for the strengthening was entry into the EU integration process...The most pragmatic reason however is that the end of the year is drawing near and banks are closing their positions,"" he added. 

 Paska would not comment on the volume of the intervention. ((Andrej Salner, Bratislava Newsroom, 421-7-5341-8402, fax 421-7-5341-8403, bratislava.newsroom@reuters.com). 

 (C) Reuters Limited 1999."
FOCUS -  Slovak  cbank  intervention  weakens crown. ,1999-12-14," BRATISLAVA, Dec 14 (Reuters) - The central bank said it intervened to weaken the Slovak crown for the first time on Tuesday, dampening enthusiasm for the currency following Friday's invitation from the European Union for Bratislava to begin accession talks. 

 The bank bid down the crown to 42.15 to the euro and in mid afternoon to 42.3 after the currency in early trade hit its strongest level since the creation of the euro, at 42.087 according to Reuters data. 

 ""The National Bank really intervened because in its monetary programme it has as one of its aims a stable currency, not large fluctuations,"" Ivan Paska, a spokesman for the central bank, told Reuters. 

 ""One of the reasons for the strengthening was entry into the EU integration process...The most pragmatic reason however is that the end of the year is drawing near and banks are closing their positions,"" he added. 

 The central bank's move was endorsed by Deputy Prime Minister for the Economy Ivan Miklos. 

 ""I think that the exchange rate prior (to Tuesday) was optimal from the point of view of maintaining competitiveness and thus also for the current account and trade deficit. I thus agree with the intervention,"" he told journalists. 

CENTRAL BANK DECLINES DETAILS 

 The central bank declined to comment on the volume of its intervention, but one dealer who asked not to be named said he thought that around 30 million euros had been used. ""I think that they've done around 30 million euros today...But it seems that they've accomplished what they wanted to accomplish,"" he said. 

 Branislav Matusek, a trader at ING Barings, said: ""It seems like they are not trying to change the trend, but only to maintain liquidity in the market."" 

 Dealers said the strengthening pressure on the crown came mainly from non-resident banks amid low liquidity, due to rising expectations of investment inflows after the EU issued its invitation. 

 The European Union on Friday invited Slovakia at its Helsinki Summit to begin talks on accession to the bloc. 

 ""Non-residents have been selling forex in the past few days driving the crown up...Their main reasons probably are the expectations of improved ratings next year, EU accession talks and recent improvements in the balance of payments,"" said Dusan Svitek of Slovenska Sporitelna. 

 Finance Minister Brigita Schmognerova said on Monday she would prefer the central bank not to intervene to cap crown strength before the end of the year, as it could complicate the task of calculating currency risk for local companies. 

 However, the finance ministry said on Tuesday that intervention in the currency markets was a matter for the central bank and it was confident the bank would take steps to ensure exchange rate stability for the crown. 

 Late in November, when the crown was trading close to 43 to the euro, the central bank had said it was satisfied with the currency's level. Miklos said then that a further strengthening would be negative for the economy. 

 ((Bratislava Newsroom, 421-7-5341-8402, fax 421-7-5341-8403, bratislava.newsroom@reuters.com)). 

 (C) Reuters Limited 1999."
Slovak FinMin says cbank to ensure crown stability. ,1999-12-14," BRATISLAVA, Dec 14 (Reuters) - The Slovak Finance Ministry said after central bank intervention on the currency market on Tuesday it was confident that the bank would ensure the stability of the Slovak crown. 

 ""Exchange rate policy is fully in the hands of the National Bank of Slovakia (NBS) and we have no doubt that the NBS will undertake adequate steps to promote a stable exchange rate,"" Finance Ministry spokesman Peter Svec told Reuters. 

 The Slovak central bank said it intervened to weaken the crown for the first time ever on Tuesday morning after Friday's invitation from the European Union to begin accession talks boosted the currency. 

 The bank bid down the crown to 42.15 to the euro and then 42.20 after the currency in early trade hit its strongest level since the creation of the euro, at 42.087 according to Reuters data. 

 The central bank intervention flew in the face of comments by Finance Minister Brigita Schmognerova on Monday. The minister said she would prefer the central bank not to intervene to cap crown strength before the end of the year, as it could complicate the task of calculating currency risk for local companies. She did not elaborate. 

 The bank said its intervention was in line with one of its monetary policy aims of curbing currency volatility. 

 At 1151 GMT the crown was quoted at 42.147/227 to the euro. 

 ((Bratislava Newsroom, 421-7-5341-8402, fax, 421-7-5341-8403 bratislava.newsroom@reuters.com)). 

 (C) Reuters Limited 1999."
FOCUS-Dealers mixed on Slovak crown prospects. ,1999-12-14," BRATISLAVA, Dec 14 (Reuters) - Dealers and analysts said that central bank intervention to weaken the Slovak crown had been successful on Tuesday but were unsure whether or for how long the bank could continue to hold the currency down. 

 The bank bid down the crown to 42.15 to the euro and in mid afternoon to 42.3 after the currency in early trade hit its strongest level since the creation of the euro, at 42.087 according to Reuters data. 

 ""If we compare the morning levels with those now, we can only say that the central bank was successful today,"" said Boris Somorovsky, a foreign exchange trader at Tatra Banka. 

 But, he added, it was difficult to predict what would happen next. At the end of the day's trading the crown was quoted at 42.322/402. 

 ""If client orders to buy crowns and sell forex dominate on the market, pressing the crown back down to the 42.000 level, I think the central bank would have to intervene again...But there are too many 'ifs' in this."" 

 The central bank said it had intervened to dampen down the crown whose gains it attributed to Slovakia's invitation to begin membership talks with the European Union and end of year position closing. 

 But analysts said there were also other factors at play which may be more difficult to counter. 

 ""I'm not sure how great a success they're going to have given the euro's broad-based weakness,"" said Jake Moore, emerging market currency analyst at Barclay's Capital. ""It (the intervention) will only be of limited impact."" 

 Stefan Kolek of Hypovereinsbank said the crown would face upward pressure into next year as well, particularly because of inflows generated by the government's ambitious privatisation programme. 

 ""In the next year there is a huge programme of privatisation which would push the crown stronger...We expect a soft landing next year in the economy supported basically by exports and a stronger crown would undermine seriously the business cycle."" 

 ""So they will have to do something and some kind of sterilisation of the FX inflows next year will come in my view,"" he added. 

 Slovak Deputy Prime Minister for the Economy Ivan Miklos said that Tuesday's central bank intervention to weaken the crown was good news for the country's current account deficit prospects. 

 He added that a rate of around 43 to the euro was ""balanced from the perspective of positives and negatives"". 

 Slovakia's reformist government came to power late last year, pledging to slash current account and budget deficits. Analsyst say it has made considerable progress although austerity measures have led to a slump in economic growth. 

 Dealers said they thought that around 30 million euros may have been used in the intervention. The central bank itself has declined to comment. 

 (C) Reuters Limited 1999."
"Emerging  FX -Zloty dips, Czech, Slovak stay strong. ",1999-12-13,"
LONDON, Dec 13 (Reuters) - Poland's zloty	  weakened in thin emerging market currency trade on Monday after the central bank chief cooled hopes for a quick move to fully float the currency.


Central bank President Hanna Gronkiewicz-Waltz said on Friday she was taken by surprise by Finance Minister Leszek Balcerowicz's statement that a decision on floating the zloty would be made soon.



The zloty	    , which surged almost three percentage points against the central bank's parity rate last week after Balcerowicz's statement, dipped to 1.53 percent above parity from 2.07 percent on Friday.



Gronkiewicz-Waltz said she thought the zloty would start to be freely traded at some point in 2000 though the central bank and government, which must both approve the decision, were not discussing the issue.



Analysts say a full float would not move the currency much because it is well within the boundaries of its trading band of 15 percentage points either side of parity. But it could provide a small psychological boost.



""It's positive because it sends a good signal of confidence to the market,"" said Banque Paribas analyst Sonia Hellemann, who expects a float around February or March.



CROWN SEEN FIRMING



The Czech crown		     , buoyed by demand from foreign business investors, was little changed near its strongest levels against the euro since October 4.



The currency, bid at 35.87 to the euro versus 35.84 on Friday, showed no reaction to producer prices data that met expectations.



Prices in November rose 0.2 percent from the previous month and 2.4 percent on the year, compared with analysts' forecasts for 0.3 percent and 2.5 percent.



Hellemann said the crown could firm to 35.6 and then 35.2 if the central bank continued to hold back from intervening to weaken it.



The Slovak crown			traded around record highs against the euro amid expectations the European Union's decision on Friday to start membership talks with Slovakia will boost foreign investment.



The crown was bid around 42.21 to the euro from Friday's close of 42.25.



Israel's shekel	  was bid firmer at 4.214 to the dollar from 4.219. The International Monetary Fund on Sunday said Israel required a more balanced mix of monetary and fiscal policies to sustain its nascent economic recovery



An IMF mission visiting Israel said in a report it strongly supports the government's decision to target a budget deficit of 2.5 percent of gross domestic product in 2000 and urged the government to resist pressures to widen the deficit or finance higher spending through a tax increase.



 ** Following is a table of key emerging market exchange rates,



including the change versus late New York trade the previous day



and the change in the year to date.



 ** The Czech, Polish, Hungarian and Slovak currencies, formerly



quoted against the mark, are now quoted against the euro to



reflect new market norms. All other currencies are quoted



against the dollar.



 ** According to market convention, exchange rates are quoted in



units per dollar or euro and the percentage change denotes the



rise or fall of the dollar or euro value.



 ** Annual percentage changes are calculated from late on the



first day of the current trading year, January 4.


CURRENCY		  LATEST  PREV    PCT CHG  PCT CHG
					CLOSE		in 1999



EUROPE/MEAST/AFRICA



Czech Rep.		   35.87   35.85   0.07%   3.07%
Poland			 4.21    4.19    0.41%   3.38%
Hungary			254.11  254.07  0.02%   1.16%
Slovakia		     42.21   42.35   -0.34%  -1.84%
Romania			17,897  17,880  0.10%   63.44%
Ukraine			5.40    5.40    0.00%   37.40%
South Africa		 6.11    6.12    -0.09%  4.52%
Kenya			  74.50   74.55   -0.07%  20.94%
Israel			 4.214   4.219   -0.11%  2.31%
Turkey			 525,980 525,700 0.05%   66.58%



LATAM



Mexico			 9.38    9.39    -0.11%  -4.67%
Brazil			 1.8620  1.8620  0.00%   54.25%
Venezuela		    641.50  641.50  0.00%   13.64%
Chile			  540.20  540.20  0.00%   14.89%



ASIA



Singapore		    1.677   1.676   0.06%   1.26%
Hong Kong		    7.774   7.775   -0.01%  0.36%
China			  8.280   8.280   0.00%   0.00%
Indonesia		    7,230   7,225   0.07%   -9.06%
Thailand		     38.55   38.59   -0.10%  6.79%
Philippines		  40.70   40.65   0.12%   6.13%
Taiwan			 31.61   31.50   0.35%   -1.53%
South Korea		  1,128   1,133   -0.40%  -4.81%
India			  43.51   43.45   0.14%   2.40%.



(C) Reuters Limited 1999."
CORRECTED -  Slovak  FinMin says prefers no crown  intervention  in '99. ,1999-12-13," In Bratislava story ""Slovak FinMin says prefers no crown intervention"" please read currency quote in fourth paragraph as against the dollar, not euro. 

 A corrected version follows 

 BRATISLAVA, Dec 13 (Reuters) - Slovak Finance Minister Brigita Schmognerova said on Thursday that she would prefer the central bank not to intervene on the foreign exchange markets before the end of the year. 

 ""I wouldn't like to interfere in the exchange rate policy of the National Bank of Slovakia (NBS). I think the NBS is considering very carefully whether, when and how to intervene. I would just like to say that I would be glad if these measures did not come before the end of the year,"" she told a news conference. 

 Schmognerova's comments come at a time when the crown has been touching year highs. It strengthened further on Friday after the European Union formally invited Slovakia to begin membership talks. 

 At 1339 GMT on Monday the crown was quoted at 41.755/874 to the dollar (correct). 

 Schmognerova said that central bank intervention could make it more difficult for companies doing their final accounting at the end of the year because it would make calculation of exchange rate risk more difficult. 

 This, she said, was the reason for her preference against intervention at this time. She did not elaborate. 

 ((Andrej Salner, Bratislava Newsroom, 421-7-5341-8402, fax 421-7-5341-8403, bratislava.newsroom@reuters.com) 

 (C) Reuters Limited 1999."
Emerging  FX -No sign of CNB but crown nervous. ,1999-11-26," LONDON, Nov 26 (Reuters) - The Czech crown came back from its highs on Friday in thin nervous trading with traders wary of the threat of intervention from the central bank, which had not so far materialised. 

 By 1139 GMT the crown was at 36.095 bid to the euro, down from a day high of 35.95 and 36.02 on Thursday. 

 ""The Czech National Bank has not been in as far as I know,"" said one trader. 

 ""Trading is shallow and a bit nervous,"" he added. 

 The crown had gone as high as 35.950 to the euro in the wake of Thursday's 25 basis point cut in interest rates to 5.25 percent. 

 Analysts say, however, that the rate cut will do little to hinder the crown's advance. 

 ""After deciding on November 25 to cut rates by 25 basis points (without succeeding to move the exchange rate in response to the cut), and after it unsuccessfully attempted to talk the koruna weaker, the central bank is now left to consider another round of direct FX intervention to stem the relentless appreciation pressure on the koruna,"" CSFB said in a note to clients. 

 CSFB believes that the central bank will intervene if the crown breaks through 36 to the euro. 

 Czech central bank (CNB) Governor Josef Tosovsky said on Thursday the rate cut to 5.25 percent was aimed at meeting the bank's end-2000 inflation target. 

 Tosovsky said the rate cut was not expected to have a direct impact on the crown, which the CNB was still closely watching in case it needed to intervene to weaken the currency. 

 Elsewhere, the Slovak crown held on to some of the gains it made on the coattails of the Czech unit. 

 It was trading at 43.071 bid to the euro, still close to its day high of 43.039. The Polish zloty was in thrall to political developments, awaiting President Alexander Kwasniewski's decision on whether to sign a key tax bill. 

 The decision, on which the future of market darling Finance Minister Leszek Balcerowicz hangs, will be made Sunday at the latest. 

 The zloty was at 4.2857 bid to the euro, stronger than 4.30 at Thursday's close. 

 ""I think it will be signed, this is just political posturing,"" said the trader. 

 ** Following is a table of key emerging market exchange rates, including the change versus late New York trade the previous day and the change in the year to date.. ** The Czech, Polish, Hungarian and Slovak currencies, formerly quoted against the mark, are now quoted against the euro to reflect new market norms. All other currencies are quoted against the dollar. ** According to market convention, exchange rates are quoted in units per dollar or euro and the percentage change denotes the rise or fall of the dollar or euro value. ** Annual percentage changes are calculated from late on the first day of the current trading year, January 4. 

CURRENCY		   LATEST  PREV    PCT CHG PCT CHG
					 CLOSE	     in 1999



EUROPE/MEAST/AFRICA



Czech Rep.		    36.14   35.96   0.50%   3.85%
Poland			  4.29    4.30    -0.17%  5.47%
Hungary			 253.81  254.08  -0.11%  1.04%
Slovakia			43.05   42.98   0.16%   0.11%
Romania			 17,910  17,900  0.06%   63.56%
Ukraine			 5.10    5.07    0.59%   29.77%
South Africa		  6.12    6.13    -0.16%  4.65%
Kenya			   74.65   74.70   -0.07%  21.19%
Israel			  4.228   4.229   -0.02%  2.66%
Turkey			  511,820 510,600 0.24%   62.09%



LATAM



Mexico			  9.33    9.32    0.11%   -5.18%
Brazil			  1.9260  1.9260  0.00%   59.56%
Venezuela		     636.50  636.50  0.00%   12.75%
Chile			   543.70  543.70  0.00%   15.63%



ASIA



Singapore		     1.672   1.670   0.12%   0.97%
Hong Kong		     7.772   7.771   0.01%   0.33%
China			   8.279   8.237   0.50%   -0.01%
Indonesia		     7,165   7,160   0.07%   -9.87%
Thailand			38.80   38.68   0.31%   7.48%
Philippines		   40.77   40.70   0.17%   6.31%
Taiwan			  31.73   31.68   0.14%   -1.17%
South Korea		   1,159   1,158   0.11%   -2.17%
India			   43.40   43.37   0.06%   2.13%.



(C) Reuters Limited 1999."
Slovak  cbank says still prepared to  intervene . ,1999-05-20," BRATISLAVA, May 20 (Reuters) - Slovak central bank governor Vladimir Masar said on Thursday that the bank remained ready to intervene to support the crown on foreign exchange markets against fluctuations which were not based on fundamentals. The central bank has intervened several times during the week in the face of sustained downward pressure on the currency. Masar said the weakening that this had led to was not based on economic fundamentals. ""In the development of basic economic indicators, no significant deviations took place recently...the NBS (central bank) is ready to intervene against fluctuations as it did today,"" Masar told journalists. 

 He added that the central bank's forex reserves as of May 18 were $2.7368 billion. 

 The Slovak government and the central bank launched a united front in defence of the crown on Thursday morning, helping the beleaguered currency mount a moderate recovery after weeks of steady decline. 

 It was quoted at 46.599/799 to the euro at 1410 GMT from records lows of about 42 on Wednesday. 

 Masar said the government's plans to bring order to the public finances and impose an import surcharge were a good sign. But they must be implemented. 

 ""I see as very positive the clear signal sent by the government of the Slovak Republic...Government as well as politicians in the coalition clearly declared their will to solve problems."" The central bank intervened directly to support the crown on Thursday and said exchange rate developments had priority over interest rates. The government pledged to increase VAT to raise money for the state budget and also to impose an import surcharge. 

 The government aims cut the fiscal deficit to around two percent of GDP this year and to halve the current account deficit from over 10 percent of gross domestic product last year. Deputy Premier for the Economy Ivan Miklos conceded that the fiscal target would be difficult to meet but that Wednesday's measures were a big step in the right direction. ((Bratislava Newsroom, 421-7-5341-8402, fax, 421-7-5341-8403 bratislava.newsroom@reuters.com)). 

 (C) Reuters Limited 1999."
Slovak  Natl Bker -3: Mkts Stable After  Intervention ,1999-05-20," ""The koruna exchange rate is now stable, it seems that the latest intervention has been effective,"" Masar commented. 

 ""If the government loses its determination for economic reform, the exchange rate would again reflect it,"" central bank Vice Governor Marian Jusko said, although he added that the bank isn't planning to review its monetary plan for 1999. 

 Jusko said the interventions were aimed at stopping the continued depreciation of the koruna. He and other bank officials declined to say exactly how much the bank spent defending the currency but said the $60 million figure published by the media was fairly accurate. 

 Bank officials added that the central bank's reserves hadn't been jeopardized by the series of interventions this week, and quoted reserves at $2.74 billion on May 18, down only slightly from $2.75 billion May 12. 

 Masar admitted that the interventions have had a negative effect on interest rates, deposits and development of finances in the country but said it wasn't possible to avoid the problems. 

 He added that he realizes the economic reforms announced by the government will be tough on citizens. 

 ""I do realize that the government has to adapt a handful of unpopular measures that are politically sensitive,"" he said. 

 As reported, the government responded to the growing crisis Thursday morning by pledging to rebalance some value added taxes, liberalize regulated prices, and cut some state administration and welfare spending. 

 There are also proposals for a short-term import tariff on some goods. 

 Slovak Premier Mikulas Dzurinda said specific dates and figures in the plan won't be announced until after further debate. 

 The koruna rebounded Thursday after the government's plans were announced and the central bank intervened again. 

 Near the end of trading Thursday, the euro was quoted at SKK46.870-SKK46.920, well above Wednesday lows of SKK48.400-SKK48.600. The dollar was quoted at SKK43.953-44.064, down from SKK45.550-SKK45.650 Wednesday. 

 -By Andrea Lorinczova; 4217-544-35829 

 (END) Dow Jones Newswires 20-05-99 

 1544GMT"
National Bk Of Slovakia To Hold Briefing At 1300 GMT ,1999-05-20," PRAGUE (Dow Jones)--Representatives from the National Bank of Slovakia will hold a press conference at 1300 GMT to discuss the current situation on the currency markets, according to a statement from the central bank. 

 As reported, the central bank has been forced to intervene repeatedly this week to prop up the Slovak koruna which has sagged to record lows against the dollar and euro due in part to concerns about the pace of economic reform and upcoming presidential elections on May 29. 

 (END) Dow Jones Newswires 20-05-99 

 1207GMT"
Slovak  Natl Bk  Intervenes  Again; No Threat To Reserves ,1999-05-19," PRAGUE (Dow Jones)--The Slovak National Bank is confident that its interventions to support the koruna won't jeopardize its foreign currency reserves, even though it was again forced to intervene on Wednesday, an official told Dow Jones Newswires. 

 The central bank intervened after domestic corporate clients sent the koruna to a record low at SKK47.400 against the euro from SKK46.900 late Tuesday, as they continued to hedge against the further koruna weakening, said Frantisek Szulenyi, head of the central bank's foreign currency operations. 

 ""The volumes we have used so far aren't too large,"" Szulenyi said. ""We purchased some foreign currency on the domestic market in February and we still have by far not returned that amount."" 

 Wednesday, the central bank intervened shortly after 0830 GMT, but at 1000 GMT, the koruna was still quoted at SKK47.300-SKK47.500, a dealer at ING Barings said. 

 ""I think (the central bank) will have to intervene again. The amount they used was insufficient. And the outflow (of foreign currencies) continues,"" the dealer said. 

 According to Szulenyi, the bank didn't use more than $40 million in total in its recent interventions. Dealers said Wednesday, the bank didn't use more than $10 million. 

 The Slovak market is small and often illiquid, and koruna levels can change sharply on single trades. According to dealers in Bratislava, the koruna has been falling dramatically over the past weeks as the foreign investors are sidelined and domestic corporate customers have sold in a panic. 

 Analysts said the recent falls in the koruna reflect the delay in the implementation of economic reforms promised by the government after it took office in November. This has been exacerbated, however, by political uncertainty as Slovakia is facing the first-ever runoff in direct presidential elections end of May, analysts said. 

 (MORE) Dow Jones Newswires 19-05-99 

 1021GMT"
"Czech crown eases, bonds down but in tight range. ",1999-05-18," 0800 GMT - Czech crown eases, slightly influenced by Monday's intervention on Slovak crown, but lacking other impulses, still maintains the trend from previous days. Bonds moderately lower. 


* Crown	  at 37.676/696 from about 37.600 at the open and 37.605/635 late on Monday.


 * The Slovak central bank intervened in two waves to support its crown on Monday, buying 30 million euros worth of crowns after a large corporate order of a similar amount had pushed the currency sharply lower. 

 * ""It (Czech crown) started easing yesterday evening slightly (in reaction to intervention on Slovak crown), which may also be a reason for today's easing,"" said Lucie Rubesova, a dealer at Bank Austria Creditanstalt. 

 ""The crown has been in the range of between 37.55 and 37.70 for a couple of days, until a new impuls comes, it should remain in this range,"" Rubesova said. 

 * Crown seen in range between 37.55 and 37.70 during the day. 

 * Czech bonds lower. The state benchmark 10.90/3 at 111.35/112.65, yielding 7.62/7.54 from 111.55/85 at the open. The 14.85/3 at 122.60/90, yielding 7.59/7.51 from 122.80/10. 

 ((Klara Gajduskova, Prague newsroom, +420-2-2423-0003, fax +420-2-2422-9935, prague.newsroom@reuters.com)). 

 (C) Reuters Limited 1999."
EMERGING MARKET  FX - Currencies  in thrall to FOMC. ,1999-05-18," LONDON, May 18 (Reuters) - The dramatic Labour Party victory in Israel was overshadowed on Tuesday by the meeting later in the day of the Federal Open Markets Committee and the shekel firmed only slightly. 

 By 0950 GMT, the Isreali currency was trading at 4.071 to the dollar, up from Monday's close in London of 4.105. 

 Analysts and strategists were still divided on whether the Fed would signal it is willing to tighten monetary policy in the wake of a surprising 0.7 percent jump in the U.S. Consumer Price Index for April. 

 Any tightening by the Fed would have a follow-through impact on the monetary policy of countries most closely tied to the U.S., such as Singapore, where the dollar firmed against the U.S. currency to 1.710 from a previous close of 1.715. 

 ""Meanwhile, Singapore interest rates remain focused on the outcome of the FOMC meeting tonight. This will have an impact in a domestic market already worried that the stronger-than-expected U.S. inflation data for April will see a similar result in Singapore inflation for April which may turn positive when it is released next Monday,"" said Mitul Kotecha, currency strategist as Standard Bank in London. 

 Kotecha is expecting a tightening bias at the Fed. 

 Other Asian currencies were also firmer, with the Indonesian rupiah rising to 7,850 to the dollar from 7,950 on Monday. 

 In emerging Europe, currencies traded sideways to slightly weaker, awaiting the Fed. 

 Mark Rall, currency strategist at HypoVereinsbank, believes there is only a 40 percent chance of a tightening bias at the Fed. He said sentiment towards currencies in the region should focus on domestic factors. 

 The Slovak crown continued weaker on Tuesday in the wake of a surprisingly strong showing of former premier Vladimir Meciar in presidential elections. 

 Despite repeated intervention by the Slovak central bank, the currency continued to weaken and was trading 46.674/874 against the euro in London trade. 

 ""We think that although there is a high probability that (Rudolf) Schuster will win the second round of the presidential election, the fact that Meciar's position is still very strong worries investors,"" said Rall. 


Czech Rep.		    37.66   37.62   0.11%   8.23%
Poland			  4.18    4.18    0.01%   2.78%
Hungary			 250.17  250.06  0.04%   -0.41%
Slovakia			46.69   46.42   0.57%   8.57%
Romania			 15,400  15,255  0.95%   40.64%
Ukraine			 3.99    3.92    1.74%   1.53%
South Africa		  6.15    6.19    -0.60%  5.25%
Kenya			   69.05   68.65   0.58%   12.09%
Israel			  4.080   4.105   -0.62%  -0.95%



LATAM



Mexico			  9.31    9.31    0.00%   -5.39%
Brazil			  1.6660  1.6660  0.00%   38.02%
Venezuela		     594.50  594.50  0.00%   5.31%
Chile			   487.00  487.00  0.00%   3.57%



ASIA



Singapore		     1.710   1.715   -0.29%  3.26%
Hong Kong		     7.753   7.752   0.01%   0.09%
China			   8.279   8.278   0.01%   0.00%
Indonesia		     7,950   7,950   0.00%   0.00%
Thailand			36.85   37.30   -1.21%  2.08%
Philippines		   37.65   37.90   -0.66%  -1.83%
Taiwan			  32.75   32.78   -0.09%  2.02%
South Korea		   1,200   1,207   -0.54%  1.27%
India			   42.73   42.65   0.19%   0.57%



    ((London emerging markets desk +44 171 542 6784))



For full regional quote listings,.



(C) Reuters Limited 1999."
FOCUS- Slovak  cbank  intervenes  to support crown. ,1999-05-17," BRATISLAVA, May 17 (Reuters) - The Slovak central bank intervened in two waves to support the crown on Monday, buying 30 million euros worth of crowns after a corporate order of a similar amount had pushed the currency sharply lower. 

 Slovakia held the first round of presidential elections over the weekend but market players questioned by Reuters said this was not an important issue in the day's events although the conclusion of the final round in two weeks time could be a stabilising factor for the crown in the longer term. 

 ""Today's weakening was purely customer driven and nothing to do with the presidential elections. Looking at it longer and broader maybe it could have some effect but this not what we saw today,"" said Dalibor Cernicka of MMB Brokers in Bratislava. 

 Dealers said the bank had intervened at between 46.7 and 46.3 to the euro. The central bank said that its last entry on the market had been at around 46.5. By late afternoon, the crown was being quoted at the same level. 

 Both the central bank and traders said they believed the initial weakening had been made on a single client order rather than speculation. The underlying reasons for the order were not clear. 

 ""It wasn't a speculative deal, it was a corporate order of a relatively big amount and since the market is very thin the exchange rate just weakened...If market participants had big positions it wouldn't have affected the market very much,"" said Jan Toth, ING Bank's chief economist in Bratislava. 

 Toth said that given the size of the market, the central bank could have an effect when it intervened but that it would be ill advised to do so on a continuous basis because of the low level of offical reserves. 

 The central bank told Reuters earlier that the intervention had been in line with its established policy of moving against sharp fluctuations but not in favour of any specific rate. 

 Foreign exhange reserves stood at $2.76 billion as of May 12. 

 Slovak Finance Minister Brigita Schmognerova said on Monday that the strong showing of the government candidate in the first round of presidential elections over the weekend was a good signal for the crown. 

 ""The results of the elections are a fairly good signal for the crown not to have to decline as sharply as it has up until now,"" she told journalists. 

 Some of the weakening of the Slovak crown last week, although not on Monday, had been attributed by dealers to nervousness from abroad about the participation of former premier Vladimir Meciar in the presidential elections. 

 Although Meciar took 37 percent of the vote he will contest the second round against clear favourite Rudolf Schuster who took 47 percent and has the backing of the four party coalition government. ((Bratislava Newsroom, 421-7-5341-8402, fax, 421-7-5341-8403 bratislava.newsroom@reuters.com)). 

 (C) Reuters Limited 1999."
Slovak  cbank says used 30mln euros in  intervention . ,1999-05-17," BRATISLAVA, May 17 (Reuters) - The Slovak central bank told Reuters that it had used 30 million euros in its interventions to support the crown on the foreign exchange market on Monday. 

 ""Together it was about 30 million euro...the last time we entered the market was after 4:00 p.m (1400 GMT),"" Frantisek Szulenyi, the director of the foreign currency assets department at the bank said. 

 Dealers said that the interventions had been made at between 46.30 and 46.70 to the euro. Szulenyi said the central bank had last intervened at around 46.50. 

 At 1500 GMT, the crown was quoted on the market at around 46.50. ((Andrej Salner, Bratislava Newsroom, 421-7-5341-8402, fax, 421-7-5341-8403 bratislava.newsroom@reuters.com)). 

 (C) Reuters Limited 1999."
Slovak  cbank says used 30 mln euros in  intervention . ,1999-05-17," BRATISLAVA, May 17 (Reuters) - The Slovak central bank spent 30 million euros in its intervention to support the crown on the foreign exchange market on Monday. 

 ""Together it was about 30 million euros...the last time we entered the market was after 4:00 p.m (1400 GMT),"" Frantisek Szulenyi, the director of the foreign currency assets department at the bank, told Reuters. 

 Dealers said that the interventions had been made at between 46.30 and 46.70 to the euro. Szulenyi said the central bank had last intervened at around 46.50. 

 At 1500 GMT, the crown was quoted on the market at around 46.50. ((Andrej Salner, Bratislava Newsroom, 421-7-5341-8402, fax, 421-7-5341-8403 bratislava.newsroom@reuters.com)). 

 (C) Reuters Limited 1999."
Slovak  cbank makes second  intervention  on crown. ,1999-05-17,"     BRATISLAVA, May 17 (Reuters) - The Slovak central bank intervened at  least twice on the foreign exchange market on Monday, the first time at around 46.700 to the euro and the second time at 46.300, dealers said. 

    The central bank told Reuters that the intervention had been in line with established policy of moving against sharp fluctuations but not in favour of any specific rate. 

 ""The central bank called back several times with the second intervention at 46.30 to the euro,"" one dealer from a foreign bank who requested anonymity said. 

 He added that the second intervention with his bank had involved a deal of five million euros. 

 By 1300 GMT, the crown was quoted at 46.049/149 to the euro. 

 The crown broke through the 46 to the euro barrier earlier in the day after testing that level on Friday. ((Andrej Salner, Bratislava Newsroom, 421-7-5341-8402, fax, 421-7-5341-8403 bratislava.newsroom@reuters.com)). 

 (C) Reuters Limited 1999."
Slovak  cbank says  intervention  in line with policy. ,1999-05-17," BRATISLAVA, May 17 (Reuters) - The Slovak central bank on Monday intervened on the foreign exchange market in line with established policy, the chief executive of the bank's foreign exchange department, Karol Mrva, told Reuters. 

 ""We intervened in the way that we always said we would. We have no preordained rate for the crown...We intervened...against sharp fluctuations on the market which appeared today,"" Mrva said. 

 He did not elaborate. 

 Dealers said the central bank had intervened at around 46.700 to the euro. At 1225 it was quoted at 46.485/585. 

 Slovak central bank governor Vladimir Masar has said the central bank would only intervene to stop unusual fluctations but not movements on fundamentals. ((Robin Shepherd, Bratislava Newsroom, 421-7-5341-8402, fax, 421-7-5341-8403 bratislava.newsroom@reuters.com)). 

 (C) Reuters Limited 1999."
Slovak c.bank says client payments weakened crown. ,1999-05-17," BRATISLAVA, May 17 (Reuters) - The Slovak central bank told Reuters on Monday that the weakening of the crown which caused it to intervene in support of the currency had been based on client payments. 

 ""According to our latest information it was all to do with client payments in commercial banks,"" central bank spokesman Jan Onda said. 

 The Slovak central bank intervened at least twice to defend the crown on the foreign exchange market on Monday, the first time at around 46.700 to the euro and the second time at 46.300, dealers said. 

 Onda said he could not reveal the amount of foreign exchange the central bank had used during its interventions. 

 At 1353 GMT the crown was quoted at 46.448/548 to the euro. 

 The central bank told Reuters earlier that the intervention had been in line with established policy of moving against sharp fluctuations but not in favour of any specific rate. ((Robin Shepherd, Bratislava Newsroom, 421-7-5341-8402, fax, 421-7-5341-8403 bratislava.newsroom@reuters.com)). 

 (C) Reuters Limited 1999."
Slovak c.bank says money market moves more likely. ,1999-05-13," BRATISLAVA, May 13 (Reuters) - The Slovak central bank told Reuters on Thursday that any moves to influence the rate of the crown were more likely on the money markets than through direct foreign exchange intervention. 

 ""What room there is for monetary policy, we see in the area of crown activities rather than in direct foreign currency interventions,"" Governor Vladimir Masar said in an interview. 

 The Slovak crown, which was floated in October last year, has been touching all time low levels against the euro in recent days. In early afternoon trading it was quoted at 45.45/55 to the euro. 

 The central bank said earlier that its decision not to add liquidity to the money market on Thursday was partly because of recent developments in the exchange rate. 

 However, shortly after announcing there would be no repo, what the central bank called an ""extreme"" reaction on the markets sent overnight rates soaring to around 17 percent from 10 percent. The bank then set an overnight repo to calm the market. 

 The central bank's foreign exchange reserves have been slowly falling in recent weeks. As of May 5, they stood at $2.7 billion. ((Robin Shepherd, Bratislava Newsroom, 421-7-5341-8402, fax, 421-7-5341-8403 bratislava.newsroom@reuters.com)). 

 (C) Reuters Limited 1999."
Slovak cbank says money market moves more likely. ,1999-05-13," BRATISLAVA, May 13 (Reuters) - The Slovak central bank told Reuters on Thursday that any moves to influence the rate of the crown were more likely on the money markets than through direct foreign exhange intervention. 

 ""What room there is for monetary policy, we see in the area of crown activities rather than in direct foreign currency interventions,"" Masar said in an interview. 

 The Slovak crown, which was floated in October last year, has been touching all time low levels against the euro in recent days. In early afternoon trading it was quoted at 45.45/55 to the euro. 

 The central bank said earlier that its decision not to add liquidity to the money market on Thursday was partly because of recent developments in the exchange rate. 

 However, shortly after announcing there would be no repo, what the central bank called an ""extreme"" reaction on the markets sent overnight rates soaring to around 17 percent from 10 percent. The bank then set an overnight repo to calm the market. 

 The central bank's foreign exchange reserves have been slowly falling in recent weeks. As of May 5, they stood at $2.7 billion. ((Robin Shepherd, Bratislava Newsroom, 421-7-5341-8402, fax, 421-7-5341-8403 bratislava.newsroom@reuters.com)). 

 (C) Reuters Limited 1999."
Slovank c.bank says no need for  forex intervention . ,1999-05-12," BRATISLAVA, May 12 (Reuters) - The director of the Slovak central bank's foreign currency asset department, Frantisek Szulenyi, told Reuters on Wednesday the central bank saw no need to intervene in the crown market at the moment. 

 ""At the moment, the volatility does not seem such that it would be necessary to intervene,"" Szulenyi said. ""I think it is not comparable to what we had here in March. It was a lot stronger then."" 

 The central bank intervened by buying crowns early in March when low interest rates led to a sharp weakening. 

 ""The monetary programme says we will not intervene against trends,"" said Szulenyi.. ""We are monitoring the exchange rate and we will see what happens...If it is necessary, we are ready to correct developments."" 

 Szulenyi said the market was illiquid and was being moved by very small trades. Dealers said earlier that the decline may have been partly due to the situation in Russia, where President Boris Yeltisn sacked Premier Yevgeny Primakov earlier in the day. 

 The Slovak crown weakened to record lows on Wednesday. It was quoted at 45.40/48 to the euro at 1205 GMT, from 45.17/27 at the open. ((Andrej Salner, Bratislava Newsroom, 421-7-5341-8402, fax 421-7-5341-8403, bratislava.newsroom@reuters.com)). 

 (C) Reuters Limited 1999."
Slovak c.bank says crown reflects fundamentals. ,1999-04-22," BRATISLAVA, April 22 (Reuters) - Slovak central bank governor Vladimir Masar said on Thursday that recent depreciation of the Slovak crown was a reflection of developments in the deficits of Slovak public finances and foreign trade. 

 ""It is true that some depreciation has been taking place in the Slovak crown lately,"" Masar told a news conference. 

 ""Exchange rate changes reflect the status of solving or not solving macro economic problems: development of public finances and of foreign trade...I have to still say that we unfortunately haven't recorded a reversal in the development of these two indicators,"" he said. 

 Masar said the Slovak crown had weakened four percent against the euro, the reference currency, since the beginning of the year. 

 The Slovak central bank has said it would not intervene to set a specific crown rate, but may intervene against high volatility not based on economic fundamentals. 

 The crown was quoted at 44.89/97 to the euro at 1025 GMT, unchanged from earlier. ((Andrej Salner, Bratislava Newsroom, 421-7-5341-8402, fax 421-7-5341-8403, bratislava.newsroom@reuters.com)). 

 (C) Reuters Limited 1999."
Slovak cbank says crown reflects fundamentals. ,1999-04-22," BRATISLAVA, April 22 (Reuters) - Slovak central bank governor Vladimir Masar said on Thursday that recent depreciation of the Slovak crown was a reflection of developments in the deficits of Slovak public finances and foreign trade. 

 ""It is true that some depreciation has been taking place in the Slovak crown lately,"" Masar told a news conference. 

 ""Exchange rate changes reflect the status of solving or not solving macro economic problems: development of public finances and of foreign trade...I have to still say that we unfortunately haven't recorded a reversal in the development of these two indicators,"" he said. 

 Masar said the Slovak crown had weakened four percent against the euro, the reference currency, since the beginning of the year. 

 The Slovak central bank has said it would not intervene to set a specific crown rate, but may intervene against high volatility not based on economic fundamentals. 

 The crown was quoted at 44.89/97 to the euro at 1025 GMT, unchanged from earlier. ((Andrej Salner, Bratislava Newsroom, 421-7-5341-8402, fax 421-7-5341-8403, bratislava.newsroom@reuters.com)). 

 (C) Reuters Limited 1999."
Slovak prime minister says crown fall not dramatic. ,1999-03-11," FRANKFURT, March 11 (Reuters) - Slovak Prime Minister Mikulas Dzurinda said on Thursday that he did not view the recent fall in the Slovak crown as dramatic and added that he saw a level of less than 40 crowns per dollar as optimal. 

 ""It is true that the crown has weakened over the last few days but I don't see this as anything dramatic,"" Dzurinda told a news conference hosted by Deutsche Bank AG . 

 Dzurinda added that the government's plan to slash budget and current account deficits in 1999 should offer the currency support over the longer term. 

 ""It seems that it would be optimal if (the crown exchange rate) would be below 40 crowns to the dollar,"" Dzurinda said. 

 The crown was quoted at 40.72/82 to the dollar at 0820 GMT and 44.40/50 to the euro. It has fallen from a level of about 43 to the dollar over the last two weeks, forcing the central bank to intervene for the first time since October's crown flotation. 

Slovak Finance Minister Brigita Schmognerova said the crown's bid was triggered by a decline in short-term market interest rates. 

 Asked at what level the government would like to see interest rates, Schmognerova said that the 1999 budget plan assumed a further decline in interest rates but she offered no concrete forecasts. 

 The new Slovak government which came to power last October plans to cut the budget deficit to below two percent of gross domestic product and reduce the current account deficit to about five percent of GDP from about 11 percent of GDP last year. ((Tomasz Janowski, Frankfurt Newsroom +49 69 756525, frankfurt.newsroom@reuters.com)). 

 (C) Reuters Limited 1999."
Slovak  cbank says no need to  intervene  at present. ,1999-03-10," BRATISLAVA, March 10 (Reuters) - The director of the Slovak central bank's foreign currency asset department told Reuters on Wednesday that the bank saw no need to intervene to stabilise the crown at current levels. 

 ""At the current level, we don't see any need to enter this market. The situation is calmer than it was yesterday,"" Frantisek Szulenyi said. 

 At the time of Szulenyi's comments the crown was quoted at 44.45/54 to the euro from 44.50/60 at the open. 

 Volatility began to shake the market on Tuesday morning, caused, the central bank said, by a marked decline in short term interbank interest rates itself brought on by a liquidity surplus. 

 The central bank responded directly by buying crowns. It also intervened indirectly by selling short term T-bills from its portfolio to slected banks and then on Wednesday through a repo tender to drain liquidity. All three measures were the first of their kind on the Slovak market since the crown was floated on October 1, last year. 

 Interest rates on the Slovak money market ranged from 9/10 bid/offer on overnights to 15.5/16.5 quoted for six month funds. On Tuesday, before the central bank action, they were quoted at between 4.0 and 16.0 percent, for maturities from overnights to six months. 

 Szulenyi said the stabilisation of the crown had been helped by the rise in interest rates, especially short term maturities. 

 ((Robin Shepherd, Bratislava Newsroom, 421-7-5341-8402, fax, 421-7-5341-8403 bratislava.newsroom@reuters.com)). 

 (C) Reuters Limited 1999."
Slovak  cenbank  intervenes  to stabilise crown. ,1999-03-09," BRATISLAVA, March 9 (Reuters) - The Slovak central bank on Tuesday said it had intervened by selling foreign currency for crowns after the crown dipped sharply in mid-morning trading. 

 ""For the first time since the (October 1998) flotation of the crown, the central bank directly intervened in the market,"" the director of the central bank's foreign currency asset department, Frantisek Szulenyi, told Reuters on Tuesday. 

 The central bank said earlier it had sold two-three day T-bills from its own portfolio for the first time to set a lower limit for short term interest rates, which have fallen sharply in recent days. 

 The Slovak crown came under selling pressure before midday, falling to 44.7/0 to the euro from opening levels of 43.89/98. It later rebounded to around 44.15. 

 ""We had information from the market that there was no great foreign speculation behind it (the fall in the crown) just market illiquidity,"" Szulenyi said. 

 ""The volume of the intervention was minimal. It was neither hundreds nor tens of millions of euros,"" he added. 

 Szulenyi said there were no fundamental reasons for the volatility. The central bank has indicated in the past it would intervene to calm the market and prevent wide fluctuations not based on fundamentals, but it is not known to have any target for the currency. 

 Szulenyi said the market now looked calmer but the central bank was ready to move again if deemed necessary. 

 ((Bratislava Newsroom, 421-7-5341-8402, fax, 421-7-5341-8403 bratislava.newsroom@reuters.com)). 

 (C) Reuters Limited 1999."
Slovak  cbank  intervenes  to stabilise crown. ,1999-03-09," BRATISLAVA, March 9 (Reuters) - The Slovak central bank on Tuesday said it had intervened by selling foreign currency against the crown after the crown dipped sharply in mid-morning trading. 

 ""For the first time since the (October 1998) flotation of the crown, the central bank directly intervened in the market,"" the director of the central bank's foreign currency asset department, Frantisek Szulenyi, told Reuters on Tuesday. 

 The central bank said earlier it had sold two-three day T-bills from its own portfolio for the first time to set a lower limit for short term interest rates which had fallen sharply in recent days. 

 The Slovak crown had come under selling pressure before midday falling to 44.7/0 to the euro from opening levels of 43.89/98. It later rebounded to around 44.15. 

 ""We had information from the market that there was no great foreign speculation behind it (the fall in the crown) just market illiquidity,"" Szulenyi said. ""The volume of the intervention was minimal. It was neither hundreds nor tens of millions of euros,"" he added. 

 Szulenyi said there were no fundamental reasons for Tuesday's volatility. The central bank had indicated in the past that it would intervene to calm the market and prevent wide fluctuations not based on fundamentals but it is not known to have any target for the currency. 

 Szulenyi said the market now looked calmer but the central bank was ready to move again if it deemed it necessary. 

 ((Bratislava Newsroom, 421-7-5341-8402, fax, 421-7-5341-8403 bratislava.newsroom@reuters.com)). 

 (C) Reuters Limited 1999."
PRESS DIGEST - Slovakia - Oct 15. ,1998-10-15," BRATISLAVA, Oct 15 (Reuters) - These are the leading stories in the Slovak press. Reuters has not verified these stories and does not vouch for their accuracy: 

 SME - The Party of the Democratic Left (SDL) is not going to form a new government with Prime Minister Vladimir Meciar's Movement for a Democratic Slovakia (HZDS), the vice chairman of SDL Pavol Kanis said. 

 - The outgoing government forgave taxes and late payments by private bank Investicna a Rozvojova Banka to the value of 1,462 million crowns. The biggest shareholder in IRB is steel company VZS Holding. 

 - If the new basic capital in Slovenska Poistovna, worth 1,875 billion crowns, is entered into its statutes the National Property Fund (FNM) will lose its majority in favour of steel company VSZ Holding and companies Vinland and Telemar. They would have over 44 percent of the shares which would be more than the FNM which has 40.5 percent. 

 - The regional court dispute over Markiza TV was postponed indefinitely. 

 NARODNA OBRODA - The constitutional court of Slovakia will announce on October 15 its decision about the legal situation surrounding the municipal elections. 

 - The National Bank of Slovakia (NBS) stated an interest in stabilising the slovak currency and intervening if necessary. 

 PRAVDA - The Hungarian Coalition Party (SMK) prefers the idea of specialists and experts settling the matter of choosing who has which governmental seats, SMK leader Bela Bugar said. 

 HOSPODARSKE NOVINY - The Slovak Crown remained stable and fluctuated within a margin of 10.5 to 12.0 percent under the former basket parity. 

 - The state debt is being paid by the ministry of finance but only up to a level which will ensure it does not exceed the declared state deficit of eight billion crowns. 

 PRACA - The sale of Slovenske Elektrarne and Slovensky Plynarensky Priemysel is to be expected, the vice chairman of SDL Brigitra Schmognerova said after the talks with representatives of the National Property Fund (FNM). 

 - The employees of machinery company ZTS TEES Martin as well as other subsidiaries of OZ KOVO are on strike alert. ((Bratislava Newsroom, 421-7-521-8402, fax 421-7-521-8403, bratislava.newsroom@reuters.com)). 

 (C) Reuters Limited 1998."
Slovak  cbank to  intervene  on crown if needed-paper. ,1998-10-15," BRATISLAVA, Oct 15 (Reuters) - The Slovak central bank (NBS) said it was prepared to intervene to either support or weaken the crown but did not reveal at what level, the Narodna Obroda daily said on Thursday. 

 It quoted the National Bank of Slovakia's director of foreign exchange asset management, Frantisek Szulenyi, as saying that the bank wanted to see the crown stabilised after its flotation on October 1. 

 ""The NBS again confirmed its interest in the fastest possible stabilisation of the Slovak currency and declared that if it considers its exchange rate under or overvalued, it is ready to intervene,"" the paper quoted Szulenyi as saying. 

 ""We also stressed that an acceptable way of doing this is through a selected brokerage and five to six selected commercial banks,"" he said. The paper said Szulenyi spoke at a meeting of central bank representatives with selected banks on Wednesday. 

 Szulenyi did not say at what levels the central bank would like to see the currency nor at what levels it would intervene. 

 The central bank abolished the crown's plus/minus 7.0 percent band around a mark-dollar basket on October 1 after investors speculating on a devaluation sent the crown sharply lower and forced the central bank to intervene. 

 The crown dropped sharply after the flotation but has since regained some ground and has stabilised at around 12 percent below the central parity of the former basket. Pressure on the currency was caused by high foreign trade and budget deficits and mounted after a general election in late September. 

 The central bank has not intervened since the flotation. 

 The crown was quoted at 21.95/15 to the mark at 0810 GMT on Thursday, about 12 percent under the midpoint of its former basket. 

 ((Jan Lopatka, Bratislava Newsroom,421-7-521, fax 421-7-521-8402 bratislava.newsroom@reuters.com)). 

 (C) Reuters Limited 1998."
Slovak National Bank Announces Supervised  Currency  Float ,1998-10-05," BRATISLAVA -(Dow Jones)- The National Bank of Slovakia intends to pursue a policy of allowing the Slovak koruna to trade in a ""supervised float,"" according to central bank board member Marian Jusko. 

 Speaking at a press briefing Monday following a meeting between opposition party economists and central bank officials, Jusko said the central bank will intervene on the market to assist the koruna if the central bank isn't happy with trading. 

 ""If the float moves in an undesired direction, the central bank will intervene,"" he said, but offered few additional specifics. 

 The Slovak koruna is only in its second full day under its new currency regime. As reported, the central bank Thursday removed the fluctuation band used to guide the koruna since 1993 and let the koruna float against other currencies. 

 Copyright (c) 1998 Dow Jones & Company, Inc. 

 All Rights Reserved."
Slovak Natl Bank/Supervised Float -2: Offers Few Specifics ,1998-10-05," BRATISLAVA (Dow Jones)--The National Bank of Slovakia intends to pursue a policy of allowing the Slovak koruna to trade in a ""supervised float,"" according to central bank board member Marian Jusko. 

 Speaking at a press briefing following a meeting between opposition party economists and central bank officials, Jusko said the central bank will intervene on the market to assist the koruna if the central bank isn't happy with trading. 

 ""If the float moves in an undesired direction, the central bank will intervene,"" he said, but offered few additional specifics. 

 The Slovak koruna is only in its second full day under its new currency regime. As reported, the central bank Thursday removed the fluctuation band used to guide the koruna since 1993 and let the koruna float against other currencies. 

 (MORE) Dow Jones Newswires 05-10-98 

 1457GMT"
Slovak Natl Bank/Reserves -2: Chooses Mark As Key  Currency ,1998-10-02," BRATISLAVA (Dow Jones)--The National Bank of Slovakia is satisfied with its current level of foreign currency reserves and has no plans to try and boost its holdings, Friday said central bank board member Marian Jusko. 

 Speaking at a press conference in Bratislava, Jusko said the central bank has access to foreign reserves via international banking sources, but that it sees no need at present to seek additional funding. 

 Jusko said he and others at the bank are satisfied with trading in the first day with neither band nor basket guiding the market. On Thursday the central bank removed a fluctuation band and currency basket used to guide the currency since 1993, and allowed the Slovak koruna to freely float. It wasn't necessary for the central bank to intervene on the market, Jusko said. 

 The Slovak koruna (SKK) immediately devalued by more than 6% against the dollar and the Deutsche mark. 

 The change in monetary policy followed weeks of speculation that the central bank would be forced to allow the koruna to weaken due in part to a current account deficit of 11% of gross domestic product and rising levels of external debt. 

 Jusko didn't comment on whether the central bank has any desired level at which it wants to see the koruna trading, but he did say the central bank will follow the Deutsche mark as its key currency, until 1999, when it will switch to the euro as its main currency. 

 Although the central bank reserves the right to intervene on the market to stabilize the Slovak koruna, it isn't planning to extensively manage the koruna's developments, he said. 

 Inflation, which is always a byproduct of a currency devaluation, isn't seen as a serious problem in 1999, he said, but he didn't give any specifics. 

 (MORE) Dow Jones Newswires 02-10-98 

 1353GMT"
Slovak crown firms vs basket on Czech crown rally. ,1998-07-02," BRATISLAVA, July 2 (Reuters) - The Slovak crown extended its gains against the mark/dollar basket in early Thursday activity, boosted again by a Czech crown firming against the mark. 

 At 0800 GMT, the Slovak crown was quoted at 35.090/140 to the dollar and at 19.300/330 to the mark, 2.30 percent on the depreciation side of the basket. It opened at minus 2.45 percent against the midpoint. 

 The Slovak crown has gained around 75 basis points against the basket since Tuesday, spurred by bullish sentiment on other European emerging markets. 

 ""It is clear that today's move came through the Czech crown, though there were no big volumes traded with the Slovak (crown) so far,"" said Martin Macko, a forex trader at Istrobanka. 

 The Czech crown broke through the key 18/mark level in early Thursday trading, with dealers predicting a further firming of the currency. 

 ""It all now depends on the Czech/mark development and the market is eying the Czech central bank as there are fears of possible intervention,"" Macko added. 

 However, traders said the Slovak crown should not firm through a level of minus 2.0 percent in the near future. 

 Money market rates were stable at around 11 percent for overnights and 12 percent for one months. ((Peter Laca, Bratislava Newsroom, +421-7-521-8402, fax +421-7-521-8403, bratislava.newroom@reuters.com). 

 (C) Reuters Limited 1998."
"Emerging market  forex  - Czech recoils,  Slovak  skids. ",1998-03-31," LONDON, March 31 (Reuters) - Central bank intervention prompted the Czech crown to recoil on Tuesday from its highest level against the German mark since last May's devaluation. 

 The neighbouring Slovak crown skidded too after the Republic of Slovakia's credit rating was downgraded to below investment grade by Moody's Investors Service late on Monday. 

 Elsewhere, a benign international investment environment persisted, with investors still happy to take on risky assets in return for high yields. Even the steep rise of the British pound this week is testament to this hunger for yield, analysts said. 

 The continued calm helped the Romanian leu weather Monday's resignation of Prime Minister Victor Ciorbea. 

 Ukraine's hryvnia was also little changed as Sunday's elections showed a swing to the left as the Communists took a quarter of party-list seats with half the vote counted. 

 ""The recent carefree market sentiment seems to be broadly intact, but there are some signs of consolidation and profit-taking and market rallies in Asia have topped out,"" said one trader at a UK bank. 

 Broad-based dollar strength also pushed the South African rand weaker in the wake of Monday's drop through the psychologically-important 5-per-dollar level. 

 But central Europe remained the centre of attention, helped by the lure of long-term convergence plays as European Union accession talks started with six countries - Poland, Czech Republic, Hungary, Slovenia, Estonia and Cyprus. 

 Before the Czech National Bank's intervention on Tuesday, the crown had surged to test as high as 18.25 per mark - its strongest level since it was freely floated last May. 

 ""They are squeezing domestic demand by keeping interest rates high and the currency is taking the heat in a market that seems to be happy to pick up yield anywhere,"" said Andrew Kenningham, east European fixed income analyst at Merrill Lynch. 

 ""There might be some concern it is back to last May's level but the Czech Republic is in a better position fiscally and in terms of its balance of payments than it was last year."" 

 However, analysts said further crown strength was likely to be resisted by more intervention, even if the extent and the timing of crown sales will now be very important. 

 ""The way the central bank responds to further crown strength is now critical,"" said a senior research analyst at another U.S. investment bank. 

 ""It (CNB) could have a bit of a policy dilemma if forced to intervene heavily, as this would increase domestic liquidity at a time they are trying to keep things tight to rein in inflation."" 

 Earlier the Slovak crown weakened to as low as 3.0 percent below its parity against a basket of officially-targeted currencies, versus 1.70 percent on Monday. 

 Moody's downgraded the country's foreign currency debt to Ba1, one notch below investment grade. The crown recovered slightly later to trade about 2.60 percent below. 

 Analysts said that while the central bank had a tight grip on the market, ratings downgrades would further deter foreign direct and portfolio investments needed to bridge the country's current account deficit. 

 Concern about the country's ability to finance itself is also a worry because some existing foreign currency borrowings are directly linked to credit ratings. A $200 million sovereign loan made earlier this year, for example, triggers optional redemptions if the ratings fall to the equivalent of Ba3. 

 Elsewhere, the Polish zloty held firm at just under 7.0 percent stronger than its basket parity, but the central bank was not required to intervene for a second consecutive day. 


In Asia, the Thai baht underperformed after Moody's said it lowered the financial strength ratings of five Thai banks. FOREX MARKETS SNAPSHOT The following is a snapshot of emerging market currency rates. ASIA    * Indonesian rupiah	  8,450 per dollar bid vs 8,600 late in London on Monday. * Malaysian ringgit	  at 3.625 per dollar from 3.63 per dollar. Thai baht	    38.80 per dollar vs 38.00. Philippine peso	  37.70 per dollar vs 37.30. * South Korean won     1,384 versus 1,382. * Singapore dollar	  1.612 per dollar versus 1.6065. Taiwan dollar	  at 32.80 vs 32.805.
   * Indian rupee	    at 39.40 per dollar vs 39.45.
   EUROPE		
   * Russian rouble	    at 6.0975 per dollar bid vs 6.0880.



 Russian central bank's daily bid/offer rates at 6.0890/6.1270



 versus 6.0880/6.1240.



   * Zloty about 6.80 percent above basket parity from 6.81/79



 percent at the open. Mark/Czech crown		 at 18.458 bid



 compared with 18.297.



   * Slovak crown 2.54 percent below basket parity versus 1.70



 percent late Monday. Hungarian forint unchanged at 2.25 percent



 above its basket parity.



   * Ukrainian hryvnia	    2.041 per dollar versus 2.041.
 Romanian leu	    at 8,465 per dollar versus 8,475.
   AFRICA		
   * South African rand	    at 5.034 per dollar vs 5.018.
 Kenyan shilling	    59.70 versus 59.70.
   LATIN AMERICA	
   * Mexican peso	    at 8.5220 per dollar vs 8.5330. Brazil's
real	  at 1.1369 per dollar bid vs 1.1360. ((London Newsroom +44 171 542 5110, fax 583 7239, uk.emergingmarkets.news@reuters.com)).



(C) Reuters Limited 1998."
SLOVAK CROWN EDGES UP AS CZECH CROWN STEADIES. ,1997-12-02," BRATISLAVA, Dec 2 (Reuters) - The Slovak crown edged up slightly against its mark/dollar basket on Tuesday morning as currency turmoil in the neighbouring Czech Republic abated a little. 

 The Slovak crown was trading at 34.604/34.654 to the dollar and at 19.489/19.528 to the mark. The crown is tied to a mark/dollar basket and may deviate from the mid-point of the basket by plus or minus seven percent. 

 At the open it was trading at as low as -2.35 percent but had recovered an hour later to around -2.20 percent from the basket mid-point. 

 ""It (the crown) is strengthening a little bit this morning...It is a little bit calmer,"" said Tibor Fratrik of ING Bank. 

 The Slovak currency was hit hard on Monday by a wave of nervousness caused by heavy selling of the Czech crown after Czech Prime Minister Vacalv Klaus and his centre-right coalition government resigned at the weekend. 

 The Slovak central bank did not directly intervene to support the Sovak currency which dropped to a low of around -2.5 percent on the depreciation side of the basket from around -1.7 percent on Friday. 

 ((Robin Shepherd, Bratislava Newsroom, 421-7-521-8402, Bratislava.newsroom@reuters.com)) 

 (c) Reuters Limited 1997"
East Europe  Currencies /Wobble -3: Slovakia Seen Vulnerable ,1997-05-27," Market participants in Bucharest also saw little threat of fallout from the koruna's troubles. 

 'The koruna won't have even the most minor effect on the leu,' said one trader at a foreign bank in Bucharest. 'The economies are in different shapes, and they attract different types of investors.' 

 He added that Romania will hold foreign investors' interest in coming weeks as the government prepares to eliminate restrictions on repatriation of foreign portfolio investment. 

 Ion Dragolin, monetary-policy director at the National Bank of Romania, also denied that the koruna's troubles would affect the leu. He said the central bank has bought more than $800 million in hard currencies on local markets since January in order to prevent the leu from rising sharply as a result of increased foreign investment and tight monetary policy. 

 But onlookers were less sanguine about the Slovak koruna's prospects. 

 Late Tuesday, the currency was trading on the weak side of the Slovak National Bank's intervention band. The band permits the koruna to fluctuate within 7% on either side of its midpoint against a basket of 60% mark and 40% dollar. 

 'The range of bid prices is 1% to 7% on the weak side of the band,' said Tibor Fratrik, chief dealer at ING Bank in Bratislava. 'There's no liquidity. You can't really predict what will happen on this market more than three hours in the future.' 

 A spokesman for the Slovak central bank told Dow Jones Tuesday that its monetary policy 'remains stable' and hasn't changed. 

 (MORE) AP-DOW JONES NEWS 27-05-97 

 1750GMT 

 1193"
Slovak Koruna Falls -2: 'Massive' Pressure Seen In Market ,1997-05-27," Gerhard Krause, economist at Deutsche Morgan Grenfell in Frankfurt, called the pressure on the Slovak currency 'massive.' 

 Krause said late Tuesday that one bank in Bratislava was quoting the Slovak koruna on the weak side of the intervention band at 7.2% from the midpoint, a point technically outside the intervention band. 

 But Krause noted that other banks quoted the Slovak within the central bank's limit, and said the reason for the lone discrepancy was unclear. 

 Also unclear, market players said, is how the market will react to the central bank's hands-off approach. 

 'I don't think they're really facing reality,' Krause said, noting that Slovakia's widening current account deficit and close ties to the Czech economy endanger the Slovak currency. 

 He said that despite the central bank's moves last week to lift minimum limits on the size of transactions, thereby draining liquidity from the market and hindering speculation, 'there's still more reason to speculate against the Slovak currency than against the Czech currency.' 

 (MORE) AP-DOW JONES NEWS 27-05-97 

 1536GMT"
Slovak Koruna Falls Vs Basket In Echo Of Czech Koruna ,1997-05-27," BUDAPEST (AP-Dow Jones)--Tremors from the Czech Republic continued to rock the Slovak koruna Tuesday, with the Slovakian currency seen weakening against its fixing basket in highly illiquid, erratic trading. 

 Late Tuesday the koruna was seen trading on the weak side of the Slovak National Bank's intervention band, which allows the koruna to trade within a range of plus or minus 7% from the midpoint, against a basket of 60% Deutsche mark and 40% dollar. 

 'The range of bid prices is 1% to 7% on the weak side of the band,' said Tibor Fratrik, chief dealer at ING Bank in Bratislava. 'There's no liquidity. You can't really predict what will happen on this market more than three hours in the future.' 

 At 1327 GMT traders quoted the dollar at around 34.635 koruna. They quoted the mark at 20.800 koruna, in trading seen tightly focused on the Czech market, which has been rocked by speculation against the Czech koruna. 

 A spokesman for the Slovak central bank told Dow Jones Newswires Tuesday afternoon that the bank's monetary policy 'remains stable' and hasn't changed. 

 That's in stark contrast to the Czech central bank, which announced abruptly late Monday that it would discontinue its own intervention band to let the Czech currency float freely with a peg against the mark. 

 (MORE) AP-DOW JONES NEWS 27-05-97 

 1430GMT"
Slovak  crown settles after Czech cbank  intervenes . ,1997-05-16," BRATISLAVA, May 16 (Reuter) - The Slovak crown steadied after sliding in early on Friday with dealers saying Czech central bank intervention on the Czech currency in Prague could boost its Slovak counterpart. 

 ""It seems there will be no dramatic movement as nothing special is happening on the market at the moment,"" Dusan Svitek of Slovenska Sporitelna said. 

 In early trading, the crown moved to -0.68 percent against its mark/dollar basket parity after opening at around 55 basis points below the midpoint. It then settled at about -0.63 percent. 

 Svitek said he expected it might move back to around -0.55 percent, which would pre-empt and Slovak central bank intervention. ""But the central bank fixing will be important to this (development),"" he added. 

 On Thursday the NBS fixed the crown/dollar at 32.990, and the crown/mark at 19.542, implying a deviation against the basket of -0.25 percent. 

 Short-term money market dealers saw the fund rates stable at between 19 to 20 percent, with no sharp changes expected further on Friday. 

 -- Peter Javurek, Bratislava Newsroom, 421-7-521-8402 

 (c) Reuters Limited 1997"
Slovak c.bank says ready to support SKK if needed. ,1997-05-15," BRATISLAVA, May 15 (Reuter) - The National Bank of Slovakia (NBS) said on Thursday that it was ready to move quickly to support the Slovak crown if the situation gets ""out of control"". 

 ""We are following the Czech development very closely, and the Slovak crown is under control at the moment, but we are ready to quickly react and support it if it gets out of control,"" NBS Treasury Director Frantisek Szulenyi said. 

 The Slovak crown weakened by some 40 basis points in nervous afternoon trading on Thursday to around -0.70 percent versus its mark/dollar basket parity. 

 The Czech crown plunged about one percent in early Thursday trading before the Czech central bank intervened on the market to boost the ailing currency. 

 Szulenyi would not say at what levels the NBS saw it neccessary to support the Slovak crown, nor would he disclose what tools would the bank use if the intervention was needed. 

 ""There are some signals that we can expect stronger pressure on the Slovak crown in the near future, involving larger volumes than we have seen so far,"" he said. 

 Traders estimated that up to $100 million has left the country so far today as market volatility increased. 

 Traders say foreign players are trading the Czech and Slovak crowns together, effectively implying a depreciation trend on both currencies. 

 Some dealers said they expected the Slovak crown to weaken further during the day and that it could even test the 1.0 percent level on the depreciation side of the currency basket midpoint. 

 Szulenyi said the NBS so far did not need to directly intervene on the market to support the Slovak crown, but that an indirect intervention through its fixing helped the crown stay steady two weeks ago. 

 On Thursday the NBS fixed the crown some 45 basis points above the market levels, and some dealers said this could be seen as a signal that the central bank does not want the crown to fall too much. 

 -- Peter Laca, Bratislava Newsroom, 421-7-521-8402 

 (c) Reuters Limited 1997"
FOCUS-SLOVAK C.BANK SIGNALS SUPPORT FOR CROWN. ,1997-05-15," BRATISLAVA, May 15 (Reuter) - The National Bank of Slovakia (NBS) sent a strong signal on Thursday that it would support the Slovak crown to prevent turmoil on the Czech market from pulling the Slovak currency down. 

 NBS Treasury Director Frantisek Szulenyi told Reuters the Slovak crown was under control at the moment, but added the bank was ready to ""react quickly and support the currency if neccessary"". 

 The Slovak currency was hit by what dealers said were massive sales of Slovak crowns resulting from the fall of the Czech crown earlier in the day. The Slovak crown lost some 45 basis points as about $100 million left the country. 

 ""This (statement) really showed a new direction and helped to calm down the market,"" said Dusan Svitek, an FX trader at the largest Slovak market player, Slovenska Sporitelna. 

 Svitek said the crown strengthened by around 25 basis points after the central bank comment and moved to around -0.50 percent versus its mark/dollar basket parity. 

 ""Though further development will still much depend on the Czech crown moves, I see the Slovak crown ranging between parity and one percent in the depreciation sphere, a point at which the central bank could intervene,"" he said. 

 The Slovak crown is closely related to the Czech crown since foreign banks often play the two currencies together so the currencies usually move in tandem. 

 The Czech and Slovak republics used to be united in the Czechoslovak federation which split peacefully in 1993 and the two economies are still very closely linked. 

 Svitek noted that the NBS sent also a second, indirect, signal to the market through its fixing on Thursday, indicating it would not let the Slovak crown fall too far. 

 The NBS on Thursday fixed the crown at 32.990 to the dollar and at 19.542 to the mark, implying a deviation of -0.25 percent versus the basket midpoint. 

 The crown was trading at -0.61 percent at the time of the fixing calculation. 

 Tibor Fratrik, a dealer at ING Bank, said he saw the run on the Slovak crown earlier on Thursday as pure speculation and not based on fundamentals. 

 ""I would say it was just bargain hunting, in which also some domestic banks were involved,"" he said. ""This decline (of the Slovak crown) seems to me a short-term phenomena which will not set a longer-term trend."" 

 Fratrik said he expected the crown to move between parity and -0.1 percent versus the midpoint and that the central bank appeared content for it to stay within this range. 

 -- Bratislava Newsroom, 421-7-521-8402 

 (c) Reuters Limited 1997"
Slovakia - Factors To Watch on May 25  ,2005-05-25,"BRATISLAVA, May 25 (Reuters) - Here are news stories, press reports and events to watch which may affect Slovak financial markets on Wednesday.  

FINMIN TO HOLD NEWS CONFERENCE ON EURO ADOPTION PLAN  

The finance ministry will hold a news conference on Slovakia's euro adoption plan.  

SLOVAK C.BANK HOLDS RATES, MORE WARNINGS ON WAGES  

The Slovak central bank left all key interest rates on hold for the third consecutive month on Tuesday, but reiterated warnings about fast wage growth and possible risks to medium-term inflation goals.  

SLOVAK C.BANK SAYS SOLD 315 MLN EUROS IN APRIL  

The Slovak central bank (NBS) sold 315 million euros ($398 million) on the foreign exchange market in April interventions aimed at halting a weakening of the crown.  

SLOVAK JAN-MARCH C/A SWINGS TO SKK 5.3 BLN GAP  

Slovakia's current account showed a deficit of 5.3 billion crowns ($170.3 million) in January-March, compared with a 5.3 billion surplus in the same period last year.  

SLOVAK C.BANK REPO DRAINS SKK 158.3 BLN FROM MKT  

The Slovak central bank accepted all bids in a regular two-week repo tender on Tuesday, draining 158.267 billion crowns ($5.1 billion) of surplus liquidity from the market.  

SLOVAK END-FEB FOREIGN DEBT JUMPS  

Slovakia's gross foreign debt jumped to $26.583 billion at the end of February, from $23.973 billion at the end of January, the central bank said on Tuesday.  

For an economic indicator diary for the euro zone, the United States and other Group of Seven countries, see <G7TODAY>. For a diary of forthcoming Slovak events, double click [SK/DIARY], and a calendar of east European economic indicators, see [CONV/DIARY].  

News editor of the day: Peter Laca on +421 2 5341 8402; fax: +421 2 5341 8403  

E-mail: bratislava.newsroom@reuters.com  

Reuters Messaging: peter.laca.reuters.com@reuters.net For real-time index quotes, double click in brackets: Warsaw WIG20 <.WIG20> Budapest BUX <.BUX> Prague PX50 <.PX50> Other related news:   


 Slovak equities      [SK-E]  E.Europe equities           [.CEE]
 Slovak money         [SK-M]  Czech debt                  [CZ-D]
 Slovak Indicators  [SK-ECI]  Emerging forex          [EMRG/FRX]
 Eastern European     [EEU]   All emerging markets        [EMRG]
 Hot stocks           [HOT]   Stock markets                [STX]
 Market debt news     [DBT]   Forex news                   [FRX]
 TOP NEWS -- Emerging markets                         [TOP/EMRG]
 TOP NEWS -- Convergence watch                        [TOP/EAST]
  

Slovakia - Factors To Watch on May 25|LANGEN|Table|CZS|ABN|M|D|E|RBN|REVU|RNP|DNP|PTD|PMF"
"Slovak crown steady, seen testing stronger levels.  ",2005-05-03,"
    BRATISLAVA, May 3 (Reuters) - The Slovak crown
held steady against the euro on Tuesday, with dealers saying
they saw a gradual shift to stronger levels if neighbouring
markets remained stabilised.
 
    The crown closed at 39.270/290 to the euro, its main
reference currency, slightly stronger from Monday's 39.280/310.
    The crown fell sharply from all-time highs of 37.510 per
euro seen early in March as short-term capital fled central
European markets.
    However, the Slovak central bank stopped the crown's decline
with direct intervention when it approached the psychological
level of 40.000 per euro on Friday.
    ""The intervention stopped the weakening trend, and it
renewed demand for crowns,"" said VUB Bank trader Laco Benedek.
    Benedek said he saw 39.200 per euro as the near-term target
level unless the neighbouring markets started falling again.
    But dealers saw good support for the crown near
  

39.700-39.900 to the euro even in case of turbulence in the  

region, focusing mainly on the Polish market, as they expected  

the central bank to act again to prevent sharp crown fall.  

Market watchers said the crown could get an impulse to firm  

if South Korean tyre maker Hankook Tire decides to  

build a planned 500-million-euro factory in Slovakia.  

Economy Minister Pavol Rusko said on Monday the government  

had met Hankook conditions for investing in Slovakia and that he  

was expecting a positive answer from the company in the near  

future.  

- MARKET SNAPSHOT AT 1415 GMT -  

Crown/euro at 39.270/290 vs 39.280/310 on Monday  

Crown/dollar at 30.480/500 vs 30.610/650  

5-yr yield at 3.401/102 pct vs 3.203/069 pct  

9-yr yield at 3.691/491 pct vs 3.729/601 pct  

-."
Slovak  c.bank says  interventions  effective-agency.  ,2005-05-03,"BRATISLAVA, May 3 (Reuters) - The National Bank of Slovakia (NBS) considers its interventions last week to halt a weakening of the crown currency to have been effective, central bank governor Ivan Sramko was quoted on Tuesday as saying.  

The NBS intervened on the foreign exchange market to prop up its currency on Friday for the first time in more than two years, although it intervened repeatedly to slow a sharply rising crown earlier this year.  

""In our view, the crown had approached a level where it might have threatened our main inflation goal,"" the official TASR news agency quoted Sramko as saying. ""That is why we reacted how we reacted, and the move proved to be effective.""  

The bank started to buy crowns on the market when the unit touched a six-month low of 40.000 per euro. The crown traded at 39.265/295 to the euro as of 0930 GMT on Tuesday.  

Sramko's comments echoed similar statements made by central bankers after the bank's monthly monetary policy meeting on Friday.  

The NBS fought hard to slow what it considered too fast a crown firming for over a year. It bought three billion euros in interventions aimed at halting the crown rise in the first quarter of this year.  

But the crown weakened sharply in the past month due to outflow of capital from central European markets, falling from all-time highs of 37.510 per euro seen early in March.  

Dealers said Friday's intervention volume was small compared with amounts of euros the bank bought in its attempts to slow crown firming, estimating that the NBS might have sold up to 200 million euros on the market.  

The NBS has not elaborated on Friday's interventions, but Sramko reaffirmed on Tuesday that the bank would stay ready to use its tools to protect its inflation goals."
UPDATE 2- Slovak  c.bank  intervenes  to halt crown fall.  ,2005-04-29,"BRATISLAVA, April 29 (Reuters) - The Slovak central bank intervened on the foreign exchange market on Friday to halt a weakening of the crown currency after outflow of hot money pushed it to a six-month low against the euro, dealers said.  

The bank's action was the first move to support its currency in more than two years after it had intervened repeatedly over the past year to curb what it saw as an excessively rapid crown appreciation.  

Dealers said the central bank started buying crowns when it weakened to 40.0 per euro on Friday, levels last seen at the end of October.  

""The NBS has shown that it does not like the crown above 40.0... It can be expected that they will come again above that level,"" said Slovenska Sporitelna dealer Vladimir Gajdos.  

The central bank, which holds its monthly monetary policy meeting on Friday, was not immediately available for comment.  

The action pushed the crown as far as 39.400 per euro, but some traders said another move towards the 40.0 level was possible as foreign players might want to use the intervention to close positions accumulated during the crown's fast rise.  

The Slovak unit had strengthened quickly in the first weeks of the year, rising to a record high of 37.510 per euro in early March, which forced the central bank to use all its tools to halt the firming, including interventions and an interest rate cut.  

But the crown has fallen more than 5 percent against the euro in the past month, as foreign investors have fled European emerging markets due to political uncertainty in the region and the prospect of rising interest rates in the United States.  

Market watchers said the intervention could be seen as the central bank returning some euro liquidity into the thin market after it had bought more than 3 billion euros during its fight against crown firming between December and March.  

However, the estimated intervention volume on Friday was small at up to 100 million euros.  

""This step should put a cap on SKK volatility, which has dramatically increased since mid-March,"" ING Bank Chief Economist Jan Toth wrote in a market note.  

ING does not expect the crown to firm quickly in the near future, partly because hundreds of millions of euros are expected to leave the market in dividend payments to foreign owners of Slovak companies in the next few weeks.  

However, analysts see the crown returning to the firming path later this year, helped by Slovakia's strong economic growth and expected foreign direct investment projects.  

""We might no longer see weak levels beyond 40 (per euro) in May, and a gradual strengthening towards 37 by year-end would be a logical move, taking into account the strong fundamental story,"" Toth said.  

At 0800 GMT the crown was quoted at 39.475/495 to the euro, compared with Thursday's close of 39.850/880."
Slovak  c.bank  intervenes  to stop crown weakening - dealers.  ,2005-04-29," BRATISLAVA, April 29 (Reuters) - The Slovak central bank intervened on the foreign exchange market on Friday to stop weakening of the crown currency, dealers said.   

 Dealers said the central bank started buying crowns at around 40.0 per euro. The central bank, which holds its monthly monetary policy meeting on Friday, was not immediately available for comment."
Slovakia - Factors To Watch on April 22.  ,2005-04-22,"
 
    BRATISLAVA, April 22 (Reuters) - Here are news stories,
press reports and events to watch which may affect Slovak
financial markets on Friday.
 
    C.BANK TO RELEASE FX RESERVES DATA
    The central bank will release its weekly foreign currency
reserves data.
 
    HANKOOK TIRE DENIES SLOVAKIA CHOSEN FOR NEW PLANT
    South Korea's top tyre maker Hankook Tire             denied
  

 on Friday it has chosen Slovakia as the location for its new 500   

 million euro ($652.2 million) European factory and said a final   


 
 
    SLOVAK COPPER SMELTER TO RESTART ANODE OUTPUT
    Slovak copper smelter Kovohuty Krompachy plans to restart
anode production in the coming days after a more than seven-week
shutdown caused by a refit, the firm's chairman told Reuters.
 
    SLOVAK WHEAT INTERVENTION OFFERS RISE
    Slovak wheat intervention offers rose to 201,000 tonnes from
  


196,070 a week ago, the state purchasing agency said. It also
  


said that 68,500 tonnes of the wheat offered by farmers had been
  


bought so far.
  


For an economic indicator diary for the euro zone, the
  


United States and other Group of Seven countries, see .
  


 
          , and a calendar of east European economic indicators,
see             .
 
    News editor of the day: Peter Laca on +421 2 5341 8402; fax:
+421 2 5341 8403
    E-mail: bratislava.newsroom@reuters.com
    Reuters Messaging: peter.laca.reuters.com@reuters.net
  


Warsaw WIG20  Budapest BUX        Prague PX50
  


 
 Slovak equities              E.Europe equities
 Slovak money                 Czech debt
 Slovak Indicators            Emerging forex
 Eastern European             All emerging markets
 Hot stocks                   Stock markets
 Market debt news             Forex news
 TOP NEWS -- Emerging markets
 TOP NEWS -- Convergence watch."
Slovak crown weakens as region continues to fall.  ,2005-03-15,"
    BRATISLAVA, March 15 (Reuters) - The Slovak crown
extended its fall and touched a three-week low to the euro on
Tuesday, driven by continued outflow of foreign capital from
European emerging markets, dealers said.
    The crown has lost 0.9 percent versus the euro this week,
closing the Tuesday's session at 37.920/930 to the euro, its
main reference currency.
    ""The regional influence continues to drive the crown. Once
this factor disappears, the crown will return to stronger
levels,"" said a Tatra Banka trader Jozef Bozek.
 Dealers said Slovakia was viewed by investors as
economically sound, which supported the crown and prevented a
sharper decline.
 The neighbouring Polish zloty has lost 2 percent to the euro
since Friday's close as investors shifted their focus from
emerging markets to rebounding dollar.
  


 The current outflow of funds from the region and crown
easing have given breathing room for the Slovak central bank,
which had repeatedly intervened in recent weeks to halt the
crown firming.
    Traders have estimated the central bank might have bought
hard currencies worth around 2 billion euros in direct
interventions so far this year aimed at slowing crown advance.
 
    The bank last intervened on the market early last week, when
the crown hit an all-time high of 37.510 to the euro.
--------------- MARKET SNAPSHOT AT 1545 GMT--------------------
Crown/euro  at 37.920/930 vs 37.800/810 on Monday
Crown/dollar  at 28.430/490 vs 28.250/280
----------------------------------------------------------------."
"Slovak crown in tight range, region slows firming.  ",2005-03-11,"
    BRATISLAVA, March 11 (Reuters) - The Slovak crown
closed slightly stronger versus the euro on Friday, but dealers
said investors' uncertainty about the trend on bigger markets in
the region would slow the unit's advance in the near term.
    The crown was at all-time highs of 37.510 to the euro, its
main reference currency, early in the week, but central bankintervention and investors' retreat from central European
markets pulled the unit to weaker levels.
 The crown found good support at 37.700 where some foreign
players and corporate clients opened new positions.
    But the unit was unlikely to move to its record highs
quickly again until Polish and Hungarian markets rebound from
this week's fall, after the crown ignored even
faster-than-expected GDP growth published on Thursday.
    ""The long-term trend has not changed, more crown
strengthening is still expected,"" said Tatra Banka trader Jozef
Bozek.
  


 
    ""But from the medium term perspective, the trend can be
slowed down by the regional mood, and the central bank.""
    The Slovak central bank has repeatedly intervened directly
on the foreign exchange market this year to slow crown firming,
saying the unit's fast advance is harmful to the economy.
    Traders said the crown should not show any significant
  

reaction to the release of January foreign trade data on Monday  

as flows of funds in and out of the region prevailed over local  

economic fundamentals at present.  

- MARKET SNAPSHOT AT 1503 GMT-  

Crown/euro at 37.580/600 vs 37.650/570 on Thursday  

Crown/dollar at 27.950/980 vs 28.045/095  

-."
Slovakia - Factors To Watch on March 10.  ,2005-03-10,"BRATISLAVA, March 10 (Reuters) - Here are news stories, press reports and events to watch which may affect Slovak financial markets on Thursday.  

STATS OFFICE TO RELEASE Q4 AND FULL-YEAR 2004 GDP DATA  

The Statistics Office will release fourth quarter and full-year 2004 gross domestic product (GDP) data and will hold a news conference on the published figures.  

EU COMMISSIONER ALMUNIA VISITS SLOVAKIA  

European Commissioner for Economic and Monetary Affairs Joaquin Almunia will meet Slovak Central Bank Governor Ivan Sramko.  

FINMIN TO HOLD NEWS CONFERENCE  

The Slovak finance ministry will hold a news conference on results of public finances for 2004.  

ECON MINISTER TO ANNOUNCE NEW FDI PROJECT  

The economy ministry will hold a news conference to announce a new foreign direct investment project in eastern Slovakia.  

SLOVAK CBANKER SAYS INFLATION MAY ALLOW LOWER RATES  

The Slovak central bank may cut interest rates all the way to the euro zone level if the inflation continues to develop better than expectated, the bank's Vice-governor Martin Barto said.  

SLOVAK CBANKER UNHAPPY WITH FX INTERVENTION IMPACT  

The Slovak central bank (NBS) will continue its battle to stem a rising crown, but is unhappy with the diminishing impact of its frequent interventions, central bank chief Ivan Sramko said.  

SLOVAK PM SAYS 2004 GDP ROSE 5.5 PCT - PAPER  

Slovak gross domestic product grew by an annual 5.5 percent in 2004, accelerating from 4.5 percent growth in the previous year, Prime Minister Mikulas Dzurinda said.  

SLOVAK JAN RETAIL SALES +7.7 PCT YR/YR  

Slovak retail sales rose 7.7 percent, year-on-year, in January, accelerating from 3.0 percent annual growth in December.  

For an economic indicator diary for the euro zone, the United States and other Group of Seven countries, see . For a diary of forthcoming Slovak events, double click  

, and a calendar of east European economic indicators, see.  

News editor of the day: Peter Laca on +421 2 5341 8402; fax: +421 2 5341 8403  

E-mail: bratislava.newsroom@reuters.com  

Reuters Messaging: peter.laca.reuters.com@reuters.net   


For real-time index quotes, double click in brackets: Warsaw WIG20
Budapest BUX        Prague PX50         Other related news:
 
  Slovak equities              E.Europe equities
  Slovak money                 Czech debt
  Slovak Indicators            Emerging forex
  Eastern European             All emerging markets
  Hot stocks                   Stock markets
  Market debt news             Forex news
  TOP NEWS -- Emerging markets
  TOP NEWS -- Convergence watch."
UPDATE 1- Slovak  cbanker unhappy with  FX intervention  impact.   ,2005-03-09,"BRATISLAVA, March 9 (Reuters) - The Slovak central bank (NBS) will continue its battle to stem a rising crown, but is unhappy with the diminishing impact of its frequent intervention, central bank chief Ivan Sramko said on Wednesday.   

""We still continue in our efforts to stop the unjustified firming of the crown,"" Sramko told reporters after attending a weekly government meeting.   

""We are not satisfied with the impact of the interventions ...It is being shown that the impact of interventions is less and less significant.""   

The central bank has been using a mix of repo tenders, several rounds of direct intervention and even interest rate cuts over recent weeks to discourage speculators from boosting the crown, which the NBS feels has risen beyond economic fundamentals.   

The NBS intervened on Tuesday after the crown firmed as high as 37.533 per euro, coming within sight of an all-time high reached on Monday. The central bank's crown selling knocked it lower to 37.597 to the euro , but by Wednesday it was already back to 37.540 at 1320 GMT.   

The crown has been boosted by expectations of large investment inflows and a positive economic outlook after the Slovaks joined the European Union last May."
Slovak  cbanker unhappy with  FX intervention  impact.   ,2005-03-09,"BRATISLAVA, March 9 (Reuters) - The Slovak central bank continues to fight against a firming of the crown currency but is unhappy with the diminishing impact of its frequent interventions, central bank Governor Ivan Sramko said on Wednesday.   

""We still continue in our efforts to stop the unjustified firming of the crown,"" Sramko told reporters.   

""We are not satisfied with the impact of the interventions ...It is being shown that the impact of interventions is less and less significant."""
Slovakia - Factors To Watch on March 9.  ,2005-03-09,"BRATISLAVA, March 9 (Reuters) - Here are news stories, press reports and events to watch which may affect Slovak financial markets on Wednesday.  

STATS OFFICE TO RELEASE JAN RETAIL SALES DATA  

The statistics office will release January retail sales data.  

GOVT TO HOLD REGULAR WEEKLY MEETING  

The Slovak government will hold its regular weekly meeting.  

SLOVAK CBANK ACCEPTS SKK 109.99 BLN IN 2-WK REPO  

The Slovak central bank (NBS) accepted bids worth 109.99 billion crowns ($3.86 billion) in the regular two-week repo out of total demand of 181.80 billion, the bank's data showed.  

C.BANK SAYS INTERVENES AGAINST STRONG CROWN  

The Slovak central bank intervened for the second time this week to slow crown firming.  

SLOVAK JAN INDUSTRIAL OUTPUT +5.5 PCT Y/Y  

Slovak industrial output rose by real 5.5 percent on the year in January, after a revised 0.3 percent increase in the previous month.  

SLOVAK JAN CONSTRUCTION OUTPUT +23.7 PCT Y/Y  

Slovakia's construction output rose by 23.7 percent on the year in January, accelerating from 19.4 percent growth in December.  

VOLKSWAGEN'S SLOVAK UNIT SALES DOWN ON LOWER OUTPUT  

The Slovak unit of German car producer Volkswagen (VOWG.DE) said its 2004 sales dropped to 173 billion crowns ( $6.1 billion), from 183 billion in the previous year amid lower output.  

For an economic indicator diary for the euro zone, the United States and other Group of Seven countries, see . For a diary of forthcoming Slovak events, double click  

, and a calendar of east European economic indicators, see.  

News editor of the day: Peter Laca on +421 2 5341 8402; fax: +421 2 5341 8403  

E-mail: bratislava.newsroom@reuters.com  

Reuters Messaging: peter.laca.reuters.com@reuters.net   


For real-time index quotes, double click in brackets: Warsaw WIG20
Budapest BUX        Prague PX50         Other related news:
 
  Slovak equities              E.Europe equities
  Slovak money                 Czech debt
  Slovak Indicators            Emerging forex
  Eastern European             All emerging markets
  Hot stocks                   Stock markets
  Market debt news             Forex news
  TOP NEWS -- Emerging markets
  TOP NEWS -- Convergence watch."
Slovak  c.bank says  intervenes  against strong crown.  ,2005-03-08,"BRATISLAVA, March 8 (Reuters) - The Slovak central bank bought euros for crowns to slow gains in the domestic currency on Tuesday, the bank's spokesman Igor Barat told Reuters.  

The crown firmed as high as 37.533 per euro earlier in the session, coming within sight of an all-time high reached on Monday. The central bank's crown selling knocked it lower to 37.595 to the euro by 1224 GMT."
Slovakia - Factors To Watch on March 8.  ,2005-03-08," BRATISLAVA, March 8 (Reuters) - Here are news stories, press reports and events to watch which may affect Slovak financial markets on Tuesday.   

 C.BANK TO HOLD ITS REGULAR WEEKLY MEETING   

 The central bank's policy-making Bank Board will hold its weekly meeting to decide on the result of the regular two-week repo tender.   

 STATS OFFICE TO RELEASE JAN INDUSTRIAL OUTPUT   

 The statistics office will release January industrial production and construction output data. The market expects 2.4 percent annual growth in industrial output.   

 FINMIN SAYS PENSION REFORM WON'T CHANGE EURO PLAN   

 Slovakia will not push forward its 2009 target for adopting the euro even if the European Union allows it to deduct the cost of pension reform from its fiscal deficit, Finance Minister Ivan Miklos said.   

 FIRMING CROWN HELPS PUSH SLOVAK T-BOND YIELDS DOWN   

 Slovakia saw the cost of state refinancing fall at an auction of state bonds on Monday as firming crown and shortage of new debt issues pushed yields on treasury bonds down.   

 C.BANK INTERVENES AGAIN TO WEAKEN CROWN   

 The Slovak central bank sold crowns directly on the foreign exchange market again to rein in the currency which had surged to a new record high to the euro.   

 For an economic indicator diary for the euro zone, the United States and other Group of Seven countries, see . For a diary of forthcoming Slovak events, double click   

 , and a calendar of east European economic indicators, see.   

 News editor of the day: Peter Laca on +421 2 5341 8402; fax: +421 2 5341 8403   

 E-mail: bratislava.newsroom@reuters.com   

 Reuters Messaging: peter.laca.reuters.com@reuters.net   


For real-time index quotes, double click in brackets: Warsaw WIG20
Budapest BUX        Prague PX50         Other related news:
 
  Slovak equities              E.Europe equities
  Slovak money                 Czech debt
  Slovak Indicators            Emerging forex
  Eastern European             All emerging markets
  Hot stocks                   Stock markets
  Market debt news             Forex news
  TOP NEWS -- Emerging markets
  TOP NEWS -- Convergence watch."
UPDATE 1- Slovak  cbank  intervenes  again to weaken crown.   ,2005-03-07,"BRATISLAVA, March 7 (Reuters) - The Slovak central bank sold crowns directly on the foreign exchange market again on Monday to rein in the currency which had surged to a new record high to the euro.   

Central bank spokesman Igor Barat confirmed the intervention had taken place, but gave no details of the action. Dealers said the bank stepped into the market shortly after the crown hit 37.510 per euro, its strongest level ever.   

The National Bank of Slovakia bank has been trying to slow the crown's rise for more than a year, using all the tools available to it to discourage currency speculators.   

The NBS has frequently intervened directly on the market this year, saying the crown's rise has been too fast and dangerous for the economy.   

The central bank also cut the main two-week repo rate by 100 basis points to 3.00 percent in February to make the unit less attractive for short-term capital.   

The crown's latest record high marked a three percent gain since the beginning of the year, and most analysts predict more firming pressure on the crown due to Slovakia's solid economic fundamentals and expected foreign direct investment inflows.   

The intervention weakened the crown only slightly, pushing it to 37.610/630 per euro as of 1130 GMT."
Slovak  cbank again  intervenes  to weaken the crown.   ,2005-03-07," BRATISLAVA, March 7 (Reuters) - The Slovak central bank intervened on the foreign exchange market to weaken the crown on Monday after the currency had surged to a new record high to the euro.    

Central bank spokesman Igor Barat confirmed the intervention, but he gave no details of the action. Dealers said the bank stepped into the market shortly after the crown hit 37.5100 per euro, its strongest level ever.    

 At 1127 GMT it had dipped to a midpoint of 37.5950 to the euro."
"Emerging  FX -Slovak crown holds near record peaks, zloty steady.  ",2005-03-01,"LONDON, March 1 (Reuters) - The Slovak crown remained firm on Tuesday in spite of signs the central bank is taking a tougher stance against its strength, with the Polish zloty also holding close to 2 1/2 year highs versus the euro.  

Strong foreign investment inflows continue to buoy the Slovak currency in the face of strong intervention against it from the authorities.  

The central bank intervened to sell crowns again on Monday, after earlier cutting key interest rates by 100 basis points, but still weakened the currency only a few pips from record highs against the euro.  

""They're stepping up intervention, there's no question about that. We estimate that interventions in February could have been as much as 1.8 billion euros, which is a massive amount in a market as small as this,"" said Koon Chow, emerging markets strategist at CSFB.  

It would also be a big leap after the bank said it bought 290 million euros in interventions in January.  

""But I get the sense the central bank is in a mindset to curb appreciation rather than trigger a reversal of the trend. I don't get a sense they're out to trigger stops or force a messy exit by trading desks,"" Chow added.  

By 1115 GMT, the crown traded at a bid price of 37.825 per euro , little changed on the session.  

The reformist credentials of the Slovak government have laid a platform for strong foreign investment inflows into the country.  

A growing number of foreign manufacturers are setting up plants in Slovakia and the government is hoping to seal a S.Korean investment project worth 500 million euros in coming weeks.  

Chow said the one near-term risk factor was the size of long positions that have been built up in the crown, making the market vulnerable to a sharp decline in the event of an external shock.  

ZLOTY HOLDS FIRM  

The Polish zloty remained within touching distance of 2 1/2-year highs against the euro, still finding support from a backdrop of a broadly soft dollar and low global interest rates.  

The market shrugged off comments from the leader of Poland's main opposition Civic Platform party, Jan Rokita, that zloty strength is starting to become excessive.  

Rokita, whose party is well ahead in the polls in the run up to elections later this year, also said he would consider unilaterally adopting the euro as a means of preventing too much currency strength.  

""(Rokita's) are not too much to worry about. Certainly, the government is keeping an eye on zloty strength, but the rhetoric is mixed at moment,"" said Osman Wahid, emerging markets strategist at J.P.Morgan.  

""The central bank won't want it to continue the sharp appreciation of the past 8 months, but you also have to consider that when euro/polish was at its highs most people thought the zloty was undervalued, so in that sense its been coming back into line.""  

Wahid said the factors to watch out for a potential end to the zloty rally were analysts starting to cut back their growth forecasts and when the central bank starts cutting interest rates.  

The central bank Monetary Policy Council shifted its monetary policy bias to ""easing"" from ""tightening"" following its monthly meeting last Friday, but the move had little impact on the zloty.   


The zloty traded at 3.8960 to the euro  from 3.9011 and at 2.9445 to
the dollar        from 2.9413.
  

Israeli shekel hits two-month highs against dollar, extending Monday's gains driven by companies converting dollars into shekels to pay salaries at the beginning of the month.  

The shekel was up 0.16 percent at 4.33 to the dollar ."
Slovakia - Factors To Watch on March 1.  ,2005-03-01," BRATISLAVA, March 1 (Reuters) - Here are news stories, press reports and events to watch which may affect Slovak financial markets on Tuesday.   

 C.BANK TO HOLD ITS REGULAR WEEKLY MEETING   

 The central bank's policy-making Bank Board will hold its weekly meeting to decide on the result of the regular two-week repo tender.   

 FIN MIN TO HOLD NEWS CONFERENCE ON TAX REFORM IMPACTS   

 Finance Minister Ivan Miklos will hold a news conference on the tax reform impacts.   

 STATS OFFICE TO RELEASE JAN EU-NORM INFLATION DATA   

 The statistics office will release January EU-norm inflation data.   

 GOVT PRIVATISATION AGENCY TO HOLD NEWS CONFERENCE   

 The National Property Fund, the government's privatisation agency, will hold a news conference on its 2005 plans.   

 C.BANK CUTS INTEREST RATES TO REIN IN CROWN   

 The Slovak central bank slashed its key two-week repo rate by 100 basis points to 3.0 percent on Monday to fight the continued firming of the crown currency.   

 C.BANK INTERVENES AGAIN TO WEAKEN CROWN   

 The Slovak central bank said it had sold Slovak crowns in the foreign exchange market to weaken the crown after it hit a record high of 37.810 per euro.   

 C.BANK SAYS BOUGHT 290 MLN EUROS IN JAN   

 The Slovak central bank (NBS) bought 290 million euros ($386 million) through foreign exchange market interventions in January aimed at curbing firming pressure on the crown currency.   

 SLOVAK C/A GAP RISES TO SKK 45.2 BLN IN 2004   

 Slovakia's current account showed a deficit of 45.2 billion crowns ($1.6 billion) last year, compared with a 10.2 billion crown shortfall in 2003.   

 SLOVAK JAN PPI DATA BEAT FCASTS   

 Slovak producer prices fell by 0.2 percent on a monthly basis in January, putting annual price growth at 2.8 percent.   

 SKYEUROPE EXPANDS FLEET, OPENS NEW ROUTES   

 Slovak-based low cost airline SkyEurope will add four jet planes to its fleet for the summer season this year.   

 For an economic indicator diary for the euro zone, the United States and other Group of Seven countries, see . For a diary of forthcoming Slovak events, double click   

 , and a calendar of east European economic indicators, see.   

 News editor of the day: Martin Dokoupil on +421 2 5341 8402; fax: +421 2 5341 8403   

 E-mail: bratislava.newsroom@reuters.com   

 Reuters Messaging: martin.dokoupil.reuters.com@reuters.net   


For real-time index quotes, double click in brackets: Warsaw WIG20
Budapest BUX        Prague PX50         Other related news:
 
  Slovak equities              E.Europe equities
  Slovak money                 Czech debt
  Slovak Indicators            Emerging forex
  Eastern European             All emerging markets
  Hot stocks                   Stock markets
  Market debt news             Forex news
  TOP NEWS -- Emerging markets
  TOP NEWS -- Convergence watch."
Slovak  cbank confirms  intervention  to weaken crown.   ,2005-02-28,"BRATISLAVA, Feb 28 (Reuters) - The Slovak central bank confirmed it had sold Slovak crowns in the foreign exchange market on Monday to weaken the unit which it says has been firming too fast.   

A spokesman confirmed the action but gave no details.   

Traders said the bank stepped into the market when the crown hit a new record high of 37.810 to the euro and bought some 50-100 million euros."
"UPDATE 1- Slovak  c.bank  intervenes  to weaken crown, dealers say.  ",2005-02-28,"BRATISLAVA, Feb 28 (Reuters) - The Slovak central bank (NBS) intervened on the foreign exchange market to weaken the Slovak crown on Monday, traders from three banks said.  

The NBS was not immediately available for comment.  

The bank started intervening after the crown hit new record high at 37.810 to the euro, the traders said. It dropped to 37.860 after the intervention.  

The intervention came on the heels of a hefty 100 basis point cut in the bank's main two-week repo rate to 3.0 percent, agreed earlier on Monday.  

One trader said the bank had bought about 100 million euros on Monday, while another put the amount in the range of 50-100 million.  

The central bank has been frequently stepping into the market in the past weeks to sell crowns and thus slow down the unit's appreciation, which it sees as speculative.  

The bank's policy board continued meeting on Monday afternoon."
Slovak  cbank  intervenes  to weaken crown-delaers.  ,2005-02-28,"BRATISLAVA, Feb 28 (Reuters) - The Slovak central bank (NBS) intervened on the foreign exchange market to weaken the Slovak crown on Monday, traders from three banks said.  

The NBS was not immediately available for comment.  

The bank, which had earlier cut its key interest rate by 100 basis points, started intervening after the crown hit a new record high at 37.810 to the euro, the traders said. It dropped to 37.860 after the intervention."
UPDATE 1- Slovak  cbank says  intervenes  again to weaken crown.   ,2005-02-25,"BRATISLAVA, Feb 25 (Reuters) - The Slovak central bank (NBS) said it had intervened again on the foreign exchange market on Friday, extending its lengthy battle with investors who are pushing the crown currency to record highs.   

Traders said the central bank stepped into the market on Friday when the crown hit 37.820 to the euro, its strongest level ever.   

The move was the fourth direct intervention this week, and occurred just ahead of the central bank's monetary policy meeting on Monday.   

NBS spokesman Igor Barat gave no details of the intervention, but dealers said the bank has been using foreign players to sell crowns to confuse the local market.   

""It looked like an intervention, but we were not sure because the NBS appeared to be going through a foreign bank,"" one Bratislava-based dealer said.   

The crown weakened only slightly after the intervention, moving to 37.870 to the euro.   

The crown has gained 2.3 percent against the euro this year, boosted by Slovakia's encouraging economic performance and expectations of strong foreign investment inflows.   

But the NBS considers the firming pace too fast and dangerous for the economy. Central bankers have also said their aim was to avoid a shock correction in the longer term as that could threaten fulfilment of euro adoption criteria.   

The central bank's fight against crown firming has sparked market talk about an interest rate cut at the February monetary policy meeting.   

Some analysts are expecting a cut of as much as 100 basis points, after the NBS slashed two full percentage points off the main two-week repo rate last year to make the crown less attractive for speculators. The two-week repo is now 4.0 percent."
Slovak  cbank says  intervenes  again to weaken crown.   ,2005-02-25,"BRATISLAVA, Feb 25 (Reuters) - The Slovak central bank (NBS) said it had intervened again on the foreign exchange market on Friday to halt firming of the crown .   

Traders said the central bank stepped into the market when the crown hit a new all-time high of 37.820 to the euro."
Slovakia - Factors To Watch on Feb 25.  ,2005-02-25,"BRATISLAVA, Feb 25 (Reuters) - Here are news stories, press reports and events to watch which may affect Slovak financial markets on Friday.  

PRESIDENT PUTIN TO END SLOVAKIA'S VISIT  

Russian President Vladimir Putin will ends his two-day visit to Slovakia.  

C.BANK TO RELEASE FX RESERVES DATA  

The central bank will release its weekly foreign currency reserves data.  

C.BANK KEEPS SLOWING CROWN WITH INTERVENTION

The Slovak central bank continued to intervene directly on the market on Thursday to stem the rapid rise of the crown, which rose to a record high against the euro early in the session.  

U.S.-RUSSIA AGREE ON NUKE SECURITY, WTO TALKS  

The United States and Russia agreed on Thursday to enhance nuclear security cooperation and to try to complete negotiations on Russia's entry into the World Trade Organisation (WTO) this year.  

SLOVAK END-NOV FOREIGN DEBT RISES TO $21.8 BLN  

Slovakia's gross foreign debt rose to $21.834 billion at the end of November, from $20.669 billion at the end of October.  

United States and other Group of Seven countries, see . For a diary of forthcoming Slovak events, double click  

, and a calendar of east European economic indicators, see.  

News editor of the day: Peter Laca on +421 2 5341 8402; fax: +421 2 5341 8403  

E-mail: bratislava.newsroom@reuters.com  

Reuters Messaging: peter.laca.reuters.com@reuters.net   


For real-time index quotes, double click in brackets: Warsaw WIG20
Budapest BUX        Prague PX50         Other related news:
 
  Slovak equities              E.Europe equities
  Slovak money                 Czech debt
  Slovak Indicators            Emerging forex
  Eastern European             All emerging markets
  Hot stocks                   Stock markets
  Market debt news             Forex news
  TOP NEWS -- Emerging markets
  TOP NEWS -- Convergence watch."
Slovak  crown ends firmer despite cbank  intervention .  ,2005-02-24,"
    BRATISLAVA, Feb 24 (Reuters) - The Slovak crown
ended within sight of its new highs of 37.835 to the euro on
Thursday as the market fought off the central bank's attempt to
dent crown buying sentiment with intervention, dealers said.
    The central bank entered the market on Thursday for the
third time this week to knock the crown off its record levels,
but traders said its move was modest compared with the previous
interventions.
    ""The central bank bought foreign currencies and sold crowns
directly on the market, but pushed the crown only up to 37.890
(per euro),"" said Slovenska Sporitelna dealer Vladimir Gajdos.
    Traders said the crown picked up steam again as soon as the
monetary body left the market, closing at 37.823/872 versus the
euro, compared with 37.866/916 late on Wednesday.
  


    The crown has firmed 2.3 percent against the euro so far
this year as foreign investors are flocking into the new EU
member lured by improving economic fundamentals and expectations
of strong FDI inflows.
    Market watchers said demand for crowns was set to remain
strong in the coming days, adding the unit could test 37.800 per
euro on Friday.
    Investors are awaiting the outcome of the central bank's
Monday monetary meeting with a majority of analysts expecting a
policy loosening of 50-100 basis points.
 
    The key two-week repo rate stands at 4.00 percent after the
bank cut 200 basis points last year to deter hot-money inflows.
--------------- MARKET SNAPSHOT AT 1540 GMT --------------------
  

Crown/euro at 37.823/872 vs 37.866/916 on Wednesday  

Crown/dollar at 28.662/712 vs 28.676/711  

5-yr yield at 2.993/2.868 pct vs 3.071/2.871 pct  

10-yr yield at 3.615/415 pct vs 3.626/426 pct  

-."
"Emerging  FX -Upside pressure on forint eases, Czechs eye rates.  ",2005-02-24,"LONDON, Feb 24 (Reuters) - The strong upside pressure on Hungary's forint subsided on Thursday, though analysts said it could be a temporary lull, while Czech crown dealers awaited a key interest rate decision.  

The forint tracked back from near two-year highs hit against the euro earlier in the week, giving the central bank some breathing space after it rose close to the upper limit of its trading bands, which comes in around 240 to the euro .  

Central bank Governor Zsigmond Jarai said on Wednesday the bank would, if necessary, defend the bands, though he said it had no plans to intervene on the market as long as the bands hold.  

""The key point is when you get closer to bottom of the bands you will see higher volatility. Today's move higher (in euro/forint) is part of that,"" said Martin Blum, head of emerging markets research at HVB in Vienna.  

""I don't think it signifies a change in the trading environment and the rate could move lower again.""  

By 1015 GMT, the forint was a touch down on the session around 242.50 to the dollar.  

""Nobody is under the illusion that the band would be moved, but by the same token central bank comments that it has no problem with the forint trading in its current range means perceptions of the risk of it moving higher are limited,"" Blum added.  

Blum said as long as players did not perceive a risk of a sharp move back to 245, the trend would remain for the forint to strengthen towards the band limit.  

The forint trades in ERM2-style bands allowing 15 percent fluctuations on either side of a central parity rate against the euro.  

The Czech crown was little moved around 29.90 per euro ahead of the central bank's monthly interest rate decision. Most analysts expect rates to be left on hold, but the market was wary following January's surprise cut to 2.25 percent.  

""Our bias is against a cut. New board members will want to become more familiar with the data, and the bank may also see some scope for euro/czech to move higher on political uncertainty,"" said Blum at HVB.  

Three new board members will sit on the seven-member panel.  

Prime Minister Stanislav Gross on Thursday called on President Vaclav Klaus to step into talks to resolve an excalating row within the ruling centre-left coalition, which threatens to cost the government its majority in parliament.  

The junior coalition partner, the Christian Democrats, have called on the Social Democrats to replace Gross due to questions about his personal finances.  

Meanwhile, the Slovak crown traded at 37.84 to the euro , a fresh record high against the euro.  

The Slovak central bank intervened for the third time this week on Thursday, but did little more than hold up the crown's progress.  

LIRA UP ON IMF HOPES  

The new Turkish lira strengthened to under 1.3 per dollar , its best levels in 2-1/2 years, helped in part by comments from Finance Minister Kemal Unakitan on Wednesday that three key reform bills would be submitted to parliament over the next few days.  

Passage of the bills on social security, tax and banking are a pre-condition for the International Monetary Fund board approving a new $10 billion loan package to replace the $19 billion deal that expired this month.  

""Saying the social security bill would be forwarded next week is a step in the right direction,"" said Debbie Orgill, emerging markets analyst at ABN AMRO.  

""That's the biggest of the three because it would mean a big improvement for the fiscal outlook."" The lira traded at 1.2960 to the dollar on the interbank market from 1.303 at Wednesday's close.  

Orgill said the market would be wary of the risk of central bank intervention to cap lira gains under the 1.3 per dollar handle, especially with the Turkish currency also rising against the euro - the currency of its main trading partner."
UPDATE 1- Slovak  c.bank  intervenes  after crown hits new high.   ,2005-02-24," BRATISLAVA, Feb 24 (Reuters) - The Slovak central bank intervened directly in the foreign exchange market for the third time this week on Thursday to rein in the crown, which surged to a record high against the euro early in the session.    

 The intervention started shortly after the crown hit 37.840 to the euro, its strongest level ever, dealers said. The Slovak currency eased briefly after the intervention and stood at 37.839/899 per euro at 0850 GMT.    

 ""I can confirm that we are intervening,"" central bank spokesman Igor Barat told Reuters.    

 The central bank has been using a combination of direct intervention and liquidity tenders in past weeks to slow down what it calls excessive appreciation of the crown.    

 The crown has gained 2.3 percent against the euro this year, boosted by Slovakia's encouraging economic performance and expectations of strong foreign investment inflows.    

 Dealers said Thursday's intervention was modest, estimating that the central bank had bought about 40 million euros. They had put Wednesday's intervention volume at between 200-250 million.    

 The central bank's determination to control the pace of crown appreciation has sparked expectations of an interest rate cut at Monday's February monetary policy meeting, with some analysts expecting a reduction of as much as 100 basis points.    

 The main two-week repo rate stands at 4.00 percent after the bank cut 200 basis points last year to discourage speculators."
Slovak  cbank says  intervenes  to weaken crown.   ,2005-02-24," BRATISLAVA, Feb 24 (Reuters) - The Slovak central bank (NBS) said on Thursday it was intervening on the foreign exchange market to weaken the crown after the currency hit an all-time high of 37.840 per euro earlier in the session.    

 ""I can confirm that we are intervening,"" central bank spokesman Igor Barat told Reuters."
Slovakia - Factors To Watch on Feb 24.  ,2005-02-24,"BRATISLAVA, Feb 24 (Reuters) - Here are news stories, press reports and events to watch which may affect Slovak financial markets on Thursday.  

BUSH MEETS PUTIN IN BRATISLAVA  

U.S. President George W. Bush and Russian President Vladimir Putin will hold one day summit in Bratislava.  

C.BANK INTERVENES AGAIN TO REIN IN CROWN  

The Slovak central bank resumed its long-lasting battle against the sharp firming of the crown on Wednesday intervening on the foreign exchange market after the currency hit a record high of 37.870 per euro.  

FIN MIN SCRAPS EUROBOND ISSUE PLAN  

Slovakia has scrapped a plan to issue a eurobond this year and will take advantage of low domestic interest rates to refinance its maturing debt, Deputy Finance Minister Vladimir Tvaroska said.  

U.S. STEEL KOSICE TO BUILD NEW $160 MLN LINE  

The Slovak unit of U.S. Steel (X.N) said on Wednesday it would invest $160 million to build a new production line to make coated steel and serve growing demand in the car and construction sectors in central Europe.  

SLOVAKIA EYES EUR 500 MLN PLANT BY FINNS  

Slovakia is in talks with Finnish paper maker Myllykoski, which is looking for a location to build a 500 million euro pulp processing plant in the central Europe.  

TREND page 52  

United States and other Group of Seven countries, see . For a diary of forthcoming Slovak events, double click  

, and a calendar of east European economic indicators, see.  

News editor of the day: Peter Laca on +421 2 5341 8402; fax: +421 2 5341 8403  

E-mail: bratislava.newsroom@reuters.com  

Reuters Messaging: peter.laca.reuters.com@reuters.net   


For real-time index quotes, double click in brackets: Warsaw WIG20
Budapest BUX        Prague PX50         Other related news:
 
  Slovak equities              E.Europe equities
  Slovak money                 Czech debt
  Slovak Indicators            Emerging forex
  Eastern European             All emerging markets
  Hot stocks                   Stock markets
  Market debt news             Forex news
  TOP NEWS -- Emerging markets
  TOP NEWS -- Convergence watch."
Slovak  crown at new high despite cbank  intervention .  ,2005-02-23,"
    BRATISLAVA, Feb 23 (Reuters) - The Slovak crown
firmed to settle beyond the long-resisting level of 38.0 per
euro on Wednesday despite continued the central bank's attempts
to slow the rise with interventions, dealers said.
    The crown set off stronger on Wednesday after crossing the
psychological mark late on Tuesday, but its quick move to 37.870
per euro prompted a new central bank intervention.
    Traders said the central bank's action, the second this
week, pushed the crown as far as 37.950 per euro, but the unit
rebounded quickly to hit a new all-time high of 37.850.
    ""The central bank action was triggered by the crown's
firming pace. If they had not acted this morning we might have
attacked 37.800 (per euro) or perhaps 37.750 now,"" said ING Bank
dealer Jan Rafaj.
    However, the currency lost part of its gains later in the
session as foreign investors closed some of their positions to
take profits. It closed at 37.866/916 to the euro, after
37.950/990 late on Tuesday.
  


    Dealers expected firming pressure on the crown to persist in
the coming days, but added room for further gains would be
limited by a risk of another central bank action.
    Investors will now eye the outcome of the central bank's
monthly monetary meeting on Feb 28, but the market is split
whether the bank decides to trim interest rates. Some predict as
much as 100 basis points in policy easing on Monday.
    The NBS last cut the key two-week repo rate in November,
reducing it by 50 basis points to 4.0 percent to stem rapid rise
of the crown.
--------------- MARKET SNAPSHOT AT 1725 GMT --------------------
Crown/euro  at 37.866/916 vs 38.950/990 on Tuesday
Crown/dollar  at 28.676/711 vs 28.671/721
5-yr yield  at 3.071/2.871 pct vs 3.062/2.813 pct
10-yr yield  at 3.626/426 pct vs 3.607/452 pct
----------------------------------------------------------------."
UPDATE 1- Slovak  cbank  intervenes  again to rein in crown.   ,2005-02-23,"BRATISLAVA, Feb 23 (Reuters) - The Slovak central bank resumed its long battle against a sharp rise of the crown on Wednesday, intervening on the foreign exchange market after the currency hit a record high of 37.870 per euro. The crown started surging after the local market close on Tuesday, breaking beyond the psychological level of 38.0 per euro, which has been long defended by the central bank.   

The National Bank of Slovakia (NBS) has used a mix of direct market interventions and repo tenders to halt the unit's rise in recent weeks. Its action on Wednesday was the second direct intervention this week and eighth such move this year. ""I can confirm we are intervening. The reasons remain the same as with the previous interventions,"" central bank spokesman Igor Barat told Reuters.   

Dealers estimated the NBS bought roughly 200 million euros in Wednesday's intervention, less then estimated 300 million euros on Monday. The NBS has been trying to fight off inflows of speculative capital for more than a year to counter what it sees as unwarranted exchange rate moves, using its entire arsenal.   

The NBS has been criticised by analysts and international institutions such as the International Monetary Fund for managing the exchange rate too tightly, but the bank said too strong a currency could harm the economy and endanger adoption of the euro.   

The crown eased to 37.966 to the euro following the NBS action. But it recovered quickly to trade at 37.890/930 per euro at 0815 GMT.   

Analysts said the NBS strategy would curb firming pressure on the crown only temporarily, saying the currency had potential to rise further in the longer-term due to an improving performance of the new EU member's economy.   

""We believe that the Slovak central bank will lose the battle against the fundamentals in the long run,"" said Danske Bank analyst Christian Vincens. ""The fundamentals and the structural nature of the Slovak economy is too solid to have the crown trading at these levels.""   

The central bank has said it did not oppose a gradual firming of the crown, but said the exchange rate movements were often inappropriate compared with real improvements to the country's economic trends.   

The market expected the central bank to cut interest rates formally by 75-150 basis points this month to bring the key two week repo rate in line with interbank deposit rates, which fell sharply in the past weeks due to the NBS's repo tender tactics.   

The central bank rejected all bids in its last four repo auctions to reduce the crown's attractiveness to short-term capital.   

The NBS slashed borrowing costs by 200 basis points last year, bringing the two-week repo rate to 4.0 percent, but later turned to interventions after the rate cuts failed to weaken the crown."
Slovak  cbank confirms  intervenes  to rein in crown.   ,2005-02-23,"BRATISLAVA, Feb 23 (Reuters) - The Slovak central bank (NBS) confirmed on Wednesday it was intervening on the foreign exchange market to weaken the crown, after the currency hit an all-time high of 37.870 per euro earlier in the session.   

""I can confirm we are intervening. The reasons remain the same as with the previous interventions,"" central bank spokesman Igor Barat told Reuters."
Slovak  cbank  intervenes  on market to weaken crown-dealers.   ,2005-02-23,"BRATISLAVA, Feb 23 (Reuters) - The Slovak central bank intervened on the foreign exchange market on Wednesday to weaken the surging crown currency, dealers said.   

It is the fifth central bank direct intervention in the past three weeks as the monetary body keeps battling what it calls an unjustifiably quick rise of the crown.   

Traders said the central bank had entered the market after the unit surged to an all-time high of 37.870 per euro earlier on Wednesday."
Slovakia - Factors To Watch on Feb 22.  ,2005-02-22,"BRATISLAVA, Feb 22 (Reuters) - Here are news stories, press reports and events to watch which may affect Slovak financial markets on Tuesday.  

C.BANK BOARD MEETS TO DECIDE ON REPO RESULT  

The central bank's policy-making Bank Board will hold its weekly meeting to decide on the result of the regular two-week repo tender. The bank rejected all bids in the previous three auctions to stem firming pressure on the crown currency.  

C.BANK KEEPS FIGHTING CROWN WITH FX INTERVENTIONS

The Slovak central bank continued to combat the rapid rise of the crown on Monday by intervening on the foreign exchange market to prevent the currency from crossing the psychological 38.0 per euro level.  

GOVT BONDS DRAW HIGH DEMAND IN LIQUIDITY SURPLUS  

Slovakia's sale of 10-year, 4.90 percent treasury bonds drew high demand on Monday as banks were flooded with excess funds and foreign investors kept betting on further firming of the crown. The state's debt and liquidity agency said it had sold 2.810 billion crowns ($96.4 million) worth of the paper in a tap auction. Bids totalled 11.985 billion crowns, down from a record 19.9 billion in the sale of five-year bonds earlier this month.  

United States and other Group of Seven countries, see . For a diary of forthcoming Slovak events, double click  

, and a calendar of east European economic indicators, see.  

News editor of the day: Peter Laca on +421 2 5341 8402; fax: +421 2 5341 8403  

E-mail: bratislava.newsroom@reuters.com  

Reuters Messaging: peter.laca.reuters.com@reuters.net   


For real-time index quotes, double click in brackets: Warsaw WIG20
Budapest BUX        Prague PX50         Other related news:
 
  Slovak equities              E.Europe equities
  Slovak money                 Czech debt
  Slovak Indicators            Emerging forex
  Eastern European             All emerging markets
  Hot stocks                   Stock markets
  Market debt news             Forex news
  TOP NEWS -- Emerging markets
  TOP NEWS -- Convergence watch."
UPDATE 1-Emerging  FX -Forint dips further after rate cut.  ,2005-02-21,"LONDON, Feb 21 (Reuters) - The Hungarian forint added to earlier losses on Monday after the central bank cut interest rates by a larger than expected 75 basis points while the Slovak central bank intervened to weaken the crown.  

Hungary's Monetary Council said a favourable inflation outlook had allowed them to lower key rates to 8.25 percent, but added it would toe a cautious line going forward given the country's sizeable current account and budget deficits.  

The forint fell as low as 243.85 after the decision, but by 1454 GMT had recovered somewhat to trade around 243.40 per euro .  

Most analysts had expected the bank to cut by 50 basis points, but said surprisingly benign January inflation data and last week's forint strength had probably tipped the scales in favour of a bigger move.  

Some said the central bank may be disappointed if it hoped that in moving more aggressively it would help take some of the steam out of the forint's rally - it struck near two-year highs against the euro last week.  

""You can read it in two ways. A big easing now may persuade people to reduce long positions, on other hand you could take it as very bullish for bonds,"" said Zsolt Papp, emerging markets analyst at ABN AMRO.  

""The market might be inclined to go for the second reading.""  

Foreign inflows into the bond market have driven the forint higher in recent weeks as investors bet on an accelerating pace of rate cuts boosting prices.  

Four new Monetary Council members, hand-picked by Prime Minister Ferenc Gyurcsany, are expected to give the rate-setting body a more dovish bias in future meetings.  

The forint is not far off the strong limit of its trading bands against the euro, which comes in around 240, though Governor Zsigmond Jarai said on Monday he was not concerned.  

The market was awash with rumours last week of sizeable positions being taken in the options market betting that the limit would be breached.  

SLOVAK CROWN DOWN AFTER INTERVENTION

The Slovak central bank confirmed it had intervened to weaken the crown on Monday, after the currency had earlier risen to a fresh record high of 37.95 per euro , in its fourth market intervention in the past two weeks.  

""We are intervening because we are still not satisfied with the pace of the crown firming,"" central bank spokesman Igor Barat told Reuters.  

Analysts said with foreign investment inflows continuing to pour into the country, the best the bank could hope for was to hold the crown steady.  

""Including today, they've probably now intervened to the tune of over $1 bln in recent weeks, and only succeeded in keeping the crown flat,"" said Koon Chow, emerging markets strategist at CSFB.  

The Slovak crown traded a shade down at 38.03 per euro.  

It was a less bullish picture for the neighbouring Czech crown, which retreated from 2 1/2 year highs against the euro as the pressure was cranked up on Prime Minister Stanislav Gross to resign. Gross vowed to fight on after a weekend meeting with President Vaclav Klaus following calls for him to quit from junior coalition partners, the Christian Democrats, over questions about the funding of his flat and his wife's business.  

The crown eased off its highs, but losses were fairly limited. It was down 0.2 percent to the euro at 29.91 .  

If the Christian Democrats leave the coalition, the government would lose its one-vote parliamentary majority, though analysts said they would probably not want to trigger early elections.  

Shares in the country's leading phone company Cesky Telecom (SPTTsp.PR) dipped on concerns the political spat was a threat to the firm's upcoming $3 billion privatisation.  

The crown's strong gains so far this year have, in part, been built on expectations of strong foreign inflows arising from the Cesky sale."
UPDATE 1- Slovak  cbank  intervenes  again to soften crown.   ,2005-02-21,"BRATISLAVA, Feb 21 (Reuters) - The Slovak central bank continued to combat the rapid rise of the crown on Monday by intervening on the foreign exchange market to prevent the currency from crossing the psychological 38.0 per euro level.   

The direct intervention was the fourth such a move in the past two weeks and started shortly after the crown hit a record high of 37.950 per euro, dealers said.   

""We are intervening, because we are still not satisfied with the pace of the crown firming,"" central bank spokesman Igor Barat told Reuters. The National Bank of Slovakia (NBS) has been crossing swords with speculators for more than a year to correct what it calls excessive exchange rate swings, saying such movements were damaging for the economy.   

The monetary body has been criticsed by analysts and international institutions such as International Monetary Fund for managing the exchange rate too tightly on its way to achieve inflation criteria needed to adopt the euro.   

But the bank has said that it had to fight too strong a firming pressure on the currency to prevent a potential sharp correction in the future.   

Barat said the NBS was ready to use all instruments to prevent exchange rate moves, which were unjustified by economic fundamentals.   

The Slovak unit retreated as far as 38.095 to the euro following the NBS intervention. It traded at 38.033/083 per euro at 1215 GMT.   

The central bank has also used liquidity-draining repo tenders in recent weeks to push interbank deposit rates down and thus eliminate firming pressure on the currency.   

""The central bank is evidently defending the 38.0 per euro level and probably will not change its strategy until the new inflation figures are released,"" one dealer said.   

But traders said the NBS tactics would have only temporary impact on the crown, adding investors' would keep pushing the unit stronger in the coming days amid positive sentiment on the neighbouring markets.   

The crown has firmed 1.8 percent against the euro this year, helped by Slovakia's improving economic performance and expectations of strong investment inflows from abroad.   

Dealers estimated the NBS bought roughly 200 million euros in Monday's intervention. The market expected the central bank to cut interest rates again this month or in March to keep the crown in check.   

The NBS trimmed borrowing costs by 200 basis points last year, bringing the key two-week repo rate to 4.0 percent, but later switched to interventions after the rate reductions failed to temper the market's bullish mood."
Slovak  cbank says  intervenes  to weaken crown.   ,2005-02-21,"BRATISLAVA, Feb 21 (Reuters) - The Slovak central bank (NBS) said on Monday it was intervening on the foreign exchange market to soften the crown, after the currency hit an all-time high of 37.950 per euro earlier in the session.   

""We are intervening, because we are still not satisfied with the pace of the crown firming,"" central bank spokesman Igor Barat told Reuters.   

He added the central bank was ready to use all instruments to prevent exchange rate moves, which were unjustified by economic fundamentals."
Slovakia - Factors To Watch on Feb 18.  ,2005-02-18,"BRATISLAVA, Feb 18 (Reuters) - Here are news stories, press reports and events to watch which may affect Slovak financial markets on Friday.  

C.BANK TO RELEASE FX RESERVES DATA  

The central bank will release its weekly foreign currency reserves data.  

C.BANK INTERVENES AGAIN TO REIN IN CROWN  

The Slovak central bank sold crowns for euros directly on the market on Thursday in the latest stage of its long fight against fast currency appreciation.  

The direct intervention was the third such action in the past two weeks which began when the crown rose close to all-time highs of 38.000 per euro, dealers said.  

IMF SAYS C.BANK SHOULD RELAX MORE ON CROWN RISE  

The Slovak central bank should ease its opposition to crown appreciation in order to achieve its main inflation targets, the International Monetary Fund said in a report on Thursday.  

GOVT EYES TENDERS TO SELL STAKES IN SSE AND VSE  

Slovakia might offer minority stakes in two electricity distributors SSE and VSE in international tenders, instead of selling the shares to current strategic investors from France and Germany, the economy minister said on Thursday.  

GOVT SIGNS CONTRACT WITH ENEL ON SE SALE  

The government signed transaction documents with Italy's utility Enel (ENEI.MI) on the sale of Slovakia's dominant power producer Slovenske Elektrarne (SE).  

United States and other Group of Seven countries, see . For a diary of forthcoming Slovak events, double click  

, and a calendar of east European economic indicators, see.  

News editor of the day: Peter Laca on +421 2 5341 8402; fax: +421 2 5341 8403  

E-mail: bratislava.newsroom@reuters.com  

Reuters Messaging: peter.laca.reuters.com@reuters.net   


For real-time index quotes, double click in brackets: Warsaw WIG20
Budapest BUX        Prague PX50         Other related news:
 
  Slovak equities              E.Europe equities
  Slovak money                 Czech debt
  Slovak Indicators            Emerging forex
  Eastern European             All emerging markets
  Hot stocks                   Stock markets
  Market debt news             Forex news
  TOP NEWS -- Emerging markets
  TOP NEWS -- Convergence watch."
UPDATE 1- Slovak  cbank  intervenes  again to rein in crown.   ,2005-02-17,"BRATISLAVA, Feb 17 (Reuters) - The Slovak central bank sold crowns for euros directly on the market on Thursday in the latest stage of its long fight against fast currency appreciation.   

The direct intervention was the third such action in the past two weeks which began when the crown rose close to all-time highs of 38.000 per euro, dealers said.   

""The reason for the intervention is ongoing dissatisfaction with the exchange rate firming,"" central bank spokesman Igor Barat told Reuters.   

The National Bank of Slovakia (NBS) has been trying to prevent what it calls unjustified crown appreciation for months, saying its pace is harmful for the economy and could endanger fulfillment of the euro adoption criteria.   

He added the central bank was ready to use all its tools to halt unfavourable exchange rate developments.   

The Slovak unit shed roughly 0.3 percent to the euro following the NBS action, retreating as far as 38.135 per euro. It traded at 38.098/148 per euro at 1250 GMT.   

The monetary body has intervened on the market twice in the last week to prevent the crown from firming beyond the psychological mark of 38.0 per euro. It has also used liquidity management operations to make the unit less attractive for speculators.   

The crown has firmed 1.8 percent against the euro this year, boosted by Slovakia's improving economic performance, expectations of strong investment inflows from abroad and recent rating upgrades.   

Traders said the NBS move would weaken the unit only temporarily, adding they still expected it to advance to stronger levels in the longer-run.   

""The trend is still in favour of the crown firming. The central bank's actions seem to me to be a fight with windmills,"" one dealer said.   

However, market watchers said the central bank was likely to keep defending the key 38.0 per euro level in the near future, adding that an interest rate cut of at least 50 basis points was in the cards this month.   

Dealers estimated the NBS bought around 200 million euros in Thursday's intervention."
Slovak  cbank says  intervenes  to halt crown rise.   ,2005-02-17,"BRATISLAVA, Feb 17 (Reuters) - The Slovak central bank (NBS) said on Thursday it was intervening on the foreign exchange market to prevent unwanted crown firming.   

""The reason for the intervention is ongoing dissatisfaction with the exchange rate firming,"" central bank spokesman Igor Barat told Reuters.   

He added that the central bank was ready to use all of its tools to halt unfavourable exchange rate developments.   

Traders said the central bank had entered the market after the crown approached its recent record high of 38.0 per euro."
Slovakia - Factors To Watch on Feb 11.  ,2005-02-11,"BRATISLAVA, Feb 11 (Reuters) - Here are news stories, press reports and events to watch which may affect Slovak financial markets on Friday.  

STATS OFFICE TO RELEASE DEC FOREIGN TRADE DATA  

The statistics office will release December foreign trade data.  

C.BANK TO RELEASE WEEKLY FOREX RESERVES DATA  

The central bank will release its weekly foreign currency reserves data.  

C.BANK INTERVENES TO FIGHT CROWN STRENGTH  

The Slovak central bank (NBS) resumed its lengthy battle against the steep climb of the crown, intervening on the market to soften the currency after it matched recent all-time highs versus the euro.  

SLOVAK JAN CPI SLOWS, SPARKS TALKS OF RATE CUT  

Slovak headline inflation slowed down for a sixth month running in January, and analysts said the favourable trend could open the door for the central bank to loosen monetary policy.  

Headline inflation was 1.7 percent month-on-month in January, putting the annual rate at 3.2 percent.  

ORANGE SLOVAKIA SALES UP 18 PCT Y/Y IN 2004  

Slovakia's largest cell phone operator Orange (OGE.L) (FTE.PA) said on Thursday its sales rose by 18 percent to 19.2 billion crowns ($644.5 million) in 2004, fuelled by continued inflow of new customers.  

SLOVAK PM SAYS U.S.-RUSSIA SUMMIT TO CROWN REFORMS  

Slovak Prime Minister Mikulas Dzurinda said on Thursday a summit between U.S. and Russian leaders in Slovakia this month would crown transformation of a one-time European pariah into a mainstream Western country.  

SLOVAKIA EXPECTS FDI INFLOWS TO CONTINUE IN FUTURE  

The Slovak government investment agency SARIO said inflows of foreign direct investments (FDI) were likely to keep growing in the next three to four years due to Slovakia's attractive business environment.  

Hospodarske Noviny page 5  

SKYEUROPE TO SPEND UP TO 30 MLN EUROS IN 2005  

Slovakia's low-cost airline SkyEurope plans to spend 10-30 million euros this year, mainly to expand its network, strengthen its balance sheet and for leasing deposits for new airplanes. The upstart carrier aims to invest further 50-70 million to its fleet expansion and cost-cutting measures in the future.  

Hospodarske Noviny page 13  

United States and other Group of Seven countries, see . For a diary of forthcoming Slovak events, double click  

, and a calendar of east European economic indicators, see.  

News editor of the day: Peter Laca on +421 2 5341 8402; fax: +421 2 5341 8403  

E-mail: bratislava.newsroom@reuters.com  

Reuters Messaging: peter.laca.reuters.com@reuters.net   


For real-time index quotes, double click in brackets: Warsaw WIG20
Budapest BUX        Prague PX50         Other related news:
 
  Slovak equities              E.Europe equities
  Slovak money                 Czech debt
  Slovak Indicators            Emerging forex
  Eastern European             All emerging markets
  Hot stocks                   Stock markets
  Market debt news             Forex news
  TOP NEWS -- Emerging markets
  TOP NEWS -- Convergence watch."
UPDATE 2- Slovak  c.bank  intervenes  to curb crown strength.   ,2005-02-10,"BRATISLAVA, Feb 10 (Reuters) - The Slovak central bank (NBS) resumed its battle against the strengthening crown on Thursday, intervening on the market for the second time this week after the currency matched recent all-time highs versus the euro.   

The NBS has been trying to slow what it sees as unjustified crown appreciation for more than a year, saying it could damage the economy and endanger euro adoption later this decade.   

Dealers said the bank intervened to weaken the crown twice on Thursday, first using covert deals with London-based banks when the unit touched a record high of 38.000 per euro.   

It stepped into the market again when the currency rebounded to 38.030 per euro from 38.100.   

""I can confirm we have intervened. Today's intervention was motivated by the NBS's ongoing dissatisfaction with the currency developments which are harmful to the economy,"" central bank spokesman Igor Barat told Reuters.   

He said the bank would keep watching the crown moves and was ready to use all available tools to correct unwarranted exchange rate swings in the future, echoing the NBS's recent comments.   

The Slovak unit retreated back towards the 38.100 per euro level following the second round of the NBS action. It traded at 38.048/098 per euro at 1525 GMT.   

The bank has intervened on the market four times this year to keep the crown in check. It has also left the money market in a huge liquidity surplus in the past week to deter inflows of short-term capital.   

The crown, which is up 1.7 percent against the euro this year, has been rising rapidly over recent months boosted by Slovakia's improving economic performance, expectations of foreign direct investment and debt rating upgrades.   

The NBS has said it is not against gradual crown firming based on improving productivity, but has warned the market that it would carry on its crusade against the unit's rally if it is not in line with economic trends.   

The NBS board used hefty rate cuts last year to make the crown less attractive for speculators, but has indicated recently that it would stick to other tools as the unit's rise seemed to be no longer driven by interest differentials.   

However, analysts said that positive January inflation figures, released earlier on Thursday, created room for the bank to bring the key two-week repo rate, which stands at 4.0 percent, down further to ease firming pressure on the crown.   

The NBS trimmed credit costs by 200 basis points last year despite analysts' warnings that such a policy loosening might trigger demand-led inflationary pressures in the future.   

Traders said the bank's latest action would soften the crown only temporarily as weaker levels usually trigger more crown buying, adding players would keep testing its determination to defend the psychological 38.0 per euro level in the coming days.   

""They (the NBS) will not reverse the firming trend... they can only slow it down temporarily,"" said ING Bank dealer Jan Rafaj. The NBS was estimated to have bought foreign currencies worth roughly 200 million euros in Thursday's interventions, compared with around 400 million on Monday."
Slovak  cbank says  intervened  to rein in crown.   ,2005-02-10,"BRATISLAVA, Feb 10 (Reuters) - The Slovak central bank (NBS) said on Thursday it had intervened on the foreign exchange market to weaken the crown, after the currency matched its recent all-time high of 38.0 per euro earlier in the session.   

""I can confirm we have intervened. Today's intervention was motivated by the NBS's ongoing dissatisfaction with the currency developments, which are harmful to the economy,"" central bank spokesman Igor Barat told Reuters.   

He added the bank was ready to use all available tools to correct unwarranted exchange rate moves in the future."
UPDATE 2-Slovak cbank keeps using repo to slow crown rise.   ,2005-02-08,"BRATISLAVA, Feb 8 (Reuters) - The Slovak central bank rejected all bids in a closely-watched repo tender on Tuesday for the second time in as many weeks, leaving a large liquidity surplus in the market in order to halt firming of the crown. The National Bank of Slovakia (NBS) has been trying to slow crown strengthening for more than a year, combining direct market interventions, rate cuts and liquidity tools.   

It has repeatedly said that apart from protecting the economy from too sharp a rise in the currency, its foreign exchange policy is also designed to ensure smooth fulfilment of inflation and currency stability criteria for adopting the euro.   

The crown has gained 1.9 percent against the euro so far this year, with the NBS saying the jump was caused mainly by inflows of hot money and expectations of future crown gains.   

""A large part of the short-term capital is being placed in the central bank's (liquidity-draining) repo tenders,"" NBS' policy-making Bank Board said in a statement.   

""The Bank Board considers the current crown appreciation as unjustified... and it remains determined to use available tools in case of further unjustified exchange rate appreciation.""   

Bids in the two-week repo tender, which is the central bank's main monetary policy instrument, totalled 253.013 billion crowns ($8.5 billion) on Tuesday, more than twice as much as 116.107 billion crowns in last week's tender.   

Traders said the repo strategy could discourage speculators that were playing on higher short-term interest rates.   

But the majority of dealers predicted only a limited impact on the crown. They said most foreign players were buying the unit in expectations of future firming, fuelled by Slovakia's strong GDP growth and foreign direct investment projects.   

""We have seen a lot of London-based banks selling euros. They want to push the crown beyond 38.0 (per euro) expecting the central bank to come in,"" said Tatra Banka dealer Roman Farkas. ""It seems to me that they want to push the central bank to cut interest rates, where they have much bigger profit than on the spot.""   

The central bank sold crowns on the market on Monday when the crown threatened to firm through the psychological level of 38.0 to the euro. It was the second direct intervention in less than a week and the third such move this year.   

The repo tender failed to weaken the crown, which traded at 38.035/050 to the euro as of 1215 GMT, slightly stronger from post-intervention opening level of 38.065/085. ($1=29.64 Slovak crowns) (Additional reporting by Martin Dokoupil)."
"Slovak  crown flat after  intervention , mkt eyes repo.  ",2005-02-08,"
    BRATISLAVA, Feb 8 (Reuters) - The Slovak crown           was
steady on Tuesday after Monday's central bank intervention
halted its rise, with dealers awaiting the result of a repo
tender.
    The National Bank of Slovakia (NBS) intervened on Monday for
the second time in less than a week and the third time this
year, saying the crown's rise was too fast and harmful for the
economy.
    The NBS stepped into the market when the unit threatened to
break 38.000 per euro on Monday, and traders said that level
could now stand as a psychological resistance for short-term
players in the near term.
    However, most traders said they expected new attempts to
break the 38.0 level in the coming days as foreign investors
remained bullish on the Slovak currency and the central European
region in general.
 
    ""I see it going slowly down (the crown firming). The trend
has not changed,"" said ING Bank trader Jan Rafaj.
    The next market moving impulse could come from a regular
  

central bank repo tender on Tuesday. The bank rejected all bids  

in the two-week repo last week, leaving the market in a large  

liquidity surplus in an attempt to discourage speculators.  

But the repo decision failed to weaken the crown as most of  

foreign funds are not attracted by short-term interest rates but  

by the prospect of future crown gains.  

- MARKET SNAPSHOT AT 1600 GMT -  

Crown/euro at 38.065/085 vs 38.070/090 on Monday  

Crown/dollar at 29.777/827 vs 29.660/695  

5-yr yield at 3.200/2.900 pct vs 3.141/2.941 pct  

10-yr yield at 3.799/599 pct vs 3.796/638 pct  

-."
"Slovak  crown drops on  intervention , seen up again.  ",2005-02-07,"
    BRATISLAVA, Feb 7 (Reuters) - The Slovak crown
weakened on Monday after the central bank intervened directly in
the market to halt the unit's rise, but dealers said they
expected more upward pressure in the near future.
    The National Bank of Slovakia (NBS) sold crowns for the
second time in less than a week and for the third time this
year, stepping into the market when the unit approached its
all-time high of 38.000 to the euro.
    The intervention pulled the Slovak currency as low as 38.150
per euro, but local exporters and foreign players quickly jumped
on the cheaper crown and pushed it back to stronger levels.
    ""Nothing has changed. The barrier on the upper (weak) side
is 38.200, and the NBS is the only thing holding the crown back
on the other side,"" said HVB Bank dealer Marian Sulko.
  


    The NBS has been slowing crown appreciation for more than a
year with intervention, rate cuts and liquidity tools, saying
that fast appreciation would hurt the economy and could threaten
the plan to meet euro adoption criteria in 2007.
    Dealers said they expected the central bank to keep
preventing the crown from firming through the psychological
level of 38.000 per euro for some time, but they predicted new
attacks on the mark in the coming days.
 
    ""I think it is now only a question of time when the crown
moves beyond 38.0,"" Sulko said.
    Prospects of future crown gains and a central bank attempt
  

to rein in the currency by flooding the market with liquidity  

have attracted strong demand in an auction of five-year state  

bonds on Monday and cut the state's refinancing costs.  

Investors will watch the result of the central bank's  

regular two-week repo tender on Tuesday, after the NBS rejected  

all bids in last week's repo and left the market with a large  

liquidity surplus.  

- MARKET SNAPSHOT AT 1600 GMT -  

Crown/euro at 38.070/090 vs 38.020/040 on Friday  

Crown/dollar at 29.660/695 vs 29.330/350  

5-yr yield at 3.141/2.941 pct vs 3.212/2.964 pct  

10-yr yield at 3.796/638 pct vs 3.790/610 pct  

-."
"Emerging  FX -Zloty uneasy after Hausner quits, Slovaks  intervene .  ",2005-02-07,"LONDON, Feb 7 (Reuters) - The Polish zloty tripped up from two year highs against the euro on Monday after Economy Minister Jerzy Hausner quit the ruling party.  

The Slovak crown's rally also paused following the central bank's third intervention against it this year, while the South African rand and Turkish lira awaited key interest rate decisions later in the week.  

The zloty extended its recent upward charge early on, setting new peaks around 3.9520 before Hausner's departure triggered a bout of profit taking.  

Analysts said Hausner's decision to leave the leftist Democratic Left Alliance, after the party tamed his plans to control public spending, could knock the firming zloty in the short-term if he forms another party to contest the elections.  

""If a new party did form in the coming months and that did have some participation from present government members that could disturb the zloty,"" HVB analyst Martin Blum said.  

By 1125 GMT, the zloty was down 0.16 percent at 3.97, but still close to 25-month highs .  

Government officials said Hausner should resign from the cabinet and he has said he may work with a new movement potentially involving Prime Minister Marek Belka.  

Polls predict the ruling party could lose elections this year.  

However, a new reform-based centrist party could ease external concerns about the influence of extreme political parties ahead of this year's elections and boost the zloty.  

""It could reduce the level of support for some of the more activist parties which would reduce election risks,"" Blum said.  

SLOVAKS INTERVENE AGAIN  

Market watchers said the Slovak central bank's intervention, pulling the crown back from the 38.00 per euro barrier, would not have much long-term impact because of continued strong investment flows.  

The central bank has attempted to stem the crown's rise out of fear that a strong currency will hurt exports. The bank last intervened on Thursday.  

""The response of the Slovak crown to this intervention has been very shallow,"" Credit Suisse First Boston strategist Koon Chow said. ""We have a constructive medium term view on the crown.""  

The crown was down 0.17 percent to 38.06 per euro , off of all-time highs set last week.  

However, Chow said investors looking for positive economic data similar to that in the Czech Republic last week could be caught out.  

""My one nagging concern is that investors may have a very positive expectation of trade data out this Friday and there could be scope for disappointment,"" he said.  

Elsewhere, the Czech crown continued to rise, equalling Friday's 2-1/2 year highs at 29.90 per euro .  

Analysts said the South African rand's slide against the dollar bucked the trend among other commodity producers.  

""People are increasingly concerned about the rand which may increase ahead of the Monetary Policy Council meeting this week,"" Chow said.  

Opinion is divided on the direction of Thursday's policy meeting. Some analysts expect rates to stay at 7.5 percent but others have not ruled out a cut.  

The rand was down a touch against the dollar at 6.14 .  

The Turkish central bank will also decide the direction of monetary policy this week, with some analysts expecting another 100 basis point cut from the meeting slated for Tuesday and Wednesday.  

The overnight borrowing rate is currently 17 percent and the overnight lending rate is 21 percent. The lira held firm at 1.3145 per dollar in interbank trade ."
UPDATE 1- Slovak  cbank  intervenes  as crown nears record highs.   ,2005-02-07,"BRATISLAVA, Feb 7 (Reuters) - Slovakia's central bank intervened in the foreign exchange market to check the crown as it approached all-time highs on Monday, the latest move in a long battle to curb the rising currency.   

Traders said the National Bank of Slovakia (NBS) stepped into the market when the crown traded at 38.020 against the euro, near record highs of 38.000.   

""We consider the pace of crown appreciation to be too fast and harmful for the economy,"" NBS spokesman Igor Barat said.   

Barat gave no details about the crown sales, which were the second direct action on the market in less than a week and the third intervention this year.   

He declined to comment whether the NBS did not want to see the crown firming through 38.000 per euro, but dealers said they expected the central bank to keep protecting the psychological level in the near future.   

The intervention pushed the crown as low as 38.140 per euro, but it quickly rebounded to 38.050/100.   

The crown has repeatedly hit new record highs in the past few weeks and it is up 1.8 percent versus the euro since the beginning of the year.   

The NBS has said it was slowing crown appreciation to avoid hurting the economy as well as to smooth the path to meeting inflation and currency stability criteria for adopting the euro.   

Traders said the NBS was selling crowns in several rounds on Monday. But they added there was strong interest in buying the Slovak unit at around 38.100 per euro, which prevented the intervention from having a more significant impact.   

""I don't see a longer-term impact... We will be under 38.000, it's just a matter of time,"" one dealer from a foreign bank said."
Slovak  cbank says  intervened  to stop crown rise.   ,2005-02-07,"BRATISLAVA, Feb 7 (Reuters) - The Slovak central bank said it intervened on the foreign exchange market on Monday to stop a rise in the crown.   

""We consider the pace of crown appreciation as too fast and harmful for the economy,"" National Bank of Slovakia spokesman Igor Barat said.   

Barat gave no further details about the crown sales, which were the second direct action on the market in less than a week and the third intervention this year."
Slovak  cbank  intervenes  to weaken crown-dealers.   ,2005-02-07,"BRATISLAVA, Feb 7 (Reuters) - The Slovak central bank intervened on the foreign exchange market on Monday in attempt to stop the rise the crown, dealers said.   

Dealers said the National Bank of Slovakia (NBS) stepped into the market when the unit traded at 38.020 per euro, near all-time highs of 38.000."
Slovak  crown seen testing  intervention  level.  ,2005-02-04,"
    BRATISLAVA, Feb 4 (Reuters) - The Slovak crown was steady
near its all-time highs early on Friday, but dealers said the
market looked set to push the currency to stronger levels again
and provoke a new round of central bank interventions.
    The National Bank of Slovakia (NBS) sold crowns directly on
the market on Thursday for the second time this year, starting
the intervention when the unit reached the psychological level
of 38.000 per euro.
 
    The crown firmed alongside other currencies in central
Europe as London players boosted their exposure in the region.
    ""It's only a matter of time when we move through 38.0 (per
euro),"" said Tatra Banka trader Boris Somorovsky.
    ""I would expect NBS to act again when the crown goes to
38.0, but the interventions should not push the crown higher
(weaker) than around 38.200,"" he added.
    The NBS has been trying to slow crown appreciation for more
than a year, saying the unit's sharp rise was harmful for the
economy.
  


    The crown has jumped by 1.8 percent since the start of the
year as investors expect future strengthening on the back of
solid economic growth and inflows of foreign direct investments.
    Traders said interest in crown purchases among foreign banks
was likely to last in the coming days, adding the central bank
will have to intervene regularly to slow the unit's rise.
--------------- MARKET SNAPSHOT AT 0830 GMT --------------------
  


Crown/euro  at 38.045/055 vs 38.015/030 on Thursday
  


Crown/dollar  at 29.300/340 vs 29.320/350
  


5-yr yield  at 3.091/2.911 pct vs 3.090/2.910 pct
  


10-yr yield  at 3.820/640 pct vs 3.833/633 pct
  


-."
Slovak  crown near highs despite cbank  intervention .  ,2005-02-03,"
 
    BRATISLAVA, Feb 3 (Reuters) - The Slovak crown closed near
all-time highs on Thursday despite direct intervention by the
central bank designed to halt the unit's rise, dealers said.
    After repeated verbal interventions, the central bank

stepped into the market and sold crowns when the unit reached  

the psychological level of 38.000 per euro, its strongest rate  

ever versus the single European currency.  

The National Bank of Slovakia (NBS) repeated its view that  

the recent crown firming - a 1.8 percent jump since the start of  

the year - was not justified by economic fundamentals and was  

harmful for the economy.  

The intervention, in which traders estimated the NBS to have  

bought 100-150 million euros, briefly pushed the crown to around  

38.200 per euro.   


 
    But many traders used the opportunity to buy cheaper crowns
and the unit resumed firming again in afternoon activity.
    ""The (central bank) showed that it does not want to see the
crown below 38.000, so it could hold as a barrier for some
time,"" said VUB Bank trader Laco Benedek.
    The central bank has been trying to slow crown appreciation
for over a year, using direct and secret interventions, rate
cuts and liquidity management tools.
    Dealers said interventions seemed to be the most effective
tool to manage crown appreciation, and they said the NBS would
have to step into the market regularly to slow the unit's rise.
    ""I expect that mainly London players will continue trying to
push the crown through 38.0 again,"" Benedek said.
--------------- MARKET SNAPSHOT AT 1600 GMT --------------------
  

Crown/euro at 38.015/030 vs 38.044/094 on Wednesday  

Crown/dollar at 29.320/350 vs 29.240/280  

5-yr yield at 3.090/2.910 pct vs 3.259/057 pct  

10-yr yield at 3.833/633 pct vs 3.884/684 pct  

-."
UPDATE 1- Slovak  cbank  intervenes  as crown rises to 38/euro.   ,2005-02-03,"BRATISLAVA, Feb 3 (Reuters) - The Slovak central bank intervened directly on the foreign exchange market for the second time this year on Thursday to halt a sharp rise in the crown .   

""The crown's firming pace is not in line with the development of economic fundamentals and is harmful for the economy,"" National Bank of Slovakia spokesman Igor Barat told Reuters.   

""We will keep using our tools if this harmful development continues.""   

Traders said the central bank stepped into the market when the crown touched the psychological level of 38.000 to the euro, notching a 1.8 percent gain since the start of the year.   

They estimated that the NBS might have bought 100-150 million euros in the first round of intervention.   

The crown has repeatedly hit new record highs since the beginning of 2005 and the central bank has been trying to slow the firming pace with direct intervention and by managing liquidity.   

The NBS has said that apart from the negative impact on the economy, too fast a rise in the currency could bring a shock correction and thus threaten fulfilment of inflation and currency stability criteria for euro adoption.   

The crown weakened after Thursday's intervention, briefly touching 38.200 per euro, but traders, mainly foreign banks, used the move to buy cheaper crowns again.   

""The market seems to be calming down at the moment. I would expect the central bank to do the same (intervene) if the crown moves to 38.0 again in the afternoon,"" said Slovenska Sporitelna dealer Vladimir Gajdos."
Slovak cbank to keep fighting harmful crown rise.   ,2005-02-03,"BRATISLAVA, Feb 3 (Reuters) - The Slovak central bank said it intervened directly on the foreign exchange market for the second time this year on Thursday to halt a sharp rise in the crown .   

Central bank spokesman Igor Barat told Reuters the bank would continue correcting what it sees as a harmful pace of currency appreciation."
Slovak cbank sells crowns on  FX  market - dealers.   ,2005-02-03,"BRATISLAVA, Feb 3 (Reuters) - The Slovak central bank intervened on the foreign exchange market on Thursday to weaken the crown, dealers said.   

It is the second central bank direct intervention this year as the monetary body keeps fighting firming pressure on the crown .   

Traders said the bank stepped into the market when the unit hit a record high of 38.0 per euro."
"Emerging  FX -Zloty leads C.Europe higher, hits 25-month highs.  ",2005-02-03,"LONDON, Feb 3 (Reuters) - Central European currencies hit new highs on Thursday, led by the Polish zloty which scaled 25-month peaks against the euro on talk of strong foreign demand.  

A fresh bout of zloty strength began on Wednesday after Economy Minister Jerzy Hausner signalled there was little he could do to stop it rising further.  

The Polish currency extended gains under the four-per-euro level on Thursday, with dealers reporting a combination of option-related and hedge fund buying.  

""There has been some interest from hedge funds. On one level people have been hedging options positions, while those who trade the zloty on a technical basis will have been brought in by a strong close last night,"" said one London analyst.  

One dealer said the market had knocked out key options-related levels between 4.05-4.00, triggering automatic euro sell orders.  

""With the dollar rangebound elsewhere, the big hedge funds are keen to put their money to work in high yield emerging market currencies, in particular the zloty, Brazilian real and Mexican peso,"" the analyst said.   


By 1007 GMT, the zloty traded at 3.9908 to the euro  from 4.0674 late
on Wednesday and at 3.0648 to the dollar        from 3.1095.
  

As widely expected, the U.S. Federal Reserve lifted key U.S. interest rates by 25 basis points to 2.5 percent, but kept to its line that monetary policy would be tightened at a measured pace.  

Analysts said the Fed move would do little to erode the attractiveness of high yield currencies, with the focus now shifting to Friday's U.S. jobs report for the latest clue on the rate outlook.  

Signs of a more dovish rate outlook in Poland were said to inspire strong demand at a domestic bond auction on Wednesday, further buoying the currency.  

""Demand at the bond auction was more locally driven, with the speculation the central bank is moving to more expansionary monetary policy stance providing support to the bond market,"" said Caio Natividade, emerging markets strategist at Deutsche Bank.  

Natividade added that yield erosion was unlikely to become a factor undermining the zloty anytime soon, with interest rates not seen coming down until the second half of the year.  

The Hungarian forint tracked zloty gains to hit its best levels against the euro in two months around 244 .  

CZECH, SLOVAK CROWNS BUOYANT  

The soaring run enjoyed by the Czech and Slovak crowns so far this year extended on Thursday, with the Czech currency setting its best levels since September 2002 under 30 per euro and the Slovak hitting record highs around 38 per euro.  

Strong foreign investment inflows, rather than high yields, have been the driving force behind the rallies in both currencies, though the threat of central bank action to guard against excessive strength is ever present in both.  

Slovak Finance Minister Ivan Miklos said on Wednesday the crown rise was dangerous for the economy, underlining the risk of further crown-selling intervention from the central bank.  

""Strong economic and fiscal fundamentals, coupled with highly positive market sentiment towards the region should sustain the appreciation pressure,"" said analysts at BNP Paribas in a research note.  

""We expect, however, the central bank to step in with direct intervention once euro/Slovak crown breaks below 38.0.""  

The Slovak crown was a touch firmer at 38.03 per euro , with the Czech crown at 29.99 ."
"Emerging  FX -Markets becalmed pre-Fed, Slovak crown nudges down.  ",2005-02-02,"LONDON, Feb 2 (Reuters) - Emerging market currencies were broadly calm on Wednesday awaiting the outcome of the U.S. Federal Reserve monetary policy meeting later on, though the Slovak crown dipped on wariness over potential intervention.  

A further 25 basis point hike from the Fed is seen as fully priced in, with focus likely to be on the accompanying statement for any sign of a shift in the measured pace of tightening stance.  

""Everyone is expecting a 25 basis point hike, it's the language that really matters and there's nothing to suggest a shift away from this measured pace,"" said Dwyfor Evans, emerging markets analyst at Bank of America.  

""If that's the case, it's unlikely to have any impact on the high yielders, they should be able to carry on plugging away strongly.""  

Euro/dollar nudged firmer ahead of the decision, expected at 1915 GMT, lending some support to the South African rand which tends to track the rate closely.  

By 1054 GMT, the rand was bid at 6.01 per dollar , off intra-day peaks around 5.9825.  

The Turkish lira edged up, continuing its strong run following the European Union's decision late last year to allow Turkey to begin entry negotiations in October.  

Underlining Turkey's increasing attractiveness, a consultant to Calpers, the biggest U.S. pension fund, said on Wednesday Turkey was now eligible to join the fund's list of emerging markets for investment.  

The lira traded at 1.3265 to the dollar on the interbank market , from 1.3275 at Tuesday's close.  

SLOVAK CROWN DIPS  

The Slovak crown eased off record highs against the euro with the market wary of the risk of central bank intervention to weaken it.  

The bank intervened indirectly on Tuesday by flooding the repo market with crown liquidity. It rejected all bids totalling 116.107 billion crowns at a weekly repo tender.  

""It's another signal they're opposed to rapid appreciation of the crown and people are perhaps also taking a breather with the market approaching a round number (38 per euro),"" said Lucy Bethell, emerging markets analyst at Royal Bank of Scotland.  

The crown was marginally down at 38.09 per euro .  

Bethell added investors would still be happy to sell into euro rallies on the view the central bank can only really slow the pace of gains. Foreign investment inflows into the country also show no sign of slowing.  

Slovakia earlier this week announced plans to offer incentives to a Ford Motor Co. (F.N) venture to invest 345 million euros on a new gearbox plant in the country and also hopes to attract 500 million euros worth of fresh investment from South Korea.  

The Polish zloty showed little negative reaction to the likely scolding Poland will receive from the European Commission later today for insufficient progress on fiscal reform.  

In an assessment of Poland's ""convergence plan"", obtained by Reuters on Tuesday, the EU executive will say the country is unlikely to reach its target of lowering the budget gap below the EU's three percent of GDP limit in 2007.  

""Despite the criticisms of (Economy Minister Jerzy) Hausner's fiscal reform plans, he has still got a lot through,"" said Evans at BoA.  

""I'd say Poland is still a low level risk. There should be a sufficient level of reform done by the new government, and fiscal revenues should be pretty robust.""   


The zloty traded at 4.0518 to the euro  from 4.0508 and at 3.1030 to
the dollar        from 3.1115."
"Emerging  FX -Turkey acts to curb lira, new high for Slovak crown.  ",2005-01-27,"LONDON, Jan 27 (Reuters) - Further strengthening in emerging European currencies triggered direct intervention in Turkey and raised the prospect of similar action in Slovakia on Thursday, while the Czech crown calmed ahead of an interest rate decision.  

The Turkish central bank said it bought dollars for lira to curb exchange rate volatility, in its first market intervention since February 2004.  

The new lira has risen to near 10 month highs following the European Union's decision in late December to allow Turkey to start entry talks in October, raising expectations of a surge in foreign investment inflows.  

By 1041 GMT, the new lira was at 1.3440 per dollar in interbank trade , down from pre-intervention highs around 1.3215. Turkish banking sources said the central bank had bought around 150-200 million dollars on the market.  

""It's probably a combination of the size of flows coming into the bond market and the extent of the lira move that has triggered the intervention,"" said Lucy Bethell, emerging markets analyst at RBS Financial Markets.  

""People had been getting increasingly short (of dollars), but the question now is whether they'll take it as cue to book profits, or an opportunity for better entry levels.  

""Sentiment is so strong on Turkey at the moment that at some point I'd expect people to get back in.""  

Foreign trade minister Kursad Tuzmen said he hoped the lira would fall to 1.5-1.6 per dollar. Its strength has contributed to large trade and current account deficits.  

NEW HIGHS FOR SLOVAK CROWN  

Dealers are also on intervention red alert in Slovakia after investors' ongoing enthusiasm for the country pushed the crown to an all-time high against the euro on Thursday.  

The crown was flat percent at 38.44 per euro, having briefly touched a fresh high earlier at 38.376 .  

The Slovak central bank has tried to stem the crown's rise since mid-2003, intervening twice in the last month to keep the unit above 38.50 per euro, but said it had no comment on the latest move.  

The bank could cut rates at its monthly interest rate meeting on Friday, though further intervention is seen as more likely given the crown has grown increasingly immune to rate cuts following a 200 basis point loosening to 4.0 percent last year.  

Even that is unlikely to reverse the crown's uptrend.  

""If you believe the central bank will intervene most people would believe that any setback in the currency would be rather small and temporary,"" Barclays Capital emerging markets analyst Jeff Gable said. The Czech crown dipped from Wednesday's 28-month highs to trade around 30.12 per euro ahead of an interest rate decision.  

The central bank is widely expected to hold rates steady at 2.5 percent and market watchers will focus on any comments about currency strength arising from an afternoon monetary policy news conference.  

The crown has risen almost 10 percent in the past 12 months, most recently boosted by speculation about the sale of state-owned phone group Cesky Telekom (SPTTsp.PR) for an estimated $3 billion.  

Further evidence of a benign inflation environment in South Africa came from December producer price numbers, with the annual rate well below expectations at 1.9 percent, down from 2.5 percent in November.  

The news had little impact on the rand, which found good support from the buoyant tone across emerging markets. It traded virtually flat around 5.93 per dollar .  

The Romanian leu eased about three quarters of a percent against the euro, weighed by Prime Minister Calin Tariceanu's comment there might be a delay to plans to allow foreigners access to leu deposits from April, following talks with the IMF.  

Analysts said the Fund might call for a delay due to the risk the move triggers a wave of speculative capital, complicating the central bank's task of curbing inflation.  

The leu was down 0.73 percent at 28,938 per euro ."
Slovakia - Factors To Watch on Jan 19.  ,2005-01-19,"BRATISLAVA, Jan 19 (Reuters) - Here are news stories, press reports and events to watch which may affect Slovak financial markets on Wednesday.  

GOVERNMENT HOLDS REGULAR MEETING  

The government will hold its regular weekly meeting. Ministers are expected to debate the country's recent arbitration loss to a Czech unit of KBC bank (KBKBt.BR).  

C.BANK SIGNALS MAY FAVOUR CROWN INTERVENTION

The Slovak central bank (NBS) signalled on Tuesday it is likely to use direct intervention rather than interest rate cuts to stem the pace of crown firming and keep the country's euro adoption goal on track.  

C.BANK ACCEPTS ALL BIDS IN 2-WK REPO  

The Slovak central bank accepted all bids in its regular two-week repo tender on Tuesday, draining 107.188 billion crowns ($3.6 billion) of surplus liquidity from the market.  

SLOVAK JOBLESS RATE RISES IN DEC  

Slovakia's unemployment rate rose to 13.07 percent in December 2004, from November's 12.58 percent in the first monthly increase after 10 consecutive declines.  

SE TO RETURN STATE GUARANTEES WORTH EUR 500 MLN  

Slovakia's dominant power firm Slovenske Elektrarne (SE) will return state guarantees for loans worth 500 million euros by mid-May, following its recent debt restructuring. The state guarantees for credit worth 200-250 million euros will remain in place. The debt-ridden utility is expected to be taken over by Italy's Enel (ENEI.MI) later this year.  

Pravda page 12  

United States and other Group of Seven countries, see .  

For a diary of forthcoming Slovak events, double click  

, and a calendar of east European economic indicators, see.  

News editor of the day: Peter Laca on +421 2 5341 8402; fax: +421 2 5341 8403  

E-mail: bratislava.newsroom@reuters.com  

Reuters Messaging: peter.laca.reuters.com@reuters.net   


For real-time index quotes, double click in brackets: Warsaw WIG20
Budapest BUX        Prague PX50         Other related news:
 
  Slovak equities              E.Europe equities
  Slovak money                 Czech debt
  Slovak Indicators            Emerging forex
  Eastern European             All emerging markets
  Hot stocks                   Stock markets
  Market debt news             Forex news
  TOP NEWS -- Emerging markets
  TOP NEWS -- Convergence watch."
UPDATE 2- Slovak  cbank signals may favour crown  intervention .  ,2005-01-18,"BRATISLAVA, Jan 18 (Reuters) - The Slovak central bank (NBS) signalled on Tuesday it is likely to use direct intervention rather than interest rate cuts to stem the pace of crown firming and keep the country's euro adoption goal on track.  

The NBS has intervened repeatedly in the foreign exchange market to slow the crown's rise to record highs against the euro. It has also slashed interest rates in its fight to deter speculative capital.  

But NBS Vice-Governor Elena Kohutikova told a meeting of corporate leaders that the country's higher interest rates compared with major markets were no longer the driving factor for the crown, with inflows now attracted by expectations of future crown firming.  

""We are reacting to exchange rate developments and we will continue reacting in the future,"" Kohutikova said.  

""We are not against a gradual appreciation, but we are against a scenario that the exchange rate is defined by short term capital rather than the economy.""  

The crown closed at 38.630/680 versus the euro , its main reference unit, on Tuesday, a touch weaker than the 38.500 level where the NBS intervened last week, buying euros to flood the market with crowns.  

""The central bank is beginning to feel that (crown firming) is not about interest rate differential and this suggests that it would prefer interventions rather than rate cuts to influence the crown,"" said ING Bank Chief Economist Jan Toth.  

Toth added he expected the crown to firm at a slower pace than in 2004, predicting a four percent rise this year after a six percent jump last year.  

Several economists have criticised the NBS for managing the exchange rate too tightly at the time when its monetary policy switched to inflation targeting as of 2005.  

But Kohutikova said the central bank's policy was designed to ensure the smooth fulfilment of euro adoption criteria.  

""We want the exchange rate to develop in a way that can be backed up by the economy so that it does not bring danger to inflation criterion as well as the ERM-2 (currency fluctuation) criterion,"" she said.  

The Slovak convergence programme expects the country to meet all euro adoption criteria by end-2007 so the new EU member can adopt the single currency at start of 2009."
Slovakia - Factors To Watch on Jan 18.  ,2005-01-18,"BRATISLAVA, Jan 18 (Reuters) - Here are news stories, press reports and events to watch which may affect Slovak financial markets on Tuesday.  

PARLIAMENT STARTS JANUARY SESSION  

The parliament will start its regular January session, during which deputies are scheduled to vote on nomination of Martin Barto to the post of a central bank vice-governor.  

CENTRAL BANK TO HOLD REGULAR REPO TENDER  

The central bank will hold its regular two-week repo tender to drain excess crown liquidity from the money market.  

LABOUR OFFICE TO RELEASE DEC JOBLESS DATA  

The National Labour Office will release unemployment data for December 2004.  

CBANK SAYS MAY INTERVENE AGAINST CROWN IF CPI GOOD  

The Slovak central bank said on Monday it may use interventions to slow the crown's rise if such action did not endanger its inflation goal, and analysts said the warning signalled a continued fight against currency firming.  

United States and other Group of Seven countries, see .  

For a diary of forthcoming Slovak events, double click  

, and a calendar of east European economic indicators, see.  

News editor of the day: Peter Laca on +421 2 5341 8402; fax: +421 2 5341 8403  

E-mail: bratislava.newsroom@reuters.com  

Reuters Messaging: peter.laca.reuters.com@reuters.net   


For real-time index quotes, double click in brackets: Warsaw WIG20
Budapest BUX        Prague PX50         Other related news:
 
  Slovak equities              E.Europe equities
  Slovak money                 Czech debt
  Slovak Indicators            Emerging forex
  Eastern European             All emerging markets
  Hot stocks                   Stock markets
  Market debt news             Forex news
  TOP NEWS -- Emerging markets
  TOP NEWS -- Convergence watch."
UPDATE 2- Slovak  cbank to  intervene  against crown if CPI good.  ,2005-01-17,"BRATISLAVA, Jan 17 (Reuters) - The Slovak central bank said on Monday it may use interventions to slow the crown's rise if such action did not endanger its inflation goal, and analysts said the warning signalled a continued fight against currency firming.  

The National Bank of Slovakia (NBS) has intervened repeatedly in the foreign exchange market over the past year to slow the crown's rise to record highs against the euro, sparked by an outlook for strong investment inflows.  

Several economists have criticised the NBS for managing the exchange rate too tightly at the time when its monetary policy switched to inflation targeting as of 2005.  

But NBS board member Martin Barto dismissed such criticism of policy inconsistency in remarks to reporters in parliament.  

""You can use interventions but you have to be sure that the subsequent monetary policy easing will not endanger your inflation target,"" Barto said.  

""And if the (inflation) development is even better than expectations, then there is no problem.""  

The NBS has described the currency rise as too fast compared with improvement in economic fundamentals, such as productivity growth, and said that such a sharp firming may have hurt the economy in the longer term.  

Barto's remarks followed comments by central bank governor Ivan Sramko, who said last week the NBS would use all tools to counter unjustifiably quick crown firming. The latest comments signalled more interventions were in the pipeline.  

""Foreign exchange interventions will continue, until a point where the NBS calculates that it could jeopardise its inflation goals,"" said CSOB Bank analyst Marek Gabris.  

PAUSE FOR RATE CUTS?  

In addition to forex interventions, the central bank also cut interest rates by a total of 200 basis points last year to make the crown less attractive for speculators taking advantage of higher rates compared with major markets.  

Slovakia posted better than expected inflation data in December 2004, which some analysts said could provide an argument for more monetary policy easing if the central bank needed to use the cost of money as a tool to curb crown rise.  

However, when asked if December inflation opened room for more interest rate cuts, Barto said: ""We need to see what happens in the first months of this year. I would not draw major conclusions (from December data).""  

Data released on Friday showed a headline inflation rate of 5.9 percent in December, near the lower end of the central bank's target range of 5.7-7.0 percent.  

The Slovak crown gained more than six percent to the euro last year despite central bank attempts to halt the rise and hit a record high of 38.500 last week.  

The currency closed at 38.610/630 to the euro on Monday, only slightly weaker from Friday's 38.568/618.  

Dealers said the market will become more sensitive when the crown moves close to its all time highs again because of fears of new central bank intervention, but a majority of players expects the unit to appreciate throughout the year.  

""The market can now easier absorb interventions than one or two years ago. The NBS will have to act repeatedly to slow the (firming) trend,"" said Tatra Banka dealer Boris Somorovsky."
Slovak  cbanker- FX intervention  possible if CPI good.   ,2005-01-17,"BRATISLAVA, Jan 17 (Reuters) - The Slovak central bank (NBS) may use foreign exchange intervention to slow the crown currency appreciation if such intervention did not endanger its inflation target, NBS board member Martin Barto said on Monday.   

Speaking to journalists in parliament, Barto said the central bank needed to see more inflation data to assess possible room for interest rate cuts.   

On Friday, data showed inflation was better than expected in December, showing a 5.9 percent year on year consumer price rise."
"Emerging  FX -Zloty tracks bonds lower, Slovak crown edges up.  ",2005-01-13,"LONDON, Jan 13 (Reuters) - The Polish zloty eased in line with a weaker tone on the domestic bond market on Thursday, while the Slovak crown got only a minor boost from a credit rating upgrade the previous session.  

Dealers said jitters crept into the Polish fixed income market after reported comments from central banker Halina Wasilewska-Trenkner that interest rate cuts in 2005 looked unlikely.  

""Local players had got over long at the short-end of the interest rate curve, expecting a cut. These comments triggered a sell off in local debt, which is feeding into zloty,"" said one London trader.  

The zloty spiked down to lows around 4.0915 per euro , before recovering to trade at 4.0818 by 1103 GMT.  

""Euro/dollar is up and down, there's no clear trend there, so people are not putting much money to work in the zloty. When they do they're getting in and out quickly, which creates volatility,"" the trader said.  

He added the sharp moves seen on Thursday were not yet indicative of a reversal in the zloty's bullish trend: ""Unless we cross 4.20, the move shouldn't be that much worry.""  

The Turkish lira capitalised on a broadly weaker dollar tone following Wednesday's news of a record United States trade deficit in November, firming over one percent against the dollar in interbank trade.  

Investors remain bullish on Turkish markets following last month's decision by European Union leaders to grant Turkey a date to begin accession talks.  

The lira traded at 1.3550 to the dollar in interbank trade , from 1.3760 at Wednesday's close.  

SLOVAK CROWN EDGES UP  

The Slovak crown nudged higher against the euro on Thursday to trade around 38.6 , with more good news on the country's investment outlook coming from a Moody's ratings upgrade the previous session.  

Moody's lifted Slovakia's long-term foreign currency debt ceilings to ""A2"" from ""A3"", citing the government's solid progress on structural reforms and an improving medium-to-long-term fiscal outlook.  

Analysts said the upgrade was a mild positive, with the crown's upward path seen entrenched by strong foreign investment inflows, even with the threat of central bank intervention against the currency still hanging over the market.  

""It's adding to the positive sentiment but I don't think this is the determining factor,"" said Jeff Gable, senior strategist at Barclays Capital.  

The Slovak central bank intervened on Monday after the crown surged to record highs against the euro at 38.50.  

""In trying to take a view on Slovakia, what's most important presently is just how serious the Central Bank is at leaning against appreciation pressure and to gauge what pace of appreciation they consider acceptable,"" said Gable.  

""We think the direction of the Slovak crown on a weekly basis is pretty clean - it's going to go stronger,"" Gable said. The Czech crown eased slightly after Czech current account data showed a deficit of 6.05 billion crowns ($262.6 million) in November, nearly the double the consensus market forecast of 3.2 billion crowns, though down from 12.94 billion in October.  

Adding to the softer tone was central bank board member Jan Frait's comment on Wednesday that there was little room for further crown appreciation against the euro and dollar based on economic fundamentals.  

Frait also said in a Reuters interview that interest rates may stay low for some time to come to shield the EU newcomer's very open economy from any possible fallout from weaker growth abroad. Key rates are at 2.5 percent.  

""With interest rates being so slow, I think the case for significant crown appreciation from where we are now is a difficult one to make,"" Gable said.  

The Czech crown traded at 30.36 against the euro ."
Slovakia - Factors To Watch on Jan 13.  ,2005-01-13,"BRATISLAVA, Jan 13 (Reuters) - Here are news stories, press reports and events to watch which may affect Slovak financial markets on Thursday.  

ECON MIN TO ANNOUNCE NEW FDI PROJECT  

Economy Minister Pavol Rusko is scheduled to announce new foreign investment project in southern Slovakia.  

C.BANK SAYS INTERVENTIONS A SUCCESS, READY TO ACT AGAIN  

Slovak central bank Governor Ivan Sramko said on Wednesday recent intervention to stem the rise of the crown against the euro was a success. He said the monetary body would allow certain appreciation of the real exchange rate, but if the nominal exchange rate rises too quickly, it would use all tools to slow the rise.  

MOODY'S RAISES SLOVAKIA RATINGS  

Moody's Investors Service raised its ratings for Slovakia on Wednesday, saying the new EU nation may adopt the euro before its bigger central European neighbours which have drawn criticism for foot-dragging on reform.  

Moody's lifted its long-term foreign-currency debt ceilings to A2 from A3 along with short term-term foreign currency country ceilings to P-1 from P-2. It left the outlook for ratings at positive.  

NOV RETAIL SALES GROWTH PICKS UP  

Slovak retail sales rose by a real 4.7 percent, year-on-year, in November, following a 3.1 percent growth in October, the Slovak Statistics Office said on Wednesday.  

NOV INDUSTRIAL WAGES GROWTH ACCELERATES  

Slovak industrial wages rose by a real 4.9 percent, year-on-year, in November, from a 0.2 percent growth in the previous month, data from the statistics office showed on Wednesday.  

GOVT MAY BOOST DEBT ISSUANCE TO COVER ARBITRATION LOSS  

Slovakia is unlikely to issue euro bonds this year and will instead boost debt issuance on the local market if it decides to honor an international legal claim, the state's debt agency said on Wednesday. An arbitration court ordered the country last month to pay 24.7 billion Slovak crowns to iron a lentghy loan dispute with a Czech unit of Belgium's KBC bank (KBKBt.BR).  

EMMIS AGREES TO BUY SLOVAK RADIO EXPRES FOR $14 MLN  

The U.S.-based media group Emmis Communications (EMMS.O) agreed to purchase the stock of the Slovak firm D.Expres, which operates commercial radio station Radio Expres for $14 million. The deal is expected to be completed in the first quarter of this year if it is cleared by the Slovak media regulator.  

FIN MIN TO BEGIN PROCEEDINGS AGAINST SLOVNAFT  

The finance ministry will begin on Friday proceedings to fine the Slovak oil refiner Slovnaft (SNFT.BV), a unit of Hungary's MOL (MOLB.BU), 1.35 billion crowns ($45.7 million) for illegal inflating of costs and profits.  

Sme page 5  

United States and other Group of Seven countries, see .  

For a diary of forthcoming Slovak events, double click  

, and a calendar of east European economic indicators, see.  

News editor of the day: Martin Dokoupil on +421 2 5341 8402; fax: +421 2 5341 8403  

E-mail: bratislava.newsroom@reuters.com  

Reuters Messaging: martin.dokoupil.reuters.com@reuters.net   


For real-time index quotes, double click in brackets: Warsaw WIG20
Budapest BUX        Prague PX50         Other related news:
 
  Slovak equities              E.Europe equities
  Slovak money                 Czech debt
  Slovak Indicators            Emerging forex
  Eastern European             All emerging markets
  Hot stocks                   Stock markets
  Market debt news             Forex news
  TOP NEWS -- Emerging markets
  TOP NEWS -- Convergence watch."
UPDATE 1- Slovak  cbanker says  intervention  a success.  ,2005-01-12,"BRATISLAVA, Jan 12 (Reuters) - Slovak central bank Governor Ivan Sramko said on Wednesday recent intervention to stem the rise of the crown against the euro was a success.  

""I think the interventions had their desired impact (on the exchange rate),"" Sramko also told reporters after a government meeting.  

""We have said we would allow a certain appreciation of the real exchange rate, but certainly if the nominal exchange rate rises too quickly, we will use all of our tools (to slow the rise) but we would allow an appreciation that we see as good for the economy,"" he added.  

The central bank bought 100-250 million euros from the market on Monday, when the crown hit an all-time high of 38.500 to the euro . At 1306 GMT on Wednesday it was at 38.685 to the single currency.  

Slovakia became a darling of foreign investors due to labour market and tax reforms as well as government investment aid. BUt the result has been strong upward pressure on the crown as investment inflows created demand for the currency.  

Sramko declined to comment on whether the central bank had room to ease policy despite recent data showing strong growth in domestic demand.  

But he did say the central bank saw no signs that reviving household spending would endanger its inflation goals this year.  

The central bank is targeting inflation for 2005 at 3-4 percent."
Slovakia - Factors To Watch on Jan 12.  ,2005-01-12," BRATISLAVA, Jan 12 (Reuters) - Here are news stories, press reports and events to watch which may affect Slovak financial markets on Wednesday.   

 STATS OFFICE TO RELEASE NOV RETAIL SALES DATA   

 The statistics office will release November retail sales data. The retail sales growth decelerated to 3.1 percent, year-on-year, in October, from 8.9 percent in the previous month.   

 GOVT TO HOLD REGULAR MEETING   

 The government will hold its regular weekly meeting. Ministers are expected to debate the recent arbitration loss to a Czech unit of KBC Bank, aid to tsunami victims in Asia and a progress report on completion of the Mochovce nuclear power plant.   

 C.BANK ACCEPTS ALL BIDS IN 2-WK REPO   

 The Slovak central bank accepted all bids in its regular two-week repo tender on Tuesday, draining 143.2 billion crowns ($4.86 billion) of surplus liquidity from the market.   

 FIN MIN SAYS CROWN FIRMING TOO STRONG   

 The Slovak crown's firming is too strong and could hurt the new EU member's economy, Finance Minister Ivan Miklos said. He added that one of the biggest challenges for the central bank would be to prevent the crown from firming excessively to the euro in the future.   

 SLOVAK PM SAYS GOVT TO KEEP UP PACE OF REFORMS   

 The fractious Slovak government will not slow the pace of its final sweeping reforms to bring the country toward euro adoption, Prime Minister Mikulas Dzurinda said.   

SLOVAK INTERVENTION DIPS MAKE GOOD CROWN BUY POINTS   

 The Slovak central bank may pull out all the stops to stem a firming crown, but strong investment flows and economic growth in the new EU member make any dips on a good time to jump into the currency, analysts said.   

 GOVT SEEKS TO DELAY NUCLEAR PLANT CLOSURE   

 Slovakia is seeking to persuade the EU to delay the closure for safety reasons of two Soviet-designed nuclear reactor blocks at the Jaslovske Bohunice plant, a senior government official said on Tuesday. Pal Csaky, deputy prime minister for European integration, said Slovakia had signed a memorandum with the EU to extend financing needed for Bohunice decommissioning until 2011.   

 NOV TRADE GAP WIDENS, ABOVE FCASTS   

 Slovakia's foreign trade balance showed a deficit of 3.953 billion crowns ($134.5 million) in November, up from a revised gap of 3.377 billion in the previous month.   

 NOV INDUSTRIAL OUTPUT GROWTH PICKS UP   

 Slovak November industrial output grew 2.5 percent, year-on-year, up from a 0.2 percent rise in the previous month, data from the Slovak Statistics Office showed on Tuesday.   

 NOV CONSTRUCTION OUTPUT GROWTH SLOWS   

 The Slovak construction output growth slowed to 9.8 percent, year-on-year, in November, from 13.7 percent in the previous month.   

 United States and other Group of Seven countries, see .   

 For a diary of forthcoming Slovak events, double click   

 , and a calendar of east European economic indicators, see.   

 News editor of the day: Martin Dokoupil on +421 2 5341 8402; fax: +421 2 5341 8403   

 E-mail: bratislava.newsroom@reuters.com   

 Reuters Messaging: martin.dokoupil.reuters.com@reuters.net   


For real-time index quotes, double click in brackets: Warsaw WIG20
Budapest BUX        Prague PX50         Other related news:
 
  Slovak equities              E.Europe equities
  Slovak money                 Czech debt
  Slovak Indicators            Emerging forex
  Eastern European             All emerging markets
  Hot stocks                   Stock markets
  Market debt news             Forex news
  TOP NEWS -- Emerging markets
  TOP NEWS -- Convergence watch."
CEE MORNING BRIEFING: Focus On Czech Nov Indus Output  ,2005-01-11,"
 
TODAY'S CALENDAR 
 
Local/GMT 
 
0900/0800 Hungary November Trade Deficit 
          Seen EUR260M vs EUR390M in Oct 
 
0900/0800 Hungary November Industrial Production 
 
1200/1100 Hungary Auctions 3-Month T-Bills 
 
1200/1100 Hungary Central Bank Two-Week Deposits Tender 
 
 N/A/N/A  Czech Republic November Industrial Output 
 
 
FOREX 
 
        Latest     Previous  % Chg   Daily   Daily   % Chg 
                   2150 GMT          High    Low      12/31 
EUR/PLN 4.0730-92  4.0591-31  +0.34  4.0735  4.0561   -0.17 
EUR/HUF 247.78-98  247.75-95  +0.01  247.90  247.60   +1.09 
EUR/CZK 30.25-30   30.250-80   0.00  30.250  30.277   -0.49 
EUR/SKK 38.691-41  38.693-43  -0.01  38.693  38.741   -0.06 
   

POLISH ZLOTY: hints from Monetary Policy Council members that the Polish central bank might drop its tightening bias within the next month is likely to keep pressure on the currency, says CSFB. Also, foreign investors' appetite for carry trades is diminishing and current positions are likely to be unwound, which won't help the zloty.  

The zloty opened higher Monday, as the dollar stabilized following last week's rally and investors sold euro/zloty and dollar/zloty. However, the currency lost some ground against the dollar later in the day. The zloty closed at PLN4.070-.0752 to the euro, from PLN4.0920 Friday, and at PLN3.1120.-1243 to the dollar, from PLN3.1330.  

HUNGARIAN FORINT should weaken to HUF249.50-250.00 to the euro as the market continues to second guess how the new set-up at the central bank's Monetary Council will influence the next rate decision Jan. 24, according to CIBX. The prime minister nominated three new members Friday and the bank appointed a new vice president Monday. Goldman Sachs revised its rate cut forecast down to 75 basis points from 100 basis points as it considers that the Monetary Council is only likely to be expanded after the date of the next meeting. That doesn't change its view that the new members will force rates lower until the forint weakens.  

The forint had a good morning Monday on the back of a slide in the dollar, but weakened slightly in the afternoon to close at HUF247.64-248.14 to the euro, from HUF248.28 late Friday.  

THE CZECH KORUNA: resistance at CZK30.25 is expected to hold Tuesday, local traders say.  

The currency strengthened to CZK30.25-.33 to the euro Monday, from CZK30.335 late Friday, gaining on expectations of solid 13.7% industrial growth in November, ahead of the release of the data Tuesday. Gains for the zloty also supported the koruna, while the latter shrugged off news of Slovak central bank intervention in Slovakia's foreign exchange market.  


 
 
FIXED INCOME 
   

POLISH BONDS are likely to be under pressure for the rest of the week. The PLN2.6 billion auction of 10-year bonds Wednesday, inflation data later this week and new bond issuance, which the government will use to cover Paris Club debt, will weigh on local bonds in the short term, says BRE Bank.  

Local bonds were mostly flat Monday, having traded in a narrow range despite news of new supply on Wednesday. The two-year bond yielded 6.17%, up from 6.15% Friday, while the five-year bond yield was unchanged at 6.35%. At the auction of PLN600 million of 52-week treasury bills, the average yield rose to 6.260% from 6.250% at the previous tender. The bid-to-cover ratio was 3.1, down from 4.9 previously.  

HUNGARIAN BONDS: short maturities will be supported by the redemption of HUF115 billion of debt Wednesday, while the rest of the curve will take its cue from forint trading Tuesday, says CIBX.  

Local bond yields rose across the curve early Monday on profit-taking prompted by a weaker forint, but stabilized in late trade. The move was especially pronounced on the three-year paper, with the yield rising to 8.50% at one stage before closing at 8.38%, up from 8.31% Friday. The five-year paper yielded 8.05%, up seven basis points on the day.  

CZECH BONDS: trading this week will likely continue to focus on larger European markets, but market will also eye industrial output data for November, due Tuesday. Yields on the 10-year paper could test the 4% level, London traders say.  

Czech bond yields were down slightly Monday, falling one to two basis points across the curve in line with Western European bonds. News that outstanding bond issues in the fourth quarter totaled CZK571.4 billion, down from CZK572.2 billion at the end of the previous quarter, was slightly supportive.  


 
 
STOCKS 
 
WIG20                    1889.81   loss  12.98   dn 0.7% 
BUX                     14586.69   loss 139.47   dn 0.9% 
PX-D                     2638.8    loss   3.5    dn 0.1% 
 
DJ STOXX EU Enlarged 15  1801.78   loss   1.84   dn 0.1% 
   

IN WARSAW, the WIG20 is likely to recover as it is close to support levels, but traders expect the index could slide to 1700-1750 in a few months time.  

The WIG20 ended down 0.7% Monday as foreign funds continued to sell and local demand failed to match supply. The selling centered on three blue-chip stocks, according to a local broker: KGHM, which fell 2.8%, in part due to falling copper prices, PKN, down 0.3%, and bank PKO, down 2.1%. Bank Pekao shares were unchanged.  

IN BUDAPEST, there is no technical level to stop MOL's decline and, if it continues to fall, the rest of the market will fall with it, according to local traders.  

The BUX closed down 0.9% on heavy profit taking, with MOL responsible for two thirds of all trading volume. A decline in MOL's refinery margins were the selling trigger Monday and the stock closed down 2.3%. Matav fell 2.5% and Richter 0.7% as investors realized profits. Egis closed up 0.3% despite heavy recent gains, while OTP was up 0.4%.  

IN PRAGUE, the market is likely to rise Tuesday on signs of new capital inflows into the region, mostly from the U.S. funds, say local traders.  

The PX-D closed down 0.1% Monday as blue chips in general corrected after gains last week. Erste Bank fell 1.4%, Unipetrol fell 0.6%, while Philip Morris Czech Republic and Komercni Banka closed down 0.3%. Profit-taking pushed Cesky Telecom down 0.1%. Only CEZ and Zentiva bucked the trend, closing up 1.5% and 0.1%, respectively. [ 01-11-05 0129ET ]  


 
 
OVERNIGHT NEWS 
   

Poland's forthcoming EUR1.5 billion eurobond issue will price to offer between 26 and 29 basis points over mid-market swaps, a market source said Monday. The bond carries a 15-year maturity and is being managed by BNP Paribas, Citigroup Inc., and Dresdner Kleinwort Wasserstein.  

Hungarian oil and gas company MOL Magyar Olaj- es Gazipari Rt. (MOL.BU) said Monday that it has made a second discovery of oil and gas in the Tal Block, located in the Northern Western Frontier Province of Pakistan.  

-By Vanya Dragomanovich; Dow Jones Newswires; 44 207 842 9487; vanya.dragomanovich@dowjones.com [ 01-11-05 0129ET ]  

1806 75091"
ANALYSIS- Slovak intervention  dips make good crown buy points.  ,2005-01-11,"PRAGUE, Jan 11 (Reuters) - The Slovak central bank may pull out all the stops to stem a firming crown, but strong investment flows and economic growth in the new EU member make any dips on a good time to jump into the currency, analysts said.  

The central bank bought 100-250 million euros from the market on Monday, according to traders' estimates, in the latest intervention against what it calls the excessive pace of firming, mostly made on foreign direct investment inflows.  

The action was the first under new chief Ivan Sramko, who took over this month from outgoing Marian Jusko, and suggested the bank was mostly sticking to the intervention course seen throughout last year although analysts said the stance against the crown may become a little softer.  

A strong economy, growing at 5.3 percent in the third quarter, and the FDI makes the crown a safe bet over the longer term, and any dip versus the euro creates a good entry level for positions in the currency, analysts said.  

Morgan Stanley emerging markets analyst Oliver Weeks said the country's inflation targets for 2006-2007 of 2.5 and 2.0 percent were the toughest in the region and implied a tight monetary stance, which could mean a more relaxed approach to the crown by the central bank.  

""While the new Bank Board and Governor will not want to encourage FX speculation by a clear shift in policy we see room for a gradually increasing tolerance of steady crown appreciation,"" he said.  

The latest intervention came when the crown hit an all-time high of 38.500 to the euro , prompting the central bank into action, knocking it back to 38.640 on Tuesday, still more than six percent up since the start of 2004.  

A little softer stance on further firming would give further support to long-crown trades.  

This view was also shared by Ceska Sporitelna analyst Miroslav Plojhar.  

""The interventions they have been doing are a way how to jump into the crown,"" he said.  

""There already is some tolerance to crown firming... Maybe it is higher now that Jusko has gone, but this is not to mean they would just let the crown be.""  

The Slovak drive to slash inflation is guided by their aim of joining the euro zone in 2009. The target this year is 3.0-4.0 percent, from 6.3 percent reported in November.  

Therefore, the central bank is unlikely to slash interest rates much further from the current four percent, a 200 basis points worth of cuts over the past year.  

SOME RESISTANCE NEEDED  

Slovakia became a darling of foreign investors due to labour market and tax reforms as well as government investment aid.  

Total net FDI in the first nine months last year reached 34.3 billion crowns and the financial account surplus was 56.6 billion, versus current account gap of 27.7 billion.  

Martin Blum, head of European emerging markets research at HVB in Vienna said the central bank was essentially doing a good job given the narrow scope of options amid the balance of payments pressure and with interest rates already low.  

""You could envisage a scenario whereby if the national bank failed to intervene on the FX market at all, you would really have euro/Slovak accelerating its movement south,"" he said, adding the banks still favoured long crown positions.  

""It would potentially push inflation down too fast and more importantly, it would risk future reversal which is not something the national bank would want to deal with either.""  

Blum added the central bank would likely allow something like the same pace of appreciation as seen in 2004. The central bank itself has said real firming of 2-3 percent per year looked acceptable.  

""It is reasonable to use these FX interventions as a device to slow the appreciation of the crown which is what they were trying to do in 2004 as well, and I think they are doing basically the most sensible thing in quite a constrained situation,"" said Blum. - Additional reporting by Jan Korselt."
UPDATE 1-Emerging  FX -Lira edges up after rate cut.  ,2005-01-11,"LONDON, Jan 11 (Reuters) - The Turkish lira nudged higher after a surprise interest rate cut on Tuesday, while the Slovak crown was flat after Monday's intervention from the central bank to weaken it.  

Turkey's central bank cut both its overnight borrowing rate and overnight lending rate by one percent to 17 percent and 21 percent respectively.  

The timing of the move took analysts by surprise, coming hard on the heels of a two percent cut on Dec. 20 following the European Union's decision to grant Turkey a date to begin entry talks, though some said there had been scope for further easing.  

""Inflation expectations are very close to end-year expectations and there was also a tightening impact coming from the strengthening of the lira. There were all the key ingredients to have a rate cut,"" said Sonal Desai, senior emerging markets economist at Dresdner Kleinwort Wasserstein in Milan  

""It'll have a positive impact on Turkish markets, but the impact on the lira is close to zero,"" she added.  

The move triggered a half percentage point fall in benchmark Turkish bond yields and also boosted Istanbul's main share index, though the lira ticked only modestly higher.  

By 1345 GMT, the lira traded at 1.3785 to the dollar on the interbank market from 1.3850 at Monday's close.  

The prospect of further inflows into Turkish bonds, on expectations of more easing to come, are seen offsetting the potential negative effect of lower returns on long lira positions.  

SLOVAK CROWN STEADIES AFTER INTERVENTION

The Slovak crown crept higher on Tuesday, resuming its upward path after central bank intervened to weaken it on Monday.  

The bank stepped in after the crown surged to record highs against the euro around 38.5 early on Monday , triggering a move back to 38.74 initially, before the crown recovered some ground.  

Finance Minister Ivan Miklos backed the central bank's stance on Tuesday, saying the crown's firming was too strong and could hurt the new EU members' economy, in comments reported by a domestic news agency.  

Even so, most analysts continue to see the central bank fighting an unstoppable strengthening trend in the Slovak currency, driven by strong foreign investment inflows.  

Carlos Teixeira, analyst at Goldman Sachs, said the Slovaks' latest intervention was no surprise.  

""Their action may stem appreciation temporarily, as last happened in December, but we expect the currency to resume its strengthening,"" Teixeira said in a research note.  

""This will help the central bank meet its inflation target and leaves the door open to further rate cuts.""  

A bigger than expected November trade gap held up the crown's rise only briefly, with the deficit widening to 3.953 billion crowns ($134.5 million), above a market consensus forecast of 2.7 billion.  

The crown was up 0.16 percent on the session at 38.63 per euro."
"Emerging  FX -Lira edges up after rate cut, Slovak crown steady.  ",2005-01-11,"LONDON, Jan 11 (Reuters) - The Turkish lira nudged higher after a surprise interest rate cut on Tuesday, while the Slovak crown was flat after Monday's central bank intervention to weaken it.  

Turkey's central bank cut both its overnight borrowing rate and overnight lending rate by one percent to 17 percent and 21 percent respectively.  

The timing of the move took analysts by surprise, coming hard on the heels of a two percent cut on Dec. 20 following the European Union's decision to grant Turkey a date to begin entry talks, though some said there had been scope for further easing.  

""We are currently in a situation in Turkey where real rates are fairly steady. Inflation expectations are very close to end-year expectations. There was also a tightening impact coming from the strengthening of the lira. There were all the key ingredients to have a rate cut,"" said Sonal Desai, senior emerging markets economist at Dresdner Kleinwort Wasserstein in Milan.  

""It'll have a positive impact on Turkish markets, but the impact on the lira is close to zero,"" she added.  

The move triggered a half percentage point fall in benchmark Turkish bond yields and also boosted Istanbul's main share index, though the lira ticked only modestly higher.  

By 1040 GMT, the lira traded at 1.3815 to the dollar on the interbank market from 1.3850 at Monday's close.  

The prospect of further inflows into Turkish bonds, on expectations of more easing to come, is seen offsetting the potential negative effect of lower returns on long lira positions.  

SLOVAK CROWN STEADIES AFTER INTERVENTION

The Slovak central bank intervened on Monday after the crown surged to record highs against the euro around 38.5 , triggering a move to 38.74 initially, before the crown recovered some ground. The rate stabilised around 38.70 on Tuesday.  

A bigger than expected November trade gap was seen preventing a further recovery in the crown, with the deficit widening to 3.953 billion crowns ($134.5 million), above a market consensus forecast of 2.7 billion.  

Even so, most analysts continue to see the central bank fighting an unstoppable strengthening trend in the Slovak currency, driven by strong foreign investment inflows.  

Carlos Teixeira, analyst at Goldman Sachs, said the Slovaks' latest intervention was no surprise.  

""Their action may stem appreciation temporarily, as last happened in December, but we expect the currency to resume its strengthening,"" Teixeira said in a research note. ""This will help the central bank meet its inflation target and leaves the door open to further rate cuts.""  

The crown traded at 38.69 per euro.  

The dollar peeled back more of last week's strong gains against the euro , lending a broadly firmer tone to high yield emerging market currencies.  

The South African rand was again the best performer, rising 0.82 percent against the dollar to trade around 5.94 ."
Slovakia - Factors To Watch on Jan 11.  ,2005-01-11," BRATISLAVA, Jan 11 (Reuters) - Here are news stories, press reports and events to watch which may affect Slovak financial markets on Tuesday.   

 C.BANK TO HOLD 2-WK REPO TENDER   

 The central bank will hold its regular two-week repo tender, which is its main monetary policy tool. The bank used the weekly liquidity-draining auction in the past to dent firming pressure on the crown currency.   

 STATS OFFICE TO RELEASE NOV TRADE DATA   

 The statistics office will release November foreign trade data. Analysts surveyed by Reuters expected a trade deficit of 2.7 billion crowns in November, up from a 1.998 billion gap in the previous month.   

 STATS OFFICE TO RELEASE NOV INDUSTRIAL OUTPUT   

 The statistics office will release November industrial output data. Analysts surveyed by Reuters predicted industrial output growth to accelerate to 3.5 percent on an annual basis in November, from 0.2 percent in October.   

 STATS OFFICE TO RELEASE NOV CONSTRUCTION OUTPUT   

 The statistics office will release November construction output data. The indicator showed a rise of 13.7 percent on an annual basis in October.   

 PM DZURINDA TO HOLD NEWS CONFERENCE   

 Slovak Prime Minister Mikulas Dzurinda is scheduled to hold a news conference on government plans for 2005.   

 RULING COALITION LEADERS MEET   

 The ruling coalition leaders hold their regular meeting.   

 C.BANK INTERVENES AGAIN TO SLOW CROWN   

 The Slovak central bank (NBS) on Monday continued its crusade against the rapid rise of the crown, intervening on the market to weaken the currency after it hit record highs against the euro. The crown briefly touched to an all-time high of 38.500 per euro earlier on Monday.   

 FIN MIN SEES 2004 FISCAL GAP BELOW TARGET   

 The Slovak 2004 public sector deficit should end below the country's target of 3.9 percent of gross domestic product before a big one-off dent from an international legal claim.   

 Finance Minister Ivan Miklos also said the government was still studying the arbitration result, which ordered it to pay 24.7 billion crowns ($845 million) to the Czech unit of Belgium's KBC Bank, and would discuss next week whether to challenge it or not.   

 ENEL AGREES SE SALE CONDITIONS   

 Italy's Enel (ENEI.MI) has agreed all conditions of the sale of Slovak power utility Slovenske Elektrarne. Slovak Economy Minister Pavol Rusko said he expected Enel to complete the takeover in the second half of this year.   

 United States and other Group of Seven countries, see .   

 For a diary of forthcoming Slovak events, double click   

 , and a calendar of east European economic indicators, see.   

 News editor of the day: Martin Dokoupil on +421 2 5341 8402; fax: +421 2 5341 8403   

 E-mail: bratislava.newsroom@reuters.com   

 Reuters Messaging: martin.dokoupil.reuters.com@reuters.net   


For real-time index quotes, double click in brackets: Warsaw WIG20
Budapest BUX        Prague PX50         Other related news:
 
  Slovak equities              E.Europe equities
  Slovak money                 Czech debt
  Slovak Indicators            Emerging forex
  Eastern European             All emerging markets
  Hot stocks                   Stock markets
  Market debt news             Forex news
  TOP NEWS -- Emerging markets
  TOP NEWS -- Convergence watch."
Slovak  cbank confirms crown  intervention .  ,2005-01-10,"BRATISLAVA, Jan 10 (Reuters) - The Slovak central bank (NBS) confirmed on Monday it was intervening on the foreign exchange market to weaken the crown against the euro, after the currency hit a record high earlier in the session.  

""I can confirm we are intervening. The reason remains the same - too rapid a firming of the crown, which is not in line with economic fundamentals,"" central bank spokesman Igor Barat told Reuters.  

Dealers said the central bank was seen selling the crown on the forex market at around 38.510 per euro."
"Slovak cbank sells crowns on  FX  market, dealers say.  ",2005-01-10,"BRATISLAVA, Jan 10 (Reuters) - The Slovak central bank (NBS) intervened on the foreign exchange market on Monday to weaken the crown currency, dealers said.  

Dealers said the central bank was seen selling the crown on the forex market at around 38.510 per euro.  

""They are intervening. They started when the price was at 38.510 (per euro),"" said Slovenska Sporitelna dealer Juraj Zabadal.  

The direct intervention is one of several in the past month as the bank keeps fighting firming pressures on the crown that it feels has strengthened beyond economic fundamentals.  

The crown firmed to briefly touch a record high of 38.500 to the euro earlier on Monday."
UPDATE 2- Slovak  cbank  intervenes  again to slow crown.  ,2005-01-10,"BRATISLAVA, Jan 10 (Reuters) - The Slovak central bank (NBS) on Monday continued its crusade against the record rise of the crown, intervening on the market to weaken the currency after it hit record highs against the euro.  

The central bank has been fighting against what it sees as excessive crown appreciation for more than a year, saying it could hurt the new EU member's economy.  

On Monday the NBS showed its policy had not changed despite the Jan. 1 appointment of Ivan Sramko as the new governor.  

According to dealers the NBS started to intervene against the crown late in the session when it hit 38.510 per euro , and sold the currency up to 38.750 per euro after it traded near record highs of 38.500 earlier in the session.  

""I can confirm we are intervening. The reason remains the same - too rapid a firming of the crown, which is not in line with economic fundamentals,"" central bank spokesman Igor Barat told Reuters.  

The Slovak unit lost more than 0.5 percent to the euro following the NBS move to close at 38.696/746 per euro.  

The monetary body last intervened to dent firming pressure on the crown in December when the currency jumped to 38.530 per euro following a two-month rally fuelled by encouraging economic data, expectations of large FDI inflows and a rating upgrade.  

Sramko took over stewardship of the central bank after Marian Jusko's six-year term ended on Dec. 31 pledging to continue to fight against a rapidly rising currency.  

The crown has been firming rapidly over the past year, gaining more than six percent to the euro despite central bank attempts to halt its rise with direct and off-market interventions, hefty rate cuts and liquidity-draining tenders.  

The NBS has said it does not oppose gradual crown firming based on improving productivity, and it expects a stronger crown in the longer term, but it wanted to battle hot-money inflows.  

Analysts had expected the central bank to soften somewhat its stiff opposition to the strong crown this year after it said last month it would turn its focus to inflation-targeting from managing the exchange rate moves.  

Traders said the central bank's action would have only a temporary impact on the market's bullish mood as softer levels usually attract more crown buying.  

""There is still high demand for crowns, so we do not expect it to weaken significantly after this intervention,"" said VUB Bank dealer Laco Benedek.  

Market watchers expected the crown would probably settle above 38.600 per euro in the coming days, saying it was unlikely to retreat above a strongly defended level of 38.800 per euro.  

They said, however, the crown would probably resume firming in the coming weeks, adding the central bank might try to curb its advance again if it nears its record highs too quickly.  

The central bank was estimated to have bought foreign currencies worth 100-150 million euros in Monday's interventions, down from estimated 400-500 million in December."
Slovakia - Factors To Watch on Jan 3.  ,2005-01-03,"BRATISLAVA, Jan 3 (Reuters) - Here are news stories, press reports and events to watch which may affect Slovak financial markets on Monday.  

FINMIN TO RELEASE 2004 STATE BUDGET DATA  

The finance ministry will release the central state budget data for full year 2004.  

NEW CBANK HEAD SAYS INTERVENTIONS SUCCESSFUL  

Slovak central bank Governor Ivan Sramko said on Saturday that recent interventions to halt the sharp rise of the crown currency against the euro were successful.  

He also told Reuters after being officially approved as the new central bank governor by the president that further actions to stem the crown's rise are on the cards if the currency firms out of line with economic developments.  

SMK SEES OPPOSITION PARTIES IN NEXT GOVT  

Slovakia's next government after the 2006 elections will probably include one of the currently strongest opposition parties Smer or HZDS, said leader of the ethnic Hungarian party SMK, Bela Bugar. SMK is a member of the current ruling coalition.  

Sme, page 2  

United States and other Group of Seven countries, see .  

For a diary of forthcoming Slovak events, double click  

, and a calendar of east European economic indicators, see.  

News editor of the day: Martin Dokoupil on +421 2 5341 8402; fax: +421 2 5341 8403  

E-mail: bratislava.newsroom@reuters.com  

Reuters Messaging: martin.dokoupil.reuters.com@reuters.net   


For real-time index quotes, double click in brackets: Warsaw WIG20
Budapest BUX        Prague PX50         Other related news:
 
  Slovak equities              E.Europe equities
  Slovak money                 Czech debt
  Slovak Indicators            Emerging forex
  Eastern European             All emerging markets
  Hot stocks                   Stock markets
  Market debt news             Forex news
  TOP NEWS -- Emerging markets
  TOP NEWS -- Convergence watch."
INTERVIEW-UPDATE 1- Slovak  cbank - crown  interventions  successful.  ,2005-01-01,"BRATISLAVA, Jan 1 (Reuters) - Slovak central bank Governor Ivan Sramko said on Saturday that recent interventions to halt the sharp rise of the crown currency against the euro were successful.  

He also told Reuters after being officially approved as the new central bank governor by the president that further actions to stem the crown's rise are on the cards if the currency firms out of line with economic developments.  

""The basic goal we had with the interventions was to prevent the crown from excessive firming ... and this was met,"" he said in a brief interview after the swearing in ceremony, noting that a two to three percent real annual rise in the crown was realistic.  

""We will continue to monitor the crown and as we have said (after December's monetary policy meeting), if the firming is not in line with economic developments, we will use all tools to correct it,"" he added.  

The Slovak crown closed 38.723/773 to the euro on Friday, ending the year more than six percent stronger helped by a series of positive economic data and FDI news, which fuelled its late-year charge.  

The central bank intervened to counter the crown's strength last week, after the currency jumped to an all-time high of 38.530 per euro following its two-month rally.  

But the central bank did not move to ease interest rates at its final policy meeting of the year in December, and Sramko said current settings are correct.  

""We think that according to our latest decision, the monetary policy settings are good and are in line with conditions in the Slovak economy,"" he said.  

Analysts expect the bank to shift its focus in 2005 to inflation targeting from correcting the exchange rate moves after the recent changes to its policy-making board including replacement of the central bank governor Marian Jusko, whose term ended on Dec. 31.  

Dealers said the crown would probably pick up steam again later in January to wage a fresh attack on record highs to the euro, adding it might firm to levels of around 38.0 per euro by the end of the first quarter."
Slovak  cbanker says crown  interventions  successful.  ,2005-01-01,"BRATISLAVA, Jan 1 (Reuters) - Slovak central bank Governor Ivan Sramko said on Saturday that recent interventions to halt the sharp rise of the crown currency against the euro were successful.  

He also told Reuters in a brief interview after being officially approved as the new central bank governor by the president that further actions to stem the crown's rise are on the cards if the currency firms out of line with economic developments.  

The Slovak crown closed 38.723/773 to the euro on Friday, ending the year more than six percent stronger helped by a series of positive economic data and FDI news, which fuelled its late-year charge."
Slovakia - Factors To Watch on Dec 27.  ,2004-12-27," BRATISLAVA, Dec 27 (Reuters) - Here are news stories, press reports and events to watch which may affect Slovak financial markets on Monday.   

 STATS OFFICE TO RELEASE NOV PPI DATA   

 The statistics office will release November producer prices data. Analysts surveyed by Reuters earlier this month expected producer prices to rise 0.2 percent on the month and 4.5 percent on an annual basis in November.   

 C.BANK INTERVENES TO WEAKEN CROWN   

 The Slovak central bank intervened directly on the foreign exchange market for the second day in a row on Thursday, and warned it would continue fighting to prevent the crown firming too rapidly.   

 C.BANK FX RESERVES RISE   

 The central bank's foreign currency reserves edged higher to $13.919 billion in the week to December 21, from $13,906 billion one week earlier.   

 United States and other Group of Seven countries, see .   

 For a diary of forthcoming Slovak events, double click   

 , and a calendar of east European economic indicators, see.   

 News editor of the day: Martin Dokoupil on +421 2 5341 8402; fax: +421 2 5341 8403   

 E-mail: bratislava.newsroom@reuters.com   

 Reuters Messaging: martin.dokoupil.reuters.com@reuters.net   


For real-time index quotes, double click in brackets: Warsaw WIG20
Budapest BUX        Prague PX50         Other related news:
 
  Slovak equities              E.Europe equities
  Slovak money                 Czech debt
  Slovak Indicators            Emerging forex
  Eastern European             All emerging markets
  Hot stocks                   Stock markets
  Market debt news             Forex news
  TOP NEWS -- Emerging markets
  TOP NEWS -- Convergence watch."
UPDATE 1- Slovak  cbank  intervenes  again to curb crown.   ,2004-12-23,"BRATISLAVA, Dec 23 (Reuters) - The Slovak central bank said it had intervened directly on the foreign exchange market for a second day in a row on Thursday, and warned it would continue fighting to prevent the crown appreciating too quickly.   

The National Bank of Slovakia (NBS) has been battling against what it calls unjustified crown firming for more than a year, saying it could hurt the new EU member's economy.   

""We will continue to assess development of the crown's exchange rate, and if the dynamics of appreciation do not correspond to development of the economy, we will be ready to use monetary tools to correct such undesired movements,"" central bank spokesman Igor Barat told Reuters.   

The National Bank of Slovakia (NBS) started to intervene against the crown on Wednesday when the unit traded near its all-time highs at 38.550 per euro.   

Traders said the NBS stepped into the market on Thursday when the crown was at around 38.700 per euro.   

This week's intervention is the first since July, when the central bank bought foreign currencies worth a combined 766 million euros.   

The crown has risen rapidly against the euro this year, hitting a record high of 38.530 on Monday to notch up a 6.2 percent gain since January.   

The central bank has said it does not oppose gradual crown firming based on improving productivity, and it expects a stronger crown in the longer term, but the monetary body wants to continue fighting inflows of speculative capital.   

Apart from direct interventions, the central bank has also cut its main interest rates by a total of 200 basis points this year to make the crown less attractive for speculators who seek higher rates compared with major markets.   

The crown weakened to around 38.850-880 per euro after Thursday's intervention, from 38.700, easing slightly less compared with the reaction in the previous session.   

Traders said a major crown fall was unlikely in the near future as weaker levels attracted more crown buying from both domestic and foreign banks, which expect the unit to continue appreciating next year."
Slovak  cbank  intervenes  in  FX  market for second day.   ,2004-12-23,"BRATISLAVA, Dec 23 (Reuters) - The Slovak central bank said it had intervened on the foreign exchange market for the second straight day on Thursday to slow the crown's appreciation and was ready to act again if needed.   

""We will continue to assess development of the crown's exchange rate, and if the dynamics of appreciation do not correspond to development of the economy, we will be ready to use monetary tools to correct such undesired movements,"" central bank spokesman Igor Barat told Reuters.   

The National Bank of Slovakia (NBS) started to intervene against the crown on Wednesday when the unit traded at 38.550 per euro, near its all-time highs of 38.530. Traders said the NBS stepped into the market when the crown was at around 38.770 per euro on Thursday."
Emerging  FX -Rand and lira test highs -  Slovak  cbank  intervenes .  ,2004-12-23,"LONDON, Dec 23 (Reuters) - High-yield emerging market currencies firmed against a broadly weak dollar on Thursday, with the rand and lira both testing fresh highs while the Slovak central bank intervened to weaken the crown for a second day.  

The euro rose to within a quarter-cent of record highs against the U.S. currency in technically-driven trade as dealers wound down for the year-end holiday period.  

South Africa's rand coined a new six-year high of 5.6110 per dollar late on Wednesday and hovered close to that mark in light trade on Thursday. By 1100 GMT, it had eased a shade to trade at 5.6238 .  

""The rand will probably go marginally weaker from here, but I don't see a major sell off,"" said Gregory Kronsten, emerging markets analyst at WestLB.  

Kronsten added that South Africa's combination of high interest rates and a rising currency had proved a strong enticement to long-term investors, helping fuel rand gains of over 18 percent against the dollar in 2004.  

November producer price data did little to change a growing view among analysts that key interest rates may now have bottomed out at 7.5 percent.  

South African November producer prices rose at an annual rate of 2.5 percent, up from 1.9 percent the previous month, and followed a faster-than-expected 4.6 percent year-on-year rise in the November CPIX indicator, released on Wednesday.  

""Some people think that because the central bank didn't cut in December, they'll cut in February, but I don't expect any cooling in domestic demand by then,"" said Kronsten.  

""My own view is that easing has come to an end and that rates could go up a bit towards the end of next year.""  

A broadly weaker dollar helped the Turkish lira firm to its highest level since May, continuing its strong run following last Friday's decision by European Union leaders to let the country start talks on Oct. 3 2005 to join to the bloc.  

The lira traded at 1,381,100 to the dollar on the interbank market from 1,390,000.  

SLOVAK C.BANK DENTS CROWN  

The Slovak central bank followed up Wednesday's intervention to weaken the crown by selling it again at weaker levels around 38.70 per euro .  

Its action moved the euro/crown rate up to 38.85 initially, though analysts are sceptical the central bank can do any more than slow the pace of crown gains such is the volume of foreign investment inflows into the country.  

The Polish zloty drifted down from late Wednesday's near-two-year high against the euro, hit after Finance Minister Miroslaw Gronicki appeared relaxed about the currency's charge higher this week.  

Gronicki said the move reflected year-end effects from low-volume trade, while analysts continue to see little on the near-term horizon to halt the Polish currency's bull run. ""The bottom line is there's not a consensus in policy making circles that they want a weaker zloty,"" said Martin Blum, emerging markets analyst at HVB in Vienna.  

""The zloty has actually appreciated very little in real terms over the past five years and with the productivity gains seen in Poland it's still not overvalued. It's also helped bring down public debt-to-GDP levels and that helps explain Gronicki's comments.""   


The zloty traded at 4.0851 to the euro  from 4.0793 late on Wednesday
and at 3.0365 to the dollar        from 3.0453.
  

Blum said the zloty could target further gains to 3.90 per euro in the first quarter of 2005.  

""As (the euro/zloty rate) moves further south we will have policymakers becoming more aggressive in talking about foreign exchange intervention.  

""But the headwind won't prevent further downside. There's a lot of inflows into emerging Europe funds, the political backdrop in Poland is OK, yields are still OK and there's also a generally favourable environment for emerging market currencies."""
Slovak cbank sells crowns on  FX  mkt again-dealers.   ,2004-12-23,"BRATISLAVA, Dec 23 (Reuters) - The Slovak central bank intervened directly on the foreign exchange market for the second day in a row on Thursday to weaken the crown currency, dealers said.   

Traders said the central bank started selling crowns on the market when the unit traded at around 38.700 to the euro.   

The central bank started to intervene against the crown on Wednesday when the unit traded at 38.550 per euro, near its all-time highs of 38.530.   

This week's move is the first such direct action since July intervention, during which the central bank bought foreign currencies worth a combined 766 million euros."
Slovakia - Factors To Watch on Dec 23.  ,2004-12-23,"BRATISLAVA, Dec 23 (Reuters) - Here are news stories, press reports and events to watch which may affect Slovak financial markets on Thursday.  

C.BANK INTERVENES TO WEAKEN CROWN  

The Slovak central bank intervened directly on the foreign exchange market on Wednesday, selling its currency as part of its long-lasting effort to prevent the rising crown from hurting the economy.  

The National Bank of Slovakia (NBS) has been trying to rein in the crown for more than a year, saying the unit's advance is too quick and does not correspond to fundamentals in the new EU member's economy.  

CROWN FALLS AFTER C.BANK INTERVENTION

The Slovak crown weakened on Wednesday after the central bank intervened directly on the market to slow the unit's appreciation, but dealers said they did not expect further major losses in the coming days.  

The central bank entered the market with crown sales when its currency traded near all-time highs of around 38.550 per euro early in the session.  

SLOVALCO PICKS THREE BANKS FOR $100 MLN LOAN  

Slovak aluminium smelter Slovalco has picked three banks for a $100 million loan to refinance existing debt and cut borrowing costs for its operations, Financial and Commercial Director Rudolf Knapp told Reuters.  

Slovalco, run by Norway's Norsk Hydro (NHY.OL), had mandated Citigroup (C.N), ING (ING.AS) and Slovak bank Tatra Banka to be the lead arrangers of the new credit.  

United States and other Group of Seven countries, see .  

For a diary of forthcoming Slovak events, double click  

, and a calendar of east European economic indicators, see.  

News editor of the day: Peter Laca on +421 2 5341 8402; fax: +421 2 5341 8403  

E-mail: bratislava.newsroom@reuters.com  

Reuters Messaging: peter.laca.reuters.com@reuters.net   


For real-time index quotes, double click in brackets: Warsaw WIG20
Budapest BUX        Prague PX50         Other related news:
 
  Slovak equities              E.Europe equities
  Slovak money                 Czech debt
  Slovak Indicators            Emerging forex
  Eastern European             All emerging markets
  Hot stocks                   Stock markets
  Market debt news             Forex news
  TOP NEWS -- Emerging markets
  TOP NEWS -- Convergence watch."
Slovak  crown eases on second c.bank  intervention .  ,2004-12-23,"
    BRATISLAVA, Dec 23 (Reuters) - The Slovak crown closed
slightly weaker on Thursday after the central bank intervened
for the second day in a row to push the unit to lower levels,
dealers said.
    The National Bank of Slovakia (NBS) took advantage of
lighter pre-holiday liquidity on Wednesday and Thursday and sold
crowns on the market after repeated warnings that too fast an
appreciation could hurt the economy.
    The bank started intervening on Thursday when the crown
threatened to break 38.700 per euro, entering the market at a
weaker rate compared with the starting intervention level of
38.550 in the previous session.
    The crown ended at 38.830/870 to the euro, its main
reference currency, compared with Wednesday's close of
38.720/750.
    ""It seems they (NBS) do not want to see it under 38.700 for
the time being. On the other hand, they did not manage to push
it through 38.900,"" one Bratislava-based dealer from a foreign
bank said.
  


    ""I see the crown moving within that range next week. But the
crown will gradually move to a stronger level again from the
start of next year,"" he added.
 
    Dealers said the central bank could have bought an estimated
300-500 million euros in the two intervention days.
    The central bank also warned on Thursday that it would stay
  

prepared to correct crown movements in the future if the  

currency's appreciation pace does not correspond to economic  

development.  

However, analysts said they expected Slovakia's booming  

economy and inflows of foreign direct investment to fuel the  

crown's strengthening drive next year.  

""We do not believe that the bank will manage to weaken the  

crown permanently, and (we) expect the rally to re-emerge in the  

first quarter of next year at the latest, supported by rising  

productivity and news about FDI inflows,"" Slovenska Sporitelna  

said in a market note.  

The market will be closed for the Christmas holiday on  

Friday, reopening on Monday for the last trading week of 2004."
Slovak  crown weaker after c.bank  intervention .  ,2004-12-22,"
    BRATISLAVA, Dec 22 (Reuters) - The Slovak crown weakened on
Wednesday after the central bank intervened directly on the
market to slow the unit's appreciation, but dealers said they
did not expect further major losses in the coming days.
    The central bank entered the market with crown sales when
its currency traded near all-time highs of around 38.550 per
euro early in the session.
    The intervention briefly pulled the crown to around 38.900
per euro, but weaker levels attracted new crown purchases by
both foreign and domestic banks and the demand pushed the unit
to a close of 38.720/750 to the euro.
    The central bank said it had intervened to slow the crown's
rise as it considered too fast appreciation as dangerous for the
economy.
    Wednesday's intervention rounds were the first such direct
action since July when the central bank bought foreign
currencies worth a combined 766 million euros.
  


    The Slovak unit hit an all-time high of 38.530 per euro on
Monday, and dealers expected firming trend to resume early in
2005.
    ""The crown should stabilise at around 38.700 for the next
few days, but we expect it to return to around 38.500 at the
start of the new year, and then firm beyond that level,"" said
Slovenska Sporitelna dealer Juraj Zabadal.
    Thursday will be the last trading day before Christmas
holidays in Slovakia, and dealers do not expect major trading
activity next week before the end of the year."
"Emerging  FX - Slovak  crown falls on  intervention , rand firm.  ",2004-12-22,"LONDON, Dec 22 (Reuters) - The Slovak crown dropped off record highs against the euro on Wednesday after intervention from the central bank, while the dollar's weak tone helped the South African rand hit fresh six-year highs.  

The Slovak central bank was seen stepping in around 38.55 crowns per euro prompting a retreat to 38.90, but the currency soon recovered some of the lost ground as foreign banks resumed buying.  

The bank had warned at its policy meeting the previous day it would take action if crown movements did not reflect economic fundamentals, though analysts said it was fighting against an unstoppable tide of inflows.  

""Markets are completely dead at this time of year so it's easy to move the rate around, but I don't think intervention will end up being successful,"" said Lars Christensen, emerging markets analyst at Danske Bank.  

""The central bank has been emphasising hot money flows, but the flows are real money. The reason the crown has gone so strong is that Slovakia has been pursuing the right economic policies.  

""They should be happy about that because it's putting a dampener on inflationary pressures.""  

By 1038 GMT, the crown traded at 38.76 to the euro.  

Christensen said it seemed strange for the bank to intervene, just a day after revealing a switch to fixed inflation targeting.  

""It suggests they're pursuing two monetary policies, which is not really do-able.""  

The bank's monetary programme for 2005-2008 set an end-2005 inflation target of 3.0-4.0 percent, down from the expected range of 5.7-7.0 percent for December 2004. Formerly, it had an implicit targeting system, when it only estimated price growth.  

""They should perhaps follow the Czech example of not intervening, but using interest rates to hit its inflation target.""  

The rest of the central Europe region traded calmly with the Polish zloty hovering just under Tuesday's 22-month highs against the euro at around 4.10.  

RAND STEADY AFTER CPI  

The South African rand nudged to a fresh six-year high of 5.6505 per dollar in thin trade, showing little reaction to a faster-than-expected rise in inflation in November.  

South African November CPIX inflation rose at an annual pace of 4.6 percent, above a consensus forecast of 4.4 percent and up from 4.2 percent in October, going some way to justifying the central bank's decision to leave rates on hold earlier this month.  

""It was definitely higher than the market anticipated, but inflation could still start to dip as fuel price cuts start to feed through,"" said Razia Khan, chief Africa economist at Standard Chartered.  

""The number is not going to do much to change expectations on interest rates. If the rand remains strong, there could well be a rate cut in February.""  

The rand was flat at 5.64 to the dollar ."
UPDATE 2- Slovak  cbank  intervenes  to slow crown firming.   ,2004-12-22,"BRATISLAVA, Dec 22 (Reuters) - The Slovak central bank intervened directly on the foreign exchange market on Wednesday, selling its currency as part of its long-lasting effort to prevent the rising crown from hurting the economy.   

The National Bank of Slovakia (NBS) has been trying to rein in the crown for more than a year, saying the unit's advance is too quick and does not correspond to fundamentals in the new EU member's economy.   

""We maintain what we have stated for several times,"" central bank spokesman Igor Barat told Reuters. ""The appreciation of the Slovak crown is too fast; the aim of the action was to slow down this movement.""   

The crown has risen rapidly against the euro this year, hitting an all-time high of 38.530 to notch up a 6.2 percent gain since January.   

The unit was trading near record highs when the NBS entered the market on Wednesday, and the action briefly pulled the unit to 38.900 per euro. But the crown quickly rebounded and the bank intervened for a second time.   

Wednesday's intervention was the first such direct action since July when the central bank bought foreign currencies worth a combined 766 million euros.   

The central bank has said it does not oppose gradual crown firming based on improving productivity, but that it will continue to fight inflows of speculative capital.   

The NBS has cut rates by a total of 200 basis points this year to make the crown less attractive for speculators seeking higher yields than those on offer in major markets.   

Wednesday's intervention came a day after a meeting at which it left its key two-week repo ceiling at 4.00 percent.   

MORE FIRMING SEEN   

Analysts have long questioned the central bank's reasons for capping the crown's rise, saying the Slovak currency is gaining due to solid economic growth and rising flows of foreign direct investment.   

""We believe that the direct FX intervention will have only short-term impact as fundamentals and FDI inflow will support the currency in the course of 2005,"" Komercni Banka analysts said in market note. Bullish market sentiment was boosted further on Tuesday, when the central bank's monetary programme for 2005-2008 showed predictions of accelerating economic growth in the next three years.   

The central bank also said it would switch to inflation targetting from 2005, setting the end-year target at 3.0-4.0 percent, compared with this year's estimate of 5.7-7.0 percent headline price growth.   

The monetary body will target inflation of under 2.5 percent in 2006 and below 2.0 percent in 2007 and 2008, which analysts said were ambitious goals.   

Some economists have warned that the central bank will only achieve its long-term inflation goal, needed for euro adoption, with the help of a firming crown, and urged the bank to let the currency appreciate more freely.   

Slovakia plans to meet all criteria for joining the euro in 2007, so that it could adopt the single currency two years later.   

""The NBS will need strong currency to meet its inflation target. We therefore suggest clients to take advantage of FX intervention and buy SKK (crowns),"" Komercni Banka said."
Slovak  cbank says  intervened  to slow crown firming.   ,2004-12-22," BRATISLAVA, Dec 22 (Reuters) - The Slovak central bank said it had intervened directly on the foreign exchange market on Wednesday to slow down fast firming of the crown currency.    

 ""The appreciation of the Slovak crown is too fast; the aim of the action was to slow down this movement,"" central bank spokesman Igor Barat told Reuters.    

 Wednesday's move is the first such direct action since July interventions, during which the central bank bought foreign currencies worth a combined 766 million euros."
Slovak  cbank  intervenes  to weaken crown-dealers.   ,2004-12-22,"BRATISLAVA, Dec 22 (Reuters) - The Slovak central bank intervened directly on the foreign exchange market on Wednesday to weaken the rising crown currency, dealers said.   

Traders said the central bank started selling crowns on the market when the unit traded at around 38.550 per euro.   

Wednesday's move is the first such direct action since intervention in July, during which the central bank bought foreign currencies worth a combined 766 million euros."
Slovakia - Factors To Watch on Dec 16.  ,2004-12-16,"BRATISLAVA, Dec 16 (Reuters) - Here are news stories, press reports and events to watch which may affect Slovak financial markets on Thursday.  

C.BANK GOV SAYS WOULD APPROVE SKK INTERVENTION

Outgoing Slovak central bank Governor Marian Jusko said he was in favour of intervening to stop the crown's rapid appreciation and would approve the use of any the bank's tools if proposed by the board.  

C.BANKER MRVA SAYS SKK RISE TOO FAST  

The Slovak crown is firming too fast, and the central bank is prepared to use all of its tools to knock the currency down if the rapid rise continues at its current pace, Karol Mrva, a central bank board member, told Reuters.  

GOVT NOMINATES BARTO AS C.BANK VICE-GOV  

The Slovak government nominated Martin Barto as a new central bank vice-governor, a former commercial banker who is expected to have a strong influence on monetary policy. Parliament is expected to vote in January on the nomination.  

ECON MIN SEES FDI INFLOW CONTINUING IN 2005  

Slovak Economy Minister Pavol Rusko said he expected foreign investors to continue flocking to the new EU member country next year with FDI seen at least at the same pace as in 2004. The ministry was hoping to finalise two large FDI projects in the near future, which should bring a total of 5,000 jobs to eastern Slovakia.  

KOUEI TO BUILD EUR 23 MLN RECYCLING UNIT  

The Slovak unit of Canada's Kouei Industries said on Wednesday, it planned to invest 22.5 million euros to build tyre and plastics recycling plants in central Slovakia.  

JOBLESS RATE DROPS TO 12.6 PCT IN NOV  

Slovakia's unemployment rate fell for the tenth consecutive month in November, easing to 12.58 percent from 12.72 percent in the previous month.  

United States and other Group of Seven countries, see .  

For a diary of forthcoming Slovak events, double click  

, and a calendar of east European economic indicators, see.  

News editor of the day: Martin Dokoupil on +421 2 5341 8402; fax: +421 2 5341 8403  

E-mail: bratislava.newsroom@reuters.com  

Reuters Messaging: martin.dokoupil.reuters.com@reuters.net   


For real-time index quotes, double click in brackets: Warsaw WIG20
Budapest BUX        Prague PX50         Other related news:
 
  Slovak equities              E.Europe equities
  Slovak money                 Czech debt
  Slovak Indicators            Emerging forex
  Eastern European             All emerging markets
  Hot stocks                   Stock markets
  Market debt news             Forex news
  TOP NEWS -- Emerging markets
  TOP NEWS -- Convergence watch."
Slovakia - Factors To Watch on August 2.  ,2004-08-02,"BRATISLAVA, Aug 2 (Reuters) - Here are news stories, press reports and events to watch which may affect Slovak financial markets on Monday:  

FINMIN TO RELEASE JAN-JULY STATE BUDGET DATA  

The finance ministry will release the state budget data for the January-July period. Slovakia's state budget showed a deficit of 12.455 billion crowns in the first six months of this year. The 2004 state budget was approved with a ceiling for the deficit of 78.495 billion crowns.  

C.BANK TO AUCTION 15-YR TREASURY BONDS  

The central bank will hold an auction of the third tranche of the 15-year, 5.30 percent treasury bonds on behalf of the finance ministry's debt and liquidity agency. The state sold 5.232 billion crowns worth of the paper at an average yield of 5.232 percent in the last tender on June 21. Total demand was 8.192 billion crowns.  

C.BANK TO RELEASE JAN-MAY C/A DATA  

The central bank is expected to release the current account data for the January-May period. The country's current account showed a surplus of 4.0 billion crowns in the first four months of the year.  

C.BANK LEAVES RATES ON HOLD  

The central bank held interest rates steady on Friday, but kept the market on its toes by signalling willingness to ease the costs of credit further in light of muted price pressures. The decision, which left the main two-week repo rate at 4.50 percent, was widely expected by the markets due to the crown currency's recent retreat to weaker levels.  

C.BANK REVEALS COVERT FX INTERVENTION IN JUNE  

The Slovak central bank bought 87 million euro through a direct foreign exchange deal in June, the bank said on Friday. The bank refrained from covert interventions against the strong crown in May and April, but bought foreign currencies worth a combined 277 million euro in the first three months of this year.  

STATE BATTLES TO MEET KIA LAND HANDOVER DEADLINE  

Slovakia may not be able to hand over on time a construction site for a one billion euro ($1.2 billion) car plant of South Korea's auto maker Kia Motors , the economy ministry said on Friday. The state has run into difficulty purchasing land for the Kia plant, which will be the new EU member's largest ever greenfield foreign project, as several landowners refused to accept the price offered by the state.  

C.BANK FOREX RESERVES DROP  

The Slovak central bank's foreign currency reserves fell to $13.321 billion in the week to July 28, from $13.530 billion one week earlier, the bank said on Friday.  

For Slovak economic indicators  

For an economic indicator diary for the euro zone, the United States and other Group of Seven countries, see .  

For a diary of forthcoming Slovak events, double click  

, and a calendar of east European economic indicators, see.  

News editor of the day: Martin Dokoupil on +421 2 5341 8402; fax: +421 2 5341 8403  

E-mail: bratislava.newsroom@reuters.com  

Reuters Messaging: martin.dokoupil.reuters.com@reuters.net   


For real-time index quotes, double click in brackets: Warsaw WIG20
Budapest BUX        Prague PX50         Other related news:
 
  Slovak equities              E.Europe equities
  Slovak money                 Czech debt
  Slovak Indicators            Emerging forex
  Eastern European             All emerging markets
  Hot stocks                   Stock markets
  Market debt news             Forex news
  TOP NEWS -- Emerging markets
  TOP NEWS -- Convergence watch."
"Slovak crown eases, seen locked in narrow range.  ",2004-07-22,"
    BRATISLAVA, July 22 (Reuters) - The Slovak crown closed a
touch softer to the euro in quiet summer holiday trading on
Thursday, and dealers said a fresh impulse would be needed to
drive the unit out of its current narrow range.
    The crown has been hovering in a tight corridor of
39.800-39.900 to the euro for the past few days as the market
sought new reference levels following the central bank's heavy
intervention early last week.
    The Slovak unit firmed to 39.830 per euro early on Thursday
after a London-based bank started selling euros, but later
slipped to 39.870 on euro purchases by a local bank.
    Dealers said the crown, which hit a record high of 39.675
per euro earlier this month, should drift in its recent range in
the coming days in the absence of market-moving news.
    ""The trading should be calm until next Friday, when the
central bank holds its monetary meeting. But there is nothing
special expected,"" said ING Bank dealer Jan Rafaj.
  


    All analysts surveyed by Reuters earlier in July expected
the central bank to stay on hold this month after it cut rates
by 50 basis points in June to dent the crown's firming
potential.
 
    The bank has eased credit costs by 150 basis points this
year to stop hot-money inflows from boosting the crown.
    However, policy makers recently resorted to direct crown
selling after the wave of rate cuts, off-market crown sales and
repo tenders failed to weaken the currency as hoped.
    But dealers said the bank would have no reason to consider
  

further market intervention if the crown, which is up 3.2  

percent to the euro this year, remains close to its current  

levels.  

The bank has been battling the rapid rise of the crown for  

months, saying its pace was too quick despite improving economic  

fundamentals.  

- MARKET SNAPSHOT AT 1435 GMT-  

Crown/euro at 39.850/900 vs 39.831/880 on Wednesday  

Crown/dollar at 32.433/474 vs 32.556/597  

5-yr yield March 2008 at 4.125/3.976 pct vs 4.160/090  

10-yr yld July 2013 at 5.152/049 pct vs 5.142/4.892  

-."
UPDATE 1-Slovak cbank accepts all bids in 2-wk repo tender.  ,2004-07-20,"BRATISLAVA, July 20 (Reuters) - The Slovak central bank (NBS) accepted all bids in a two-week repo tender on Tuesday, surprising analysts who expected it to leave the market drowning in liquidity to weaken the crown currency.  

The NBS said it drained 90.999 billion crowns ($2.8 billion) of surplus liquidity from the money market, at an average rate of 4.41 percent in the operation.  

The market had eyed the outcome of the repo tender to gauge the central bank's reaction to the crown's quick recovery from six-weeks lows of 40.050 per euro it touched last week following massive interventions.  

Recently the central bank has repeatedly rejected at least some bids to deter inflows of short-term capital, which is taking advantage of the interest rate differential with the euro zone. The NBS did not comment on the result of Tuesday's tender.  

The crown firmed to 39.801/851 per euro after the tender from the opening level of 39.845/895. Dealers said it was likely to test the key 39.800 per euro level in the coming days if the central bankers remain out of the market.  

""The crown firmed after the repo tender results. It seems that they (the central bank) accept that the crown could be a little stronger,"" said ING Bank dealer Jan Rafaj.  

Over the past week the central bank intervened heavily to knock the crown off its record high of 39.675 per euro.  

But the currency has since erased most of its losses as the the central bank quit the market saying it was satisfied with the intervention result.  

The Slovak unit, which is up 3.3 percent against the euro this year, has been firming sharply in the past months due to the country's solid economic performance and expectations of investment inflows from abroad.  

On Tuesday, the minimum rate was 4.20 percent, while the maximum accepted yield stood at 4.50 percent, matching the central bank's limit rate for two-week tenders."
"Emerging  FX -Zloty holds firm pre vote, forint awaits data.  ",2004-07-15,"LONDON, July 15 (Reuters) - The Polish zloty held firm close to 10-month highs against the euro on Thursday ahead of a key vote on pension reforms in parliament, while the Hungarian forint traded quietly ahead of key budget data.  

The zloty extended this week's strong gains on Wednesday after news of a jump in June consumer price inflation stoked rate hike expectations. The annual inflation rate hit 4.4 percent, above market forecasts and up from 3.4 percent in May. A calmer tone set in on Thursday with dealers looking ahead to a vote in parliament on Friday on pension reforms - a key pillar of the government's efforts to curb spending.  

""The pension reform vote will only be a factor if it fails, we think it's largely been priced in,"" said Tania Kotsos, currency analyst at Royal Bank of Canada.  

""The zloty is behaving as a carry trade, especially in the summer months with people happy just to hold their positions to pick up the yield.""  

Analysts said the June CPI number increased the chances of a further rate hike in July to follow June's 50 basis point increase, though Monetary Policy Council member Halina Wasilewska-Trenkner said she expected price pressures to begin to ease in August.  

Kotsos said that on a technical basis, the zloty needed a decisive break under 4.4250 to open up levels of 4.40 and beyond.   


By 0915 GMT, the zloty traded at 4.43 to the euro  from 4.4395 and at
3.5870 to the dollar        from 3.5880.
  

FORINT EYES BUDGET DATA  

The Hungarian forint hovered around the 250 per euro level, with the market seen subdued ahead of final June and preliminary July budget data due at 1100 GMT.  

Analysts said the sacking of two finance ministry officials on Wednesday was perhaps an indicator of bad news to come, with the market already sceptical about the government's chances of hitting a 4.6 percent-of-GDP deficit target for 2004.  

""It is suspicious and could make things worse for the budget, but it's uncertain at this stage,"" said Caio Natividade, emerging markets currency analyst at Deutsche Bank.  

There has also been talk that the departure of Elemer Tertak, administrative state secretary with responsibility for the budget, and his deputy Akos Cseres, was simply a case of a personality clash with Finance Minister Tibor Draskovics and would have no bearing on Thursday's numbers.  

Natividade said that while there was downside risk in the forint, he still favoured this week's uptrend to remain intact: ""As far as momentum is concerned, the market is going to 247.50.""  

Speculation is also mounting that the central bank may take advantage of the forint's move to two-month highs against the euro this week to trim interest rates at its next policy meeting on Monday.  

Key rates are at a lofty 11.5 percent having been jacked up to deter outflows from the bond market and the forint.  

The forint traded was little changed at 249.55 to the euro .  

The Slovak crown held to narrow ranges around the 39.90 area against the euro with the market still nervous about the potential for further central bank intervention to weaken the currency.  

The Slovak May trade gap came in at a bigger-than-expected 2.1 billion crowns, but with some analysts expecting foreign direct investment inflows to outpace the current account deficit by a ratio of 3:1 this year, the crown uptrend is expected to remain intact."
UPDATE 1- Slovak  cbank says  FX intervention  changed trend.   ,2004-07-14,"BRATISLAVA, July 14 (Reuters) - Slovak central bank Governor Marian Jusko said on Wednesday he was satisfied with the outcome of intervention on the foreign exchange market over the past week designed to halt a rapid firming of the crown.   

The central bank started intervening on the forex market last Thursday in the first such direct action since May 2003, and it continued to sell crowns on Monday and Tuesday.   

The bank knocked the crown off its the all-time high of 39.675 per euro, pushing the unit to around 39.910 in late Wednesday trading.   

""I am satisfied with the outcome of interventions,"" Jusko told journalists after the regular government meeting.   

""There was a clear trend of excessive crown firming in the past few days and weeks and this tendency has been reversed,"" he added.   

The Slovak monetary body has been trying to slow crown appreciation for over a year, saying the firming has been too fast and could hurt the economy which entered the EU in May.   

Jusko said on Wednesday the central bank considered a wide range of issues when it decides on its policy moves.   

He said the possible negative impact of strong currency on exporters was one of the factors, but not necessarily the main reason behind the latest action against the crown. ""In recent past, we have met with 15 representatives of industrial chambers. There was not a single voice that would want a strong crown. The voices ware rather contrary,"" Jusko said.   

The central bank did not disclose the amounts of foreign currencies it had bought from the market, but the market estimated the volume at 400-500 million euros.   

Despite the initial fall of the crown, the central bank met stiff opposition from foreign banks at around 40.000 per euro as investors appeared to believe that the Slovak currency had the potential to firm again.   

Analysts said the central bank might keep the crown off record highs for some time.   

But they predicted inflows of foreign capital to prevail in the long term due to Slovakia's good economic fundamentals, such as an improving trade balance, strong GDP growth and prospects of foreign direct investment projects."
Slovak  cbank says  FX interventions  reversed trend.   ,2004-07-14,"BRATISLAVA, July 14 (Reuters) - Slovak central bank Governor Marian Jusko said on Wednesday he was satisfied with the outcome of interventions on foreign exchange market over the past week designed to halt quick firming of the crown.   

Jusko told journalists after a government meeting that interventions reversed the trend of excessive crown firming from recent past.   

The central bank started intervening on the forex market last Thursday, and it continued to sell crowns on Monday and Tuesday. The bank knocked the crown off an all-time high of 39.675 per euro, pushing the unit to around 39.910 in late Wednesday trading."
Slovakia - Factors To Watch on July 14.  ,2004-07-14,"BRATISLAVA, July 14 (Reuters) - Here are news stories, press reports and events to watch which may affect Slovak financial markets on Wednesday:  

GOVERNMENT HOLDS REGULAR MEETING  

The government will hold its weekly meeting. The agenda does not include major economic items. Financial markets will be watching the meeting to see whether central bank officials, who attend government sessions, comment on recent crown moves.  

CEZ HOLDS NEWS CONFERENCE  

Czech dominant power producer CEZ will hold a news conference to speak about its plans in the privatisation tender for Slovak utility Slovenske Elektrarne.  

ECONOMY MINISTER MEETS EXPORTERS  

Economy Minister Pavol Rusko will present an award for Slovakia's best exporting company for 2003.  

C.BANK CONTINUES TO INTERVENE

The Slovak central bank intervened on the foreign exchange market for the second consecutive day on Tuesday, continuing its fight against crown firming. The bank started selling crowns directly on the market on Thursday last week, saying it viewed the currency's firming as too quick.  

Traders said the central bank entered the market on Tuesday when the crown traded near 39.900 per euro, which is a weaker level compared with the previous intervention rounds.  

C.BANK DRAINS ALL EXCESS LIQUIDITY WITH REPO TENDER  

The Slovak central bank accepted all bids in its two-week repo tender on Tuesday, draining 114.92 billion crowns ($3.6 billion) of surplus liquidity from the market, the bank's data showed.  

MINISTRIES DEMAND MORE MONEY FROM 2005 BUDGET  

Slovak ministries are demanding more funds for the so-called priority projects for 2005 than the allocated sum in the preliminary budget draft. The finance ministry said that total demands exceed the budgeted amount by 22 billion crowns.  

Sme, page 1  

For Slovak economic indicators  

For an economic indicator diary for the euro zone, the United States and other Group of Seven countries, see .  

For a diary of forthcoming Slovak events, double click  

, and a calendar of east European economic indicators, see.  

News editor of the day: Peter Laca on +421 2 5341 8402; fax: +421 2 5341 8403  

E-mail: bratislava.newsroom@reuters.com  

Reuters Messaging: peter.laca.reuters.com@reuters.net   


For real-time index quotes, double click in brackets: Warsaw WIG20
Budapest BUX        Prague PX50         Other related news:
 
  Slovak equities              E.Europe equities
  Slovak money                 Czech debt
  Slovak Indicators            Emerging forex
  Eastern European             All emerging markets
  Hot stocks                   Stock markets
  Market debt news             Forex news
  TOP NEWS -- Emerging markets
  TOP NEWS -- Convergence watch."
Slovak  crown slides as cbank keeps  intervening .  ,2004-07-13,"
    BRATISLAVA, July 13 (Reuters) - The Slovak crown ended
weaker on Tuesday, hit by the third wave of the central bank's
direct interventions aimed at undermining the currency's firming
potential, dealers said.
    The central bank stepped into the forex market on Tuesday
for the third time in less than a week, trying to weaken the
crown through a psychological level of 40.000 per euro.
 ""The central bank started buying euros as soon as the crown
touched 39.900 (per euro) and it succeeded in sending it up to
40.035,"" said ING Bank dealer Jan Rafaj.
    Market watchers said the central bank might have bought
around 100 million euros on Tuesday, less than the 200 million
it was estimated to have bought in each of the previous
intervention rounds on Monday and Thursday.
    Dealers said the central bank was probably aiming to push
the crown beyond the next strong level of 40.100 per euro,
hoping that it would trigger a wave of stop-loss orders.
  


    ""I think that 40.100 (per euro) level will be defended very
strongly and that the central bank will not push the crown
through it alone,"" Rafaj said.
    The central bank started to intervene on the forex market
after interest rate cuts and money market tools failed to
discourage foreign capital inflows and reverse crown firming.
    Traders said the crown could float in a range of
39.900-40.050 per euro in the coming days, but added that
investors would keep testing the central bank's determination to
fight market flows with direct interventions.
    Analysts have said the central bank's attempts to stop the
surging crown would have only a temporary impact as the
country's sound economic performance was likely to keep
attracting foreign investors.
--------------- MARKET SNAPSHOT AT 1430 GMT--------------------
Crown/euro  at 39.948/997 at 39.900/940 on Monday
Crown/dollar  at 32.396/446 from 32.145/195
5-yr yield March 2008  at 4.304/102 pct vs 4.274/074
10-yr yld July 2013  at 5.075/4.932 pct vs 4.989/883
----------------------------------------------------------------."
UPDATE 1- Slovak  c.bank  intervenes  again to weaken crown.   ,2004-07-13,"BRATISLAVA, July 13 (Reuters) - The Slovak central bank intervened on the foreign exchange market for the second consecutive day on Tuesday, continuing its fight against crown firming.   

Central bank spokesman Igor Barat confirmed Tuesday's intervention, but he declined to give any details about the action.   

The central bank started selling crowns directly on the market on Thursday last week, saying it viewed the currency's firming since the beginning of the year as too quick.   

Traders said the central bank entered the market on Tuesday when the crown traded near 39.900 per euro, which is a weaker level compared with the previous intervention rounds.   

""This time, it started when it looked that the crown could go under 39.900 (per euro)... It seems they are trying to move the crown above 40.000,"" one Bratislava-based dealer said.   

This month's intervention is the first direct action on the market since May 2003, but the Slovak central bank has been fighting against crown firming for more than a year.   

It has used interest rate cuts and money market instruments to discourage inflows of foreign capital, saying that that gains which are too sharp could hurt the small and open economy that joined the European Union in May.   

Tuesday's intervention pushed the Slovak unit to 40.030 per euro. The crown hit an all-time high of 39.675 per euro last week, which was around 3.7 percent up from the beginning of the year.   

The central bank considers the crown's rally to be fuelled by inflows of speculative capital, but many analysts say foreign investors are attracted mainly by Slovakia's good economic fundamentals. The central bank has said there will be some room for crown firming in the long term, but it added that it would continue using its monetary arsenal to prevent sharp market moves."
