title,date,text
*S&PGRBulletin: CHF Loan Law A Remote Risk For Slovenian Banks,2022-02-02,"2 Feb 2022 12:44 ET  Press Release: S&PGRBulletin: CHF Loan Law A Remote Risk For Slovenian Banks


 
 
The following is a press release from S&P Global Ratings: 
 
FRANKFURT (S&P Global Ratings) Feb. 2, 2022--S&P Global Ratings said today 
said that the Slovenian parliament's vote to introduce a law requiring banks 
to compensate loan holders for exchange-rate losses on Swiss franc (CHF) loans 
poses a remote risk to the Slovenian banking sector. Consequently, we do not 
see the law as having a direct immediate bearing on our banking industry 
country risk assessment for Slovenia. 
 
The law retroactively introduces a cap on the exchange rate on retail loans 
issued between 2004 and 2010 and denominated in Swiss francs, or denominated 
in the domestic currency, but with the amount of interest or principal linked 
to the Swiss franc. The cap would be activated when a change in the 
euro-to-Swiss franc exchange rate caused the credit balance or repayment 
installments to differ by more than 10% compared to the exchange rate when the 
loan was drawn down. The law largely concerns long-term mortgages, regardless 
of any violations of the requirement to inform clients of certain risks when 
they took out the loans, or of whether the loans have been fully repaid, 
terminated, or sold to third parties. 
 
We understand that the retroactive application of the law could contradict 
Slovenian and the European legislation, making the implementation of the law 
highly doubtful. The Bank of Slovenia  and the European Central Bank  have 
claimed that the law violates both Slovenian and EU  law, and we expect that 
Slovenian banks will challenge the law in the constitutional court on these 
grounds. We note, however, that there is a general election scheduled for 
April this year in Slovenia. This may affect the legislative process, and thus 
adds uncertainty to the outcome. 
 
The banks have estimated that, if enacted, the law would cause a EUR300 
million loss. This would materially strain their profitability in the year the 
law was enacted, but we believe that the effect would remain manageable thanks 
to the banks' solid capital buffers and operating performance. Slovenian banks 
recorded sector-wide net profits of EUR473 million in the year to November 
2021. Additionally, about 65% of domestic banking assets belong to banks that 
are part of larger foreign groups, which, in our view, would provide a second 
line of defense if necessary. However, we acknowledge that the estimate of 
loss is highly uncertain, and that it depends, among other things, on the 
evolution of the euro-to-Swiss franc exchange rate. Moreover, the banks will 
likely be affected to varying degrees. At the same time, the share of Swiss 
franc-linked loans in the private sector is less than 2% of total loans, and, 
as such, adverse movements in exchange rates would be unlikely to increase 
credit losses materially. 
 
If losses occur, we view the estimated amount as unlikely to destabilize the 
Slovenian banking industry. However, the adoption of the law on a retroactive 
basis could bring into question the predictability of Slovenia's legal 
framework and increase uncertainty about negative intervention by the future 
government in the banking sector. As a result, if we thought that the 
likelihood of the law being enacted was increasing, we could consider revising 
our view of industry risk in Slovenia's banking industry to a weaker 
assessment. We could take a similar action if the discussions around the 
introduction of the law turned out to be the starting point for a series of 
unfavorable laws for the domestic banking sector. We will also monitor 
potential negative shifts in foreign investor sentiment, as these could 
increase economic risks in the country. 
 
This report does not constitute a rating action. 
 
Primary Credit Analyst: Gabriel Zwicklhuber, Frankfurt +  49(0)6933999169; 
                        gabriel.zwicklhuber@spglobal.com 
Secondary Contacts: Cihan Duran, CFA, Frankfurt +  49 69 3399 9177; 
                    cihan.duran@spglobal.com 
                    Anna Lozmann, Frankfurt +  49 693 399 9166; 
                    anna.lozmann@spglobal.com 
                    Lukas Freund, Frankfurt +  49-69-3399-9139; 
                    lukas.freund@spglobal.com 
 
 
No content (including ratings, credit-related analyses and data, valuations, 
model, software, or other application or output therefrom) or any part thereof 
(Content) may be modified, reverse engineered, reproduced, or distributed in 
any form by any means, or stored in a database or retrieval system, without 
the prior written permission of Standard & Poor's Financial Services LLC or 
its affiliates (collectively, S&P). The Content shall not be used for any 
unlawful or unauthorized purposes. S&P and any third-party providers, as well 
as their directors, officers, shareholders, employees, or agents (collectively 
S&P Parties) do not guarantee the accuracy, completeness, timeliness, or 
availability of the Content. S&P Parties are not responsible for any errors 
or omissions (negligent or otherwise), regardless of the cause, for the 
results obtained from the use of the Content, or for the security or 
maintenance of any data input by the user. The Content is provided on an ""as 
is"" basis. S&P PARTIES DISCLAIM ANY AND ALL EXPRESS OR IMPLIED WARRANTIES, 
INCLUDING, BUT NOT LIMITED TO, ANY WARRANTIES OF MERCHANTABILITY OR FITNESS 
FOR A PARTICULAR PURPOSE OR USE, FREEDOM FROM BUGS, SOFTWARE ERRORS OR 
DEFECTS, THAT THE CONTENT'S FUNCTIONING WILL BE UNINTERRUPTED, OR THAT THE 
CONTENT WILL OPERATE WITH ANY SOFTWARE OR HARDWARE CONFIGURATION. In no event 
shall S&P Parties be liable to any party for any direct, indirect, incidental, 
exemplary, compensatory, punitive, special or consequential damages, costs, 
expenses, legal fees, or losses (including, without limitation, lost income or 
lost profits and opportunity costs or losses caused by negligence) in 
connection with any use of the Content even if advised of the possibility of 
such damages. 
 
Credit-related and other analyses, including ratings, and statements in the 
Content are statements of opinion as of the date they are expressed and not 
statements of fact. S&P's opinions, analyses, and rating acknowledgment 
decisions (described below) are not recommendations to purchase, hold, or sell 
any securities or to make any investment decisions, and do not address the 
suitability of any security. S&P assumes no obligation to update the Content 
following publication in any form or format.  The Content should not be relied 
on and is not a substitute for the skill, judgment, and experience of the 
user, its management, employees, advisors, and/or clients when making 
investment and other business decisions. S&P does not act as a fiduciary or 
an investment advisor except where registered as such. While S&P has obtained 
information from sources it believes to be reliable, S&P does not perform an 
audit and undertakes no duty of due diligence or independent verification of 
any information it receives. 
 
To the extent that regulatory authorities allow a rating agency to acknowledge 
in one jurisdiction a rating issued in another jurisdiction for certain 
regulatory purposes, S&P reserves the right to assign, withdraw, or suspend 
such acknowledgement at any time and in its sole discretion. S&P Parties 
disclaim any duty whatsoever arising out of the assignment, withdrawal, or 
suspension of an acknowledgment as well as any liability for any damage 
alleged to have been suffered on account thereof. 
 
S&P keeps certain activities of its business units separate from each other in 
order to preserve the independence and objectivity of their respective 
activities. As a result, certain business units of S&P may have information 
that is not available to other S&P business units. S&P has established 
policies and procedures to maintain the confidentiality of certain nonpublic 
information received in connection with each analytical process. 
 
S&P may receive compensation for its ratings and certain analyses, normally 
from issuers or underwriters of securities or from obligors. S&P reserves the 
right to disseminate its opinions and analyses. S&P's public ratings and 
analyses are made available on its Web sites, www.spglobal.com/ratings (free 
of charge), and www.ratingsdirect.com (subscription), and may be distributed 
through other means, including via S&P publications and third-party 
redistributors. Additional information about our ratings fees is available at 
www.spglobal.com/usratingsfees(""http://www.spglobal.com/usratingsfees""). 
 
Any Passwords/user IDs issued by S&P to users are single user-dedicated and 
may ONLY be used by the individual to whom they have been assigned. 
No sharing of passwords/user IDs and no simultaneous access via the same 
password/user ID is permitted. To reprint, translate, or use the data or 
information other than as provided herein, contact Client Services, 
55 Water Street, New York, NY 10041; (1) 212-438-7280 or by e-mail to: 
research_request@spglobal.com. 
 
Copyright (c) 2022 by Standard & Poor's Financial Services LLC. 
All rights reserved. 
 
 

(END) Dow Jones Newswires

February 02, 2022 12:44 ET (17:44 GMT)"
*S&PGR Revises Slovenia Outlook To Pos; Affirms 'A/A-1' Ratings,2016-12-16,"16 Dec 2016 11:36 ET  Press Release: S&PGR Revises Slovenia Outlook To Pos; Affirms 'A/A-1' Ratings


 
 
The following is a press release from Standard & Poor's: 
OVERVIEW 
 
     -- We project Slovenia's robust economic growth will persist in 2017-2019. 
     -- Monetary conditions are gradually normalizing and non-performing 
exposures have reduced sizably, and, despite the current budgetary pressures, 
we expect Slovenia's government debt relative to GDP to continue on a downward 
path over 2017-2019. 
     -- As a result, we are revising our outlook on Slovenia to positive from 
stable, and affirming our 'A/A-1' long- and short-term sovereign credit 
ratings. 
     -- The positive outlook reflects our view of at least a one-in-three 
likelihood that we will raise our ratings on Slovenia over the next two years 
if we observe further improvements in the country's transmission of monetary 
policy and budgetary position, with a decline in general government debt. 
 
RATING ACTION 
 
On Dec. 16, 2016, S&P Global Ratings revised its outlook on the Republic of 
Slovenia to positive. At the same time, we affirmed our 'A/A-1' long- and 
short-term foreign and local currency sovereign credit ratings on Slovenia. 
 
RATIONALE 
 
The outlook revision reflects our expectation that the recovery of the 
Slovenian economy will continue at a solid pace. We now estimate that the 
Slovenian economy will grow by about 2.5% in 2016 and accelerate to 2.7% in 
2017, supported by strong net exports and increasing private consumption. The 
latter will be supported by higher disposable incomes thanks to improving labor 
market conditions, low, albeit slowly increasing, inflation and likely public 
sector wage hikes, as well as growing household credit. In addition to domestic 
demand, Slovenia's economy will continue to be supported by the country's 
competitive export-oriented economic structure. Private investment will further 
underpin export potential, for example as production in the automotive sector 
is extended. In that regard, we expect manufacturing to remain an important 
sector for Slovenian economic growth over the projection horizon. As the output 
gap narrows and wages continue to increase, we anticipate that inflation will 
be over 1% in 2017. 
 
We also believe that the implementation of growth-enhancing structural reforms, 
including in judicial and administrative areas, could further boost Slovenia's 
medium-to-long-term economic growth prospects, while health care system reform 
could improve prospects for government finances over time. Furthermore, the 
educational system plays an increasingly important role in preserving the 
international competitiveness that the open Slovenian economy enjoys. Although 
the economy benefits from its openness to international trade (exports of goods 
and services will amount to about 80% of GDP this year), in our view, 
significant administrative barriers, e.g., in judiciary, still inhibit business 
and investments. 
 
The continuing deepening of international linkages will remain positive for the 
Slovenian economy and, with strengthening trade and services balances, we 
expect the current account to remain in surplus of over 6% of GDP on average 
over 2016-2019 despite rising imports as investment and consumption increase. 
While the external deleveraging of the financial sector continues, firms have 
increasingly relied on alternatives to bank funding to finance investments, for 
example own reserves, intercompany loans, or foreign debt issuance. Despite the 
pickup in consumer credit in recent months, we believe credit growth will 
likely remain subdued in 2017. While we still view the monetary and credit 
transmission mechanism to the real economy in Slovenia as hampered due to the 
recent banking crisis, despite the European Central Bank's (ECB's) expansionary 
monetary stance, we expect banking sector activities and monetary conditions to 
continue to normalize in 2017. In that vein, we anticipate that the ratio of 
nonperforming loans of 6.4% (as of September 2016) will further decline, given 
the economic growth and further restructuring efforts, especially in the small 
and midsize enterprises sector. We also note that, following years of 
deleveraging, the corporate debt-to-GDP ratio has reduced to below the euro 
area average. 
 
We believe that rising domestic demand and the recent strong labor market 
performance--with the unemployment rate decreasing from around 8% on average in 
2016 to 7.7% at year-end 2017--will support the authorities' budgetary 
consolidation efforts. We project the general government deficit to average 
1.8% of GDP over 2016-2019, with the deficit in 2017 likely slightly higher 
than envisaged by the government, depending on the outcome of ongoing 
negotiations on public sector wages and the stance on relieving consolidation 
measures introduced in past years. We also expect government investment to 
resume following the break in 2015-2016 owing to the start of the new EU budget 
cycle. We nonetheless expect that the government will continue to focus on 
further narrowing the fiscal deficit and reducing the general government 
debt-to-GDP ratio. To this end, lawmakers have adopted a fiscal rule act that 
establishes limits for general government expenditures so as to achieve a 
structurally balanced budget in the medium term. 
 
We expect that, besides successively lower budget deficits, the drawdown of the 
government's existing cash buffer will drive the decrease in general government 
debt in nominal terms by 0.2% of GDP on average per year over 2016-2019. In our 
view, this will support a reduction in the gross general government debt as a 
share of GDP to about 69% in 2019 from 81% in 2015. 
 
At the same time, we project that the decline in the net government debt-to-GDP 
ratio will be around 2% of GDP over the same period. As with our treatment of 
the debt of all asset management companies (""bad banks""), our estimates of 
Slovenia's gross and net general government debt include obligations related to 
the Bank Asset Management Company (BAMC), issued to purchase loans and other 
distressed assets from participating Slovenian banks at a discount to market 
value. At the same time, we exclude from the general government debt stock the 
guarantees related to the European Financial Stability Facility (EFSF; see ""S&P 
Clarifies Its Approach To Accounting For EFSF Liabilities When Rating The 
Sovereign Guarantors,"" published Nov. 2, 2011, on RatingsDirect). We forecast 
the ratio of general government interest expenditures to general government 
revenues will be about 6% in 2016, down from 6.5% in 2015, before declining 
further thanks to the ECB's Public Sector Purchase Programme, which is 
currently scheduled to run until the end of 2017. 
 
In our forecast we do not incorporate any future proceeds from the ongoing 
privatization process (for example, of the largest state-owned bank Nova 
Ljubljanska Banka) or sale of assets from the BAMC, which took over 
nonperforming claims totaling EUR5 billion (about 12% of 2016 GDP) from the 
banking sector. If these sale revenues were applied to government debt 
reduction, net general government debt relative to GDP could decline at a 
faster pace than we currently anticipate. 
 
Following a protracted banking crisis, Slovenia's banking sector returned to 
profitability in 2015 and appears well capitalized. According to Bank of 
Slovenia data, the average capital adequacy ratio (on a solo basis) was 21.4% 
in September 2016, up by 0.5 percentage points compared with year-end 2015. We 
believe that the regulatory framework has materially strengthened, driven by 
the transfer of the supervisory functions to the ECB for the largest part of 
the banking system and a successful transition of local regulatory oversight. 
Market confidence in local banks remains weak, though, in our view, as they 
still have to demonstrate success and sustainability under the new setup after 
the recent years' restructuring. The repayment of substantial external 
liabilities and loan deleveraging, together with growth of customer deposits, 
has led to improvements in banks' funding positions, which we expect to 
persist. 
 
Although we consider that policy risks in Slovenia have receded since 2013 and 
the current government has survived several no-confidence votes, we cannot rule 
out disagreements among the government coalition parties along ideological 
lines, e.g., on the pace of the abovementioned reforms or on the role of the 
very large state-owned or -controlled enterprises in the economy, which could 
lead to early elections. We think that long-entrenched political patronage and 
only slowly improving institutional and corporate governance could hamper the 
pace and effectiveness of the abovementioned reforms, due to the vested 
interests of incumbents in these sectors. This could potentially slow the 
economic restructuring under way and prevent a more efficient allocation of 
resources in the economy, with negative implications for future economic growth 
prospects. In this context, we would view negatively any potential legislative 
efforts or government intervention aimed at weakening the independence of Bank 
of Slovenia, the country's central bank. 
 
OUTLOOK 
 
The positive outlook reflects our view that there is at least a one-in-three 
probability of an upgrade over the next two years if, alongside the continued 
economic recovery, we observe further improvements in the transmission of 
monetary policy to the real economy and budgetary position, with a decline in 
general government debt. 
 
We could revise the outlook to stable if we consider there is a risk of a 
material slippage in Slovenia's budgetary trajectory and a reversal in net 
general government debt dynamics, or if the current account turns into a 
deficit position, including for example due to a significantly weakened 
external macroeconomic environment. A weakening of Slovenia's key institutions 
or policy consensus across the currently governing coalition with the potential 
to hamper policy cohesiveness could also lead us to revise the outlook to 
stable. 
 

16 Dec 2016 11:36 ET 
Press Release: S&PGR Revises Slovenia Outlook To -2-


KEY STATISTICS 
 
RATINGS SCORE SNAPSHOT 
 
RELATED CRITERIA AND RESEARCH 
 
Related Criteria 
     -- Criteria - Governments - Sovereigns: Sovereign Rating Methodology - 
December 23, 2014 
     -- General Criteria: Methodology For Linking Short-Term And Long-Term 
Ratings For Corporate, Insurance, And Sovereign Issuers - May 07, 2013 
     -- General Criteria: Use Of CreditWatch And Outlooks - September 14, 2009 
     -- General Criteria: Methodology: Criteria For Determining Transfer And 
Convertibility Assessments - May 18, 2009 
 
Related Research 
     -- Sovereign Risk Indicators - December 14, 2016. For an interactive 
version, go to www.spratings.com/sri 
     -- Global Sovereign Rating Trends Mid-Year 2016 - July 13, 2016 
     -- 2015 Annual Sovereign Default Study And Rating Transitions - May 24, 
2016 
     -- Global Aging 2016: 58 Shades Of Gray - April 28, 2016 
 
In accordance with our relevant policies and procedures, the Rating Committee 
was composed of analysts that are qualified to vote in the committee, with 
sufficient experience to convey the appropriate level of knowledge and 
understanding of the methodology applicable (see 'Related Criteria And 
Research'). At the onset of the committee, the chair confirmed that the 
information provided to the Rating Committee by the primary analyst had been 
distributed in a timely manner and was sufficient for Committee members to make 
an informed decision. 
 
After the primary analyst gave opening remarks and explained the 
recommendation, the Committee discussed key rating factors and critical issues 
in accordance with the relevant criteria. Qualitative and quantitative risk 
factors were considered and discussed, looking at track-record and forecasts. 
 
The committee agreed that the fiscal assessment: debt burden had improved. All 
other key ratings factors remained unchanged. 
 
The chair ensured every voting member was given the opportunity to articulate 
his/her opinion. The chair or designee reviewed the draft report to ensure 
consistency with the Committee decision. The views and the decision of the 
rating committee are summarized in the above rationale and outlook. The 
weighting of all rating factors is described in the methodology used in this 
rating action (see 'Related Criteria and Research'). 
 
RATINGS LIST 
 
                                           Rating 
                                           To                  From 
Slovenia (Republic of) 
 Sovereign Credit Rating 
  Foreign and Local Currency               A/Positive/A-1      A/Stable/A-1 
 Transfer & Convertibility Assessment      AAA                 AAA 
 Senior Unsecured 
  Foreign and Local Currency               A                   A 
 
Certain terms used in this report, particularly certain adjectives used to 
express our view on rating relevant factors, have specific meanings ascribed to 
them in our criteria, and should therefore be read in conjunction with such 
criteria. Please see Ratings Criteria at www.standardandpoors.com for further 
information. Complete ratings information is available to subscribers of 
RatingsDirect at www.globalcreditportal.com and at spcapitaliq.com. All ratings 
affected by this rating action can be found on S&P Global Ratings' public Web 
site at www.standardandpoors.com. Use the Ratings search box located in the 
left column. Alternatively, call one of the following S&P Global Ratings 
numbers: Client Support Europe (44) 20-7176-7176; London Press Office (44) 
20-7176-3605; Paris (33) 1-4420-6708; Frankfurt (49) 69-33-999-225; Stockholm 
(46) 8-440-5914; or Moscow 7 (495) 783-4009. 
 
Primary Credit Analyst:  Ludwig Heinz, Frankfurt (49) 69-33-999-246; 
                         ludwig.heinz@spglobal.com 
 
Secondary Contact:  Marko Mrsnik, Madrid (34) 91-389-6953; 
                    marko.mrsnik@spglobal.com 
 
Additional Contact:  SovereignEurope; 
                     SovereignEurope@spglobal.com 
 
The article with statistical information is available in full at 
www.standardandpoors.com. Registration is free. To access the full article, 
select ""Ratings Actions"" in the left navigation under Ratings Resources, then 
choose the Press Releases tab. 
 
 
 
No content (including ratings, credit-related analyses and data, valuations, 
model, software, or other application or output therefrom) or any part thereof 
(Content) may be modified, reverse engineered, reproduced, or distributed in 
any form by any means, or stored in a database or retrieval system, without the 
prior written permission of Standard & Poor's Financial Services LLC or its 
affiliates (collectively, S&P). The Content shall not be used for any unlawful 
or unauthorized purposes. S&P and any third-party providers, as well as their 
directors, officers, shareholders, employees, or agents (collectively S&P 
Parties) do not guarantee the accuracy, completeness, timeliness, or 
availability of the Content. S&P Parties are not responsible for any errors or 
omissions (negligent or otherwise), regardless of the cause, for the results 
obtained from the use of the Content, or for the security or maintenance of any 
data input by the user. The Content is provided on an ""as is"" basis. S&P 
PARTIES DISCLAIM ANY AND ALL EXPRESS OR IMPLIED WARRANTIES, INCLUDING, BUT NOT 
LIMITED TO, ANY WARRANTIES OF MERCHANTABILITY OR FITNESS FOR A PARTICULAR 
PURPOSE OR USE, FREEDOM FROM BUGS, SOFTWARE ERRORS OR DEFECTS, THAT THE 
CONTENT'S FUNCTIONING WILL BE UNINTERRUPTED, OR THAT THE CONTENT WILL OPERATE 
WITH ANY SOFTWARE OR HARDWARE CONFIGURATION. In no event shall S&P Parties be 
liable to any party for any direct, indirect, incidental, exemplary, 
compensatory, punitive, special or consequential damages, costs, expenses, 
legal fees, or losses (including, without limitation, lost income or lost 
profits and opportunity costs or losses caused by negligence) in connection 
with any use of the Content even if advised of the possibility of such damages. 
 
Credit-related and other analyses, including ratings, and statements in the 
Content are statements of opinion as of the date they are expressed and not 
statements of fact. S&P's opinions, analyses, and rating acknowledgment 
decisions (described below) are not recommendations to purchase, hold, or sell 
any securities or to make any investment decisions, and do not address the 
suitability of any security. S&P assumes no obligation to update the Content 
following publication in any form or format. The Content should not be relied 
on and is not a substitute for the skill, judgment, and experience of the user, 
its management, employees, advisors, and/or clients when making investment and 
other business decisions. S&P does not act as a fiduciary or an investment 
advisor except where registered as such. While S&P has obtained information 
from sources it believes to be reliable, S&P does not perform an audit and 
undertakes no duty of due diligence or independent verification of any 
information it receives. 
 
To the extent that regulatory authorities allow a rating agency to acknowledge 
in one jurisdiction a rating issued in another jurisdiction for certain 
regulatory purposes, S&P reserves the right to assign, withdraw, or suspend 
such acknowledgement at any time and in its sole discretion. S&P Parties 
disclaim any duty whatsoever arising out of the assignment, withdrawal, or 
suspension of an acknowledgment as well as any liability for any damage alleged 
to have been suffered on account thereof. 
 
S&P keeps certain activities of its business units separate from each other in 
order to preserve the independence and objectivity of their respective 
activities. As a result, certain business units of S&P may have information 
that is not available to other S&P business units. S&P has established policies 
and procedures to maintain the confidentiality of certain nonpublic information 
received in connection with each analytical process. 
 
S&P may receive compensation for its ratings and certain analyses, normally 
from issuers or underwriters of securities or from obligors. S&P reserves the 
right to disseminate its opinions and analyses. S&P's public ratings and 
analyses are made available on its Web sites, www.standardandpoors.com (free of 
charge), and www.ratingsdirect.com and www.globalcreditportal.com 
(subscription), and may be distributed through other means, including via S&P 
publications and third-party redistributors. Additional information about our 
ratings fees is available at www.standardandpoors.com/usratingsfees(""http://www.standardandpoors.com/usratingsfees""). 
 
Any Passwords/user IDs issued by S&P to users are single user-dedicated and may 
ONLY be used by the individual to whom they have been assigned. No sharing of 
passwords/user IDs and no simultaneous access via the same password/user ID is 
permitted. To reprint, translate, or use the data or information other than as 
provided herein, contact Client Services, 55 Water Street, New York, NY 10041; 
(1) 212-438-7280 or by e-mail to: research_request@standardandpoors.com. 
 
Copyright (c) 2016 by Standard & Poor's Financial Services LLC. All rights 
reserved. 
 
 
 

16 Dec 2016 11:38 ET *S&PGR Revises Slovenia Outlook to Pos; Affirms 'A/A-1' Ratings

16 Dec 2016 11:38 ET *S&PGR: Slovenia Monetary Conditions Are Gradually Normalizing and Non-Performing Exposures Have Reduced Sizably

16 Dec 2016 11:39 ET *S&PGR: Project Slovenia's Robust Economic Growth Will Persist in 2017-2019

16 Dec 2016 11:39 ET *S&PGR: Revising Outlook on Slovenia to Positive From Stable

(MORE TO FOLLOW) Dow Jones Newswires (212-416-2800)

December 16, 2016 11:39 ET (16:39 GMT)"
*Fitch Affirms Slovenia at 'BBB+'; Outlook Stable,2015-03-27,"27 Mar 2015 17:12 ET  Press Release: Fitch Affirms Slovenia at 'BBB+'; Outlook Stable


 
 
The following is a press release from Fitch Ratings: 
 

Fitch Ratings-London/Hong Kong-27 March 2015: Fitch Ratings has affirmed Slovenia's Long-term foreign and local currency Issuer Default Ratings (IDRs) at 'BBB+'. The Outlooks on the Long-term IDRs are Stable. The issue ratings on Slovenia's senior unsecured foreign and local currency bonds are also affirmed at 'BBB+'. The Country Ceiling is affirmed at 'AA+' and the Short-term foreign currency IDR at 'F2'.

KEY RATING DRIVERS

Slovenia's 'BBB+' IDRs and Stable Outlook reflect the following key rating drivers:

-Previous government interventions have reduced the sovereign's vulnerability to the banking sector. The aggregated Tier 1 capital ratio was 15.9% in September 2014, up from 10.2% at end-2012. Transfers of impaired assets to the Bad Asset Management Company (BAMC) have led to a decline in non-performing loans (over 90 days past due) to 11.6% in January 2015 from 18.1% in November 2013. The health of the banking sector remains fragile but Fitch believes the risks posed by the financial sector to government finances and the economy have reduced significantly.

-In 2015, Fitch expects the fiscal deficit will be 3% of GDP, smaller than 5.3% in 2014, due to expenditure restraint and efficiency gains on tax revenues. Crucially Fitch assumes that there will be no new budget support for banks in 2015 (after it cost the budget 9.5% of GDP in 2013 and 1.9% in 2014). The set-up of the bank resolution fund (totalling EUR350m and financed by banks) should help protect the budget from potential bank support.

-General government gross debt (82% of GDP in 2014) is much higher than the peers' median (41%), partly as a result of substantial interventions to support the banking sector. Debt is set to peak in 2015, at 83% of GDP, before declining, consistent with a tightening fiscal policy, real GDP growth of 2% and a recovery in inflation towards the 2% target. Debt reduction could benefit from a lower cash balance (government deposits are high, at 11.6% of GDP at end-2014) and the allocation of 90% of the proceeds from future privatisations.

-Five-year average GDP growth of 0.2% p.a. is much weaker than the 'BBB' range median of 3% or the 'A' range median of 3.2%, partly reflecting Slovenia's recent banking crisis. Unemployment, at 9.7% in 2014 (annual average), is also high versus peers. However, GDP grew 2.6% in 2014, after contracting 1% in 2013. The rebound was primarily driven by high exports (+6.3%) and investment (+3.6%), supported by exceptionally high European Union fund disbursement.

Fitch expects growth to remain around 2% in the medium term, supported by a gradual improvement in the external environment and in domestic demand, in line with the clean-up in banks and corporates' balance sheets.

-The combination of high current account surpluses and private external debt deleveraging is strengthening external metrics from a weak position. Fitch expects the current account surplus to have been 5.9% of GDP in 2014, supported by improved cost competitiveness, and to remain around 5% in the medium-term. Net external debt, at 35.4% of GDP in 2014, is still high relative to the 'BBB' median (7.9% of GDP) but down markedly from 42.4% in 2012. Fitch expects it will reach 18.7% of GDP by 2016.

-Income per head in purchasing power parity, indicators of human development and governance are much higher than the 'BBB' peers' median, reflecting Slovenia's fairly high value-added economy and membership to the European Union.

RATING SENSITIVITIES

The main factors that could lead to a positive rating action are:

-Budget deficit reduction consistent with government debt on a firm downward path

-Progress in the clean-up of bank and corporate balance sheets

-Sustained economic recovery supported by structural reforms

The main factors that could lead to a negative rating action are:

-Deterioration in government debt metrics

-Sustained macroeconomic underperformance and/or deterioration of financing conditions relative to Fitch's expectations

KEY ASSUMPTIONS

- Given the uncertainties involved, Fitch does not assume a contribution from the realisation of returns on distressed assets held on BAMC's balance sheet for its government debt projections. Likewise, Fitch does not take into account potential debt reduction from privatisation proceeds.

The European Central Bank's asset purchase programme should help underpin inflation expectations and support our base case that, in the context of a modest economic recovery, the eurozone will avoid prolonged deflation.

Fitch also assumes gradual progress in deepening financial integration at the eurozone level and that eurozone governments will tighten fiscal policy over the medium term.

Contact:

Primary Analyst

- Arnaud Louis

- Director

- +44 20 3530 1539

- Fitch Ratings Limited

- 30 North Colonnade

- London E14 5GN

Secondary Analyst

- Douglas Renwick

- Senior Director

- +44 20 3530 1045

Committee Chairperson

- Andrew Colquhoun

- Senior Director

- +852 2263 9938

Media Relations: Athos Larkou, London, Tel: +44 203 530 1549, Email: athos.larkou@fitchratings.com.

Additional information is available on www.fitchratings.com

Applicable criteria, 'Sovereign Rating Criteria' dated 12 August 2014 and 'Country Ceilings' dated 28 August 2014, are available at www.fitchratings.com.

Applicable Criteria and Related Research:

- Sovereign Rating Criteria

- http://www.fitchratings.com/creditdesk/reports/report_frame.cfm?rpt_id=754428

- Country Ceilings

- http://www.fitchratings.com/creditdesk/reports/report_frame.cfm?rpt_id=752194

Additional Disclosure

- Solicitation Status

- http://www.fitchratings.com/gws/en/disclosure/solicitation?pr_id=982090(""http://www.fitchratings.com/gws/en/disclosure/solicitation?pr_id=982090"")

- ALL FITCH CREDIT RATINGS ARE SUBJECT TO CERTAIN LIMITATIONS AND DISCLAIMERS. PLEASE READ THESE LIMITATIONS AND DISCLAIMERS BY FOLLOWING THIS LINK: HTTP://FITCHRATINGS.COM/UNDERSTANDINGCREDITRATINGS. IN ADDITION, RATING DEFINITIONS AND THE TERMS OF USE OF SUCH RATINGS ARE AVAILABLE ON THE AGENCY'S PUBLIC WEBSITE 'WWW.FITCHRATINGS.COM'. PUBLISHED RATINGS, CRITERIA AND METHODOLOGIES ARE AVAILABLE FROM THIS SITE AT ALL TIMES. FITCH'S CODE OF CONDUCT, CONFIDENTIALITY, CONFLICTS OF INTEREST, AFFILIATE FIREWALL, COMPLIANCE AND OTHER RELEVANT POLICIES AND PROCEDURES ARE ALSO AVAILABLE FROM THE 'CODE OF CONDUCT' SECTION OF THIS SITE. FITCH MAY HAVE PROVIDED ANOTHER PERMISSIBLE SERVICE TO THE RATED ENTITY OR ITS RELATED THIRD PARTIES. DETAILS OF THIS SERVICE FOR RATINGS FOR WHICH THE LEAD ANALYST IS BASED IN AN EU-REGISTERED ENTITY CAN BE FOUND ON THE ENTITY SUMMARY PAGE FOR THIS ISSUER ON THE FITCH WEBSITE.

27 Mar 2015 17:13 ET *Fitch Affirms Slovenia At 'BBB+'; Outlook Stable

27 Mar 2015 17:13 ET *Fitch: Previous Government Interventions Have Reduced Slovenia'sVulnerability To The Banking Sector

27 Mar 2015 17:14 ET *Fitch Expects Slovenia's Fiscal Deficit Will Be 3% Of Gdp, Smaller Than 5.3% In 2014

(MORE TO FOLLOW) Dow Jones Newswires (212-416-2800)

March 27, 2015 17:14 ET (21:14 GMT)"
CEE Morning Briefing:  Currencies  Eyed Amid Volatility,2013-09-25,"
TODAY'S CALENDAR 
Local/GMT 
1300/1100 Slovenia central bank governor to address banking seminar 
 

Foreign exchange markets in central Europe are set for another day of volatile trade Wednesday after the Hungarian central bank said it sees room for continued monetary easing.

Hungary's central bank cut its headline interest rate to a record low of 3.60% from 3.80% Tuesday in a move to help revive the country's stagnant economy ahead of parliamentary elections next spring.

The forint weakened by about 0.4% on the day following the decision, and the Polish zloty weakened by about 0.3%.

Despite tentative signs of an economic rebound in the region, inflation rates in Hungary, Poland and in the Czech Republic remain below levels targeted by respective central banks and in each country interest rates are at historic lows.

""With inflation below target and the economic recovery still fragile, it looks like the dovish monetary policy committee [in Budapest] will seek to ease policy as far as it can,"" said Capital Economics economist William Jackson.

The Czechs are due to decide on monetary policy and any potential foreign exchange interventions Thursday.

In Ljubljana, Slovenia's central bank Governor Bostjan Jazbec will address a seminar on the banking industry in his country and in the euro zone.

Slovenian state-owned banks, which dominate the country's financial sector, are suffocating under about 7 billion euros ($9.44 billion) of bad loans, equal to about a fifth of the nation's total economic output.

Efforts to clean up those banks' balance sheets has stoked fears that the country may have to seek some form an international bailout, becoming the sixth euro-zone country needing assistance.

FOREX 
 
EUR/CZK 
Latest 0150 GMT 25.866-907 
Previous 2150 GMT 25.861-913 
%Chg 0.00 
 
EUR/HUF 
Latest 0150 GMT 299.13-96 
Previous 2150 GMT 299.06-66 
% Chg +0.06 
 
EUR/PLN 
Latest 0150 GMT 4.2082-182 
Previous 2150 GMT 4.2081-165 
% Chg +0.02 
 
FIXED INCOME 
 
Hungary 
         Tues   Mon 
3 yrs    4.52%  4.55% 
5 yrs    4.98%  5.10% 
10yrs    5.75%  5.77% 
 
Poland 
         Tues   Mon 
3 yrs    3.18%  3.22%(1) 
5 yrs    3.66%  3.70% 
10yrs    4.32%  4.36% 
(1) 2 yrs 
 
Czech Republic 
         Tues   Mon 
3 yrs    0.39%  0.39% 
5 yrs    1.12%  1.15% 
10yrs    2.35%  2.39%(1) 
(1) 11 yrs 
 
STOCKS 
 
WIG 20 
2,393.06 +4.40 +0.18% 
 
BUX 
18,389.32 +193.24 +1.06% 
 
PX 
962.02 +4.89 +0.51% 
 
 
OTHER NEWS 

CZECH REPUBLIC: Former Czech Prime Minister Petr Necas has married Jana Nagyova, the ex-top aide involved in an alleged bribery and power-abuse scandal that toppled his conservative government in June, local media reported Tuesday.

When Ms. Nagyova arrived at a downtown Prague police station for questioning Tuesday she introduced herself using the surname Necasova, Czech dailies Mlada Fronta Dnes and Hospodarske Noviny reported on their websites.

HUNGARY: Hungary's Export-Import Bank Zrt. or Eximbank announced Tuesday that it issued EUR400 million ($540 million) worth of bonds, maturing Feb. 13, 2019. This is the second issuance under the company's EUR2 billion international bond program set up Dec. 4, 2012. The previous issuance took place on Dec. 5 last year, worth $500 million.

HUNGARY: Hungary's central bank Tuesday revised its inflation forecasts downward and raised its economic growth forecasts for this year and 2014 on the same day that it cut its policy rate to a new low.

The central bank lowered its forecast for annual average inflation next year to 2.4% from June's forecast of 3.2%. Its view on this year's inflation rate was little changed at 2.0% compared with 2.1% previously.

BULGARIA: The central banks of Ukraine and Bulgaria both added to their gold reserves in August, despite a sharp rise in the price of the metal.

Ukraine added 80,000 troy ounces of the metal to its official reserves last month, which now stand at 1.33 million ounces, according to data Tuesday from the International Monetary Fund.

--Leos Rousek in Prague contributed to this article.

Write to Sean Carney at sean.carney@wsj.com

Go to http://blogs.wsj.com/emergingeurope/(""http://blogs.wsj.com/emergingeurope/"") for the WSJ blog on Central and Eastern Europe, covering business, politics, society and more, written by our correspondents across the region. [ 25-09-13 0209GMT ]

1806 75091"
CEE Morning Briefing:  Currencies  Eyed Amid Volatility -- WSJ Blog,2013-09-25,"(This story has been posted on The Wall Street Journal Online's Emerging Europe blog at http://blogs.wsj.com/emergingeurope/)

By Sean Carney

TODAY'S CALENDAR

Local/GMT

1300/1100 Slovenia central bank governor to address banking seminar

Foreign exchange markets in central Europe are set for another day of volatile trade Wednesday after the Hungarian central bank said it sees room for continued monetary easing.

Hungary's central bank cut its headline interest rate to a record low of 3.60% from 3.80% Tuesday in a move to help revive the country's stagnant economy ahead of parliamentary elections next spring.

The forint weakened by about 0.4% on the day following the decision Tuesday, and the Polish zloty weakened by about 0.3%. In early trade Wednesday, the forint and Czech koruna were both a tad weaker while the zloty is clawing back some of the previous day's losses.

Despite tentative signs of an economic rebound in the region, inflation rates in Hungary, Poland and in the Czech Republic remain below levels targeted by respective central banks and in each country interest rates are at historic lows.

""With inflation below target and the economic recovery still fragile, it looks like the dovish monetary policy committee [in Budapest] will seek to ease policy as far as it can,"" said Capital Economics economist William Jackson.

The Czechs are due to decide on monetary policy and any potential foreign exchange interventions Thursday.

In Ljubljana, Slovenia's central bank Governor Bostjan Jazbec will address a seminar on the banking industry in his country and in the euro zone.

Slovenian state-owned banks, which dominate the country's financial sector, are suffocating under about 7 billion euros ($9.44 billion) of bad loans, equal to about a fifth of the nation's total economic output.

Efforts to clean up those banks' balance sheets has stoked fears that the country may have to seek some form an international bailout, becoming the sixth euro-zone country needing assistance.

OTHER NEWS

CZECH REPUBLIC: Former Czech Prime Minister Petr Necas has married Jana Nagyova, the ex-top aide involved in an alleged bribery and power-abuse scandal that toppled his conservative government in June, local media reported Tuesday.

When Ms. Nagyova arrived at a downtown Prague police station for questioning Tuesday she introduced herself using the surname Necasova, Czech dailies Mlada Fronta Dnes and Hospodarske Noviny reported on their websites.

HUNGARY: Hungary's Export-Import Bank Zrt. or Eximbank announced Tuesday that it issued EUR400 million ($540 million) worth of bonds, maturing Feb. 13, 2019. This is the second issuance under the company's EUR2 billion international bond program set up Dec. 4, 2012. The previous issuance took place on Dec. 5 last year, worth $500 million.

HUNGARY: Hungary's central bank Tuesday revised its inflation forecasts downward and raised its economic growth forecasts for this year and 2014 on the same day that it cut its policy rate to a new low.

The central bank lowered its forecast for annual average inflation next year to 2.4% from June's forecast of 3.2%. Its view on this year's inflation rate was little changed at 2.0% compared with 2.1% previously.

BULGARIA: The central banks of Ukraine and Bulgaria both added to their gold reserves in August, despite a sharp rise in the price of the metal.

Ukraine added 80,000 troy ounces of the metal to its official reserves last month, which now stand at 1.33 million ounces, according to data Tuesday from the International Monetary Fund.

--Leos Rousek in Prague contributed to this article.

Write to Sean Carney at sean.carney@wsj.com


 
 For continuously updated news from The Wall Street Journal, see WSJ.com at http://wsj.com(""http://wsj.com""). 
 

[ 25-09-13 0922GMT ]"
CEE Morning Briefing:  Currencies  Eyed Amid Volatility,2013-09-25,"
TODAY'S CALENDAR 
Local/GMT 
1300/1100 Slovenia central bank governor to address banking seminar 
 

Foreign exchange markets in central Europe are set for another day of volatile trade Wednesday after the Hungarian central bank said it sees room for continued monetary easing.

Hungary's central bank cut its headline interest rate to a record low of 3.60% from 3.80% Tuesday in a move to help revive the country's stagnant economy ahead of parliamentary elections next spring.

The forint weakened by about 0.4% on the day following the decision, and the Polish zloty weakened by about 0.3%.

Despite tentative signs of an economic rebound in the region, inflation rates in Hungary, Poland and in the Czech Republic remain below levels targeted by respective central banks and in each country interest rates are at historic lows.

""With inflation below target and the economic recovery still fragile, it looks like the dovish monetary policy committee [in Budapest] will seek to ease policy as far as it can,"" said Capital Economics economist William Jackson.

The Czechs are due to decide on monetary policy and any potential foreign exchange interventions Thursday.

In Ljubljana, Slovenia's central bank Governor Bostjan Jazbec will address a seminar on the banking industry in his country and in the euro zone.

Slovenian state-owned banks, which dominate the country's financial sector, are suffocating under about 7 billion euros ($9.44 billion) of bad loans, equal to about a fifth of the nation's total economic output.

Efforts to clean up those banks' balance sheets has stoked fears that the country may have to seek some form an international bailout, becoming the sixth euro-zone country needing assistance.

FOREX 
 
EUR/CZK 
Latest 0150 GMT 25.866-907 
Previous 2150 GMT 25.861-913 
%Chg 0.00 
 
EUR/HUF 
Latest 0150 GMT 299.13-96 
Previous 2150 GMT 299.06-66 
% Chg +0.06 
 
EUR/PLN 
Latest 0150 GMT 4.2082-182 
Previous 2150 GMT 4.2081-165 
% Chg +0.02 
 
FIXED INCOME 
 
Hungary 
         Tues   Mon 
3 yrs    4.52%  4.55% 
5 yrs    4.98%  5.10% 
10yrs    5.75%  5.77% 
 
Poland 
         Tues   Mon 
3 yrs    3.18%  3.22%(1) 
5 yrs    3.66%  3.70% 
10yrs    4.32%  4.36% 
(1) 2 yrs 
 
Czech Republic 
         Tues   Mon 
3 yrs    0.39%  0.39% 
5 yrs    1.12%  1.15% 
10yrs    2.35%  2.39%(1) 
(1) 11 yrs 
 
STOCKS 
 
WIG 20 
2,393.06 +4.40 +0.18% 
 
BUX 
18,389.32 +193.24 +1.06% 
 
PX 
962.02 +4.89 +0.51% 
 
 
OTHER NEWS 

CZECH REPUBLIC: Former Czech Prime Minister Petr Necas has married Jana Nagyova, the ex-top aide involved in an alleged bribery and power-abuse scandal that toppled his conservative government in June, local media reported Tuesday.

When Ms. Nagyova arrived at a downtown Prague police station for questioning Tuesday she introduced herself using the surname Necasova, Czech dailies Mlada Fronta Dnes and Hospodarske Noviny reported on their websites.

HUNGARY: Hungary's Export-Import Bank Zrt. or Eximbank announced Tuesday that it issued EUR400 million ($540 million) worth of bonds, maturing Feb. 13, 2019. This is the second issuance under the company's EUR2 billion international bond program set up Dec. 4, 2012. The previous issuance took place on Dec. 5 last year, worth $500 million.

HUNGARY: Hungary's central bank Tuesday revised its inflation forecasts downward and raised its economic growth forecasts for this year and 2014 on the same day that it cut its policy rate to a new low.

The central bank lowered its forecast for annual average inflation next year to 2.4% from June's forecast of 3.2%. Its view on this year's inflation rate was little changed at 2.0% compared with 2.1% previously.

BULGARIA: The central banks of Ukraine and Bulgaria both added to their gold reserves in August, despite a sharp rise in the price of the metal.

Ukraine added 80,000 troy ounces of the metal to its official reserves last month, which now stand at 1.33 million ounces, according to data Tuesday from the International Monetary Fund.

--Leos Rousek in Prague contributed to this article.

Write to Sean Carney at sean.carney@wsj.com

Go to http://blogs.wsj.com/emergingeurope/(""http://blogs.wsj.com/emergingeurope/"") for the WSJ blog on Central and Eastern Europe, covering business, politics, society and more, written by our correspondents across the region. [ 25-09-13 0209GMT ]

1806 75091"
DJ CEE Morning Briefing:  Currencies  Eyed Amid Volatility,2013-09-25,"
TODAY'S CALENDAR 
Local/GMT 
1300/1100 Slovenia central bank governor to address banking seminar 
 

Foreign exchange markets in central Europe are set for another day of volatile trade Wednesday after the Hungarian central bank said it sees room for continued monetary easing.

Hungary's central bank cut its headline interest rate to a record low of 3.60% from 3.80% Tuesday in a move to help revive the country's stagnant economy ahead of parliamentary elections next spring.

The forint weakened by about 0.4% on the day following the decision, and the Polish zloty weakened by about 0.3%.

Despite tentative signs of an economic rebound in the region, inflation rates in Hungary, Poland and in the Czech Republic remain below levels targeted by respective central banks and in each country interest rates are at historic lows.

""With inflation below target and the economic recovery still fragile, it looks like the dovish monetary policy committee [in Budapest] will seek to ease policy as far as it can,"" said Capital Economics economist William Jackson.

The Czechs are due to decide on monetary policy and any potential foreign exchange interventions Thursday.

In Ljubljana, Slovenia's central bank Governor Bostjan Jazbec will address a seminar on the banking industry in his country and in the euro zone.

Slovenian state-owned banks, which dominate the country's financial sector, are suffocating under about 7 billion euros ($9.44 billion) of bad loans, equal to about a fifth of the nation's total economic output.

Efforts to clean up those banks' balance sheets has stoked fears that the country may have to seek some form an international bailout, becoming the sixth euro-zone country needing assistance. 

FOREX 
 
EUR/CZK 
Latest 0150 GMT 25.866-907 
Previous 2150 GMT 25.861-913 
%Chg 0.00 
 
EUR/HUF 
Latest 0150 GMT 299.13-96 
Previous 2150 GMT 299.06-66 
% Chg +0.06 
 
EUR/PLN 
Latest 0150 GMT 4.2082-182 
Previous 2150 GMT 4.2081-165 
% Chg +0.02 
 
FIXED INCOME 
 
Hungary 
         Tues   Mon 
3 yrs    4.52%  4.55% 
5 yrs    4.98%  5.10% 
10yrs    5.75%  5.77% 
 
Poland 
         Tues   Mon 
3 yrs    3.18%  3.22%(1) 
5 yrs    3.66%  3.70% 
10yrs    4.32%  4.36% 
(1) 2 yrs 
 
Czech Republic 
         Tues   Mon 
3 yrs    0.39%  0.39% 
5 yrs    1.12%  1.15% 
10yrs    2.35%  2.39%(1) 
(1) 11 yrs 
 
STOCKS 
 
WIG 20 
2,393.06 +4.40 +0.18% 
 
BUX 
18,389.32 +193.24 +1.06% 
 
PX 
962.02 +4.89 +0.51% 
 
 
OTHER NEWS 

CZECH REPUBLIC: Former Czech Prime Minister Petr Necas has married Jana Nagyova, the ex-top aide involved in an alleged bribery and power-abuse scandal that toppled his conservative government in June, local media reported Tuesday.

When Ms. Nagyova arrived at a downtown Prague police station for questioning Tuesday she introduced herself using the surname Necasova, Czech dailies Mlada Fronta Dnes and Hospodarske Noviny reported on their websites.

HUNGARY: Hungary's Export-Import Bank Zrt. or Eximbank announced Tuesday that it issued EUR400 million ($540 million) worth of bonds, maturing Feb. 13, 2019. This is the second issuance under the company's EUR2 billion international bond program set up Dec. 4, 2012. The previous issuance took place on Dec. 5 last year, worth $500 million.

HUNGARY: Hungary's central bank Tuesday revised its inflation forecasts downward and raised its economic growth forecasts for this year and 2014 on the same day that it cut its policy rate to a new low.

The central bank lowered its forecast for annual average inflation next year to 2.4% from June's forecast of 3.2%. Its view on this year's inflation rate was little changed at 2.0% compared with 2.1% previously.

BULGARIA: The central banks of Ukraine and Bulgaria both added to their gold reserves in August, despite a sharp rise in the price of the metal.

Ukraine added 80,000 troy ounces of the metal to its official reserves last month, which now stand at 1.33 million ounces, according to data Tuesday from the International Monetary Fund.

--Leos Rousek in Prague contributed to this article.

Write to Sean Carney at sean.carney@wsj.com

Go to http://blogs.wsj.com/emergingeurope/(""http://blogs.wsj.com/emergingeurope/"") for the WSJ blog on Central and Eastern Europe, covering business, politics, society and more, written by our correspondents across the region.

(END) Dow Jones Newswires

September 24, 2013 22:09 ET (02:09 GMT)"
CEE Morning Briefing:  Currencies  Eyed Amid Volatility,2013-09-25,"
TODAY'S CALENDAR 
Local/GMT 
1300/1100 Slovenia central bank governor to address banking seminar 
 

Foreign exchange markets in central Europe are set for another day of volatile trade Wednesday after the Hungarian central bank said it sees room for continued monetary easing. 

Hungary's central bank cut its headline interest rate to a record low of 3.60% from 3.80% Tuesday in a move to help revive the country's stagnant economy ahead of parliamentary elections next spring. 

    The forint weakened by about 0.4% on the day following the decision, and the Polish zloty weakened by about 0.3%. 

    Despite tentative signs of an economic rebound in the region, inflation rates in Hungary, Poland and in the Czech Republic remain below levels targeted by respective central banks and in each country interest rates are at historic lows. 

    ""With inflation below target and the economic recovery still fragile, it looks like the dovish monetary policy committee [in Budapest] will seek to ease policy as far as it can,"" said Capital Economics economist William Jackson. 

    The Czechs are due to decide on monetary policy and any potential foreign exchange interventions Thursday. 

    In Ljubljana, Slovenia's central bank Governor Bostjan Jazbec will address a seminar on the banking industry in his country and in the euro zone. 

    Slovenian state-owned banks, which dominate the country's financial sector, are suffocating under about 7 billion euros ($9.44 billion) of bad loans, equal to about a fifth of the nation's total economic output. 

    Efforts to clean up those banks' balance sheets has stoked fears that the country may have to seek some form an international bailout, becoming the sixth euro-zone country needing assistance. 

FOREX 
 
EUR/CZK 
Latest 0150 GMT 25.866-907 
Previous 2150 GMT 25.861-913 
%Chg 0.00 
 
EUR/HUF 
Latest 0150 GMT 299.13-96 
Previous 2150 GMT 299.06-66 
% Chg +0.06 
 
EUR/PLN 
Latest 0150 GMT 4.2082-182 
Previous 2150 GMT 4.2081-165 
% Chg +0.02 
 
FIXED INCOME 
 
Hungary 
         Tues   Mon 
3 yrs    4.52%  4.55% 
5 yrs    4.98%  5.10% 
10yrs    5.75%  5.77% 
 
Poland 
         Tues   Mon 
3 yrs    3.18%  3.22%(1) 
5 yrs    3.66%  3.70% 
10yrs    4.32%  4.36% 
(1) 2 yrs 
 
Czech Republic 
         Tues   Mon 
3 yrs    0.39%  0.39% 
5 yrs    1.12%  1.15% 
10yrs    2.35%  2.39%(1) 
(1) 11 yrs 
 
STOCKS 
 
WIG 20 
2,393.06 +4.40 +0.18% 
 
BUX 
18,389.32 +193.24 +1.06% 
 
PX 
962.02 +4.89 +0.51% 
 
 
OTHER NEWS 



  CZECH REPUBLIC: Former Czech Prime Minister Petr Necas has married Jana Nagyova, the ex-top aide involved in an alleged bribery and power-abuse scandal that toppled his conservative government in June, local media reported Tuesday. 



  When Ms. Nagyova arrived at a downtown Prague police station for questioning Tuesday she introduced herself using the surname Necasova, Czech dailies Mlada Fronta Dnes and Hospodarske Noviny reported on their websites. 



  HUNGARY: Hungary's Export-Import Bank Zrt. or Eximbank announced Tuesday that it issued EUR400 million ($540 million) worth of bonds, maturing Feb. 13, 2019. This is the second issuance under the company's EUR2 billion international bond program set up Dec. 4, 2012. The previous issuance took place on Dec. 5 last year, worth $500 million. 



  HUNGARY: Hungary's central bank Tuesday revised its inflation forecasts downward and raised its economic growth forecasts for this year and 2014 on the same day that it cut its policy rate to a new low. 



  The central bank lowered its forecast for annual average inflation next year to 2.4% from June's forecast of 3.2%. Its view on this year's inflation rate was little changed at 2.0% compared with 2.1% previously. 



  BULGARIA: The central banks of Ukraine and Bulgaria both added to their gold reserves in August, despite a sharp rise in the price of the metal. 



  Ukraine added 80,000 troy ounces of the metal to its official reserves last month, which now stand at 1.33 million ounces, according to data Tuesday from the International Monetary Fund. 




  --Leos Rousek in Prague contributed to this article. 




  Write to Sean Carney at sean.carney@wsj.com 




  Go to http://blogs.wsj.com/emergingeurope/(""http://blogs.wsj.com/emergingeurope/"") for the WSJ blog on Central and Eastern Europe, covering business, politics, society and more, written by our correspondents across the region.  [
  09-24-13 2209ET ]

1806 75091"
Central Bank  Boss Welcomes Fiscal Union Deal,2011-12-13,"Ljubljana, 13 December (STA) - Marko Kranjec, the governor of Slovenia's

central bank, has labelled the recent EU agreement on a tighter fiscal

union a ""good achievement of politicians in Brussels"". This is the most

that could be expected, he told TV Slovenija late on Monday.

Kranjec said ""radical changes"" had been achieved with regard to the

harmonisation of public finances. ""We are in a process of harmonisation

that has been difficult to imagine so far.""

He is not surprised that rating agencies are less pleased with the deal,

but said he would not make too much out of it. As for capital markets, it

is still too early to make any conclusions.

Kranjec is convinced capital markets will ""realise that this deal from

Brussels will be an important contribution to stabilisation and prevention

of the eurozone crisis.""

The euro will persevere and Slovenia needs to keep it as its currency, he

said, noting that it would be bad for any country to abandon the euro and

revert back to its own currency.

With public finances looking increasingly shaky, some economists and

pundits have been warning that Slovenia will eventually have to accept some

sort of intervention from the EU or the International Monetary Fund (IMF).

But Kranjec labelled that notion an ""excessive projection of our future

situation,"" arguing that politicians will find enough wisdom to take

appropriate measures on public finances, he said.

""It is not impossible to reduce the structural deficit to the required

level,"" he said. But he explained that the price for that will be lower GDP

growth, which will be the case for the entire EU."
Austria wants Slovenia to join euro in 2007-sources  ,2006-01-20,"VIENNA, Jan 20 (Reuters) - Austria will lobby European Union finance ministers next week to allow Slovenia to adopt the euro currency in 2007, making it the first EU newcomer to join the euro, Austrian Finance Ministry sources said on Friday.  

The Baltic countries of Estonia and Lithuania, which along with Slovenia were the first to link their currencies to the euro ahead of monetary union after the EU's 2004 expansion, are not yet ready, the sources told Reuters.  

Slovenia, a small country to the south of Austria, already meets the criteria for euro membership -- a stable currency, low inflation and low budget deficits. But procedural quirks could delay the process and Austria is trying to remove them.  

""This should not be delayed just because of bureaucratic obstacles,"" one of the sources said. ""They have done what they had to do, they are ready now.""  

Austrian Finance Minister Karl-Heinz Grasser wants to decide about Slovenia under his country's EU presidency in the first half of the year. He will bring up the issue at next week's meeting of euro zone finance ministers, the sources said.  

Austria favours bringing forward to May the convergence reports written by the European Central Bank and the European Commission, in which they assess whether Slovenia meets the requirements for joining the 12-nation currency club.  

""The ECB has said it is ready to bring forward the report,"" another source said. ""It looks as if the way is free for Slovenia to enter the euro in January 2007,"" the source said.  

Technically, a decision on Slovenia can only be made after it has been in the European Exchange Rate Mechanism (ERM-2) that links the Slovene tolar to the euro for two years -- proving it can remain stable against the euro over that time period.  

Since Slovenia joined ERM-2 in late June 2004, a May recommendation on its readiness would be too early for the assessment. But this limit has been bent before.  

The ECB in 1998 issued a convergence report on Italy and Finland roughly six months before their two-year periods ended and said their currencies had been broadly stable without the need for intervention and were expected to remain so.  

READY  

Slovenia's central bank and finance ministry have both said the former Yugoslav country is ready for euro entry next year.  

When Slovenia joined the exchange rate mechanism the central parity of the tolar was set at 239.64 to the euro. It has been stable since.  

The country meets euro entry requirements for public debt, budget deficit and interest rates and in November managed to bring its inflation down to the maximum level allowed for those who want to adopt the euro.  

However, neither Lithuania and Estonia currently meet the euro criteria, European Monetary Affairs Commissioner Joaquin Almunia said on Thursday, and Estonia has already said it would rather wait.  

""If the assessment were made today, with the (inflation) numbers published by Eurostat this morning, neither Estonia nor Lithuania would meet the criterion,"" Almunia said.  

Estonia, where inflation is at 3.7 percent, would prefer October or November for the evaluation, said finance ministry deputy under secretary Ranaldo Mandmets -- which practically rules out joining in 2007.  

But Lithuanian finance ministry adviser Ricardas Slapsys, looking at an inflation rate of 3 percent in December, said he still held hopes: ""Lithuania will probably be able to adopt the euro according to our planned date.""  

EU-ECONOMY-SLOVENIA|LANGEN|ABN|M|E|RBN|D|G|BNX"
First Year of ERM II Smooth for Slovenia  ,2005-06-18,"Ljubljana, 18 June (STA) - It will be one year on 28 June since Slovenia  

joined the ERM II exchange rate mechanism, the waiting room for the euro.  

There have been no shake-ups so far: the exchange rate is steadily  

hovering around the central parity rate of SIT 239.64 per euro, and the  

central bank has had to intervene only once on the monetary market.  

""The Bank of Slovenia assesses the first year in the ERM II as successful.  

Economic growth, the situation in individual markets and preserved  

macroeconomic balances confirm that the preceding adjustment to the  

business conditions maintained in Europe by the European Central Bank was  

sustainable,"" central bank Vice-Governor Andrej Rant told STA.  

The exchange rate has remained close to the central parity rate throughout  

the year. The market rate was at SIT 239.54 on Friday and has been just  

below the parity rate since the end of April. According to central bank

data, the average gap between the market and parity rates has been 0.01%.  

The bank intervened on the market just once, one month after ERM II entry,  

when it sold foreign exchange to respond to rate growth.  

According to Rant, ""this intervention arose from a need for a signal that  

the existing concept of exchange rate policy had indeed been brought to an  

end with Slovenia's entry in the ERM II."" He says the banks were initially  

complacent, so they were given the signal.  

Slovenia intends to introduce the euro on 1 January 2007 according to the  

""big bang"" scenario of overnight changeover. Banks will accept tolar bills  

until February 2007, while the central bank will impose no limitations.  

The reason why Slovenia opted for this scenario is the good experience  

that it had when Yugoslav dinars were replaced first by coupons and then  

by tolars in the early 90s. Moreover, the ECB has assessed that two months  

of dual legal tender in the 12 members that introduced the euro in 2002 was  

too long.  

To be eligible for the euro, Slovenia has to stay in the ERM II for  

another year and keep the exchange rate within plus or minus 15% of the  

central parity rate. Moreover, it has to fulfil the convergence criteria  

of low inflation, public debt and interest rates.  

Efforts to meet the criteria have been successful so far, except for  

inflation, which is only slowly coming down to the desired level. In May,  

inflation was 0.9 percentage points above the Maastricht threshold for  

that month.  

Yet the central bank is confident that inflation will be curbed  

sufficiently in time. ""The forecasts of the Bank of Slovenia as well as  

other domestic and foreign institutions show that Slovenia will meet the  

inflation criterion in the reference period,"" Rant said.  

While inflation is the only criterion that Slovenia is yet to fulfil, the  

one-year reference period starting in June will be challenging  

nevertheless. The EU has noted that figures are not all that counts: the  

country's overall economic condition will also undergo thorough scrutiny.  

According to Rant, the second year in the ERM II will require close  

monitoring of wages and productivity. ""The occurrence of a negative gap  

between the two is not a good sign,"" he emphasised. The focus will  

therefore be on current actions in ensuring the stability of public  

finances and managing labour costs.  

""Considering the uncertain oil prices, cost management is especially  

important and the changed economic conditions with forecasts of lower  

economic growth in Europe will be a challenge for public finances. Their  

flexibility could be put to a test,"" Rant added.  

Slovenia is gearing up for the euro in other areas as well. Companies do  

not expect any major shocks, as most are already doing business with  

eurozone countries. Moreover, over 60 percent of all exports end up in the  

EU.  

Indeed, businessmen expect benefits rather then difficulties, notably  

lower overhead costs, lower risk and greater attraction for foreign  

investment. Some problems are expected in the public and service sectors,  

especially retail.  

A heated debate has been under way about double pricing. Retailers  

initially insisted that double price tags are out of the question until  

the exchange rate is cemented, but this is theoretically possible only  

after the two-year ERM II period expires.  

The government and the Bank of Slovenia have come up with a solution that  

they believe will provide sufficient information for consumers while not  

putting too much pressure on retailers: price labels will include euros as  

of March 2006 according to the central parity rate, while double price tags  

will remain in place six months after the changeover to the euro."
DJ INTERVIEW: Slovene Central Bk: New Govt Must Stay Course  ,2004-09-30,"LJUBLJANA, Sep 30, 2004 (ODC via COMTEX) --  

(This story was originally published Wednesday)  

By Nick Carey Of DOW JONES NEWSWIRES  

Whichever party wins Slovenia's general elections Oct. 3 must stick to the country's agreed fiscal policy or risk failure to join the single European currency, the Slovene central bank governor told Dow Jones Newswires. ""Any loosening of fiscal policy would be the greatest threat to our prospects of adopting the euro,"" Mitja Gaspari said earlier this week. ""I would be very disappointed in any government that took that path."" Gaspari also called on any future government to create fiscal reserves as the Slovene economy picks up after several years of healthy but unremarkable growth, and said he prefers to maintain a restrictive interest rate policy for as long as it's feasible. Slovenia entered the European exchange rate mechanism known as ERM2 - June 27, and is aiming to adopt the common European currency in 2007. Slovenia, which broke away the from former Yugoslav Republic in 1991 and has a population of just 2 million, joined the European Union May 1. Two other small new E.U. members, Estonia and Lithuania, joined ERM2 on the same day. Part of the logic behind the move is that the currencies of these small countries are particularly vulnerable to speculation, making the euro a more stable bet for business and trade. The Slovene central exchange parity rate agreed on with the European Central Bank is 239.64 tolar to the euro. The tolar has remained within 0.2% of that rate - the maximum fluctuation band is 15% - since late June. Gaspari said the central bank made one small intervention in July to maintain parity, but declined to comment on the size of that intervention. The general elections to be held in Slovenia this Sunday are expected to be a near-run thing. After 12 years as the main partner in successive coalition governments, the left-leaning Liberal Democrats of Slovenia, or LDS, face a serious challenge from the center-right Slovenian Democratic Party, or SDS. The country's main daily Delo gives SDS 21.5% of the vote, just 0.2 percentage points ahead of LDS, although polling agency GfK Gral-Iteo puts LDS at 16.6%, 3.6 points ahead of SDS. Either way, a close race is predicted. LDS' onetime lead of 10 percentage points has evaporated in recent weeks. Gaspari said the election promises of the main parties are irresponsible, as they would require significant increases in spending. Slovenia's fiscal deficits for 2004 and 2005 are expected to reach around 2% of gross domestic product, within the 3% GDP limit set by the Maastricht criteria for adopting the euro. ""Any changes to fiscal policy would be counterproductive and would result in speculative attacks on the tolar,"" he said. The Slovene central bank, he added, is 100% committed to the euro adoption agreement brokered with the current government. Gaspari said one potential obstacle that must be overcome is reducing inflation. Although price rises have slowed from 9% in 2000 to an expected level of 3.5% this year, Gaspari said inflation will have to go lower if the country is to gain European Central Bank approval to adopt the euro. Under ERM2, Slovenia's inflation must be no higher than the average of the three lowest inflation rates in the euro zone, plus 1.5%. That currently gives a figure of around 2.5%. Gaspari said he expects inflation to fall to 3% next year, but that it may not reach 2.5% by the end of 2006, particularly if oil prices stay high. ""Whether or not we're allowed to adopt the euro will be a matter for the ECB,"" he said. ""Our task is to get as close as possible and then take it from there."" Interest rates in Slovenia are higher than in the euro zone, with the central bank's key 60-day tolar bill rate at 4%, in comparison with the ECB's 2% key rate. The central bank last cut rates by 25 basis points in mid-June. Although the country's economy is beginning to take off, Gaspari said he is reluctant to raise interest rates any time soon. The Slovene economy picked up in the second quarter, with GDP growth of 4.6% recorded by the country's statistical office, up from 3.7% in the first quarter. Gaspari predicts GDP growth of 4% for the year, up from 2.5% in 2003 as the euro-zone economies gather steam. Almost 70% of Slovenia's trade is with other E.U. member states. Slovenia is the richest of all the new E.U. members, with an average monthly salary of around EUR800. Central bank Web site:  http://www.bsi.si(""http://www.bsi.si"")

-By Nick Carey, Dow Jones Newswires; 42 0 22 108 5272; nick.carey@dowjones.com  

Copyright 2004 Dow Jones. All rights reserved."
DJ INTERVIEW: Slovene Central Bk: New Govt Must Stay Course  ,2004-09-29,"LJUBLJANA, Sep 29, 2004 (ODC via COMTEX) --  

Of DOW JONES NEWSWIRES  

Whichever party wins Slovenia's general elections Oct. 3 must stick to the country's agreed fiscal policy or risk failure to join the single European currency, the Slovene central bank governor told Dow Jones Newswires. ""Any loosening of fiscal policy would be the greatest threat to our prospects of adopting the euro,"" Mitja Gaspari said earlier this week. ""I would be very disappointed in any government that took that path."" Gaspari also called on any future government to create fiscal reserves as the Slovene economy picks up after several years of healthy but unremarkable growth, and said he prefers to maintain a restrictive interest rate policy for as long as it's feasible. Slovenia entered the European exchange rate mechanism known as ERM2 - June 27, and is aiming to adopt the common European currency in 2007. Slovenia, which broke away the from former Yugoslav Republic in 1991 and has a population of just 2 million, joined the European Union May 1. Two other small new E.U. members, Estonia and Lithuania, joined ERM2 on the same day. Part of the logic behind the move is that the currencies of these small countries are particularly vulnerable to speculation, making the euro a more stable bet for business and trade. The Slovene central exchange parity rate agreed on with the European Central Bank is 239.64 tolar to the euro. The tolar has remained within 0.2% of that rate - the maximum fluctuation band is 15% - since late June. Gaspari said the central bank made one small intervention in July to maintain parity, but declined to comment on the size of that intervention. The general elections to be held in Slovenia this Sunday are expected to be a near-run thing. After 12 years as the main partner in successive coalition governments, the left-leaning Liberal Democrats of Slovenia, or LDS, face a serious challenge from the center-right Slovenian Democratic Party, or SDS. The country's main daily Delo gives SDS 21.5% of the vote, just 0.2 percentage points ahead of LDS, although polling agency GfK Gral-Iteo puts LDS at 16.6%, 3.6 points ahead of SDS. Either way, a close race is predicted. LDS' onetime lead of 10 percentage points has evaporated in recent weeks. Gaspari said the election promises of the main parties are irresponsible, as they would require significant increases in spending. Slovenia's fiscal deficits for 2004 and 2005 are expected to reach around 2% of gross domestic product, within the 3% GDP limit set by the Maastricht criteria for adopting the euro. ""Any changes to fiscal policy would be counterproductive and would result in speculative attacks on the tolar,"" he said. The Slovene central bank, he added, is 100% committed to the euro adoption agreement brokered with the current government. Gaspari said one potential obstacle that must be overcome is reducing inflation. Although price rises have slowed from 9% in 2000 to an expected level of 3.5% this year, Gaspari said inflation will have to go lower if the country is to gain European Central Bank approval to adopt the euro. Under ERM2, Slovenia's inflation must be no higher than the average of the three lowest inflation rates in the euro zone, plus 1.5%. That currently gives a figure of around 2.5%. Gaspari said he expects inflation to fall to 3% next year, but that it may not reach 2.5% by the end of 2006, particularly if oil prices stay high. ""Whether or not we're allowed to adopt the euro will be a matter for the ECB,"" he said. ""Our task is to get as close as possible and then take it from there."" Interest rates in Slovenia are higher than in the euro zone, with the central bank's key 60-day tolar bill rate at 4%, in comparison with the ECB's 2% key rate. The central bank last cut rates by 25 basis points in mid-June. Although the country's economy is beginning to take off, Gaspari said he is reluctant to raise interest rates any time soon. The Slovene economy picked up in the second quarter, with GDP growth of 4.6% recorded by the country's statistical office, up from 3.7% in the first quarter. Gaspari predicts GDP growth of 4% for the year, up from 2.5% in 2003 as the euro-zone economies gather steam. Almost 70% of Slovenia's trade is with other E.U. member states. Slovenia is the richest of all the new E.U. members, with an average monthly salary of around EUR800. Central bank Web site:  http://www.bsi.si(""http://www.bsi.si"")

-By Nick Carey, Dow Jones Newswires; 42 0 22 108 5272; nick.carey@dowjones.com  

Copyright 2004 Dow Jones. All rights reserved."
Gaspari: Inflation Rate to Drop below 3% Next Year  ,2004-09-06,"Koper, 06 September (STA) - If Slovenia wants to introduce the euro in two  

years, it will first have to meet all the relevant Maastricht criteria, and  

inflation is still quite a significant problem, Bank of Slovenia governor  

Mitja Gaspari said at a meeting of businessmen from the coastal region on  

Monday.  

Due to high oil prices, Slovenia's inflation rate stood at an annual 3.7  

percent in August, which is more than had been expected, Gaspari observed.  

Next year Slovenia's inflation rate is expected to drop below 3 percent,  

provided there are no major price increases and surprises on the market,  

Gaspari went on to say.  

Now that Slovenia is in the ERM II, it is to face two key periods of  

verification of the Maastricht standards, namely in May and June 2005 and  

2006, Gaspari pointed out.  

According to the Maastricht criteria, the inflation rate of EU member  

states that want to introduce the euro must equal that of three members  

with the lowest inflation rate.  

Slovenia and some other countries though believe that it would be more  

logical to adapt to the inflation rate represented by the euro, as the new  

member states are joining a system with a common central bank, whose aim is  

to keep the annual inflation rate around two percent.  

""It is about the relationship between big and small countries. The big  

ones set the rules, and the small ones must respect them,"" Gaspari said.  

Our entry in the ERM II affects the rate of the tolar, which must be  

stable without major or too frequent interventions on the part of the  

central bank, Gaspari explained, adding that the Bank of Slovenia has only  

intervened once so far.  

According to the central bank governor, Slovenia's preparations for the  

euro are being quite efficient, the government, the Bank of Slovenia, the  

Bank Association of Slovenia and the Chamber of Commerce having drafted a  

good project for the introduction of the euro.  

Participation in the project is expected by the Slovenian Consumers'  

Association, as the new currency will be especially important for them.  

Gaspari in fact hopes that prices could start being marked in tolars and  

euros as soon as possible, so that people can start getting used to the  

new currency."
Signs of Slovenian success in steadying tolar-Buba.   ,2004-08-16," FRANKFURT, Aug 16 (Reuters) - Slovenia is having some success in halting its currency depreciation, which is important to the country's future adoption of the euro, the Bundesbank said on Monday.    

 Slovenia joined the Exchange Rate Mechanism ERM-2 in June, linking its tolar in a trading band against the euro to test whether it can keep the currency stable for at least two years before converting to the euro.    

 The tolar has depreciated a little, prompting central bankintervention.    

 ""It will be decisive for Slovenia's successful participation in ERM-2 whether the depreciating trend of the tolar against the euro can be credibly broken,"" the Bundesbank said in its August monthly report.    

 ""The first signs are thoroughly encouraging, even if the time period under consideration so far is very short,"" it added.    

 Slovenia, along with Baltic EU members Estonia and Lithuania, joined ERM-2 on June 27. The three were among 10 countries, mainly in central Europe, that joined the EU in May this year.    

 Slovenia set a central parity of 239.64 tolar to the euro when it joined ERM-2. ERM-2 members are required to intervene if their currencies appreciate or depreciate by more than 15 percent from the central parity against the euro.    

 The tolar had depreciated by 21 percent against the euro between the launch of the single currency in 1999 and Slovenia's joining ERM-2 in June, the Bundesbank said.    

 However, it noted that the tolar  had recently been trading at 240 to the euro, just 0.15 percent weaker than its central parity.    

 ""The euro-tolar exchange rate therefore has been moving in a very narrow band so far, without having to make use of the permitted plus/minus 15 percent fluctuation margin around the central rate,"" the Bundesbank said.    

 The Bundesbank said that further tension-free development of the exchange rates of the tolar as well as the Estonian and Lithuanian currencies depended on those countries maintaining stability-oriented economic policies, particularly for government budgets, and carrying out structural reforms.    

Slovenia's central bank late last month intervened in the foreign exchange market for the first time to support the tolar.    

 One currency trader said he saw the intervention more as a training manoeuvre and said the central bank was trying to defend an unofficial and self-imposed 0.2 percent band for the tolar."
"News Roundup - Tuesday, 27 July  ",2004-07-27,"Ljubljana, 27 July (STA) - Below is a roundup of major events on Tuesday,  

27 July:  

POLITICS  

BERLIN, Germany - International topics were at the forefront of Tuesday's  

talks between Foreign Minister Ivo Vajgl and his German counterpart  

Joschka Fischer. As Vajgl told STA, the pair focused on bilateral  

cooperation in the EU, issues related to the EU's common security and  

foreign policy, the future of OSCE, the Middle East and the Western  

Balkans. Relations between Slovenia and Germany are problem-free, while  

cooperation in economy, politics and culture has been developing well,  

Vajgl said he and his counterpart established. According to him, Germany  

supports Slovenia's admission to the Organisation for Economic Cooperation  

and Development. The minister also said he proposed signing a bilateral  

accord on free movement of labour.  

BERN, Switzerland - Slovenia and Switzerland signed agreements on fighting  

organised crime, the return of illegal residents, and deployment of  

liaison officers, as Interior Minister Rado Bohinc met his Swiss  

counterpart Cristoph Blocher in Bern on Tuesday. As Minister Bohinc told  

STA, the agreements will further upgrade cooperation between the Slovenian  

and Swiss police, making it more organised and efficient, as they will  

enable a faster and direct exchange of information. According to Bohinc,  

Slovenia as well as the countries to its north and west are exposed to  

criminal activities of the so-called Balkan route, including human, drugs  

and arms trafficking.  

PODGORICA, Serbia-Montenegro - Minister of Labour, Family and Social  

Affairs Vlado Dimovski is visiting Montenegro Tuesday and Wednesday at the  

invitation of his counterpart Slavoljub Stijepovic. The Labour Ministry  

says the purpose of the visit is to exchange experience and boost  

bilateral cooperation. Dimovski is expected to outline Slovenia's activity  

in the areas he is responsible for, in particular the country's experience  

in attaining EU standards in labour, family and social affairs, as well as  

employment and labour market policies. The two sides are further expected  

to share experiences with reforms, social security, pension and disability  

insurance. The visit is moreover seen as Slovenia's contribution to help  

Montenegro to promptly join the EU, the Labour Ministry stated in a press  

release.  

LJUBLJANA - Responding to an invitation by Foreign Minister Ivo Vajgl,  

head of the government of the Italian border region Friuli-Venezia Giulia  

Riccardo Illy is due to arrive in Slovenia on Wednesday for talks  

dominated by problems faced by both ethnic minorities, transport issues  

and cross border cooperation. According to the Foreign Ministry, the  

purpose of the visit is to confirm the close relations between both sides  

and set the guidelines for future cooperation. Relations took on a new  

dimension with Slovenia's accession to the EU, offering new opportunities  

of taking cooperation to a higher level, the Foreign Ministry said in a  

press release prior to the visit.  

NOVO MESTO - Milos Kovacic, the outgoing CEO of the pharmaceutical company  

Krka, will stand at the parliamentary elections as the candidate of the  

ruling Liberal Democrats (LDS). As he told the press on Tuesday, ""business  

diplomacy"" will be very important for Slovenia in the coming years if the  

country wants to be successful in the EU, adding he had rich experience as  

he has been at the helm of Krka for 20 years. Gregor Golobic, the chair of  

the LDS council, refused to say whether there will be more company heads  

on the LDS list at the autumn elections. He said that talks with potential  

candidates were still underway and that the list would be completed by the  

end of August.  

LJUBLJANA - Parliament Speaker Feri Horvat on Tuesday received Austrian  

Ambassador to Slovenia Ferdinand Mayrhofer-Gruenbuehl, thanking him for  

Austria's support in Slovenia's EU integration and for the swift aid  

offered in the wake of the Posocje earthquake earlier in July, the  

parliament said. The cooperation between Austria and Slovenia is well  

underway in all fields, particularly in economy. Horvat pointed out that  

bilateral trade amounts to almost EUR 2bn and that Austria is the biggest  

foreign investor in Slovenia, the parliament wrote in a press release.  

BUSINESS & ECONOMY  

LJUBLJANA - The mayor of the biggest financial centre in Europe said that  

Slovenia could act as a springboard for financial institutions wishing to  

do business in SE Europe. According to Robert Finch, the Lord Mayor of the  

City of London, there are many opportunities for cooperation between  

Slovenia and London City. Speaking at Tuesday's press conference after  

meeting PM Anton Rop, Finance Minister Dusan Mramor and Bank of Slovenia  

Governor Mitja Gaspari, Finch said the two sides should work for  

harmonisation in trade and greater cooperation between financial  

institutions. He said he would like to see London City involved in any  

possible second wave of privatisation in Slovenia, adding it was important  

to establish how London City could participate in the development of the  

Slovenian economy.  

LJUBLJANA - The Bank of Slovenia has intervened on the currency market for  

the first time since Slovenia entered the ERM II exchange rate mechanism,  

a grooming phase for the adoption of the euro. The bank sold euros - 20  

million according to some reports - in line with ERM II regulations, STA  

learnt from the central bank. Central bank officials would not elaborate,  

but said the move was nothing out of the ordinary.Slovenia's central bank

responded to the growth of the euro noted over the past week, the public  

radio broadcaster, Radio Slovenija, said. Analysts believe the sum in  

question is not substantial.  

LJUBLJANA - A day after appointing Marko Simoneti as the head of the  

Ljubljana Stock Exchange (LJSE), the supervisory board of the LJSE came  

out to say that Simoneti was the best choice. According to Zdenko  

Podlesnik, the head of the LJSE supervisory board, Simoneti was chosen  

unanimously to replace outgoing LJSE director Drasko Veselinovic. Simoneti  

already resigned as a supervisory board member in order to assume the new  

post on 1 January 2005. According to Podlesnik, the major challenge in the  

future will be the development of the Ljubljana Stock Exchange. ""Among  

other things, services comparable with that on foreign stock markets will  

have to be phased in.""  

LJUBLJANA - A day after the management of the Slovenian Railways boasted  

upbeat half-year business figures with profits of EUR 2.55m, the utility's  

trade union said Tuesday that workers had been forced to work extra hours  

not envisaged in the collective agreement. The trade union highlighted in  

today's press release that workers were forced to work 40 or 50 extra  

hours per month due to lack of labour force. Moreover, not all workers are  

able to take a break during a working day, while their working hours are  

not in line with the collective agreement, according to the union.  

LJUBLJANA - The Italian laboratory that examined bees found poisoned  

earlier in July has not found any traces of the substance contained in the  

disputed Gaucho pesticide but discovered the presence of two other  

substances, STA was told by the Agriculture Ministry, which will reveal  

the findings to the press on Friday. One substance was found from bees  

killed in the coastal region and a different one was detected in bees  

killed in the NW region of Gorenjsko, said Marina Rojko, the spokesperson  

at the Agriculture Ministry. The Veterinary Administration (VURS) is  

currently drafting conclusions, said Rojko, adding that veterinarians are  

to meet with beekeepers over the matter.  

LJUBLJANA - There were a total of 12,291 job vacancies in Slovenian at the  

end of 2003, up 5.7 percent compared with a year earlier. This is stated  

in the first vacancies statistics report, released by the national  

Statistics Office to align its methodology with that of Eurostat. The  

report says most vacancies were available in manufacturing (3,109), retail  

(1,898) and construction (1,851). Quite a few vacancies were also in  

financial services (212) and public administration (271), while only four  

jobs were available in fisheries and only 11 in private households  

employing staff.  

LJUBLJANA - The benchmark SBI 20 index gained 32.07 points or 0.7 percent  

on Tuesday to close the day at 4,610.47 points.  

LJUBLJANA - Optimism continued to prevail on the Ljubljana Stock Exchange,  

with the benchmark SBI 20 index gaining 32.07 points (0.7 percent) to  

close Tuesday's trading at 4,610.47 points. Despite the summer calm,  

volumes were moderate, amounting to SIT 1.04bn (EUR 4.34m), of which 40  

percent was done in four package deals.  

ARTS & CULTURE  

LJUBLJANA - A music concert by the Slovenian band Bast opened the  

traditional summer Trnfest Festival on Tuesday evening at KUD France  

Preseren, an independent cultural centre in Ljubljana. Over a hundred  

events are scheduled to take place until 31 August, all free of charge.  

One of the most popular open-air events in Ljubljana, which last year  

attracted some 40,000 visitors, will offer music concerts, theatre  

performances and literary readings, exhibitions, films, a special  

programme for children and the international Emona Promenade.  

VIENNA, Austria - A novel by Slovenian writer Lojze Kovacic, who passed  

away earlier this year, tops the list of ten best novels composed by the  

Austrian public broadcaster ORF for August. ""Die Zugereisten"", the German  

translation of the novel ""Prisleki"" (The Newcomers), has been published by  

the Klagenfurt-based Drava publisher. In this autobiographical novel,  

Kovacic depicts his childhood - a life of poverty and misery. Fantasy and  

imagination are strongly at work in the perception of the young Lojzek,  

who in 1938 suddenly finds himself in Slovenia, the homeland of his  

father. The novel has already won acclaim at home; critics have namely  

selected it the novel of the 20th century.  

CRIME  

IVANCNA GORICA - A major source of water for a small Slovenian region is  

under threat after hundreds of litres of dangerous chemicals were dumped  

in its vicinity on Sunday. Police apprehended a 24-year-old man on Sunday  

after he was found dumping several drums containing an unknown substance  

in the vicinity of the Globocec spring on Sunday. The suspect supposedly  

slashed the barrels open and more than 1,000 litres of various substances  

are said to have leaked out. Tests carried out so far have shown no signs  

that the spring has been contaminated, although environmental experts say  

that it could take days for contamination to show.  

OBREZJE - In the latest drug bust on Slovenia's border with Croatia,  

customs officials seized 28.6 kilograms of heroin that was supposedly  

headed to Germany. Customs officers discovered the drug stash in a van  

driven by two Bosnian citizens who tried to cross into Slovenia at the  

Obrezje border crossing last Thursday, customs officials told the press on  

Tuesday."
Central Bank Intervenes  on  Currency  Market   ,2004-07-27,"Ljubljana, 27 July (STA) - The Bank of Slovenia has intervened on the   

currency market for the first time since Slovenia entered the ERM II   

exchange rate mechanism, a grooming phase for the adoption of the euro.   

The bank sold euros - 20 million according to some reports - in line with   

ERM II regulations, STA learnt from the central bank. Central bank

officials would not elaborate, but said the move was nothing out of the   

ordinary.   

Slovenia's central bank responded to the growth of the euro noted over the   

past week, the public radio broadcaster, Radio Slovenija, said. Analysts   

believe the sum in question is not substantial.   

Slovenia entered the ERM II on 28 June, setting a central euro-tolar rate   

at SIT 239.64. ERM II rules set that the exchange rate can fluctuate 15   

percent on either side of this rate.   

Today the tolar-euro rate stood at SIT 239.75, meaning that it has not   

shifted significantly from the set rate, the central bank added."
UPDATE 1-Slovenian cbank  intervenes  for first time since ERM-II.  ,2004-07-27,"LJUBLJANA, July 27 (Reuters) - Slovenia's central bank said it had intervened to support the tolar in the domestic currency market on Tuesday for the first time since joining the Exchange Rate Mechanism (ERM-2) last month as a step towards adopting the euro.  

""There was an intervention and the central bank has been selling foreign exchange,"" Gordana Pipan, spokeswoman for the Bank of Slovenia, told Reuters.  

""This was the first intervention of the central bank on the open foreign exchange market (since ERM-2 entry), in line with the concept explained at Slovenia's entry into ERM-2,"" she added  

The Bank of Slovenia said it had sold foreign currency but declined to elaborate. Traders said the bank had sold 20 million euros.  

""There was some more buying than selling (of euros) last week and the exchange rate rose. So it is a bit surprising that this came today, I would have expected it yesterday or last week,"" one trader at Bank Austria-Creditanstalt said.  

""I see this (intervention) more as a training manoeuvre, since the central bank is trying to defend the unofficial and self-imposed 0.2 percent band for the tolar,"" he added.  

The tolar was trading at 239.89/240.01 at 1301 GMT. The central parity of Slovenia's currency under ERM-II was set at 239.640 tolars per euro.  

The European Central Bank set its upper and lower intervention rates for the tolar at 275.586 tolar per euro and 203.694 tolar, respectively.  

European Union newcomers Slovenia, Estonia and Lithuania joined the ERM-2 at the end of June and became the first of 10 new EU members to join ERM-2, the block's waiting room for the euro which they plan to adopt at the start of 2007."
Slovenian cbank  intervenes  for first time since ERM-II.  ,2004-07-27,"LJUBLJANA, July 27 (Reuters) - Slovenia's central bank said it had intervened in the domestic currency market on Tuesday for the first time since joining the Exchange Rate Mechanism (ERM-2) last month as a step towards adopting the euro.  

The Bank of Slovenia said it had sold foreign currency but declined to elaborate. Traders said the bank had sold 20 million euros.  

The tolar was trading at 239.89/240.01 at 1301 GMT. The central parity of Slovenia's currency under ERM-II was set at 239.640 tolars per euro."
"News Roundup - Tuesday, 28 January. ",2003-01-29," Ljubljana, 28 January (STA) - Below is a roundup of major events on Tuesday, 28 January: 

 LJUBLJANA - After the coalition-proposed motion on the consultative EU and NATO referendums is expected to be dabated in parliament either tommorrow or Thursday, the government and the opposition are still engaged in talks in a bid to reach a consensus of all parties, a POP TV report said. A compromise would involve two changes to the Constitution, TV Slovenija reported, and added that legal experts have already gathered to draft a compromise deal. Speaker of the Parliament Borut Pahor could neither deny nor confirm the TV reports about the talks. Furthermore, the public broadcaster TV Slovenija said that MPs are expected to discuss the calling of both referendums, scheduled for 23 March, on Thursday rather than late tommorrow evening. Head of the LDS deputy faction Tone Anderlic, however, told STA that the motions could well be debated as early as tomorrow. LJUBLJANA - The coalition SLS expects the Defence Ministry to produce a detailed study of both scenarios of Slovenia's integration into NATO, namely one if Slovenia's chooses NATO membership and the other if it decides to remain outside the Alliance. The study should include the costs of both scenarios, SLS president Franci But told the press. According to But, citizens need to be informed about the exact cost of NATO membership and the impact it would have on the position of the country, which is part of the region where conflicts are frequent. The ministry should also explain what would happen to the professionalization of the armed forces in either scenario and how much neutrality would cost. LJUBLJANA - Slovenia has joined the EU's stance on the Iraqi crisis, reiterating that an efficient and complete disarmament of Iraq is the solution to the crisis, the Foreign Ministry, which is following the developments carefully and with concern, said in a press release. The country believes that the supreme authority to solve disputes in the international community is the UN Security Council, so Slovenia believes Iraq should fulfil its obligations stemming from UN Security Council resolutions. Meanwhile, a news report said that the U.S. has sent a second request to Slovenia to take part in a potential intervention in Iraq. According to POP TV, which quoted ""well informed sources"", the U.S. asked Slovenia in a ""semi-official way"" whether the country would be willing to offer additional, different form of expert help, namely experts in medicine, biological, chemical and nuclear weapons as well as IT experts. The most surprising request, according to the TV station, was that for translators for Arabic. LJUBLJANA - The coverage of the president's speech before the World Economic Forum in Davos, alleging that he warned that the referendum on Slovenia's accession to NATO might not succeed if the U.S. decides to take unilateral action against Iraq without the approval of the UN, stirred a lot of attention in Slovenia. Until the Davos forum press release summarising his statement, Slovenian officials never linked the issues of attack on Iraq and a NATO referendum, said the national TV Slovenija. To clarify any misunderstanding after the Davos press office apologised to the president's office earlier today for wrongly reporting on his statement, the state-owned TV network aired the relevant excerpt from President Janez Drnovsek's speech in Davos. At the forum's plenary session on trans-Atlantic relations, Drnovsek said that a unilateral U.S. action against Iraq ""would certainly not help the partnership, and I must certainly say that it would not help me or our government in Slovenia to win the referendum on NATO..."". LJUBLJANA - Irish Minister for Europe Dick Roche will be arriving for a one-day visit to Slovenia tomorrow for talks dominated by concerns of the future make-up of the soon-to-be enlarged EU. The issue is being debated within the European Convention, a forum responsible to draft a European Constitution by mid-year. The visiting minister is scheduled to hold talks with Foreign Minister Dimitrij Rupel, Europe Minister Janez Potocnik and head of the parliamentary foreign affairs commitee Jelko Kacin. LJUBLJANA - Macedonian Deputy Prime Minister Radmila Sekerinski is scheduled to pay a visit to Slovenia tomorrow. She is to be hosted by Europe Minister Janez Potocnik, who is to discuss with her Slovenia's experiences in accession to the EU. Slovenian authorities have said on several occasions that helping Balkan countries in their efforts to join the EU is an opportunity as well as duty for Slovenia as a soon-to-be EU member with vast experiences gained in the accession process. Sekerinski is first expected to hold talks with Slovenian Economics Minister Tea Petrin, followed on Wednesday afternoon with a meeting with Potocnik and Labour Minister Vlado Dimovski. A meeting with Parliament Speaker Borut Pahor is scheduled for Thursday. LJUBLJANA - Terms for the presidential function and the organisation of the president's office in Slovenia have been set in the bill on the presidential office, which was passed in 44-28 vote in parliament. The new act also defines the rights and privileges of former state presidents. The bill on reducing the consumption of alcohol was also passed today. Backed in a 37:12 vote, the new act is related to the fact that consumption of alcohol per capita ranks Slovenia at the top in the world, while harmful consequences of alcohol abuse are one of Slovenia's major health issues. LJUBLJANA - The non-parliamentary Environmental Movement Party (SEG) has joined the debate about the construction of a mosque in Ljubljana, stating that no religion should meddle with politics. ""Religion in politics sows discord instead of building unity and arouses hatred instead of love,"" the party said, voicing its support for the construction of a mosque in Ljubljana. The commercial TV station POP TV meanwhile, reported yesterday that Muslim Mufti Osman Djogic quoted Saudi Arabia, Qatar, UAE and Turkey as the countries that could help by providing financial resources for the construction of a mosque. STRASBOURG - Slovenian parliament's permanent delegation to the Council of Europe (CoE) has addressed a letter to President of the CoE Parliamentary Assembly Peter Schieder, drawing his attention to the only round-the-clock radio programme of the Slovenian ethnic minority in Austria, which is to stop broadcasting due to a lack of funds. The delegation - currently attending the first part of the regular session of the CoE Parliamentary Assembly in Strasbourg - wanted to inform Schieder on the problem the Slovenian minority has in acquiring funds for Radio Dva. Schieder was also asked to help resolve the problem. The letter was handed over to Schieder by the head of Slovenian delegation Roman Jakic. LJUBLJANA - Croatia has sent to the Slovenian government the last request before arbitration to settle issues related to the jointly-owned N-plant in Krsko (NEK). The Croatian side is asking Slovenia to purchase Croatia's stake in NEK. That the request has been received was confirmed by the Slovenian Environment Ministry, which is to respond to the offer early next week. However, while the Slovenian government intends to study the document, it insists on the stance that all NEK-related issues have been adequately settled in the Slovenian-Croatian NEK agreement. The government will therefore try to get the accord ratified by the Slovenian parliament. The last Croatian attempt to resolve the NEK dispute with Slovenia before resorting to arbitration has been made because arbitration has to be called in not later than five years after the dispute has emerged, that is before 30 July 2003. LJUBLJANA - The council of the Bank of Slovenia confirmed amendments to the act on banking, which has already been forwarded to the Finance Ministry, and amended decrees on money transfers with abroad and reporting market players on securities trading. According to the central bank, the amended act also sets down new regulations on the acquisition of qualified stakes of foreign banks in Slovenian banks and vice versa. As a result of the changes to decree governing money transfers with banks abroad, Slovenians will be able to buy and sell foreign securities directly from 1 February, without having to go through a licensed Slovenia-based trader. The change has been made to comply with the EU accession agreement, which stipulates a four-year transitional period that expires on the first day of February. MARIBOR - It is good that the government has drafted a programme that enables more systematic monitoring of prices which are not directly influenced by the market, and has defined tax interventions in areas where this is required by a monopoly or oligopoly market situation. This is how Bank of Slovenia governor Mitja Gaspari assessed the government's anti-inflation programme for the daily Vecer. What is most important with the anti-inflation programme is that the government decided that the planned price increases will take place in proportion to the general price rise, Gaspari said in an interview for the Maribor-based daily. LJUBLJANA - The Economics Ministry earmarked EUR 31m to encourage the development of companies this year, EUR 15.6m of which have already been distributed to companies through public tenders to encourage entrepreneurship and competition. These are development encouragement and not classic state aids given to troubled companies, which is why the invitations for applications are intended for solid companies, particularly from the sectors vital for successful breakthrough on international markets, Economics Ministry State Secretary Mateja Mesl told the press yesterday. The amount allocated for development encouragement is higher that last year's, when EUR 20m were provided. LJUBLJANA - A delegation of the Polish Ministry for Infrastructure led by relevant minister and Deputy PM Marek Pol is to arrive for a three-day visit to Slovenia tommorrow upon the invitation of Transport Minister Jakob Presecnik. An agreement on sea transport is to be signed by both officials on Thursday. The delegations are to discuss the development of transport infrastructure, while the economic co-operation between the two countries in transport is also to be touched on, said Transport Ministry. Poland is a very important business partner of Slovenia's. According to the GZS figures, Poland holds the tenth place among importers of Slovenian goods, with a 2.6% share of Slovenia's total exports. It is also at the 17th place among exporters to Slovenia, with Polish goods making 1.4 percent of all Slovenian imports. KOPER - Istrabenz, a company which specialises in energy, tourism and investments, generated a net profit of EUR 14.3m in 2002, with revenues at EUR 37.6m, according to preliminary estimates. Istrabenz chairman Igor Bavcar told a press conference that the company is expected to earn EUR 19.9m this year, with a net profit of EUR 9.3m. The company, which has 16 subsidiaries, plans to expand its business in 2003, most notably to offer integral energy solutions and conduct real estate business. Two dependent companies will be set up to manage these businesses, each with a starting capital of about one million euros. The value of Istrabenz's real estate deals is expected to amount to EUR 25m in five years. SKOPJE - A court in Skopje is expected to decide by the end of January whether to issue a temporary injunction prohibiting owners of Macedonia's largest publishing house Nova Makedonija, the largest being Slovenian company Jug storitve, from exercising ownership rights over their stakes in the company, the Skopje-based newspaper Utrinski vesnik reported. According to the daily, this would freeze shares of Nova Makedonija, which Jug storitve purchased at a public privatisation tender last year, until the final solution of a dispute on one of the most compromised privatisation cases in the country. The Slovenian group has been facing troubles ever since it bought 70 percent of the publishing house for EUR 2.3m in September. LJUBLJANA - This year will be crucial for the leading Slovenian clothes maker Mura, which will have to reverse negative trends of the last three years, CEO Borut Meh told the daily Dnevnik. According to Meh, this will depend on the goodwill of the state, for which he believes it would be better to take part in helping the ailing Mura back on track rather than having to deal with social problems if the restructuring programme fails. Moving Mura's production into countries with cheaper workforce might seem the easiest solution, however this scenario would leave 5,000 or 4,000 people out of job in SE Slovenia, which is the country's poorest region, causing a major social problem both for the region and for the state. LJUBLJANA - Slovenia's tourism industry posted a three-percent rise in the number of foreign visitors and tourist nights. With a total of 2,158,240 tourists and 7,311,846 overnight stays registered in 2002, the ""magic number"" of two million tourists was beaten for the second year in a row. As head of Slovenian Tourist Board (STO) Bojan Meden told the press, last year was very successful, as revenues from tourism are expected to exceed one billion euros, according to unofficial business results. Most foreign visitors to Slovenia came from Italy, Germany, Austria and Croatia. The number of Slovenian tourists and tourist nights went down one percent last year with a total of 857,382 domestic visitors. LJUBLJANA - Slovenia's foreign exchange reserves totalled US$ 7.84bn at the end of November 2002, up US$ 843m from the previous month and up US$ 2.45bn over November 2001. Meanwhile, the country's foreign debt amounted to US$ 8.23bn, thus exceeding the foreign exchange reserves by US$ 391m. The bulk of all foreign exchange reserves, US$ 6.61bn, were held by the Bank of Slovenia, while the rest, US$ 1.23bn, was held by the commercial banks. Since the end of 2001, the reserves of the central bank increased by US$ 2.36bn, while those in commercial banks dropped by US$ 270m in the first eleven months of 2002. According to the central bank bulletin, the long-term foreign debt totalled US$ 8.12bn, while the short-term debt stood at US$ 112m. Over US$ 3bn of the long-term debt was public and state-guaranteed debt, while the remaining amount of around US$ 5bn was private debt. LJUBLJANA - The Ljubljana bourse engaged in modest trading, the volume of trade amounting to EUR 4.7m after 2,090 deals were made, including three package deals. Most indices dropped, including the benchmark SBI 20 index. The latter dropped by nearly 0.75 percent to 3,323.74 points. BREZICE - The Slovenian 16th century composer Iacobus Handl Gallus (1550-1591) is to receive special attention at the festival of classical music in the SE Slovenian town of Brezice. According to the festival director Klemen Ramovs, the major works works of Gallus - whop was a contemporary of Orlando di Lasso, Giovanni Pierluigi da Palestrina, Giovanni Gabrieli and Claude Monteverdi - are to be performed at the Brezice Festival in the next few years. The festival intends to become the European centre reviving and presenting Gallus's music. Gallus's motets are to be performed by soloists accompanied by old instruments."
"News Roundup - Saturday, 14 September. ",2002-09-14," Ljubljana, 14 September (STA) - Below is a roundup of major events on Saturday, 14 September: 

 BRATISLAVA - The co-operation between candidate countries for EU membership within the Central European Free Trade Agreement (CEFTA) has definitely contributed to making them fit for the integration in the EU, said Slovenian PM Janez Drnovsek at the CEFTA summit in the Slovakian capital, which wound up with the signing of a joint declaration. Drnovsek, who has also met with his Hungarian counterpart Peter Medgyessy, believes that ""just as CEFTA has served for the preparation of our countries to EU membership, so it will in the future"". Drnovsek pointed out that Slovenia, which is to host next year's CEFTA summit, will try to maintain co-operation between signatory countries, while keeping CEFTA's door open for new members. At the end of next year, CEFTA is expected to lose some of its signatories - which currently include Slovenia, Hungary, Poland, the Czech Republic, Slovakia, Bulgaria and Romania - because all countries that are integrated into the EU have to give up all free trade agreements that do not involve the EU. NEW YORK - Slovenian Foreign Minister Dimitrij Rupel yesterday met with his Yugoslav counterpart Goran Svilanovic on the sidelines of the 57th UN General Assembly. The two discussed the development of bilateral relations, agreeing that a legal base is required in order to further them, particularly in economy. Rupel expressed support for Yugoslav efforts for membership in the Council of Europe. The Slovenian minister moreover met representatives of the American Jewish Committee at their request, and attended a working dinner of the Human Security Network, hosted by Austrian Foreign Minister Benita Ferrero-Waldner, as Austria currently chairs the initiative. MARIBOR - A lot of co-ordination will be necessary if the Swiss multinational Novartis actually takes over the Ljubljana-based drug maker Lek, believes the Bank of Slovenia Governor Mitja Gaspari. ""If the central bank did not intervene on the market with such transactions as is Novartis's, tolar could gain as much as twenty percent in nominal terms, and such appreciation could not be endured,"" Gaspari told the daily Vecer. The co-ordination will be necessary also so as to prevent great oscillations on the foreign exchange market, Gaspari explained. Such sterilisation policy, which has to be carried out by the central bank to make the exchange policy relatively successful, also requires somewhat higher interest rates, Gaspari said. If the prices fail to steady at the same time, such policy of interest rates will be present for a longer period of time, Gaspari explained. LJUBLJANA - Slovenian agriculture is far from being unfit for the EU, Emil Erjavec, professor at the Biotechnical Faculty in Ljubljana and member of the negotiation group for Slovenia's accession to the EU, told the daily Delo. Farmers may have been even overly informed about what is expecting them, but the issue here is not only about the EU or EU integration, Erjavec thinks. Slovenian farmers will be increasingly exposed to market and capitalism laws, regardless of Slovenia's integration into the EU. Erjavec also said that at this moment what counts most for Slovenian agriculture is not so much the amount of subventions that it obtains, but rather the position of the Slovenian market and the competitive position of its food industry. LJUBLJANA - Slovenian oil traders Petrol and Istrabenz, which both export to Bosnia-Herzegovina, are quite satisfied with a decree issued by the Bosnian council of ministers by which the country will from now on import only liquid oil fuel that is in line with European standards. Since Petrol has been maintaining the requested quality standards for a long time now, the Ljubljana-based company expects the decree to increase its competition advantages on the Bosnian market, director of Petrol BH Oil Company Silvo Komar has told STA. The Bosnian subsidiary of Istrabenz, OMV Istrabenz BiH, has not yet examined the decree, but essentially the company thinks it is a positive move which will hopefully settle the circumstances on a rather difficult market. LJUBLJANA - The trading on the Ljubljana Stock Exchange last week took place under speculations about the announced takeover of the Slovenian pharmaceutical Lek by the Swiss multinational Novartis. Investors felt a bit uneasy because Bank Austria sold a lot of Lek shares, most of them in foreign ownership, below the announced takeover price of SIT 95,000 (EUR 416), as low as at SIT 87,800 (EUR 385). The benchmark SBI 20 index closed the week at 3,312.08 points, down 10.6 points (0.32 percent) over the previous week. The turnover amounted to EUR 51m. OBREZJE - Around 2,000 dead birds were discovered by Slovenian customs officers in an Italian van with a trailer at the Slovenian-Croatian border crossing Obrezje on Wednesday. A fowling piece was also found inside a double wall of the vehicle, the Slovenian Customs Administration said. According to the smugglers, the birds - protected by the 1979 Bern Convention on the conservation of European wildlife and natural habitats - were shot in the surroundings of Osijek, in eastern Croatia, where the two had been spending a hunting week."
"Takeover of Lek will Require a Lot of Co-ordination,  Central Bank  Governor Says. ",2002-09-14," Maribor, 14 September (STA) - A lot of co-ordination will be necessary if the Swiss multinational Novartis actually takes over the Ljubljana-based drug maker Lek, believes the Bank of Slovenia Governor Mitja Gaspari. ""If the central bank did not intervene on the market with such transactions as is Novartis's, tolar could gain as much as twenty percent in nominal terms, and such appreciation could not be endured,"" Gaspari told the Saturday issue of the daily Vecer. 

 The co-ordination will be necessary also so as to prevent great oscillations on the foreign exchange market, Gaspari explained. Such sterilisation policy, which has to be carried out by the central bank to make the exchange policy relatively successful, also requires somewhat higher interest rates, Gaspari said. If the prices fail to steady at the same time, such policy of interest rates will be present for a longer period of time, Gaspari explained. The governor explained that the central bank had been in contact with banks ever since the announcement about the intended Lek takeover. On a technical level, the bank is also in contact with the potential bidder. The main reason for that is to explain how the system works, so as to make sure that the transaction - if it takes place - is carried out without difficulties, Gaspari said. ""We also told the potential bidder in what way such a transaction cannot be carried out in Slovenia, as there has been some incomprehension,"" said Gaspari, adding that this was mainly about the currency and how the offer can be prepared. Commenting on the future of Slovenian banks, the central bank believes that the achieved share of foreign capital in banking is big enough, so that there is no need to further increase it substantially. The combination of domestic, foreign, private and public shares will gradually stabilise, according to the governor. Gaspari also touched on the announced preparation of a new privatisation programme of Slovenia's second largest bank, Nova Kreditna banka Maribor (NKBM). The central bank expects to be presented with the plans sometimes in autumn, to see whether they are in line with the views of the central bank about a stable functioning of the banking market. The central bank governor said the net inflow to Slovenia this year amounted to around EUR 500m. The transactions from Lek sale and the sale of a 34-percent of Nova Ljubljanska banka (NLB), Slovenia's largest bank, to the Belgian banking group KBC, will raise the share to that comparable to last year's, he explained. As for inflation movements, the Bank of Slovenia expects the government not to raise government-controlled prices substantially by the end of the year, which was agreed at a meeting in May. Gaspari believes that the inflation can still be cut to four percent by 2004, although there are some unknowns, such as the price of oil derivatives. ""Therefore it is important that we do as few mistakes as possible. The time dimension has become essential - we are running out of time,"" he pointed out. Gaspari expects that next year already Slovenia will reach the point so as to be able to fix the exchange rate to the euro after EU accession. This will happen only if there are no substantial deviations from current movements and if the exchange depreciation steadies gradually, provided there are no unpredictable events. We expect the fixation could be reached in a year and a half. But, foremost, inflation rate must drop to four percent, Gaspari told Vecer."
Economic Expert Mencinger Blames Government for High Inflation. ,2002-05-22," Ljubljana, 22 May (STA) - It is pointless to stop inflation by force as it is only the consequence of some other economic developments. In the case of Slovenia, it is chiefly the problem of growing expenses, as we usually distinguish between inflation of expenses and inflation of demand, economist Joze Menciger said in an interview for the national television and added that it was the government and its unsuccessful pay policy that is to blame for high inflation. 

 Mencinger, who is also the chancellor of the University of Ljubljana, does not believe it sensible to curb inflation by means of money supply. That would not be productive and it would also cause a stagnation. Since the Slovene central bank has been trying to help the net exporters by means of the exchange rate of the domestic currency, it has been doing what it can. ""The blame is therefore fully on the part of the government,"" Mencinger said late on Tuesday commenting on the dispute between Economics Minister Tea Petrin and Governor of the Bank of Slovenia Mitja Gaspari on who is to blame for such a high inflation rate in Slovenia. In April the annual inflation rate stood at 8.4 percent. Mencinger does not think an intervention on the money market by the Bank of Slovenia necessary to stop a further increase in inflation. According to him, it is a well-konwn fact that ever since Slovenia became independent a decade ago, the central bank has been taking care of the relatively weak tolar and thus helped the exporters. ""Inflation is related to money indeed, but in the long run. In the short run, the two factors are not related, especially in the transition economies,"" he explained. The central bank governor's forecast of a four-percent inflation rate in 2003 is attainable in Mencinger's opinion, but it will largely depend on movements in world oil prices. ""Should these drop, his (Gaspari's) forecast holds true"". Commenting on the announced budget supplement, Mencinger said that the adoption of the two-year budget plan was a nonsense, which was applauded by everybody. The government renounced fiscal policy in advance, and only three months later a budget supplement was announced. ""I believe that the government has responded too quickly and, above all, nonsensically by suspending contracts for 25 days. That will only raise costs,"" Mencinger added in concern with the government decision to suspend the implementation of the budget for 25 days and stop assuming all new contractual obligations for budget-funded goods and services, subsidies, investments, and the purchase and construction of basic assets."
Review of the Slovene Economy - December 1999 to November 2000. ,2000-12-09," Ljubljana, 09 December (STA) - Higher prices of oil and raw materials had a considerable impact on the economic conditions in the year 2000. Nevertheless, the economic trends were quite positive both in Slovenia and in the world. Worse trading conditions, a higher external debt and the lack of direct foreign investment in particular in the second half of the year, however, caused an imbalance in Slovenia's current payments, while the current deficit was up and got close to the record figures of 1999. Slovenia's foreign currency reserves fell below US$ 4 billion last August for the first time in the last three and a half years, while the external debt rose to US$ 5.78 billion. Due to the fluctuation of oil prices on the world market the government adopted in April a price-setting model for petrol and, in October, also for natural gas. 

 Slovenia continued the alignment of its legislation with EU standards. While insurance legislation was passed, the telecommunications bill, which should determine the rules of the game before Slovenia opens its telecommunications market for foreign competition in 2001, had less luck. Brussels criticised Slovenia for not having privatised banks, insurance companies and the biggest state-owned companies. In the year of political changes personnel replacements in state-owned companies and other state-run institutions were frequent. The attempt to merge the Port of Koper and the forwarding agent Intereuropa into a logistics centre, which would be one of the biggest in the Adriatic region, has failed. Still, in the autumn the Port of Koper and its partners were granted a licence for the management of the container berth in the Italian port of Trieste. A number of takeovers took place in the year 2000, in particular in the production of beverages, in the trade and dairy sectors as well as in 

 the chemical industry. 

 Slovenia's economic growth in 2000, previously expected to reach 4.75 percent, will probably be slightly lower. The inflation rate, however, will be higher than the planned 6.1 percent. Due to a number of unfavourable international factors it is likely to reach 8.9 percent. Slovenia's industrial production rose by 7.2 percent in the first ten months of 2000 in comparison with the same period of 1999. The unemployment rate was by 1.4 percent lower in September than a year before, reaching 11.7 percent. Measured at ILO standards it stood at just 6.7 percent. The average gross wages rose by 1.5 percent in real terms between January and September in comparison with the same period last year. 

 DECEMBER 1999 

 1st SEATTLE - A Slovene delegation, led by Minister of Economic Relations and Development Marjan Senjur, attended a WTO ministerial conference. 17th LJUBLJANA - The amended veterinary act took effect. 21st ZAGREB - Meetings of the Slovene-Croatian commission for economic cooperation and the joint committee for the implementation of the free trade agreement. 22nd LJUBLJANA - The price of electricity for households rose two by percent, while that for industry remained unchanged. 22nd LJUBLJANA - Joze Lenic was appointed Director of the Pension Management Fund. 23rd LJUBLJANA - Marjan Rekar was appointed President of the Slovene Development Corporation (SRD). 28th LJUBLJANA - The amended act on tax procedure took effect. 29th MARIBOR - Mirko Zagar, TAM's trustee in bankruptcy, and the Consortium of Purchasers of TAm's property signed a contract to sell the entire TAM's property for SIT 9.4 billion (US$ 39 million). 

 JANUARY 

 1st LJUBLJANA - Slovenia liberalised its trade in agriculture and food products with all CEFTA members. 1st LJUBLJANA - The dairy Gorenjska mlekarna became a part of the dairy Ljubljanske mlekarne. 6th LJUBLJANA - The government adopted the direct investment promotion programme for 2000. 14th MARIBOR - The banks SKB and NKBM signed a letter of intent to merge, but as the NKBM failed to privatise the plan was not realized and the SKB began searching for a new strategic partner. 17th KRANJ - Rubber goods producer Sava acquired a majority stake in Chemo. 21st LJUBLJANA - The parliament passed the 2000 budget. 22nd LJUBLJANA - The act on the supervision of state aids took effect. 23rd LJUBLJANA - The key provisions of the act on financial operations of companies took effect. The provisions set down the measures that have to be taken in case of insolvency as well as the guarantees for capital adequacy. They also stipulate personal responsibility of the management. 27th DAVOS - Prime Minister Janez Drnovsek attended 30th World Economic Forum. 30th PRISTINA - A Slovene government and business delegation visited Kosovo. 

 FEBRUARY 

 1st LJUBLJANA - The veterinary and sanitary inspection rules took effect. 9th LJUBLJANA - Slovenia and Hungary signed an agreement on the use of the Port of Koper and logistics centres. 10th LJUBLJANA - The Centre for Tourist Promotion of Slovenia was renamed the National Tourist Association of Slovenia (SNTO). 27th LJUBLJANA - The Slovene Development Corporation organised a transfer of property to the authorized investment companies for bridging the privatisation gap. The gap was reduced from SIT 158.1 billion (US$ 658 million) to SIT 76.3 billion (US$ 316 million) in the year 2000. 

 MARCH 

 3th LJUBLJANA - The parliament defeated a motion of interpellation against Finance Minister Mitja Gaspari, which was proposed by the SKD and the SLS. 3rd LJUBLJANA - The acts on the privatisation of insurance companies and on the insurance industry took effect. The latter opens the insurance market for foreign competition. 8th ROME - Slovenia and Italy signed agreements on investment promotion and on cooperation in education, science and culture. 9th MURSKA SOBOTA - The dairy Pomurske mlekarne confirmed the acquisition of the dairy Mlekarne Ptuj. 22nd SKOPJE - Soft drinks producer Fructal acquired a majority stake in the Macedonian producer of fruit juices Konzeks. 28th MOKRICE - A meeting of Slovene and Croatian negotiators for an inter-state agreement on the Krsko nuclear power plant. 

 APRIL 

 1st LJUBLJANA - An interbank agreement an the ways of cashing cheques took effect. Cheques can be cashed solely in the bank that runs the account. 4th LJUBLJANA - The price-setting model for petrol took effect. The price of petrol altered thirteen times in 2000; ten times it was up and three times down. 5th LJUBLJANA - A member of the executive committee of the governors of the European Central Bank, Tommas Padoa-Schioppe, met with Governor of the Bank of Slovenia France Arhar. 6th LJUBLJANA - The government dismissed Ivo Banic from his post of Director of Elektro Slovenije (ELES) and appointed Vekoslav Korosec Acting Director of this public electricity supplier. 8th LJUBLJANA - Slovenia and Russia signed an investment promotion and protection agreement. 9th LJUBLJANA - Farmers and owners of agricultural land elected their representatives to the Agriculture and Forestry Chamber. 12th PODGORICA - Minister of Small Business and Tourism Janko Razgorsek visited Montenegro and met with Minister of Tourism Vladimir Mitrovic. 16th WASHINGTON - Governor of the Bank of Slovenia France Arhar attended an annual IMF and WB meeting. 18th LJUBLJANA - The beginning of a three-day conference at which Slovenia presented its experience on the way to the market economy to the countries of SE Europe. 

 MAY 

 1st LJUBLJANA - The prices of electricity were up by four percent for households and three percent for industry. 10th LJUBLJANA - Several provisions of the act on the prevention of black economy took effect. The law as a whole will take effect in May 2001. 19th SARAJEVO - A Slovene government and business delegation visited Bosnia. 27th LJUBLJANA - The act on exceptional tax remission for all those whose gross income in 1999 did not exceed 45 percent of the average annual wage in Slovenia took effect. 30th LJUBLJANA - Ervin Kuhar was appointed Director of the Agriculture and Forestry Chamber. 30th PRAGUE - Slovenia and Great Britain signed an agreement on international overland transport of people and goods. 

 JUNE 

 1st LJUBLJANA - The government dismissed the members of the Krsko N-plant managing board and appointed 15 members of the board of the Pension Management Fund. 1st LJUBLJANA - Liberalization of trade between Slovenia and Turkey. 8th LJUBLJANA - The Bank of Slovenia decided to abolish custody accounts by the end of 2002. 13th LJUBLJANA - Croatian Minister of Maritime Affairs, Transport and Communications Alojz Tusak visited Slovenia. 15th LJUBLJANA - Marjan Podobnik, Deputy Prime Minister, was appointed Director of Telekom Slovenija. The government also appointed Marija Ribic Director of the Post of Slovenia and dismissed members of the managing board of the Pension Management Fund. The government also appointed 20 new state secretaries. 15th KRSKO - The annual overhaul of the Krsko N-plant was finished. The long-term modernisation of the plant, during which two steam generators were replaced and a series of additional security measures taken, was thus concluded. 18th HANOVER - Slovenia's day at the Expo 2000. 19th LJUBLJANA - The government adopted the bill on telecommunications, which however was later rejected by the responsible parliamentary committee. According to the committee, the problem of investments of individuals and local communities in the building of telecommunication network was not solved adequately. 21st WARSAW - The CEFTA sub-committee for agriculture agreed not to propose further liberalisation of trade in agriculture products among CEFTA members. 22nd LJUBLJANA - The government adopted an ordinance on state aids. 27th LJUBLJANA - The government discussed tax debt issues. One hundred largest tax debtors owed SIT 38 billion (US$ 158 million) at the end of June. The government did not officially reveal the names, but they were published in a tabloid. 29th LJUBLJANA - The dairy Ljubljanske mlekarne took over the dairy Mariborska mlekarna. 

 JULY 

 1st LJUBLJANA - Banks ceased to guarantee payment of cheques without cover. 1st LJUBJANA - The agriculture act took effect. 1st LJUBLJANA - The Ljubljana Stock Exchange began calculating and publishing additional stock exchange indices. 4th LJUBLJANA - A Dutch government and business delegation in Slovenia, led by Minister of Foreign Trade Gerrit Ybem. 4th KRANJ - Sava acquired a majority stake in Teol. 5th LJUBLJANA - Joze Lenic was dismissed from his post of President of the Pension Management Fund. He was replaced by Tomaz Toplak. 6th LJUBLJANA - The Triglav insurance company acquired a 28.8-percent stake in the bank Abanka. 6th TRIESTE - Minister of Transport and Communications Anton Bergauer met with Italian Minister of Maritime Affairs and Transport Pierluigi Bersani. 6th LJUBLJANA - The government adopted the aggregative economics scenario for 2001 and began the 2001 budget debate. 10th BUDAPEST - The Ministers of Transport of Slovenia and Hungary, Anton Bergauer and Lazslo Nogradi, met. 10th SKOPJE - Slovenia and Macedonia reached an agreement on wine quotas. 18th LJUBLJANA - The Bank of Slovenia intervened in the foreign currency market. 19th RADOVLJICA - The Agriculture Ministers of Slovenia and Croatia, Ciril Smrkolj and Bozidar Pankretic, met. 21st LJUBLJANA - The act on the closure of the Trbovlje and Hrastnik coal mines took effect. 28th PODCETRTEK - Unofficial meeting of Slovene Economics Minister Joze Zagozen and Croatian Deputy Prime Minister Goran Granic about the Krsko N-plant. 

 AUGUST 

 1st LJUBLJANA - Most Slovene banks raised deposit interest rates for Slovene tolar deposits. 1st LJUBLJANA - The government dismissed President of the Krsko N-plant managing board Uros Korze and appointed Severin Maffi new President. Joze Koprivnikar was appointed Acting Director of the Agency for Energy. 2nd LJUBLJANA - A distinguished finance expert, Aristobulos De Juan, visited Slovenia. 3rd LJUBLJANA - The government decided to take economy measures to cover the budget deficit. 22nd LJUBLJANA - Secretary General of OPEC Rilwanu Lukman in Slovenia. 22nd LJUBLJANA - The electronic trading act took effect. 23rd LJUBLJANA - The act on consumer credits took effect. 

 SEPTEMBER 

 3rd MARIBOR - A meeting of the finance ministers and central bank governors of Slovenia and Austria. 3rd VELENJE - Fire destroyed one of the plants of Gorenje, Slovenia's leading household appliances group. 3rd LASKO - The brewery Pivovarna Lasko purchased the company Prearada from Split, Croatia. 8th LJUBLJANA - The banks NLB, Tutunska (Macedonia) and NLB International Handelsbank agreed on partnership. 11th LJUBLJANA - The transfer of accounts from the Public Accounting Service to banks began. 14th LJUBLJANA - Slovenia and the European Commission signed a wine deal which stipulates mutual recognition of preferential quotas. 14th LJUBLJANA - Canadian Minister of International Trade Pierre Pettigrew in Slovenia. 14th SYDNEY - A business conference of Slovene companies on the sidelines of the Olympics. 18th LASKO - The brewery Pivovarna Lasko issued a takeover bid for the shares of Radenska, a mineral water producer. 19th LJUBLJANA - After two months the Bank of Slovenia ended interventions on the foreign currency market. 21st LJUBLJANA - The government adopted a restructuring programme for the Slovene steel industry. 21st LJUBLJANA - The government appointed Vitoslav Tuerk Acting Director of ELES. 22nd KRANJ - Sava issued a takeover bid for the shares of Color. 23rd PRAGUE - Slovenia attended a regular annual meeting of the IMF and WB with the finance ministers of the EU candidate countries. 27th LJUBLJANA - The amended act which bans the production and trade of products containing asbestos took effect. 

 OCTOBER 

 3rd LJUBLJANA - The price-setting model for gas took effect. 6th BLED - Meeting of the Slovene-Croatian commission for economic co-operation. 6th LJUBLJANA - The government dismissed Stojan Grilj from the post of Director of the National Tax Administration (DURS). 6th BRUSSELS - Slovenia became a full member of the European Environment Agency. 10th LJUBLJANA - Finance Minister Zvonko Ivanusic met with a government delegation from Montenegro. 10th LJUBLJANA - The Agency for Agriculture Markets and Development of Rural Areas received a licence, a prerequisite for the implementation of the SAPARD programme. 11th LJUBLJANA - The act on the national housing savings scheme took effect. 11th WARSAW - Minister of Economic Relations and Development Marjan Senjur attended an annual meeting of the CEFTA joint committee. 19th LJUBLJANA - Vitoslav Tuerk was appointed Director of ELES with a four-year term of office. 21st LJUBLJANA - The price-setting model for natural gas took effect. 27th LJUBLJANA - The Bank of Slovenia again intervened in the foreign currency market. 

 NOVEMBER 

 1th LJUBLJANA - The Slovene Steelworks become an associated member of Eurofer. 2nd LJUBLJANA - The Bank of Slovenia fixed a new base rate on the foreign currency market. 7th LJUBLJANA - Police arrested Boris Sustar, a state secretary in the Ministry of Economic Activities, on charges of corruption. 8th BRUSSELS - The European Commission in its annual report criticised Slovenia for slow implementation of structural reforms. 11th LJUBLJANA - The prices of electrical energy up by four percent for households and two percent for industry. 14th LJUBLJANA - The Bank of Slovenia ended its intervention in the foreign currency market. 14th LJUBLJANA - The Ljubljana and London Stock Exchanges signed a co-operation agreement. 15th WARSAW - A regular annual meeting of premiers of the CEFTA member countries. 16th LJUBLJANA/KRANJ - A business delegation from the FRY in Slovenia. 16th LJUBLJANA - A Macedonian business delegation in Slovenia. 16th LENTI - Slovenia and Hungary signed an agreement on border railway transport. 1th. LJUBLJANA -The government granted licences for the GSM 1800 services to Western Wireless, Mobitel and Simobil. 17th SARAJEVO - Governor of the Bank of Slovenia France Arhar attended a meeting of the central bank governors of the former Yugoslav successor states. 21st LJUBLJANA - The brewery Pivovarna Union acquired a majority stake in Fructal. 21st TRIESTE - The port of Koper was granted a licence for the management of the container berth in the Italian port of Trieste. 22nd BELGRADE - State Secretary Anton Grabeljsek from the Ministry of Economic Relations and Development met with Yugoslav Deputy Minister of Foreign Economic Relations Boran Karadjolo. 25. LJUBLJANA - A study conducted by a group of Slovene and foreign experts stated that the Krsko N-plant is earthquake-safe. 29th LJUBLJANA - The government took a number of measures to prevent BSE from spreading to Slovenia. A total ban was imposed on the import of cows and beef from the countries in which BSE has appeared. 30th LJUBLJANA - Foreign exchange rates rose considerably between 1 December 1999 and 30 November 2000. The U.S. dollar rose by SIT 47.37 to SIT 242.34 and the euro by SIT 13.53 to SIT 210.35. The LJSE share index rose by 82.92 point or 4.77 percent to 1737.22 point. (konec)sk/ep/eho STA010 2000-12-09/12:39. 

 (c) 2000 STA, Slovenska Tiskovna Agencija d.o.o."
Central Bank  Stops Changing Exchange Rate. ,2000-11-14," Ljubljana, 14 November (STA) - The Bank of Slovenia stoped on Tuesday intervening in the foreign exchange market by fixing the base exchange rate and the maximum difference. Commercial banks are now able to set selling and buying rates freely as of 14 November, the central bank said yesterday. 

 The central bank began changing the base exchange rate for the euro and the maximum difference between the highest selling rate and the lowest buying rate on 27 October to direct the desired growth of the exchange rate. The base exchange rate has been changed four times. (konec)eho STA003 2000-11-14/09:28. 

 (c) 2000 STA, Slovenska Tiskovna Agencija d.o.o."
"News Roundup - Monday, 13 November. ",2000-11-13," Ljubljana, 13 November (STA) - Below is a roundup of major events on Monday, 13 November: 

 LJUBLJANA - Slovene President Milan Kucan is due to propose a candidate for prime minister to the parliament on Tuesday, Kucan's office said in a press release following his consultations with representatives of parliamentary parties. Tomorrow morning Kucan will meet the leader of the Liberal Democracy of Slovenia (LDS) Janez Drnovsek, the most likely candidate for a new prime minister given the distribution of seats in parliament after the October general elections, and a nearly completed coalition talks. 

 MARSEILLES - Slovene Foreign Minister Lojze Peterle and Defence Minister Janez Jansa attended a ministerial session of the Western European Union (WEU). This will probably be the last ministerial session of the WEU, as the majority of the tasks of this organisation are being progressively taken over by the European Union. Peterle and Jansa announced at the session Slovenia's intention to offer Slovene forces for the establishment of European military forces at the conference for the establishment of EU forces on 21 November in Brussels. 

 LJUBLJANA - Elected to the post of Speaker of the National Assembly last Friday, the leader of the third largest parliamentary party, Borut Pahor, stressed in an interview for Delo that Parliament is no front, but a sovereign branch of power, and should consolidate its position in politics. ZLSD leader Pahor, a 37-year old political scientist who has been an MP for ten years, added: ""I find it wrong that after ten years of parliamentary democracy some still strongly underestimate Parliament as a domain in which power is created."" 

 WARSAW - Foreign Ministries of Poland, the Czech Republic, Slovakia, Hungary and Slovenia took part in a consultation organized by the Foreign Ministry of Poland, holding this year's presidency of Visegrad countries, reported the Slovene Embassy from the Polish capital. The participants mainly discussed situation in South Eastern Europe and the potential for regional co-operation. 

 LJUBLJANA - The Bank of Slovenia will stop intervening on the foreign exchange market by fixing the base exchange rate and the maximum difference. Commercial banks will be able to set selling and buying rates freely as of 14 November, the central bank said. The Bank of Slovenia started changing the base exchange rate for the euro and the maximum difference between the highest selling rate and the lowest buying rate on 27 to direct the desired growth of the exchange rate. 

 LJUBLJANA - One of the major Zagreb-based Croatian banks is allegedly interested in merging with the Slovene commercial bank SKB, according to paper Finance. The Croatian bank would like to merge with the SKB as a member of an international finance group. Two most important Croatian banks, Zagrebacka banka and Privredna banka, both have close links with international financial institutions. The chairwoman of the SKB board, Cvetka Selsek, recently said that several foreign financial institutions were interested in the SKB, but did not wish to discuss potential merger details. 

 LJUBLJANA - Slovenia's exports increased by 0.6 percent to US$ 773.59 million while imports dropped by 1.8 percent to US$ 831.31 million in September over September 1999. The deficit totaled US$ 57.71 million, while exports covered 93.1 percent of imports in September, the National Statistical Office said. Preliminary data provided by the Office show a 20 percent increase in exports and a 40 percent increase in imports in September over a month before. In the first nine months Slovenia's exports increased by 3.5 percent to US$ 6.51 billion and imports by 1.8 percent to US$ 7.55 billion so that the trade gap stood at US$ 1.04 billion and the exports-imports ratio at 86.2 percent. 

 LJUBLJANA - Prices of oil derivatives will drop on Tuesday. Retail prices of motor fuel will decrease by approximately six percent, reported both Slovene oil companies, Petrol and OMV Istrabenz. A decrease in retail prices of four to six percent will also affect diesel and fuel oil. 

 LONDON - Slovenia's promotion at the London Tourist Bourse, a major international event of its kind which kicked off today, is focussing on trekking in the Julian Alps and the Triglav National Park, backed by a presentation of a record-breaking achievement accomplished by Slovene Alpine skier Davo Karnicar, who has recently skied down the Mount Everest. The bourse has also been visited by Slovene Minister of Small Business and Tourism Janko Razgorsek, who took this opportunity to hold a series of informal meetings with his counterparts and representatives of the world tourist industry. 

 LJUBLJANA - The Slovene share index, SBI 20, dropped 0.35 percent to stand at 1722.71 points at today's close. (konec)eho/ep STA022 2000-11-13/18:58. 

 (c) 2000 STA, Slovenska Tiskovna Agencija d.o.o."
Central Bank  Will Stop Changing  Foreign Exchange  Rate. ,2000-11-13," Ljubljana, 13 November (STA) - The Bank of Slovenia will stop intervening on the foreign exchange market by fixing the base exchange rate and the maximum difference. Commercial banks will be able to set selling and buying rates freely as of 14 November, the central bank said on Monday. 

 The Bank of Slovenia started changing the base exchange rate for the euro and the maximum difference between the highest selling rate and the lowest buying rate on 27 to direct the desired growth of the exchange rate. The base exchange rate has been changed four times. (konec)ep STA016 2000-11-13/15:29. 

 (c) 2000 STA, Slovenska Tiskovna Agencija d.o.o."
Bank of  Slovenia  ends  forex intervention . ,2000-11-13," LJUBLJANA, Nov 13 (Reuters) - The Bank of Slovenia said on Monday it would end its intervention on the foreign exchange market on Tuesday. 

 The central bank raised the number of tolars which commercial banks pay to obtain euros five times since October 27. 

 Commercial banks which are participating in the intervention at the moment have to buy euros from companies at a minimum rate of 210.3 tolars and sell them at a maximum rate of 211.2 tolars."
Weekly Review of the Slovene Economy from 28 October to 3 November. ,2000-11-05," Ljubljana, 05 November (STA) - Slovene motorists experienced what is becoming a familiar story this year: another increase in the prices of petrol. The tenth rise in petrol prices this year alone, saw most types of petrol, with the exception of diesel and heating oil, increase in price by a good 5 percent. The reason behind all of this was the rising U.S. dollar, which, did however, fall SIT 11.17 during the week to stand at SIT 239.88. Following all the increases in the price of petrol, among other things, Slovenia's year-to-year inflation in October stood at 9 percent. 

 CHRONOLOGY: MONDAY, 30 October LJUBLJANA - The Bank of Slovenia once again intervened on the foreign exchange market in a bid to influence the growth of the foreign exchange rate. The central bank expressed belief that the growth of the exchange rate was still too low. The base exchange rate was fixed at SIT 210.40 (previous Friday it was set at SIT 210.25) for one euro with the maximum difference of 0.2 percent. The measure took effect on Thursday. 

 WEDNESDAY, 1 November LJUBLJANA - Following several years of negotiations, the Slovene Steelworks (SZ) became an associate member of the European Confederation of Iron and Steel Industries (Eurofer). As STA had found out from a member of the SZ board, the chief advantage of membership is being in continuous contact with 95 percent of West European steel makers associated in the Brussels-based confederation. LJUBLJANA - The price of natural gas from the fixed underground network increased to stand at SIT 41.07 from SIT 39.48. The rise in the U.S. dollar stands behind this latest increase. This price increase only affected industry and distributors and did not concern household users. 

 THURSDAY, 2 November LJUBLJANA - Prices of petrol increased at filling stations around Slovenia, it was reported from the two largest petrol companies in Slovenia, Petrol and OMV Istrabenz. The latest price increase, which saw the price of the most widely used 95-octane Eurosuper increase by 5.7 percent to stand at SIT 162.60 (0.78 euro), comes about due to the rising U.S. dollar. ZAGREB - The new leadership of the Croatian and Slovene national electrical distributors HEP and ELES met, with the aim to re-establish the traditionally good relations which have been suspended by the unresolved status of the Krsko Nuclear Plant (NEK). 

 FRIDAY, 3 November LJUBLJANA - Bank of Slovenia intervenes on foreign exchange for the third time in a week. 

 BANK OF SLOVENIA Central Bank Intervenes on Foreign Exchange Market Again The Bank of Slovenia once again changed the base exchange rate on Friday, which is the third intervention by the central bank on the foreign exchange market in a week. The new base exchange rate for the euro is SIT 210.51. The difference between the base rate and the highest selling rate or the lowest buying rate must not exceed 0.2 percent. All three interventions come in a bid to influence the growth of the foreign exchange rate, which according to the bank is still too low. 

 TAXATION Tax Office Issues Orders on Income Tax Statements By the end of September the Slovene Tax Administration had received a total of 1,139,059 income tax statements for 1999. At the end of October the Administration had issued orders for 98.9 percent of these statements. According to the orders, 14.7 percent of tax payers will have to make supplementary payments, 67.22 percent will receive a return, while 18.08 percent will neither receive a return or have to make supplementary payments. The average supplementary payment stands at SIT 73,742, while the average return stands at SIT 36,263. 

 COMPANIES Brewery Carries Out Takeover Bid for Mineral Water Producer Radenska Slovene brewery Pivovarna Lasko had successfully concluded its takeover bid for mineral water producer Radenska after it gained 73.73 percent of Radenska's shares in the period from 18 September to 27 October. This had brought Pivovarna Lasko's total ownership stake in Radenska to 83.93 percent. Officials of both companies expressed belief that the takeover and the consequent joint appearance on the market will bring better results in addition to an greater market share. Pivovarna Lasko informed Radenska of its intent of purchasing the majority stake in the company on 6 September. At an extraordinary general meeting on 24 October, shareholders of Pivovarna Lasko took a decision on the exchange of Pivovarna Lasko's shares for that of Radenska at a ratio of 1 to 1.7. 

 STATISTICS October Inflation at 0.6 Percent Prices stabilized in October after having risen considerably in September. The monthly inflation rate in October amounted to 0.6 percent, which is still slightly up over October 1999. Consumer prices have risen by 7.6 percent since the beginning of the year and gained nine percent in a year-on-year comparison. 

 STOCK EXCHANGE Ljubljana Stock Exchange Sees Low Turnover The turnover at the Ljubljana Stock Exchange totaled SIT 1.5 billion (7.1 million) last week. The turnover with securities at the official market accounted for 43 percent of the overall turnover. The share index SBI 20 remained practically unchanged, closing the week at 1,680.89 points. The authorised investment companies' index PIX increased by 1.56 percent to stand at 1375.21 points, while the free market index increased by 0.05 percent to 1473.06 points. Most turnover at the free market was recorded with company shares (SIT 396 million/euro 1.8 million), followed by authorised investment companies' shares (SIT 296 million/euro 1.4 million), bonds (SIT 142 million/euro 676,000) and pension vouchers (SIT 17 million/euro 81,000). 

FOREIGN EXCHANGE Drastic Fall for U.S. Dollar A roundup of foreign currencies, as they stood against the Slovene tolar at the end of this week, can be seen below: &#60;pre> 


Euro		    SIT 209.44	 up  0.14
U.S. dollar	   SIT 239.88     down 11.47
Swiss franc	   SIT 136.97     down  1.48
Deustche mark	 SIT 107.08	 up  0.07
Austrian schilling  SIT  15.22	 up  0.01
100 Italian lira    SIT  10.81	 up  0.01



&#60;/pre> (konec)gj STA005 2000-11-05/12:26.



(c) 2000 STA, Slovenska Tiskovna Agencija d.o.o."
"News Roundup - Monday, 30 October. ",2000-10-30," Ljubljana, 30 October (STA) - Below is a roundup of major events on Monday, 30 October: 

 LJUBLJANA - Slovenia is pleased with a heavy turnout at the Kosovo local elections, and is convinced that despite persistent problems the elections represent a step towards democratisation and stabilisation of the province. This was written in a Foreign Ministry press release. The ministry also expressed content over the facts that during the elections no major incidents occurred and that the elections were carried out in line with international democratic standards, the ministry said. Moreover, the ministry expects that such conditions will be created as soon as possible so as to enable all eligible voters to go to the polls. 

 PORTOROZ - A two-day OSCE seminar on trust and security building measures in the Mediterranean opened with an address by Foreign Minister Lojze Peterle, who attached the key importance in building trust and security among nations to what he called ""the culture of transparency"". OSCE Secretary General Jan Kubis and the President of OSCE Parliamentary Assembly Adrian Severin, who addressed the meeting as well, stressed the need to consolidate the ties among the countries members of the Organisation for Peace and Co-operation in Europe and Mediterranean countries. 

 LJUBLJANA - The LDS, a party with 34 seats in parliament, resumed informal talks on the formation of a new government coalition. Talks are being held today with the Pensioners' Party, which has four seats, the Party of the Slovene Youth, also four seats, and the United List of Social Democrats, which has eleven seats in parliament. The DeSUS revleaed that ""the contents of informal talks with the LDS on the formation of a new government coalition have been conducted so as to expect that the DeSUS might enter a coalition,"" its President Janko Kusar said. 

 LJUBLJANA - On the eve of the Reformation Day, a central ceremony will be held in the Slovene capital later in the evening. Slovenia, a country whose population is mainly Catholic, remembers the Protestant Reformation movement inspired by Luther and embodied in Slovenia in Protestant priest Primoz Trubar (1508-1586). It was Trubar who published the first Slovene book 450 years ago. According to Senior of the Evangelical Church in Slovenia Geza Ernisa, the Reformation Day is an occasion to regard the holiday not merely as a church holiday, but a holiday of all Slovenes. ""It is right for Slovenia to pay a lot of attention to the holiday not only to mark Trubar's memory but to reevaluate the impact of his work on the present situation,"" said Ernisa. 

 LJUBLJANA - Only a fortnight after this year's parliamentary elections Delo published a monthly opinion poll in which the LDS won the support of 38.6 percent of those questioned, which is over two percent more than in the 15 october elections and considerably more than in the survey a month ago, when the LDS enjoyed the support of 19 percent of those questioned. According to the daily's commentator, the situation is different in the case of other parliamentary parties as these got much lower support in the survey than they did in the elections, while all improved their rating compared to the survey published by Delo a month ago. 

 LJUBLJANA - The Bank of Slovenia intervened again on the foreign exchange market in a bid to influence the growth of the foreign exchange rate. The central bank believes that the current growth of the exchange rate is still too low. The base exchange rate was fixed today at SIT 210.40 (on Friday it was set at SIT 210.25) for one euro with the maximum difference of 0.2 percent. The measure takes effect on 2 November. The base exchange rate and the maximum difference serve as the basis to calculate the lowest purchase price and the highest selling price at which foreign currencies are sold by banks bound by contract with the central bank. These banks will buy foreign exchange at the lowest price of SIT 209.9792 (SIT 209.8295 set on Friday) for one euro. The rates apply to the market on which foreign exchange is purchased and sold by companies 

 BRUSSELS - Two Slovene environmental projects will be partly funded from the ISPA, the fund through which the EU helps ten Central European EU candidate countries in the fields of transport and environment. This was approved today by the fund. Slovenia will use the funds for a new purifying plant for waste waters in the city of Celje, 100 kilometres northeast of Ljubljana, and for modernisation of the sewage system in Lendava, northeastern Slovenia. The ISPA fund will allocate 8.84 million euros for the cleaning device worth 14.74 million euros, and 5.12 million euros for the other project in the value of 11.56 million euros. Together with the Phare and SAPARD programmes, the ISPA is one of the main three instruments of financial aid provided by the EU to Central European candidate countries for EU membership. 

 LJUBLJANA - Slovenia's Trade and Investment Office was presented 15,000 D-marks' worth technical equipment by a representative of the German Embassy, Michael Herrmann. A laptop and a projector were donated by the German government under a bilateral advisory programme called Transform and will be used for Slovenia's promotion abroad, said Office Director Matej Kovac, who accepted the gift. 

 LJUBLJANA - Prices stabilized in October after having risen considerably in September. The monthly inflation rate in October amounted to 0.6 percent, which is still slightly up over October 1999. Consumer prices have risen by 7.6 percent since the beginning of the year and gained nine percent in a year-on-year comparison, the National Statistical Office said. 

 LJUBLJANA - The Slovene share index, SBI 20, has dropped 0.26 percent since Friday to stand at 1676.40 points at today's close on the Ljubljana Stock Exchange. 

 LIMA - Slovenia's Miro Kregar has won the triathlon of Inkaman on Lake Titicaca, the world's largest lake, which separates Peru from Bolivia, and thus repeated his success of 1998. He secured the victory in a 38-kilometre long cycling race via a 4,150-metre high mountain pass. (konec)ep/eho STA021 2000-10-30/18:56. 

 (c) 2000 STA, Slovenska Tiskovna Agencija d.o.o."
BS  Intervenes  on the  Foreign Exchange  Market Again. ,2000-10-30," Ljubljana, 30 October (STA) - The Bank of Slovenia (BS) intervened again on the foreign exchange market on Monday in a bid to influence the growth of the foreign exchange rate. The central bank believes that the current growth of the exchange rate is still too low. The base exchange rate was fixed at SIT 210.40 (on Friday it was set at SIT 210.25) for one euro with the maximum difference of 0.2 percent. The measure takes effect on 2 November. 

 The base exchange rate and the maximum difference serve as the basis to calculate the lowest purchase price and the highest selling price at which foreign currencies are sold by banks bound by contract with the central bank. These banks will buy foreign exchange at the lowest price of SIT 209.9792 (SIT 209.8295 set on Friday) for one euro. The rates apply to the market on which foreign exchange is purchased and sold by companies. 

 In exchange offices the exchange rate for the Deutsche mark calculated in euros can be up to 0.2 percent higher than the highest selling price or lower than the lowest purchase price. In the case of the currencies of the other members of the European Economic and Monetary Union, Switzerland, the U.K. and the U.S. the maximum difference is 0.4 percent. 

 The Bank of Slovenia will change the base exchange rate according to trends on the foreign exchange market and the domestic money market and in agreement with the objectives of its monetary policy. The exchange rate change has to be respected by all 22 commercial banks that signed a contract on co-operation in foreign exchange market interventions in March 2000. (konec)eho STA018 2000-10-30/17:14. 

 (c) 2000 STA, Slovenska Tiskovna Agencija d.o.o."
Weekly Review of the Slovene Economy from 21 to 27 October. ,2000-10-29," Ljubljana, 29 October (STA) - Slovene bank Abanka sold shares of another Slovene bank, SKB, last Tuesday. Austrian bank Raiffeisen Zentralbank however told Austrian business daily, Wirtschaftsblatt, that it had bought 11 percent of SKB shares for its clients on the Ljubljana Stock Exchange at the beginning of the week. On Thursday, Chairman of the SKB board, Cvetka Selsek, told Slovene daily Delo that SKB had been informed by Nova Ljubljanska banka (NLB) about Raiffeisen having 6.45 percent of SKB shares on a NLB fiduciary account. SKB is Slovenia's third largest bank in terms of its total assets, holding an over 11-percent market share. 

 CHRONOLOGY SATURDAY, 21 October 

 LJUBLJANA - Prices of liquefied gas and natural gas went up 5.42 percent and 9 percent, respectively. 

 MONDAY, 23 October 

 LJUBLJANA - The 10th information technology show Infos 2000 began, featuring 139 exhibitors. Winding up on Friday, the show mainly focussed on e-commerce, information technology in public administration, knowledge for development, challenges of e-technology and information infrastructure. 

 TUESDAY, 24 October 

 LJUBLJANA - The management of the Pension and Disability Insurance Institute (ZPIZ) discussed the financial situation of the institute, establishing that in order to pay out pensions by the end of this year a loan of SIT 31 billion (euro 148.3 million) will have to be taken out. 

 LJUBLJANA - President of the European Court of Auditors Jan Karlsson concluded a two-day visit. On Monday he met with a delegation from the Slovene Court of Auditors to discuss Slovenia's preparations to enter the EU, and with the leadership of the Slovene Chamber of Commerce (GZS), who introduced him to the Slovene macro-economic policy and GZS's role in it. 

 LJUBLJANA - The 7th international biannual fair Medilab opened, through Friday. Medilab is one of the most important professional shows in Slovenia, reflecting the development of Slovene and international laboratory technology, pharmaceutics, rehabilitation equipment and services. The show featured 368 exhibitors from 21 countries. 

 WEDNESDAY, 25 October 

 LJUBLJANA - Speaker of the Parliament Janez Podobnik presented to Minister of Transport and Communications Anton Bergauer an ISO 9002 certificate for quality. The Ministry of Transport and Communications and is the only Slovene ministry to have received the quality certificate. 

 THURSDAY, 26 October 

 BLED - Management College of Bled hosted a first European conference on knowledge management, which had been organized by Hanley Management College of Great Britain. The conference was an opportunity for participants from Europe and elsewhere to meet and exchange their views and experiences in management, development and improvements in information systems and technologies. 

 VELENJE - A 3rd two-day conference on human resource management began, organised by the Slovene business weekly, Gospodarski vestnik. 

 LJUBLJANA - The government decided that the Slovene Development Corporation (SRD) will supply Paloma with fresh capital by changing this manufacturer of paper-based products for personal hygiene's debts into a share in the company. 

 LJUBLJANA - The government also decided to supply fresh capital to the Fund for Regional Development Encouragement, the Slovene Export Corporation and the Fund for Small Business Development. 

 FRIDAY, 27 October 

 LJUBLJANA - A Bled-based hotel was sold to a rubber manufacturer. A contract to sell Grand hotel Toplice Bled to Sava Kranj was signed with the Slovene Compensation Corporation, which brought lengthy efforts to denationalise and privatise the hotel to an end. By purchasing the company, Sava prevented it from going bankrupt. 

 BANK OF SLOVENIA Central Bank Intervenes on Foreign Currency Market 

 The Bank of Slovenia intervened on the foreign exchange market on Friday to influence the growth of the foreign exchange rate. The central bank believed that the current growth of the exchange rate was too low. The base exchange rate had thus been fixed at SIT 210.25 for one euro with the maximum difference of 0.2 percent. The base exchange rate and the maximum difference serve as the basis to calculate the lowest purchase price and the highest selling price at which foreign currencies are sold by banks bound by contract with the central bank. These banks will buy foreign exchange at the lowest price of SIT 209.8295 for one euro and sell foreign currencies at up to SIT 210.6705 for one euro as of 27 October. The rates apply to the market on which foreign exchange is purchased and sold by companies. 

 BANKS Gorenjska Banka's Total Assets up 18 Percent 

 Gorenjska banka made a gross profit of SIT 1.4 billion (6.69 million euros) in the first nine months of this year, which puts its return on capital at 8.9 percent. At the end of September the bank's total assets amounted to SIT 153.3 billion (733.4 million euros), up 18 percent from the end of 1999, when the bank placed 7th biggest bank on the Slovene market. 

 NLB Takes out Syndicated Loan of 140 Million Euros 

 Slovenia's largest commercial bank, Nova Ljubljanska banka (NLB), and a consortium of 27 foreign banks signed a contract on a mid-term syndicated loan of 140 million euros. This is the seventh syndicated loan taken out by NLB on the foreign money market. The bank will use about 30 percent of the funds to pay off the past loans, and the rest to finance export-oriented Slovene companies. The loan has to be paid off within five years at a variable interest rate called Euribor. 

 SKB Takes out Syndicated Loan of 50 Million Euros 

 Slovene bank SKB and a consortium of 13 foreign banks signed a contract on a long-term syndicated loan of 50 million euros. This is the seventh syndicated loan taken out by SKB on the foreign money market since 1994. The funds will be used to finance export-oriented Slovene companies. The loan was taken out at a raised variable interest rate Euribor of 0.40 percentage point. The bank did not wish to disclose other details about the loan. 

 INSURANCE MARKET Contract Signed Between Slovene First Pension Fund and Dutch Bank 

 A contract on long-term co-operation was signed between Slovenia's First Pension Fund and the Dutch ABN AMRO Bank which allows the bank to purchase more than nine percent of First Pension Fund's shares. The partnership between the two companies will enable First Pension Fund to enter the international financial market; by using the Dutch bank's infrastructure, the Slovene company will reduce operating costs and improve the safety of investment, thus increasing long-term return of capital. Amsterdam-based ABN Amro Bank as a financial institution ranks 16th in the world and fifth in Europe, employing 110,000 persons in 76 branch offices world-wide. 

 COMPANIES Shareholders of Pivovarna Lasko Opt for Increase in Share Capital 

 Shareholders of one of Slovenia's two major breweries took a decision at an extraordinary meeting to raise the company's share capital by issuing fresh shares in the nominal value of SIT 2.2 billion (10.5 million euros). 

 Microsoft Slovenia Records Fall in PC Sales 

 The sales of Microsoft Slovenia products totaled US$ 13.4 million in the period from July 1999 to June 2000. The number of PCs sold in this period dropped from 84,000 in the same period a year earlier to 80,000. A fall in PC sales was recorded for the first time by Microsoft Slovenia. However, larger clients with which long-term enterprise agreements are signed went up. 

 POWER INDUSTRY Use of Electricity Up 

 A total of 7.8 billion of Kilowatt hours of electricity was used in Slovenia in the first nine months of this year, up 4.4 percent from the same period last year and 4.6 percent above the plan. 

 STATISTICS Foreign Exchange Reserves Reach US$ 3.9 Billion at the End of August 

 Slovenia's foreign exchange reserves totalled US$ 3.998 billion at the end of August. Foreign reserves thus decreased by US$ 115 million from a month before, which is still lower than the overall foreign debt by US$ 1.786 billion, which totaled US$ 5.784 billion on the last day of August, according to the latest issue of the Bulletin of the Bank of Slovenia. The bulk of foreign exchange reserves, US$ 2.893 billion, were the reserves of the central bank, while the rest belonged to commercial banks. Foreign exchange reserves of the central bank dropped by US$ 165 million, while those of commercial banks increased by US$ 48 million over the end of 1999. 

 Foreign Debt at US$ 5.8 Billion 

 Slovenia's long-term foreign debt totaled US$ 5.687 billion and short-term debt US$ 97 million. Of the long-term debt US$ 2.73 billion was public and state-guaranteed debt and the rest of US$ 2.957 billion was private debt. Slovenia's foreign debt increased by US$ 293 million over the end of 1999. Long-term debt was up by US$ 313 million and short-term debt down by US$ 20 million. 

 Industrial Output up 3.7 Percent in September 

 September saw a 22.1-percent increase in industrial output from August, with a yearly increase standing at 3.7 percent, preliminary data released by the National Statistical Office show. Industrial output was up 7.7 percent in the January-to-September period in comparison with the same period last year. 

 Slovenia Visited by Over 1.5 Million Tourists in from January to September 

 In September, however, Slovene tourist resorts were visited by 190,353 tourists, up 12 percent from September 1999. The number of foreign tourists totalled 121,213, a rise of 24 percent from a year earlier. 

 STOCK EXCHANGE High Turnover on Ljubljana Stock Exchange 

 The Slovene Share Index, SBI 20, gained 1.55 percent during last week and finished at 1680.79 points. The authorised investment companies' index, PIX, followed the upward trend as it posted a gain of 2.69 percent and finished the week at 1354.03. The free market index, IPT, fell sharply on the other hand, losing 2.45 percent during the week to stand at 1472.19. Stock-brokers reported a total of 6,683 deals during the week, totaling some 33.65 million euros, which is more than twice the turnover seen a week before. A total of 32 package deals amounted for some SIT 5.1 billion or 72 percent of the week's total turnover. 

 EXCHANGE RATES Foreign Currencies Up 

 The euro edged up SIT 0.17 to SIT 209.30 last week. The Swiss franc lost SIT 0.14 to SIT 138.46, the US dollar gained SIT 4.11 to SIT 251.36 tolarja, the D-mark increased by SIT 0.10 to SIT 107.02, the Austrian schilling by SIT 0.02 to SIT 15.21, and 100 Italian lira by SIT 0.01 to SIT 10.81. (konec)eho STA004 2000-10-29/13:12. 

 (c) 2000 STA, Slovenska Tiskovna Agencija d.o.o."
"News Roundup - Thursday, 26 October. ",2000-10-26," Ljubljana, 26 October (STA) - Below is a roundup of major events on Thursdaqy, 26 October: 

 BUCHAREST - Slovenia expects from the new authorities of Yugoslavia, a country which was admitted to the club of countries taking part in the Balkan Stability Pact on Thursday, to fulfil their promises and to respect international law as well as procedures applicable to membership of international organisations. Furthermore, the FRY is expected to resume talks on succession issues regarding the former Yugoslavia in which all successor states are in an equal position, STA was told by the deputy national coordinator for the Stability Pact, Jozica Puhar, the head of the Slovene delegation at a two-day Bucharest gathering focussing on human rights and democratisation. 

 LJUBLJANA - The government approved aid to the people of Yugoslavia at its session. The proposal to send medicines, food and school requisites worth nearly DEM 47,000 to Yugoslavia was put forward by the Foreign Ministry and Slovenia's Red Cross. By sending the relief Slovenia wants to contribute to alleviating difficult conditions in Yugoslavia and consolidating democratic changes in the country, the Foreign Ministry said. 

 LJUBLJANA - Despite an agreement between the Slovene and Croatian police the number of illegal immigrants coming to Slovenia from Croatia has not fallen, Director General of the Slovene Police Marko Pogorevc wrote in a letter to the Croatian Deputy Interior Minister. The Slovene police has apprehended this week large groups of illegal immigrants along the border with Croatia. As soon as they were apprehended, the immigrants asked for asylum in Slovenia. Only on Wednesday more than 200 illegal immigrants were apprehended. Pogorevc also expressed hope that Croatian policemen will more active in preventing illegal migrations be in the future. 

 BUENOS AIRES - Two Slovene tourists were shot dead in an armed robbery in Bolivia on Tuesday, while one was injured and is being treated in hospital in the Bolivian capital, the Slovene Foreign Ministry confirmed for STA. Three Slovene tourists were riding horses in the wilds of Bolivia when they were joined by two men. They were all riding together for several hours when the two men surrounded the Slovene tourists and opened fire. One of the Slovene citizens pretended to be dead and was later found by local people who took him to hospital. His fellows were shot dead. 

 LJUBLJANA - The Slovene Diplomats' Trade Union criticized the personnel policy of the Foreign Ministry, stating in a press release that diplomacy should be professional in order to be able to successfully represent the interests of the country. Diplomats should be highly skilled and creative experts, the trade union wrote, adding that diplomatic posts should not be rewards for past work or even a place ""to deposit redundant members of political parties"". 

 THE VATICAN - A mass was celebrated before 4,000 pilgrims who took part in a Slovene pilgrimage to Rome in the Holy Year 2000. After the mass, which was offered in St. Peter's Basilica by Ljubljana Archbishop and Slovene Metropolitan Franc Rode, pilgrims were joined by the Pope John Paul II, who addressed them in Slovene. Slovene Catholics' pilgrimage to Rome in the Holy Year 2000 began on Tuesday, it is attended by eight Slovene bishops and will wind up tomorrow. 

 LJUBLJANA - The Bank of Slovenia will intervene on the foreign exchange market tomorrow to influence the growth of the foreign exchange rate. The central bank believes that the current growth of the exchange rate is too low. The base exchange rate has been fixed at SIT 210.25 for one euro with the maximum difference of 0.2 percent. The base exchange rate and the maximum difference serve as the basis to calculate the lowest purchase price and the highest selling price at which foreign currencies are sold by banks bound by contract with the central bank. These banks will buy foreign exchange at the lowest price of SIT 209.8295 for one euro and sell foreign currencies at up to SIT 210.6705 for one euro as of 27 October. The rates apply to the market on which foreign exchange is purchased and sold by companies. 

 PIRAN - Competitive pressure will increase considerably in Central and Eastern European countries once they have become EU member countries. Moreover, the social element of economy will no longer be present, for which reason EU candidate countries should put social policy before integration into the EU, with trade unions having to play a central role in accession, said Wolfgang Weinz, coordinator for Central and Eastern Europe, IUF, International Union of Food, Agriculture, Hotel, Restaurant, Catering, Tobacco and Allied Workers' Associations, at the beginning of a two-day meeting of the Slovene trade unions of agriculture and food industry, and of tourism which began on the Slovene coast. 

 LJUBLJANA - The Slovene share index, SBI 20, edged up 0.69 percent to stand at 1681.52 points at today's close. 

 SYDNEY - Athlete Dragica Lapornik won a bronze medal in shot put, securing Slovenia a third medal at the 2000 Paraolympics. 

 SARAJEVO - Two actors from a Ljubljana-based theatre ensemble received the Gold Laurel Wreath for best actress and best actor in Moliere's Misanthrope, a Slobodan Unkovski-directed production which was shown at the Sarajevo festival of experimental theatre, MESS 2000, last Sunday. Polona Juh and Jernej Sugman from the Slovene National Theatre (SNG) were awarded on Thursday evening in Sarajevo. 

 LJUBLJANA - A retrospective of one of Slovenia's finest minimalist artists opened at the Museum of Modern Art featuring 100 paintings and drawings from the past 30 years. Gustav Gnamus, a full professor at the Ljubljana Academy of Fine Arts since 1990, is a recipient of the 1992 Preseren Fund Prize and the 1996 Jakopic Award for outstanding achievement in fine arts. The artist, born in 1941, studied at the Ljubljana Academy of Fine Arts with several most distinguished Slovene modernist, including Gabrijel Stupica (1913-1990). After his first solo exhibition in 1969, Gnamus has exhibited a lot as part of group exhibitions at home and abroad. 

 KRANJ - Uros Zupan, one of the most promising Slovene poets, is the recipient of the 2000 Jenko Award, a prize awarded by the Slovene Writers' Association for best collection of poems from the past two years. The prize-winning ceremony will take place tonight at the Preseren Theatre in the city of Kranj, 25 kilometres north of Ljubljana. Zupan, a lyric poet par excellence who was awarded for his collection of poems entitled ""A Tree and a Sparrow"", a kind of a cut through ten years of his career, was chosen by a five-member jury. 

 LJUBLJANA - A Slovene mountaineer has died attempting to climb Dorje Lakpa in the Himalayas. Andrej Zaman died just below the mountain peak, the Slovene Mountaineers' Association said, but had no further information as yet available. (konec)sk/eho STA027 2000-10-26/18:59. 

 (c) 2000 STA, Slovenska Tiskovna Agencija d.o.o."
Central Bank  to  Intervene  on the  Foreign Exchange  Market. ,2000-10-26," Ljubljana, 26 October (STA) - The Bank of Slovenia will intervene on the foreign exchange market on Friday to influence the growth of the foreign exchange rate. The central bank believes that the current growth of the exchange rate is too low. The base exchange rate has been fixed at SIT 210.25 for one euro with the maximum difference of 0.2 percent. 

 The base exchange rate and the maximum difference serve as the basis to calculate the lowest purchase price and the highest selling price at which foreign currencies are sold by banks bound by contract with the central bank. These banks will buy foreign exchange at the lowest price of SIT 209.8295 for one euro and sell foreign currencies at up to SIT 210.6705 for one euro as of 27 October. The rates apply to the market on which foreign exchange is purchased and sold by companies. 

 In exchange offices the exchange rate for the Deutsche mark calculated in euros can be up to 0.2 percent higher than the highest selling price or lower than the lowest purchase price. In the case of the currencies of the other members of the European Economic and Monetary Union, Switzerland, the U.K. and the U.S. the maximum difference is 0.4 percent. 

 The Bank of Slovenia will change the base exchange rate according to trends on the foreign exchange market and the domestic money market and in agreement with the objectives of its monetary policy. The exchange rate change has to be respected by all 22 commercial banks that signed a contract on co-operation in foreign exchange market interventions in March 2000. (konec)ep STA017 2000-10-26/16:00. 

 (c) 2000 STA, Slovenska Tiskovna Agencija d.o.o."
Weekly Review of the Slovene Economy from 16 to 22 September. ,2000-09-24," Ljubljana, 24 September (STA) - At Thursday's session the government conceded to the demands of Slovene transport workers and reduced the petrol tax on diesel oil by 11.3 percent, thus preventing protests around the country. At its session the government also decided to dismiss the Acting General Manager of Slovenia's electricity supplier (ELES) Vekoslav Korosec and replaced him with Vitoslav Turk, the head of the trade department in ELES. According to the electricity supplier, the decision to dismiss Korosec is based on changes to the act on the government and to the ELES statute, while Korosec believes that the move is purely of a political nature. 

 CHRONOLOGY: SATURDAY, 16 September LJUBLJANA - The average selling price of natural gas from the underground network increased by seven percent to stand at SIT 36.22 per litre. 

 MONDAY, 18 September LJUBLJANA - Robert S. Kaplan, the world's leading management authority was on visit to Slovenia upon the invitation of Gospodarski vestnik publishing house and company Aktiva Group. The method of measuring business excellence called the Balanced Scorecard (BSC), Kaplan's brainchild, was presented to over 300 Slovene economists and businessmen. The BSC has been one of the most influential business ideas for the past 75 years. LJUBLJANA - The Slovene Development Corporation (SRD) finished its marathon session at which the annual report for 1999 and operation in the first five months of 2000 was discussed. At the session the conditions in certain Slovene companies currently under SRD control was also discussed. 

 TUESDAY, 19 September LJUBLJANA - Prices of petrol increased around the whole country. The price of the most widely used 95-Octane Eurosuper increased by SIT 4.3 to SIT 153.8. LJUBLJANA - The 11th Furniture Fair in Ljubljana opened its doors. The guest speaker, Minister for Economic Affairs Joze Zagozen, stressed that the Slovene wood industry needs to create export-orientated products, which will assist to increase competitiveness and the level of value added on foreign markets. LJUBLJANA - The Bank of Slovenia completed its two-month intervention in the foreign exchange market during which it set a base exchange rate and a maximum ratio between the purchase and the selling rates. The 21 banks which signed a co-operation contract with the central bank in March will therefore be able to set their purchase and selling exchange rates independently. The aim of such an intervention by the central bank was to curtail rapid increases of foreign currencies as the growth of exchange rates was estimated to be too fast at the time of the intervention. 

 WEDNESDAY, 22 September MARIBOR - The management of the Maribor-based bank Nova KBM signed a borrowing contract to the value of 5 million euros with the European Bank for Reconstruction and Development (EBRD). 

 THURSDAY, 21 September LJUBLJANA - At its weekly session the government decided to reduce excise duties on diesel oil by 11.3 percent and thus kept the promise given by the government negotiating team to the Union of Slovene Transporters (SAS) earlier this week. Other demands of the bus and lorry drivers were also met, so the SAS ceased all their activities regarding public protests and road blockages. LJUBLJANA - At its weekly session the government decided to dismiss acting General Manager of Slovenia's electricity supplier (ELES) Vekoslav Korosec. In turn the Ministry of Economic Affairs proposed that Vitoslav Turk, the head of the trade department in ELES, should replace Korosec 

 BANK OF SLOVENIA Slovenia's Central Bank Ceases Intervention in Foreign Exchange Market The Bank of Slovenia on Tuesday completed a two-month period of intervening in the foreign exchange market by setting a base exchange rate and a maximum ratio between the purchase and the selling rates. The 21 banks which signed a co-operation contract with the central bank in March will therefore be able to set their purchase and selling exchange rates independently. The aim of such an intervention by the central bank was to curtail rapid increases of foreign currencies as the growth of exchange rates was estimated to be too fast at the time of the intervention. 

 BANKS NKBM Signs a Borrowing Contract with EBRD The management of the Maribor-based bank Nova KBM on Wednesday signed a borrowing contract to the value of 5 million euros with the European Bank for Reconstruction and Development (EBRD). The NKBM will grant favourable investment loans to entrepreneurs and companies with up to one hundred employees for the financing of new business projects. The interest rates for the loans with the redemption period of up to five years will be EURO LIBOR + 2.5 percent. Clients can get a loan to the value of up to 125,000 euros. 

 COMPANIES Tyre Producer Issues Bid to Take Over Chemical Company Sava, a Slovene tyre producer, on Friday issued a bid to purchase shares of the chemical company Color Medvode. The takeover bid follows Sava's new strategy to launch a new line of activities in the company focusing on the rubber industry, chemistry, trade and tourism. The bid refers to 845,832 ordinary registered shares, 104,559 of which are already owned by Sava. The share's nominal value is SIT 2,000 (9.6 euros). Sava has offered five of its ordinary registered shared for 19 Color shares, or SIT 4,000 for one Color share. The offer closes on 20 October. 

 Telekom Shareholders to Receive Dividends of 1.5 Euro per Share Shareholders of Telekom, Slovenia's telephone services provider, adopted a decision at a general meeting on Thursday, to pay out dividends for 1999 in the amount of SIT 2.026 billion (9.7 million euro) or SIT 310 (1.5 euro) per share. Gross profits from 1995 with a revalued adjustment in the amount of SIT 76.2 million, gross profits from 1996 in the amount of SIT 612.4 million, and SIT 1.337 billion gross profits in 1997 will be used for dividends. Half of gross profits from 1999 in the amount of SIT 3.949 billion will remain undistributed, while the other half has already been placed in company reserves. 

 Emo Receives ISO 14001 Ecology Standard Certificate Celje-based (76km east of Ljubljana) tools' manufacturer Emo Tools received the ISO 14001 ecology standard certificate. DM 350,000 have been spent in an effort to acquire the ""green standard"" certificate, which was launched back in 1998, said Renato Fijavz, in charge of the office for quality at Emo Tools, and added that the main reason behind this undertaking was to raise ecological awareness of the employees. 

 Brest Furniture Company Receives ISO 14001 Ecology Green Standard Certificate The furniture producer Brest presented the first electronic shop in Slovenia's furniture industry and four new furniture lines and thus presented itself at the 11th Furniture Fair in Ljubljana, which opened its doors on Tuesday. The Cerknica-based (some 40 km south of Ljubljana) furniture company, employing around 400 workers, also received the ISO 14001 green standard certificate. It is one of the first Slovene companies to receive such quality certificate for improving ecological conditions. 

 INDUSTRY Government Adopts Programme for Privatisation of Steel Industry At its session on Thursday the government adopted a programme for the privatisation of the Slovene steel industry. The programme envisages state assistance until 2003 to the amount of 210 million euros. The programme foresees the privatisation of core companies in the steel industry by 2002, while non-core companies would be privatised by the end of the year. The number of employees in the core companies of the Slovene steel industry is set to fall from 3000 to 2500. 

 STATISTICS 11.9-Percent Unemployment Rate in July The national statistics office recorded a labour force of 874,554 people in July, 770,167 of whom were persons in employment, a drop of 0.3 percent from June, but a 0.9 percent increase on a year-to-year comparison. According to the statistics office, the level of registered unemployment stood at 11.9 percent in July, a rise of 0.1 percentage point over June. 

 STOCK MARKET As many as 6,654 deals were closed last week on the Ljubljana Stock Exchange. The overall turnover totaled SIT 2.76 billion (13 million euros), one billion of which accounted for lot deals. Most share indices were down last week, as the SBI share index lost 0.77 percent to stand at 1666.62 points at Friday's close. The free market index IPT was up 1.05 percent to 981.06 points, while the authorised investment companies' index PIX decreased by 0.35 percent to finish at 1273.11 points on Friday. 

FOREIGN EXCHANGE The Slovene tolar strengthened against the U.S. dollar during the week; the dollar stood at SIT 239.61, down SIT 1.63, on Friday. However, the tolar weakened against the major European currencies: it was down SIT 0.54 at SIT 136.88 against the Swiss franc and down SIT 0.18 at SIT 208.44 against the euro. One Deutsche mark stood at SIT 106.57 up SIT 0.09, while the Austrian schilling strengthened by SIT 0.02 to be worth SIT 15.15. 100 Italian lira remained level against the tolar at SIT 10.76. (konec)gj STA010 2000-09-24/16:24. 

 (c) 2000 STA, Slovenska Tiskovna Agencija d.o.o."
Bank of  Slovenia  ends  forex intervention . ,2000-09-18," LJUBLJANA, Sept 18 (Reuters) - The Bank of Slovenia said on Monday it was ending its two-month intervention on the foreign exchange market that was designed to slow down the tolar's depreciation. 

 The intervention started on July 18 when the central bank told commercial banks to buy euros at a minimum rate of 207.12 tolars and to sell at a maximum of 207.96 tolars."
Slovenia 's  Central Bank  to Cease  Intervention  in  Foreign Exchange  Market. ,2000-09-18," Ljubljana, 18 September (STA) - The Bank of Slovenia will soon complete a two-month period of intervening in the foreign exchange market by setting a base exchange rate and a maximum ratio between the purchase and the selling rates. 21 banks which signed a co-operation contract with the central bank in March will therefore be able to set their purchase and selling exchange rates independently as of 19 September, the Bank of Slovenia reported on Monday. 

 The aim of such an intervention by the central bank was to curtail rapid increases of foreign currencies as the growth of exchange rates was estimated to be too fast at the time of the intervention. 

 As of 18 July, the 21 contracting banks were obliged to buy foreign currencies in the corporate sector for a minimum of SIT 207.1249 per euro and sell currencies for a maximum of SIT 207.9551 per euro. The highest ratio between the purchase and the selling rates was set at 0.2 percent. (konec)ar/eho STA023 2000-09-18/16:13. 

 (c) 2000 STA, Slovenska Tiskovna Agencija d.o.o."
Central Bank  Will  Intervene  on the  Foreign Exchange  Market. ,2000-07-17," Ljubljana, 17 July (STA) - The Bank of Slovenia will intervene on the foreign exchange market on Tuesday because it believes that the current growth in exchange rates is too high. According to a press release published on Monday, the central bank fixed the base exchange rate at SIT 207.54 for one euro with a difference of up to 0.2 percent. 

 The intervention is possible under a special contract signed between the Bank of Slovenia and 21 Slovene banks last March. 

 On the basis of the base exchange rate and the difference the lowest buying rate and the highest selling rate are calculated. The banks that signed the contract with the central bank are obliged to buy and sell at the agreed price. On the market serving companies foreign exchange will be purchased at no less than SIT 207,1249 a euro and sold at up to SIT 207.9551 a euro as of 18 July. In exchange offices rates calculated in euro may differ up to 0.2 percent up from the highest selling rate and down from the lowest buying rate for the German mark and up to 0.4 percent for other currencies of the EMU members, Switzerland, Great Britain and the U.S. 

 The Bank of Slovenia will change the base exchange rate in line with trends on the foreign exchange market and domestic money market and in accordance to the goals of its monetary policy. (konec)ep STA013 2000-07-17/15:52. 

 (c) 2000 STA, Slovenska Tiskovna Agencija d.o.o."
Bank of  Slovenia  to end tolar rate  intervention . ,1999-08-25," LJUBLJANA, Aug 25 (Reuters) - The Bank of Slovenia said on Wednesday it would discontinue imposing an intervention selling rate for euros and German marks implemented on July 19. 

 ""From August 26, the chosen banks are no longer obliged to maintain the intervention selling rate,"" the central bank said in a statement. 

 From July 19, banks included in the intervention were selling foreign currency to companies at a maximum of 197.37 tolars to the euro and at 100.91 tolars to the mark. 

 Analysts said the intervention was ended because commercial banks' rates had already started falling. 

 This week banks sold euros to companies at an average of 197.16 tolars and around 100.80 tolars per mark. 

 ""The intervention had no sense any longer, the central bank was still limiting growth of rates which were already falling,"" said Dusan Kosanovic, head of treasury at Societe Generale. 

 He said the rates were likely to continue falling over the short-term but would become more volatile in September when corporate demand for foreign exchange is expected to increase. ((Novica Mihajlovic, Ljubljana newsroom, 386-61-17-00-546, ljubljana.newsroom@reuters.com)). 

 (C) Reuters Limited 1999."
Weekly Review of Slovene Economy from 17 through 23 July. ,1999-07-25," Ljubljana, 25 July (STA) - The government endorsed an increase in the prices of oil derivatives and liquidised natural gas at a session on Thursday. The price of petrol increased by 9.9 percent, the VAT excluded, while the retail price including the VAT rose by 3.4 percent to SIT 123.9 (DM 1.2). 

 As of 24 July a litre of 91-octane unleaded petrol costs SIT 110, a litre of 95-octane SIT 110.6 and a litre of 98-octane unleaded petrol SIT 115.80. The price of liquidised gas in bottles was raised by 8.9 percent from SIT 127.89 to SIT 139.27 per one kilogram. The estimated impact on the consumer prices index is 0.15 percent in case of petrol and 0.003 percent in case of liquidised gas. Major reasons for the price raises are an increase in the exchange rate of the U.S. dollar and in a surge of crude oil prices on the world market. 

 INTERNATIONAL COOPERATION SID Signed an Agreement with Macedonian Development Bank 

 Slovene Export Corporation (SID) and Macedonian Development Bank signed a bilateral cooperation agreement aimed at strengthening bilateral economic relations. According to SID chairman Marjan Kramar, the agreement represents a basis for further cooperation between the two countries that share the same goal - economic development. 

 BANK OF SLOVENIA Bank of Slovenia Intervenes in the Foreign Exchange Market 

 The Bank of Slovenia (BS) introduced on 19 July an intervention sales rate in the foreign exchange market. Six banks - Abanka, SKB banka, LB Banka Zasavje, Banka Velenje, Banka Koper and Nova Ljubljanska banka - can sell foreign exchange at SIT 197.37 to the euro and SIT 100.91 to the German mark at maximum. The exchange rate in exchange offices can be 0.2 percent out at the most for the German mark and 0.4 percent for other EMU countries, Switzerland, Great Britain and the U.S. 

Foreign Exchange Reserves at 4.5 Billion in End-May 

 Slovenia had US$ 4.458 billion of foreign currency reserves at the end of May. The reserves decreased by US$ 151.3 million m/m, coming short of the nation's total external debt of US$ 5.224 billion by US$ 786 million, the Bank of Slovenia reported in the June issue of its Bulletin. Reserves of the central bank made up US$ 3.438 billion and those of other banks US$ 1020 million. 

 Exchange Offices Turn Over DM 735 Million in a Month 

 Exchange offices in Slovenia turned over almost 735 million German marks last June. The foreign currency purchased amounted to DM 369 million and exceeded the amount of the foreign currency sold by DM 3 million. June's turnover marked a rise of 4.7 percent (DM 33.3 million) in a year-on-year comparison. Bureaux de change turned over DM 3.706 billion in the first half of this year, the purchase totalling DM 30 million and surmounting the sale by 1.6 percent. The turnover was down by DM 402 million over the same period last year. The mean exchange rate for the German mark averaged SIT 99.81 last June. Last year about 330 exchange points across the country turned over almost DM 8.2 billion. 

 BANKS Dolenjska Banka Successful in the First Half of 1999 

 The Dolenjska banka bank made a profit in the value of SIT 330 million in the first six 1999 months, which is slightly more than a half of the 1998 profit. The total assets grew up by 2.7 percent to SIT 79.5 billion in the same period. With an approximately three-percent market share, the bank is placed ninth among Slovene commercial banks. 

 COMPANIES Talks on N-Plant Carried On Despite HEP's Statement 

 Talks between Slovenia and Croatia on a settlement of outstanding issues related to the jointly owned Krsko N-plant are under way at full speed at all levels despite a statement by a senior manager of the Croatian electricity supplier (HEP) that HEP would like to sell its share in the plant, the Slovene Economics Ministry told STA. The ministry explained it had not received from HEP any official information about the sell of its share in the Krsko plant. According to the ministry, both Slovenia and Croatia would like to sign the agreement on the plant which would define the status and ownership of the plant as soon as possible. The ministry added that the Croatian partner in negotiations is not HEP, but the government. President of HEP Board Damir Begovic informed the public about his company's intention to sell its share in the plant at a press conference in Zagreb. He said the opening price would be around one billion German marks. 

 WAGES Minimum Salary Rises by 6.3 Percent 

 The Economic and Social Council raised the minimum salary by 6.3 percent to SIT 72,521 (DM 725). The increase takes effect from 1 August. Trade union representatives stressed the importance of establishing adequate salaries ratio between manufacturing and non-manufacturing sectors. The Economic and Social Council decided to launch discussion and analysis of the ratios this autumn in order to eliminate any discord with the agreement on salaries policy. 

 Telekom Received the SAP CCC Certificate 

 The Slovene telecommunications company Telekom was the first company in Slovenia to receive the SAP CCC (Customer Competence Center) Certificate. SAP is an integrated information system backing information support in companies, used by more than 200 companies of the kind worldwide. The SAP system is used in approximately 20 Slovene companies. 

 PRIVATISATION SIT 101 Billion Available for Privatisation Gap 

 The total value of property available to fill the privatisation gap amounts to SIT 101.1 billion (DM 1 billion). As the overall privatisation deficit amounts to SIT 179.7 billion according to the latest government estimates the difference will be covered by financial assets of the state, completion of the decree on securing state property and by increasing the share of investments of the Slovene Development Corporation (SRD). Government committees have already discussed a bill on state property privatisation, which is expected to be submitted to the parliament soon. 

 TOURISM Slovene Tourist Board Opens Information Office in Zagreb 

 The Slovene Tourist Board has recently opened its information office in the Croatian capital, Zagreb, to enhance its promotional activity in Croatia, a country from which a lot of foreign tourists spend their holidays in Slovenia. As to tourist nights spent in Slovenia, Croatia places fourth (211,863 in 1998) after Germany, Italy and Austria. To reduce the cost of promotion, the board has opened the office in Zagreb in collaboration with the Zagreb branch office of Slovenia's tour organiser Kompas Turizem. To attract foreign tourists in the 1999/2000 season, the board has already decided on three major promotions (in Vienna, Munich and Milan). Moreover, it will use six information offices (London, Zurich, New York, Rotterdam, Budapest and Zagreb) for additional campaigns and the provision of information about Slovenia. 

 Nearly 10-Percent Drop in Tourist Income in January-to-May Period 

 The influx of foreign currency from tourism fell 9.9 percent in the first five months of 1999 from the same period last year, the latest data from the Tourist and Restaurant Business Association at the Chamber of Commerce and Industry (GZS) show. All five months saw a drop in foreign currency, but a 3-percent rise in foreign tourist nights was recorded in the period before the war broke out in Yugoslavia. In March, the gambling industry recorded the sharpest decline of over 25 percent from a year earlier. Interestingly, the influx of foreign currency from foreign tourists into Slovene tourist companies was above last year's figures. Tourist companies' revenues make up 17.8 percent of the entire inflow of foreign currency from tourism into the country (14.9 percent in 1998). Foreigners continue to buy less in Slovene duty-free shops; a drop of 7.8 percent was recorded in the first five months from the same period a year earlier. With the number of Slovene tourists up 9 percent in the first five months, th total number of tourists only fell by 2 percent. 

 Tourist Industry Figures Turn Downwards at Bled 

 Hotels and camps in the Alpine resort of Bled (northwest) recorded a 16-percent decrease in bookings in the first half of July over the same period last year, the local tourist association reported. From 1 to 18 July tourist facilities in Bled accommodated 24,723 persons, among which 22,099 were foreigners and 2,624 Slovenes. The number of tourist nights by foreign subjects decreased by 19 percent in a year-on-year comparison, while the number of those by domestic tourists increased by 41 percent. 

 SHOPS The Sales Begin 

 The majority of Slovene clothing and shoe shops and department stores started the sales on 20 July. The sale prices are 20 to 40 percent of the normal price on average. 

 STOCK EXCHANGE LSE Supervisory Board Meets 

 The Supervisory Board of the Ljubljana Stock Exchange (LSE) discussed and adopted a report on the LSE operations, on the half-year LSE performance and on the project of a new stock exchange information system (BIS). 

 Dullness on the Ljubljana Stock Exchange 

 Trading on the Ljubljana Stock Exchange was calm last week. The SBI share index closed the week at 1770.66 points, up 0.81 points compared to last Friday; the BIO bond index lost 0.09 points to close the week at 106.76. From Monday to Wednesday, only SIT 160 million were turned over, while on Thursday the trade amounted to SIT 100 million due to two package deals (SIT 71 million with the Hoteli Bernardin bonds and SIT 31 million with the third issue SKB bonds). On Friday, the trade totalled SIT 1.223 billion due to package deals with the tenth issue treasury bonds in the value of SIT 707 million and with the Dolenjska banka shares in the value of SIT 356 million. 

 EXCHANGE RATES Higher Exchange Rates of Foreign Currencies

 All major foreign currencies saw their exchange rates rise according to the Bank of Slovenia mean exchange rate over the past week. The Euro rose by SIT 0.3 to SIT 195.7, German mark added SIT 0.2 to SIT 100.1, and Swiss franc edged up by SIT 0.2 to SIT 121.9. Austrian schilling and Italian lira remained flat at SIT 14.2 and SIT 10.1 respectively. The U.S. dollar dropped by SIT 5.4 to SIT 186.3. 

 (c) 1999 STA, Slovenska Tiskovna Agencija d.o.o."
Weekly Review of Slovene Economy from 10 through 16 July. ,1999-07-18," Ljubljana, 18 July (STA) - The absence of a negotiated agreement on the Krsko Nuclear Power Plant (NEK) was claimed by official sources to be the main reason for postponing the meeting of Slovene and Croatian government delegations this week, at which the countries were to sign the NEK agreement and the bilateral property agreement. Following their meeting on Friday, Economics Ministers of Slovenia and Croatia, Tea Petrin and Nenad Porges, were positive about the progress made by negotiating teams, announcing the tams would settle the remaining problems over the next days. 

 First steps were also taken this week to close the notorious privatisation gap, the difference between the value of privatisation vouchers issued to population and that of the property to be privatised. The First Pension Fund Act took effect offering Privatisation Investment Fund (PIF) shareholders the option to exchange their shares for pension vouchers; the latter may be sold later on or invested to the First Pension Fund. According to the Association of Management Companies, which presented its view on the act on 12 July, the monthly rate is more favourable for older persons. The entry into force of the First Pension Act at the same started the three year period during which PIFs must transform to ordinary investment or joint stock companies. 

 Two weeks after the value added tax was introduced, the Finance Ministry estimated VAT's effects were as expected. Prices of food and non-alcoholic beverages rose by 2.63 percent and prices of restaurant services by 2.34 percent according to preliminary estimates, while the prices of those goods that should be cheaper because of lower tax rates in most cases did not change. Minister of Economic Relations and Development Marjan Senjur announced that government-controlled prices would be gradually adjusted by September. 

 Chronology: Tuesday/13 July - Ljubljana: First Pension Fund Bill takes effect. Wednesday/14 July - Ljubljana: Meeting of Transport Ministers of Slovenia and Croatia, Anton Bergauer and Zeljko Luzavac. Wednesday/14 July - Zagreb: Export Corporation of Slovenia and the Croatian Bank for Reconstruction and Development sign cooperation agreement. Friday/16 July - Strmol: Working meeting of Economics Ministers of Slovenia and Croatia, Tea Petrin and Nenad Porges, and of negotiation groups for the Krsko Nuclear Power Plant (NEK). Friday/16 July: National Assembly passes Regional Development Promotion Act and the 1999 Government Intervention in Agriculture Act. 

 INTERNATIONAL COOPERATION 

 Slovene-Ukrainian Commission on Economic Co-Operation Sign Protocol 

 The Slovene and Ukrainian delegations signed, on 16 July, a protocol of the first meeting of the Slovene-Ukrainian commission on co-operation in economy and trade. Co-operation between the two countries is relatively low, with the full volume of trade amounting to only US$ 58 million. This year's data regarding the growth in the past years even indicate a fall of the volume of trade which decreased almost by one half this year over the past year. However, the commission agreed there are still huge potentials to increase trade between the two countries, with medicines and pharmaceutical products being the area with the most possibilities for the co-operation of companies. 

 Slovene Export Corporation Signs Agreement on Co-Operation with a Croatian Bank 

 The Slovene Export Corporation (SID) and the Croatian Bank for Reconstruction and Development (HBOR) signed an agreement on co-operation in Zagreb on 14 July. The aim of the agreement is to provide support to export activities of the Slovene and Croatian companies on local markets as well as the markets in third countries. To date SID has mainly co-operated with HBOR in information exchange. 

 Slovene Food Companies in the U.S. 

 A Slovene business delegation led by the chairman of the Chamber of Commerce and Industry of Slovenia, Mr. Cveto Stantic, started a seven-day visit to the United States on 12 July to attend the Fancy Food trade show in New York, business conferences in New York and Cleveland, and meet representatives U.S. food companies. The delegation also attended a seminar on export potentials of Slovene companies in the U.S. 

 PRICES Government-Controlled Prices to be Adjusted by September 

 Minister of Economic Relations and Development Marjan Senjur announced on 12 July that government-controlled prices for all groups of products would be adjusted on a gradual basis until September after they had been frozen temporarily because of the introduction of VAT. Among the first steps according to Senjur will be to raise gasoline and electricity prices, although this will not be due to VAT but to higher crude oil prices and a stronger dollar. In turn, electricity prices will only change after the base prices without VAT influences is calculated. By the end of September other controlled prices will be adjusted as well, including the prices of public transportation, gas and public hygiene. Prices of obligatory school books, telecom services and post services will not change according to Senjur. 

 BANK OF SLOVENIA Central Bank Chooses Six Banks for Intervention Exchange Rate 

 The Bank of Slovenia chose six banks which will be obliged to sell foreign currencies at an intervention selling rate in case the central bank decides to introduce an intervention period. These banks inlcude: Abanka, SKB, LB Banka Zasavje, Banka Velenje, Banka Koper and NLB (Nova Ljubljanska banka). From 19 July on, the banks will be allowed to sell Euro at a maximum of SIT 197.37, and Deutsche mark at no more than SIT 100.91. Exchange offices and the selected banks are also allowed to sell foreign cash at rates that exceed the set central bank rate by a maximum of 0.2 percent (DM) and by a maximum of 0.4 percent for currencies of the EMU member states, Switzerland, the United Kingdom and the United States. 

 BANKS Higher Interest Rates on Deposits in August 

 As recommended by the Association of Slovene Banks, higher interest rates on deposits will take effect on 1 August after 19 out of 25 banks have backed the recommendation. Interest rates on over three-month deposits will thus be higher by 0.25 to 0.50 percentage point. The 19 banks that went along with the measure account for 91 percent of the Slovene banking system's total assets. 

 COMPANIES Petrol, Ina Sign Precontract to Establish Joint Venture 

 Petrol CEO Janez Lotric and Director General of Croatia's INA, Davor Stern, signed a precontract to sell the stock of the Interina corporation which is owned by Ina Zagreb. The contract was a precondition for the two oil companies to sign a contract establishing a Slovenia-based joint venture to market liquified oil gas. 

 Lower Sales and Profits for Color this Year 

 The chemicals manufacturer Color made SIT 3.18 billion of sales this year, down by 4.2 percent y/y. Profits in the period dropped by 12 percent to SIT 185.2 million. 

 Autocommerce Buys Perftech 

 Ljubljana-based Autocommerce trade company bought late last week the controlling share of the Bled-based Perftech internet provider, expanding its range of services to information technology. Established 10 years ago, Perftech currently employs 60 IT experts. The company has developed a comprehensive range of internet services since 1995. 

 PRIVATISATION SIT 179.7 Billion to Fill the Privatisation Gap 

 The government passed a report on the covering of the privatisation gap on 15 July. The report specifies the volume of funds needed to cover the gap to be at SIT 179.7 billion. The amount was calculated on the assumption that at least three quarters of shareholders would use the option to exchange Privatisation Investment Fund shares for pension vouchers under the First Pension Fund Act. According to the government decision, the property to cover the privatisation gap, the difference between the value of privatisation vouchers and the property to be privatised, would be made available by 31 July 1991. 

 TRANSPORT Slovenia and Croatia Discuss Transport Corridors 

 Slovene Minister of Transport and Communications Anton Bergauer and his Croatian counterpart Zeljko Luzavec discussed, at a meeting on 14 July, the development of railway and road transport, chiefly from the aspect of the construction of corridors no. 5 and 10. Both sides were of the opinion that the railway connection between the Croatian capital, Zagreb, Slovenia's Maribor and Austria's Graz should be upgraded as part of corridor n. 5. as soon as possible. But while Slovenia would like to retain the connection via Zidani most, Croatia would prefer a shortcut via Pragersko. According to Bergauer, the countries will further discuss this option as it has not been considered by Slovenia at all. As to the construction of motorways, the ministers tried to harmonise their countries' interests; while Croatia would like to see the Slovene section Maribor - Ptuj - the border crossing Macelj built as soon as possible, the Slovene side has not yet included it in its national motorway programme. The programme is th refore to be changed next year and likely ratified in parliament in 2001. The route of a motorway linking Croatia's Rijeka and Italy's Trieste was also discussed. 

 Ljubljana Ring Complete by End-August 

 Ljubljana's eastern by-pass will open for traffic by the end of next month according to the Slovene Company for Motorways (DARS). Final works are currently underway on a 14-kilometer motorway section, including the Golovec tunnel, which will be the only two-tube three-lane tunnel in Slovenia. Over the six years of implementing the national programme (since January 1994), a total of 143.8 kilometers of roads have been built, and another 47.4 kilometers of two-and four-lane roads at to open for traffic by the end of the year. 

 ENERGY Power Consumption Up by 0.7 Pc in June 

 807.3 million KWH of electricity was spent in Slovenia in June, up by 0.7 percent year-on-year. Power consumption was higher in both direct users who took 170.1 million KWH from the network as well as in distribution 637.2 million KWH). 

 AGRICULTURE Nearly DM 40 Million to Help Agriculture 

 The National Assembly adopted, on 16 July, the bill on the intervention measures in agriculture in 1999. The law worth SIT 3.95 billion (DM 40 million) will help pig-breeders, milk producers and wheat and hops growers. Nearly SIT 2 billion will be allocated for easing the situation in the milk industry at various stages of production. Half a billion tolars will go to the pig-breeding industry, and just as much to hops producers. Approximately one billion will be allocated to wheat and rye producers. 

 REGIONAL DEVELOPMENT Parliament Endorses Bill on Balanced Development of Regions 

 The National Assembly adopted on 16 July a bill to encourage balanced development of Slovene regions, an umbrella act specifying the goals and principles of regional development, the allocation of state funds and the criteria required to qualify for state subsidies. Besides, the law defines which regions need a fresh developmental impetus. Under the law, the government will have to earmark at least 0.5 percent of GDP for balanced development of regions in the first year after the law takes effect. In the second year, however, the figure will have to total at least 1 percent of GDP. 

 Petrol's Initiative for Development of Lendava Region 

 Slovenia's oil company Petrol has launched activities to revive the region of Lendava, the northeasternmost part of Slovenia where an oil refinery in which Petrol has a 55 percent stake is located. The initiative group of the consortium in charge of drafting and later implementing a development strategy met on 16 July at Lendava Castle on the initiative of President of Petrol Management Board Janez Lotric and Mayor of Lendava Joze Kocon.The next meeting of the initiative committee is expected to be held this autumn. 

 STATISTICS Poor Foreign Trade Results Caused by Depression in the Balkans and Russia 

 Slovenia recorded a considerable deficit in trading with foreign countries in May, which was chiefly due to political and economic problems in the regions of ex-Yugoslavia and the former Soviet Union. Exports to the EU member states - the largest and most important market for Slovenia - have been on a steady increase, marking a rise of 3.1 percent in the first five months of 1999 over the same period last year. The preliminary data show a deficit of US$ 149.9 million in May, which is expected to rise further after the data is supplemented. Last May Slovenia's exports totalled US$ 708.8 million, down by 4.2 percent over May 1998, imports were up by 0.6 percent to US$ 858.7 million in the same period. 

 Average Nett Salary Totals DM 1060 in May The average nett salary totalled SIT 106,558 (around DM 1060) in May, up 0.4 percent from April and 8.4 percent from a year earlier. May gross salary stood at SIT 168,628 (DM 1680), a monthly rise of 0.1 percent and a yearly increase of 8.4 percent. In real terms, however, the average gross salary fell by 0.5 percent over April and rose by 3.9 percent from May 1998. In the January-to-May period, the average clear pay amounted to SIT 105.665 (DM 1050), a 8.3 percent rise from the same period last year.Average gross wages were up 8.5 percent to SIT 167,141 (DM 1670) in the same period. 

 STOCK EXCHANGE Share Prices at LSE Rising 

 Share prices at the Ljubljana Stock Exchange fell on Monday and Tuesday, but the trend reversed on Thursday and Friday, with the SBI share index closing the week at 1765.49 points, up 11.56 week-on-week. Also up was the BIO bond index which gained 0.61 points to close the week at 106.87 points. 

 EXCHANGE RATES Higher Exchange Rates of Foreign Currencies

 All major foreign currencies saw their exchange rates rise according to the Bank of Slovenia mean exchange rate over the past week. The Euro rose by SIT 0.3 to SIT 191.7, German mark added SIT 0.2 to SIT 99.9, and Swiss franc edged up by SIT 0.3 to SIT 121.7. Austrian schilling and Italian lira remained flat at SIT 14.2 and SIT 10.1 respectively. 

 (c) 1999 STA, Slovenska Tiskovna Agencija d.o.o."
Slovene c.bank to cut banks' euro selling rate. ,1999-07-15," LJUBLJANA, July 15 (Reuters) - The Bank of Slovenia said on Thursday it would determine commercial banks' intervention euro selling rate at a maximum of 197.37 tolars from Monday, while the maximum mark selling rate was set at 100.91 tolars. 

 The central bank did not say at what rate it would be selling foreign exchange to commercial banks participating in the intervention. 

 The central bank did not explain the move but analysts said it was designed to boost the value of tolar against the euro and mark. 

 This week commercial banks were selling euros to companies at an average rate of some 197.43 tolars and about 100.94 tolars per mark. 

 ((Ljubljana newsroom, 386-61-17-00-545, ljubljana.newsroom@reuters.com)). 

 (C) Reuters Limited 1999."
Weekly Review of Slovene Economy from 20 through 26 March. ,1999-03-28," Ljubljana, 28 March (STA) - The coalition leadership has eventually made a first move in privatising state banks and insurance companies. According to Prime Minister Janez Drnovsek, the banks will be partially privatised within this year, while in the case of insurance companies, the coalition has agreed on the basic principle and the methods of their privatisation to be integrated in the bill awaiting third parliamentary reading. 

 At the end of last week the board of the Krsko Nuclear Power Plant gathered for their first meeting in the last eight months and adopted the 1999 business plan. The Croatian members were absent, but Croatian Economics Minister Nenad Porges hosted his Slovene counterpart Metod Dragonja. Although it is not at all clear how the story of TAM will end, a contract stating national economic interests in the purchase of TAM was initialled by the Ministry of Economic Activities, Slovene Development Corporation and the prospective buyer, MTI Evropa. Mobitel, the so far only GSM mobile service provider in Slovenia, got a rival last week after Simobil launched its operation. 

 Chronology: Monday/22 March - Crnomelj: Prime Minister Janez Drnovsek meets business representatives of Bela Krajina (south). Tuesday/23 March - Krsko: President Kucan visits the region of Posavje region and meets with business people there. Tuesday/23 March - The Hague: Minister of Economic Activities and Development Marjan Senjur begins a three-day visit to Holland. Tuesday/23 March - Ljubljana: the National Assembly passes acts on foreign currency transactions and immaterial securities. Wednesday/24 March - Ljubljana: a salaries policy agreement is signed. Friday/26 March - Zagreb: Economic ministers of Slovenia and Croatia, Metod Dragonja and Nenad Porges, meet. Friday/26 March - Krsko: The Krsko N-plant board holds its first session this year. 

 INTERNATIONAL COOPERATION Slovene and Croatian Economics Ministers Meet in Zagreb 

 The Slovene and Croatian economics ministers, Metod Dragonja and Nenad Porges, met in the Croatian capital on 26 March. Dragonja and Porges discuss ways of settling the outstanding issues regarding the jointly-owned Krsko nuclear plant. The meeting was agreed upon by Slovene Prime Minister Janez Drnovsek and his Croatian counterpart Zlatko Matesa, who met on 12 March at Otocec. 

 Minister Senjur Visits Holland 

 Minister of Economic Relations and Development Marjan Senjur paid a working visit to the Netherlands from 23 to 25 March. He met with Dutch Economics Minister Annemarie Jorritsma and Minister of Foreign Trade Geritt Ybema and opened a business conference and a panel on business and investment possibilities in Slovenia. In 1998 bilateral trade amounted to US$ 367 million. 

 Slovenia's Trade with Yugoslavia Weakened 

 NATO airstrikes on Yugoslavia are expected to make Slovenia's trade with Serb and Montenegrin companies difficult. Nevertheless, economic cooperation between Slovenia and Yugoslavia has now been hampered for several years because the countries failed to reach an economic agreement. Approximately 10 Slovene companies have their branch offices in both Yugoslav republics, Serbia and Monte Negro, among which there are pharmaceuticals company Krka and white goods-producer Gorenje. Moreover, nearly one thousand Slovene companies cooperate with Yugoslav partners. The tourist industry is expected to be most severely affected by the escalation in the Balkans, mainly due to the closure of the airspace. Slovenia's exports to Yugoslavia totalled US$ 112.4 million in 1997, but fell to US$ 102.7 million in 1998. Imports from Yugoslavia rose by 60.6 percent to US$ 67.5 million in 1998 from 1997. 

 BANK OF SLOVENIA Slovenia's Central Bank Stops Intervening by Purchase Price 

 The Bank of Slovenia stopped intervening on foreign exchange markets by fixing a purchase price. Effective since 25 January, the intervention purchase price period ended on 23 March, the Slovene central bank said. 

 BANKS State-Owned Banks to be Privatised as Early as 1999 

 Government coalition leaders reached an agreement on the privatization of state-owned banks. A 35-percent stake in the state-owned banks is to be privatised as early as this year, of which 10 percent is to be earmarked for filling the privatisation gap, Prime Minster Janez Drnovsek told a press conference on Friday. The government would retain the rest of its bank capital. An agreement was also reached at the meeting with the governor of the Bank of Slovenia and Minister of Finance that all relevant institutions would seek to act in a coordinated fashion. 

 Dismissal Procedure in SKB banka Found to be Legal 

 Governor of the Bank of Slovenia France Arhar informed SKB banka the procedure to dismiss the chairman of the bank's board was not found to be legally incorrect in any way. The supervisory board of SKB banka will meet again on 2 April, when it is expected to appoint a new member of the management team. 

 Nova Ljubljana Bank (NLB) Acquires a 20 Percent Stake in Dolenjska Bank (DB) 

 Nova Ljubljanska Bank (NLB) acquired Monday a 20-percent holding in Dolenjska Bank (DB). Before that, NLB only had a 7.7-percent stake in DB. Its stake increased to 20 percent after it purchased 53,687 DB shares from two authorised investment companies, including Maksima 2 and Maksima 3. The Nova Kreditna banka Maribor bank (NKBM) is also interested in buying a stake in DB. Last December, the bank purchased a nearly 24-percent stake in DB. At last week's meeting with Finance Minister Mitja Gaspari, the leaderships of NLB and NKBM were urged to harmonise their further decision on this issue with an appropriate development strategy of the Slovene financial markets. It was agreed that both banks' supervisory boards would inform the finance ministry in future about the details of the transactions regarding the purchase of DB shares. Both NLB and NKBM are predominantly state-owned. NLB bought the DB shares at an average price of SIT 21,845 per share. 

 Dolenjska banka Increases its Profit by 17 Percent 

 Last year Dolenjska banka made a gross profit of SIT 657 million (US$ 3.8 million), an increase of 17 percent over 1997. The bank enhanced the volume of business by 20 percent, increasing total assets to SIT 77.5 billion (US$ 445 million) by the end of 1998. Deposits by companies and citizens were up by more than 25 percent (SIT 12.5 billion), while investments in non-banking sector, i.e. companies and citizens, increased by 54 percent (SIT 15.5 billion). Loans to legal entities were last year up by 97 percent, which means the bank has no problems in placing funds, Director Franci Borsan said in a news conference in Novo mesto (southeast) on Wednesday. Along with a rise in the volume of business on the domestic market, the bank recorded an increase in the amount of business with partners abroad. 

 Probanka Makes a Gross Profit of SIT 460 Million 

 The Maribor-based bank Probanka made a gross profit of SIT 460 million last year, achieving a 9.6-percent return on revalued capital. The volume of trade amounted to SIT 47 billion, an increase of 26 percent over 1997. The bank, which holds a 1.5-percent share on the Slovene market, enhanced its assets by 16 percent or SIT 4.8 billion. 

 COMPANIES Contract to Sell TAM Initialled 

 A contract regulating national economic interests in the purchase of TAM, a vehicle-producer in receivership, in full was initialled Thursday by outgoing Economics Minister Metod Dragonja, President of the Slovene Development Corporation Bogdan Topic and Director of the Maribor-based MTI Evropa Martin Budna. The contract aims at specifying those parts of relations between the state and a potential buyer, MTI Evropa, that are not specified in the sales contract. These include, for instance, the preservation of production and its gradual increase, the preservation of the same number of jobs, investments in technological development and modernisation in the next five years. The initialled contact binds MTI Evropa to protect and develop all industrial property rights, particularly the trademark TAM.According to Dragonja, the contract will be signed and sent to the government only after MTI Evropa has paid a down-payment. 

 Slovene Ironworks Were Quite Successful in 1998 

 Manufacturing companies within the Slovene Ironworks concern incurred a nett loss of SIT 1.38 billion last year, which is only 16 percent of the amount of loss recorded in 1997. The rehabilitation programme, on the other hand, forecasted a loss of SIT 2.12 billion. Minor loss followed after the state and the state electricity company Eles furnished fresh capital. The 1998 operating loss, however, did not meet the target and amounted to 4.2 billion. The Slovene Ironworks concern recorded a nett loss of over SIT 10 billion, a decrease of four billion tolars over 1997. 

 Slovene Post Made a Loss Last Year 

 Despite a 90-percent increase in the volume of services, Slovene Post made a loss of SIT 651 million last year. Stamp prices in the internal post exchange cover only 50 percent of expenses. Slovene Post has therefore asked the government to raise the price of stamps by seven tolars. In case the government does not accept the proposal, the post will incur a loss of SIT 1.6 billion this year. 

 Elan Gets New Management Team Members 

 The supervisory board of the Begunje-based sports gear maker Elan appointed two new members of the company's management team on Wednesday. Ales Jerala will be in charge of the winter product line, while Davor Noc will take charge of the annual product range. The management nominated Edin Leho financial director of the Elan group. Elan's former management team was dismissed by the supervisory board at its session on 23 February. Elan's leadership and the trade union signed an agreement as part of the general saving measures on 26 March. The Zagreb-based Privredna banka, the majority shareholder, made further provision of liquidity funds conditional to strict austerity measures. 

 Intereuropa Enhances its Profit 

 Intereuropa, a Koper-based forwarder with 2,000 employed, made an income of SIT 11.356 billion last year, the unaudited and unconsolidated data show. The company thus increased its income by 5 percent from 1997. The 1998 nett profit amounted to SIT 1.369 billion and was by 2.3 percent higher than that in 1997. 

 Autocommerce Acquires a Majority Stake in Coming 

 Autocommerce signed a contract to acquire a majority stake in Coming. Last year the company turned over 34 million German marks. It is a leading company in the audio-visual sector in Slovenia and has a market share of 20 percent. 

 Hit Supervisory Board Discusses Investments 

 The supervisory board of Hit, a Nova Gorica-based hotel and casino owner, endorsed the 1999 investment plan draft at a session on 26 March. The company will need about SIT 5.6 billion for the whole investment cycle, the reconstruction of hotel Sabotin and investments in information technology included. 

 Cimos International AGM on Debt Enforcement 

 The AGM of Cimos International adopted several resolutions to grant a successful debt enforcement on 20 March. The shareholders passed a decision to increase the capital stock and a resolution to transform claims into ownership shares. Half of the debts will be written-off, 42 percent will be transformed in the company's capital, while eight percent (about SIT 5.7 billion) will be paid back by Cimos within ten years. 

 SLOVENE DEVELOPMENT CORPORATION Development Corporation Will Support Development Oriented Companies 

 The Slovene Development Corporation (SRD) will have a total of SIT 6.45 billion (US$ 37 million) at its disposal for this year. Seventy percent of the funds will be used for investments into development and the rest for investments in rescue operations. Apart from that fresh capital as financial assistance to companies, there are 8.5 billion tolars' worth of guarantees SRD will be able to grant its companies so that they can take loans with commercial banks, SRD Board Director Bogdan Topic told a news conference on Wednesday. The business plan in addition earmarks a write-off of SRD's old claims amounting to SIT 17 billion originating in the period from 1994 to 1996. 

 SRD to File Complaints against Smelt Intag's Former Management 

 Slovene Development Corporation, that is its company Gio, which holds a 100-percent stake in Smelt Intag, has drafted complaints against the former management team of Smelt Intag. Before filing them with the Swiss public prosecutor's office, Gio will complement them in view of material responsibility of the three-member board headed by Joze Zagar. The exact amount, which is said to exceed 10 million Swiss francs, is yet to be established by an independent Swiss auditor. 

 SALARIES Social Partners Sign a Deal on 1999-2001 Salaries Policy= 

 The government, trade unions and employers signed an agreement on salaries policy for the 1999-2001 period on 24 March. It defines basic principles and targets the social partners would like to achieve in salaries policy. The deal was signed only by two trade unions: the Association of Free Trade Unions of Slovenia (ZSSS) and KS 90 of Slovenia; as well as by the Employers' Association of Slovenia and chambers of commerce and trade. 

 TELECOMMUNICATIONS Simobil Launches Operations on GSM Market 

 Simobil, Slovenia's second GSM mobile telecommunications provider, launched its services on 25 March. According to the company, its prices are on the average 10 to 15 percent lower than those offered by the competition. The company expects to get at least a thousand subscribers on the first day of its operation and increase their number to at least 20,000 by the end of the year. The GSM telephone exchange in Ljubljana has a capacity of 250,000 subscribers. The company, in which Slovene stockholders hold a 75-percent share and Swedish GSM operator Telia the rest, plans to open a similar centre in Maribor before the end of the year, followed by centres in other Slovene towns. Simobil, which signed a concession contract with the government in October 1998, currently covers approximately 60 percent of Slovenia'a population and projects to reach a 90 percent covering by the end of the year. The company has signed contracts with over 50 providers worldwide. Slovenia's first network operator of the GSM mobile t lephony Mobitel, which has been on the GSM market since December 1995, has a 95-percent market share, while the rest five percent is held by Debitel, which uses Mobitel's network. Mobitel's share is expected to drop to 80 percent with the arrival of Simobil. 

 POWER INDUSTRY N-Plant's Board Passes 1999 Business Plan 

 This year's business plan of the Krsko Nuclear Power Plant was endorsed on Friday by the N-Plant's Slovene-Croatian board, meeting at Krsko without Croatian members. According to the decree with which the Slovene government transformed the N-plant into a public company, both state electricity companies, Slovenia's ELES and Croatia's HEP, have to sign a contract on power supply with the N-plant. Since HEP has not done it yet, it is unlikely to use Krsko-generated electricity this year, the board's chairman and general manager of ELES, Ivo Banic, told a news conference after the board's session Croatia's debt for the Krsko-generated power supplied last year amounts to SIT 1.572 billion (US$ 9 million). There is also SIT 1.453 billion for the plant's decommissioning. The debt has not changed since July 1998, when HEP stopped using electricity from Krsko. ELES sells electricity at a market price at home and abroad. 

 TRADE SHOWS A Show of Culinary Arts Opens in Ljubljana 

 A show of culinary arts featuring the food-procession industry opened in Ljubljana on Tuesday. Over 315 exhibitors from 17 countries were promoted at a surface of 8000 square meters. 

 Kranj Hosts an Agricultural Fair 

 The 38th international agriculture, food and forestry fair opened on 26 March to feature 612 exhibitors, as many as 117 of them from abroad. The exhibition grounds cover an area of 20,000 square metres. 

 STOCK EXCHANGE Shares Depreciate on Ljubljana SE 

 The SBI share index lost 46.48 point last week and closed at 1847.91 point. The BIO bond index depreciated by 0.96 point to 106.5 point. 

 EXCHANGE RATES Foreign Currencies Appreciate 

 All major foreign currencies appreciated last week according to the exchange rate of the Bank of Slovenia. The euro was up by SIT 0.21 to SIT 190.34, the U.S. dollar by SIT 1.87 to SIT 175.95 and the German mark by SIT 0.11 to SIT 97.32. The Austrian schilling appreciated by SIT 0.02 to SIT 13.83, 100 Italian liras by SIT 0.01 to SIT 9.83 and the Swiss franc by SIT 0.3 to SIT 119.3. 

 (c) 1999 STA, Slovenska Tiskovna Agencija d.o.o."
Slovenia central bank  ends  forex intervention . ,1999-03-23," LJUBLJANA, March 23 (Reuters) - The Bank of Slovenia said on Tuesday that it would end intervention on the foreign exchange market as of Wednesday. 

 The bank started to intervene on January 25 when it set commercial bank buying rate for the euro at 189.52 tolars, which was later raised three times. 

 On March 15, the rate was last raised to 190.6 tolars for the euro from 190.3 tolars. 

 During the intervention the central bank was buying foreign exchange from chosen commercial banks at an undisclosed rate. 

 The central bank did not say why it decided to end the intervention. 

 Analysts said the intervention, which was designed to lower the value of the tolar against the euro, reached its target as the average commercial banks' rate for buying euros from companies rose to 190.55 tolars from 188.7 before the intervention. 

 ((Marja Novak, Ljubljana newsroom, 386-61-17-00-545, ljubljana.newsroom@reuters.com)). 

 (C) Reuters Limited 1999."
Bank of Slovenia raises banks' euro buying rate. ,1999-03-15," LJUBLJANA, March 15 (Reuters) - The Bank of Slovenia said on Monday it would raise commercial banks' intervention euro buying rate to 190.6 tolars from 190.3 tolars, effective Tuesday. 

 The central bank would buy foreign exchange from chosen commercial banks participating in the intervention, but did not disclose the rate. 

 The central bank did not explain the move but analysts said it was designed to lower the value of the tolar against the euro. 

 The central bank's previous intervention rate was effective from February 18, when it was raised from 190.11 tolars. 

 ((Ljubljana newsroom, 386-61-17-00-545, ljubljana.newsroom@reuters.com)). 

 (C) Reuters Limited 1999."
Weekly review of Slovene economy from 27 February through 5 March. ,1999-03-07," Ljubljana, 6 March (STA) - The week was dominated by events in the business sector. Economics Minister Metod Dragonja stepped down after he was appointed vice chairman of the board in the pharmaceuticals maker Lek. Both Slovenia's pharmaceuticals manufacturers, Ljubljana's Lek and Novo mesto-based Krka last year reported lower profits than the year before. Several other companies announced their 1998 business results this week, the story about selling the car-maker TAM remained unended, and Minister of Ecomomic Relations and Development Marjan Senjur soothed public anxiety stressing there were no signs of recession. Another resounding notice this week was the recommendation of several commercial banks for ceiling interest rates, which caused the most concern in the Bank of Slovenia. 

 Chronology: Monday/1 March - Ljubljana: Inter-bank recommendation for ceiling deposit interest rates took effect. Monday/1 March - Begunje: Elan management dismissed. Monday/1 March - Maribor: Tam and MTI Europe did not sign the purchase contract. Monday/1 March - Ljubljana: Slovenia, Hungary signed contract to build railway line connecting the countries. Wednesday/3 March - Ljubljana: Economics Ministers Metod Dragonja stepped down. Wednesday/3 March - Ljubljana: Authorized investment companies (PID) filed motion to assess constitutionality of privatization conclusion act. 

 LEGISLATION Government Confirms Law on Budgets 

 The government passed and laid before Parliament for first reading the bill on national budgets on 4 March. Finance Ministry State Secretary Martin Cvikl said it was the key systemic piece of legislation for the area of public finances. 

 INTERNATIONAL COOPERATION Chambers of Commerce of Slovenia and Ukraine Sign Cooperation Agreement 

 The chambers of commerce of Slovenia and Ukraine signed the cooperation agreement on 2 March at a business conference in Ljubljana, attended by 13 Ukrainian and 40 Slovene companies. Both parties undertook in the agreement to promote economic cooperation between Slovenia and Ukraine. The representatives of both chambers underlined several other bilateral agreements, for instance investment protection and promotion agreement, should be signed. Slovene-Ukrainian trade has been up since 1992. In 1998 it totalled US$ 57.5 million and rose by US$ 1.5 million over 1997. Slovene exports to Ukraine amounted to US$ 42 million. Slovenia mostly exported pharmaceutical products and electrical devices. Nearly 200 Slovene companies have had business contacts with Ukraine; 19 of them have their branch offices or joint ventures there. 

 Slovene-Turkish Economic Relations Debated in Istanbul 

 A two-day seminar ""Developing Slovene-Turkish Business Relations"" intended to review economic relations between Slovenia and Turkey and devise ways for their consolidation started Thursday in Istanbul. The participants agreed that Slovene companies have good potentials for sales in Turkey's 60 million market. Slovenia will give a presentation of its economy in Turkey this August, the mixed economic commission is to sit in autumn, and the business council of both countries is to convene during the annual Regional Business Meeting Point at Bled. In 1998, bilateral trade toppled US$ 100 million for the first time. Slovene exports to Turkey amounted to US$ 57 million, recording a 74 percent rise y/y. Trade balance was positive for Slovenia for the first time after 1995. Exchange of services also increased last year. In 1997, exports of services amounted to US$ 6.9 million, while imports were at US$ 5.9 million. 

 A Line of Credit Opened Between Slovenia and Bosnian Federation 

 A cooperation agreement was reached in Sarajevo on Thursday by the Slovene Export Corporation (SID) and the Bosnian Federation Investment Bank. The credit line opened between both institutions should stimulate Slovene exports to the Bosnian Federation. It will create conditions under which Slovene exporters will be able to do business with the federation, Marko Plahuta, SID executive director of finances and guarantees, told journalists. SID expects that a great deal of Slovene exporters would be interested in taking out insurance policies through this line of credit. The credit line is worth is 25 million euros. 

 MACRO-ECONOMIC TRENDS Minister Senjur: No Signs of Recession 

 There are no signs of economic recession in Slovenia, Minister of Economic Relations and Development Marjan Senjur told press on Tuesday. He stressed most economic indicators had improved in 1998, and although lower growth is expected this year - it is to range between 3.5 and 4 percent - there are no signs of recession. Unemployment remains high and is not likely to fall until industry starts employing more people, while this year's inflation rate is not expected to exceed 3 percent before June.At a news conference on 2 March, Minister Senjur also spoke about duty free shops. He said transforming duty-free shops to retail shops would equal their termination since their specific locations and structure of demand by daily tourists from neighbouring countries and passengers in transit would only allow them to sell tobacco products. Introducing excise duties on 1 July, in turn, means gradual elimination of the duty-free element from Slovene duty-free shops and their termination in 2005. 

 BANK OF SLOVENIA Bank of Slovenia Will Intervene in Case of Lower Savings 

 The Bank of Slovenia will do all it can to maintain the current level of development and preserve relative stability of the national currency, the tolar, central bank governor Franc Arhar said Wednesday at a meeting with businessmen from the Gorenjsko region. The central bank will formulate its policy in accordance with the international situation. In case of negative international trends, the governor expects the national budget to be amended and hopes reason would dominate the wage policy. The central bank will intervene if domestic savings decrease, Arhar said. 

 BANKS Some Banks Lower Interest Rates 

 The Slovene Banks' Association (ZBS) has recently recommended that ZBS members reduce the highest deposit interest rates on domestic and foreign currency deposits after 1 March. It suggested that the highest yearly interest rates should range from 1 percent on call deposits to the base rate plus 4 percent (TOM+4) on over 2-year deposits. Although not binding, the ZBS recommendation took effect on Monday, the day when the inter-bank agreement on the highest deposit interest rates expired. The association recommended interest rates for foreign currency deposits that would be comparable to those in the European money market. 

 INSURANCE COMPANIES Generali SKB Insurance Company to Build Own Office Network in Slovenia 

 Generali SKB Insurance Company plans to set up its own office network, company leaders told a news conference Thursday presenting plans and problems the insurance agency is facing in the Slovene market. Generali SKB allocated over DM 10 million in the last two years to increase its presence in Slovenia, set up its own infrastructure and ensure smooth conduct of insurance businesses. Another DM 30-15 million of investments is to be made to the agency's office network over the next three years. 

 COMPANIES 

 Economics Ministers Dragonja Resigns to Take up Job in Lek Board of Managers 

 Incumbent Minister of Economics Metod Dragonja was appointed vice chairman of the board of managers of the pharmaceuticals maker Lek by the supervisory board at a meeting on Tuesday afternoon. Dragonja will be responsible for finances, economics and capital integration. The supervisory board also dismissed member of the board responsible for finance and capital markets, Igor Kusar. The dismissal was proposed by chairman of the board Andro Ocvirk. Minister Metod Dragonja offered his resignation to Prime Minister Janez Drnovsek on Wednesday. Drnovsek accepted his resignation. 

 Government Saving Cimos International 

 The government called for debt enforcement in the Koper-based automotive supplier Cimos International at its regular session on Thursday. In case debt enforcement is not agreed, Cimos would go bankrupt and about 2500 jobs within and outside the company would be lost, while the government could not have SIT 1.7 billion of its claims paid. The government agreed that its claims be transformed to an 8.6 percent stake in Cimos International during the debt enforcement procedure. It advised other para-state institutions which have over SIT 400 million of claims in Cimos to do likewise. 

 TAM and MTI Evropa Fail to Sign Sales Contract 

 Maribor-based MTI Evropa did not sign a sales contract to purchase TAM, a vehicle manufacturer in receivership, on Monday, 1 March, the deadline for signing the contract. According to Mirko Zagar, TAM trustee in bankruptcy, the contract has not been signed because MTI Evropa failed to pay a deposit of SIT 1.05 billion, one tenth of the contract's worth. The bankruptcy senate of the Maribor district court ruled on 15 January that TAM can be sold to MTI Europe for SIT 10.5 billion (about US$ 64.8 million). The deal had previously been approved by TAM's creditor committee. Further steps are to be decided upon by the bankruptcy senate of the Maribor district court and TAM's creditor committee. 

 Elan Management Dismissed Because of Mismanagement 

 Supervisory board of the sports-equipment manufacturer Elan dismissed members of the managing board on 1 March citing poor business results in recent years that have plunged the company in the red. The management has been unable either to stop or reverse the negative trends which led to massive losses that are expected to amount to eight million German marks at the end of the current business year which ends on 31 March. The supervisory board rejected the proposed business plan for the next season and has not yet appointed a new management. Elan's majority owner, the Croatian bank Privredna banka Zagreb, plans to sell its majority shareholding in the company, the new chairman of the managing board Vladimir Selebaj told a news conference on Monday. The bank has already made an offer to Slovene investors believing such a deal highly desirable for both sides as well as for Elan. No concrete bid has been made so far, which means all options are still open, including the one for management buy-out. 

 Comet Reports Lower Results 

 Comet last year made SIT 4.99 billion turnover, creating SIT 178.5 million profit, down 42.13 pc y/y. CEO Marjan Lorger named unfavourable exchange rate, lower sales and slightly higher taxes as the key reasons for lower results. 

 Kolinska Successful in 1998 

 Ljubljana-based food factory Kolinska met expectations in 1998. While it failed to carry out its plans in full, it did make nine percent more profits, which according to CEO Lojze Dezelak, is an achievement to be proud of. The company's net revenues amounted to SIT 9.5 billion, with net profits reaching SIT 792.5 million. This year, Kolinska will pay dividends for the fifth time after privatization. 

 Mercator Exceeds Plans 

 One of Slovenia's largest trade companies, Mercator made SIT 1.35 billion of net profit, about one quarter more than planned, according to unrevised and unconsolidated data. According to CEO Zoran Jankovic, the key reasons for the rise include a 9.7 percent increase in group-level revenues, lower costs at all levels and unification of procedures throughout the business system. Mercator plans to make SIT 1.58 billion profit this year. 

 Krka Reports Lower Net Profit 

 Krka pharmaceuticals reported SIT 4.16 billion (US$ 23.77m) net profit in 1998 according to unrevised and unconsolidated data, or 19.7 percent less than in 1997. Net profits from sales amounted to SIT 49.67 billion (US$ 283.8m), up 2.7 percent y/y. Operating profit was also up by as many as 76.2 percent from SIT 4.22 billion in 1997 to SIT 7.43 billion (US$ 42.45m). The increase is believed to be due to lower operating costs. Profit from regular operations decreased by 16.2 percent to 4.7 billion (US$ 26.85m). Compared to 1997, revenues from funding were down while outcomes from funding up. 

 TRANSPORT Renovation of Ivanje selo Motorway Viaduct to Continue 

 The left half of the Ivanje selo viaduct between Logatec and Unec on the Ljubljana-Koper motorway will be closed for traffic from 1 March to 31 July. Traffic will be directed to the other half of the viaduct until the tourist season starts. A third lane will be opened at the beginning of the tourist season. 

 Contract for Railway Construction between Slovenia and Hungary Signed 

 Slovene Railways signed a contract Monday with three Slovene building companies for the construction of the Slovene part of the railway connection with Hungary. Under the contract, the main contractor SCT Ljubljana and its two contractual partners Primorje Ajdovscina and GIZ Gradis Ljubljana have until the end of the year 2000 to build 24.5 kilometers of the new railway from the village of Puconci via Hodos to the national border. Slovene railways will take government-guaranteed loan from a consortium of Slovene banks to fund the SIT 11 billion (about US$ 64 million) project. 

 AGRICULTURE Hmezad Kmetijstvo Goes Bankrupt 

 The Ministry of Agriculture, Forestry and Food and the Economics Ministry held several talks with banks to convince them to reprogram credits to Hmezad Kmetijstvo based in Zalec, central Slovenia. However, after banks set unacceptable conditions, the ministries agreed on 3 March that bankruptcy was the only way out for the highly indebted company. 

 Agriculture Ministry Says Situation in Pig Market will Improve 

 The Ministry of Agriculture, Forestry and Food believes the intervention purchase of fattened pigs of Slovene origin would show its full effects next week so the situation in the market would improve rapidly. A total of 9510 fattened pigs were bought until 5 March, four days after the measure took effect. The ministry also said a protest rally of pig breeders, announced for next Wednesday, was not necessary. Imports of live pigs and pork halved in the last 14 days. At the same time, import prices from Austria rose slightly in the period. 

 TRADE SHOWS Fair Alps Adria - Home Winds Up 

 The fair Alps Adria - Home featuring building materials, furniture and heating equipment, winds up on Sunday afternoon. According to the estimations of the organizers, the number of visitors has met the expectations. The fair, which opened in Ljubljana on 23 February, featured about 400 exhibitors from 22 countries. Apart from the Slovene companies, companies from Austria, Croatia, India, Italy, Germany and Estonia were also directly present at the fair. 

 TOURISM All Elements for Tourism Promotion Act Ready 

 The Ministry of Small Business and Tourism drafted all subordinate acts for the Tourism Promotion Act and public tenders for tourism for 1999 until the set deadline, the ministry said at a news conference on 2 March, given together with the Centre for the Promotion of Tourism. Minister Janko Razgorsek also announced that the government would grant seven concession for organizing games of chance by the end of the week. Hit Nova Gorica is to get five concessions and Casino Portoroz two. 

 STATISTICS 92.1 Million Passengers in Slovenia in 1998 

 92.1 million passengers crossed Slovene borders in 1998, down 12.5 percent over 1997. The number of Passengers increased by 2.9 percent m/m in December. The figure was down 11.9 percent over December 1997. 

 February's Factory-gate Prices Down from January 

 Factory-gate prices fell 0.1 percent in February from January, according to preliminary data released by the national statistical office. However, a rise of 2 percent was recorded in comparison with February 1998. 

 STOCK EXCHANGE LSE: Lower Share Prices 

 Most shares at the Ljubljana Stock Exchange were down this week. A total of 16 shares saw their prices sink, bringing the SBI index down 46.69 points to 1888.31 points. Conversely, the bond index BIO gained 1.02 points to 107.08 points. 

 EXCHANGE RATES Higher Exchange Rates of Major Foreign Currencies

 US dollar gained SIT 3.1 to SIT 175.13, and Euro SIT 0.19 to SIT 189.73 this week according to the Bank of Slovenia mean exchange rate. Swiss franc was up SIT 0.01 to SIT 119.27, German mark added SIT 0.10 to SIT 97.01, and Italian lira (100) SIT 0.01 to SIT 9.80. 

 (c) 1999 STA, Slovenska Tiskovna Agencija d.o.o."
Bank of  Slovenia  Will  Intervene  in Case of Lower Savings. ,1999-03-03," Ljubljana, 3 March (STA) - The Bank of Slovenia will do all it can to maintain the current level of development and preserve relative stability of the national currency, the tolar, central bank governor Franc Arhar said Wednesday at a meeting with businessmen from the Gorenjsko region. 

 The central bank will formulate its policy in accordance with the international situation. In case of negative international trends, the governor expects the national budget to be amended and hopes reason would dominate the wage policy. The central bank will intervene if domestic savings decrease, Arhar said. 

 The governor rejected complaints by exporters who argued that money was pouring to importers because of the existing exchange rate policy. He said there was stronger need for a good, and consequently more expensive, monetary policy in smaller economies. I hope managers also voice their demands in bank supervisory boards while making plans for the next few years. As opposed to real economy, banks are specific. Companies can get overindebted and close down, banks can't, Arhar said. 

 Slovene banks granted SIT 240 billion of loans last year, nearly two times more than the year before. In consequence, Arhar said, this meant higher risks, but about 90 percent of the total are still good loans, which is a high figure compared to other countries in transition. The governor also pointed out the possibility of raising funds without financial agencies. There are quite a few sound companies in Slovenia that could issue bonds. Because of this the banks will need to lower their margins and consider mergers in order to remain competitive. Mergers and other forms of integration should not lead to renewed monopolies but make fewer banks more competitive, Arhar said. 

 Speaking of the changes made last year, Arhar listed lower inflation and decreasing real interest rates. Also, banking legislation was amended to liberalize capital flows and allow new treatment of risks involved in changing deposit insurances. 

 The governor stressed Slovenia should deal with the value added tax as soon as possible. He added that no near price rises are expected until June. On the contrary, prices might go down in the period. Slovenia will not change its inflation target because of VAT's introduction in June, Arhar said. 

 (c) 1999 STA, Slovenska Tiskovna Agencija d.o.o."
Bank of Slovenia raises banks' euro buying rate. ,1999-02-17," LJUBLJANA, Feb 17 (Reuters) - The Bank of Slovenia said on Wednesday it would raise commercial banks' intervention euro buying rate to 190.3 tolars from 190.11 tolars, effective from Thursday. 

 The central bank would buy foreign exchange from chosen commercial banks participating in the intervention, but did not disclose the rate. 

 The central bank did not explain the move but analysts said its purpose was to depress the value of the tolar against the euro. 

 The central bank's previous intervention rate was effective from February 2, when it was raised from 188.7 tolars. 

 ((Marja Novak, Ljubljana newsroom, 386-61-17-00-545, ljubljana.newsroom@reuters.com)). 

 (C) Reuters Limited 1999."
Weekly Review of Slovene Economy from 30 January through 5 February. ,1999-02-07," Ljubljana, 7 February (STA) - Slovenia's becoming an associate member of the EU on 1 February brought no major change to the Slovene economy as the Interim Accord had been in force since 1997. Major changes, however, will apply to the field of finances. The Europe Accord enables EU banks to found its branch offices in Slovenia and relaxes the inflow of foreign loans. Customs for trading with the 15-nation bloc will be completely abolished in 2001 but Slovene insurance companies will have a four-year transition period to get ready for the advent of foreign competition. 

 While speculations about a merger of Slovene and Croatian pharmaceutical companies, Lek and Pliva, marked the past week, a Slovene-Croatian meeting took place to discuss the future of Slovenia-located ski factory Elan, whose major owner is a Croatian bank. 

 A new trade union association was set up in the past week, called Alternative. 

 Fed up with waiting for the government to supply the funds to fill the privatisation gap, the authorised investment companies (PIDs) decided to bring charges against the government. 

 Chronology: Monday/1 February - Ljubljana: Slovene and Belgian foreign ministers, Boris Frlec and Erik Derycke signed the agreement to protect and stimulate investment. 

 BANK OF SLOVENIA Changes to Fiduciary Accounts 

 A new regulation about fiduciary accounts took place on 1 February. The Bank of Slovenia has shortened from 7 to 4 years the period within which foreign investors are not allowed to sell Slovene securities. But the regulation applies only to the contracts signed after 1 February. When a foreign buyer purchases Slovene securities for less than 4 years s/he has to pay a fee set once every quarter by the central bank. The fee is currently 2.5 percent per quarter. Another change is that those purchases of shares that reach over a tenth of voting rights, that is a tenth of the initial capital of the company will be classified as direct investments. A record of them will not be kept any more on fiduciary accounts. 

 A decision to introduce fiduciary accounts was taken by the central bank in February 1997. 

 Bank of Slovenia Sets New Intervention Purchasing Exchange Rate 

 On 1 February the Bank of Slovenia set a new intervention purchasing exchange rate of SIT 190.11 for one euro. At the end of January this rate was set at SIT 189.52. 

 BANKS Leaderships of Two Banks Meet 

 The leaderships of Nova Kreditna Banka Maribor and Dolenjska Banka met on 2 February in Maribor, northeast, for the first time after the Bank of Slovenia gave approval to the purchase of a 24.05 percent stake in Dolenjska Banka. The banks discussed cooperation in the future. 

 Majority of Slovene Banks Not Prepared for Liberalisation 

 Moody's, a New York-based agency assessing investment conditions, has said in its report that most of the Slovene banks are insufficiently prepared for liberalisation of the banking sector. Slovene banks were said to be too small and burdened with too high operating costs, a limited number of products and services as well as with uncompleted restructuring of the Slovene economy. 

 TAXES Finance Minister on VAT 

 Finance Minister Mitja Gaspari said on 2 February it would be bad timing to abolish the basic interest rate TOM in 1999, when the value added tax is to be introduced. The minister added there was no need to postpone the introduction of VAT. Minister Gaspari stressed at the Chamber of Commerce management board session that the application of the nominal interest rate could lead to higher interest rates because of in-built inflation expectations. Previous inflation is included in the present base rate TOM. 

 ENTERPRISES Management Boards of Slovene and Croatian Pharmaceutical Companies Meet 

 The management boards of Lek and Pliva, Slovene and Croatian pharmaceutical companies, met in Ljubljana on 4 February to discuss the issue of both companies' cooperation, possibilities of joint projects and their cooperation on the Slovene and Croatian markets. Lek, which hosted the meeting, said the issue of capital integration was not addressed, with the exception of the issue of Pliva's stake in Lek. Representatives of the Croatian company said Pliva did not own any Lek shares. Capital integration may follow as a result of successful business cooperation, Lek stated in a press release. 

 Economics Minister Dragonja and a Croatian Bank Meet over Elan 

 Talks were held on 3 February about the Privredna Banka Zagreb's shares in Elan, a ski factory located in the Slovene town of Begunje. Slovene Economics Metod Dragonja and the chairman of the board of PBZ, Bozo Prko, also discussed some other issues regarding Elan's finances. Dragonja and Prko agreed to exchange information about a potential sell of the PBZ's stake in Elan and about some other financial issues. PBZ, the biggest Croatian bank, holds 77.25 percent of Elan's stock. It has been seeking for months a suitable bidder for Elan, a company it bought in December 1991 for just over 32 million Deutsche marks. 

 Mercator Supports 1999 Business Plan 

 The 1999 business plan envisaging a profit of SIT 1.58 billion was approved as well as investments of SIT 13 billion to capital goods for this year at a meeting of the supervisory board of Mercator, Slovenia's major trading company, on 4 February. Last year's results, which exceeded the company's plans, were on the agenda, too. The supervisory board also fully supported the Mercator's merger strategy. 

 Hit's Turnover Higher than in 1997 

 Hit's gross revenues totalled SIT 32.6 billion in 1998, a rise of 12 percent form a year earlier. With its gambling department accounting for almost SIT 29 billion, restaurant and hotel services made up SIT 3.6 billion of total gross revenues. The company paid taxes of nearly SIT 12.5 in 1998, up 16 percent from 1997. Last year's net profit is estimated at SIT 1.3 billion. A fall of 3 percent in visitors to Hit's facilities was recorded in 1997. 

 Sava Tyres Reduces Production Output 

 Mostly due to a fall in demand in the Middle East, Croatia and some parts of Europe, tyres for lorries in stock exceeded the demand at the end of 1998. Sava Tyres, whose 60-percent owner is U.S. Goodyear, has thus decided to reduce its tyre production in February and March. As a result some employees were asked to go on leave. 

 PRIVATISATION PIDs Bring Charges against the Government 

 Charges were brought on 5 February against the government by all those authorised investment companies (PIDs) that could not yet replace the privatisation vouchers (certificates) for property due to the unsettled issue of privatisation deficit. The PIDs insist that the government give them shares of and stakes in those enterprises that are owned by the government in exchange for privatisation vouchers. The Association of Management Companies, gathering PIDs, said PIDs were forced to sue the government in order to protect the interests of shareholders after the government had failed to provide state funds to fill the privatisation gap. 

 TRADE UNIONS Fifth Trade Union Association Founded in Slovenia 

 Eight trade unions founded on 1 February a new Slovene trade union association called Alternative. It currently has 8000 members. Its President Slavko Kmetic announced Alternative would become the second largest trade union association in Slovenia, (the largest is The Association of Free Trade Unions of Slovenia) after it is to gain members from all over the country. Membership of over 20,000 is expected. 

 TELECOMMUNICATIONS Digitel Wins a Case against a Government Decision 

 The Supreme Court ruled on 1 February that the government decision taken on 11 June 1998 to grant a GSM concession to Simobil and not to Digitel should be done away with. The court said the government decision contained no reasons about the factors that were deciding for the decision taken. The government will appeal against the ruling within 15 days. Nevertheless, the ruling brings no change to the appointment of Simobil as second GSM mobile telephony concessionaire, Simobil said, adding the concession contract with the government has been reached and is valid. The management team of Digitel said in a press release that the ruling had proved the government violated international public tender procedures. On 11 June 1998 the government chose Simobil second GSM concessionaire. The company was recommended by the government expert commission. From among Simobil and Digitel, which applied for public tender to be given concession to use radio-frequency specter to provide GSM services in Slovenia, the expert c mmission had chosen Simobil, saying its offer was more appropriate than that of Digitel as regards expert standards and criteria in the submitted documentation. 

 Simobil Starts Marketings it Services on 25 March 

 At the launch of Simobil's GSM mobile telephony services on 25 March the signal will cover 60 percent of the Slovene population but is expected to increase to 90 percent by the end of 1999. 80 million Deutsche marks have already been invested to the construction of infrastructure and to the concession fee. Additional 50 million Deutsche marks will be invested this year. While Simobil-provided GSM services will be cheaper than Mobitel's, an immediate and sharp drop in prices could not to expected. Mobitel is the other mobile telephony operator in Slovenia providing the service at the frequency of 900 Mhz. Simobil will shortly reach a contract on a syndicated loan of 70 million Deutsche with a consortium of Slovene banks. 

 AGRICULTURE Decree on Financial Interventions in Agriculture 

 SIT 16 billion will be allocated as financial assistance in order to preserve and develop agriculture and food production in 1999. A decree to that effect was issued on 4 February by the government. 

 ADVERTISING Advertising in the Slovene Media Turns Over DM 338 Million in 1998 

 Advertising in the Slovene media last year accounted for revenues worth almost 338 million Deutsche marks, of which 56 percent was turned over by television stations, 18 percent by papers and magazines, 14 percent by dailies and 4 percent by advertising posters. As the radio stations were excluded from the advertising research carried out by the Institute for Media Research it has only been estimated that 8 percent of the revenues belonged to radio stations. A rise of 50 percent in total gross advertising revenues was thus recorded in 1998 from 1997. 

 STATISTICS Factory-gate Prices of Goods Unchanged in January 

 Prices of manufactured goods remained unchanged in January form December, but rose by 2.4 percent from a year earlier. 

 STOCK EXCHANGE SBI Index Rises 

 Most shares on the Ljubljana Stock Exchange closed the past week at similar prices like a week earlier. With 16 shares up and 9 down, the SBI index rose by 14.19 points to 1901.06 points. The BIO index also was up 0.21 point to 110.52 points. 

 As of 1 February the Ljubljana Stock Exchange started publishing the PIX index about the shares of authorised investment companies (PIDs). PIX lost 5.86 points to 1089.61 points in the last week. 

 Foreign Portfolio Investment in January 

 Foreigners' sells of securities on the stock market totalled 7 million Deutsche marks net in January. 71 percent of all deals were concluded on the Ljubljana Stock Exchange. Net deals were at 2.2 million Deutsche marks until 15 January. 

 STOCK EXCHANGE Foreign Currencies Up 

 Major foreign currencies rose in the past week according to the mean rate of the Bank of Slovenia. The euro gained SIT 0.16 to SIT 188.98, the Deutsche mark SIT 0.08 to SIT 98.63, the U.S. dollar SIT 1.17 to SIT 167.05, the Austrian schilling SIT 0.01 to SIT 13.73, 100 Italian liras SIT 0.01 to SIT 9.76 and the Swiss franc SIT 1.12 to SIT 118.19. 

 (c) 1999 STA, Slovenska Tiskovna Agencija d.o.o."
Bank of Slovenia raises euro buying rate. ,1999-02-01," LJUBLJANA, Feb 1 (Reuters) - The Bank of Slovenia said on Monday it would raise commercial banks' intervention euro buying rate to 190.11 tolars from 189.52 tolars, effective from Tuesday. 

 It said the central bank would buy foreign exchange from chosen commercial banks participating in the intervention, but did not disclose the rate. 

 The central bank did not explain the move but analysts said it was designed to depress the value of the tolar against the euro. 

 Prior to the central bank's first intervention on January 27, commercial banks were buying euros from companies at an average rate of 188.7 tolars. 

 ((Marja Novak, Ljubljana newsroom, 386-61-17-00-545, ljubljana.newsroom@reuters.com)). 

 (C) Reuters Limited 1999."
Review of Slovene Economy from 23 through 29 January. ,1999-01-31," Ljubljana, 31 January (STA) - Decisions taken at the last session of the Bank of Slovenia (BS) Council were presented by Governor of the BS France Arhar. The Council passed changes to the fiduciary account regime for portfolio foreign investments and to the payments of tolar deposits on financial loans taken abroad. It also adopted the objectives of the monetary policy for 1999, which include the 16 to 24 percent growth rate of the M3 monetary aggregate. The bank Nova Kreditna Banka Maribor was given a go-ahead on the purchase of 24.05-percent stake in the Dolenjska Banka bank. 

 The government unanimously refused to issue a permit for Mercator's purchase of Emona Merkur's 170,325 common registered shares. The decision was taken after basic guidelines for the national development strategy had been considered. Dissatisfied with the government decision, the Mercator management team decided Friday to start administrative proceedings at the Supreme Court. 

 Consumer prices have increased by 1 percent in January, putting the January inflation rate at 1 percent. A year-to-year rise in consumer prices is 6.1 percent. 

 Chronology: Monday/25 January - Singapore: Minister of Economic Relations and Development Marjan Senjur starts two-day visit to Singapore. Tuesday/26 January - Ljubljana: Minister of Labour Anton Rop visited by Panagoitis Roumeliotis, the coordinator of the EU's regional initiative for stability and good neighbourly relations in Southeastern Europe (The Royaumont initiative). 

 INTERNATIONAL RELATIONS Minister Senjur in Singapore 

 Slovene Minister for Economic Relations and Development Marjan Senjur met during his official visit to Singapore with Foreign Minister Jayaumar on Tuesday. The ministers discussed the Asian financial crisis and IMF assistance to the region. Minister Senjur briefed the Singaporean official about the measures the Slovene central bank had recently introduced to prevent the free flow of 'hot capital'. Senjur said the geopolitical position of Slovenia was an important meeting point enabling cooperation not only with Slovenia's neighbours but also with other Central and Eastern European partners. 

 Slovenia and U.S. for Closer Economic Cooperation 

 A seminar How to Do Business with the United States was organized in Ljubljana Thursday by the Slovene Chamber of Commerce (GZS). U.S. Ambassador to Slovenia Nancy Halliday Ely-Raphael said relations between Slovenia and the U.S. were good but there was still enough room for closer economic cooperation. Participants in the seminar were of the opinion that several bilateral agreements should be concluded in order to strengthen the cooperation in economy. In addition, Slovene companies could benefit more from the contacts established by the Slovenes living in the U.S. 

 The trade exchange with the U.S. accounts for just 5 percent of the total Slovenia's foreign exchange. In 1997 Slovenia's exports to the U.S. totalled US$ 243 million, while the imports from there amounted to US$ 284 million. 

 FINANCES Bank of Slovenia Introduces Several Changes 

 Governor of the Bank of Slovenia France Arhar presented Monday the decisions taken by the BS Council. The Council has adopted the objectives of the monetary policy for 1999, which include the 16 to 24 percent growth rate of the M3 monetary aggregate. The M3 rose by 20.2 percent last year, mainly due to domestic crediting. 

 The Council also passed changes to the fiduciary account regime for portfolio foreign investments and to the deposits in tolars to be paid for financial loans taken abroad. The first change means shortening of the seven-year period to four years during which a foreign holder of Slovene shares is obliged not to sell them. The other decision will soften borrowings abroad because a deposit in Slovene tolars worth 40 percent of the loan will not be required any more. It will be reduced and should range from 0 to 30 percent. Both measures take effect on 1 February. 

 Bank of Slovenia Chooses Banks for Intervention Buying 

 The central bank decided Tuesday that four Slovene banks, namely Dolenjska Banka, Abanka, Nova Ljubljanska Banka and SKB Banka will be obliged to purchase foreign currencies at the intervention exchange rate of SIT 189.52 for 1 euro. 

 COMPANIES Sales Contract for TAM Initialled 

 The sales contract of TAM, a Maribor-based vehicle producer in receivership, was initialled Friday by official receiver Mirko Zagar, Buyer of TAM John Eapen, Director of MTI Evropa Martin Buden and lawyer Pavel Pensa. SIT 10.5 billion for TAM has to be paid within 6 months. Only then the right to property will be transferred to the buyer. 

 Sava Tires Manufactures Over 5 Million Tires 

 Sava Tires, a Kranj-sitted company jointly owned by concern Goodyear (60) and the Sava joint-stock company (40), produced over 5 million tires last year and thus fully met its business plan. Sava Tires employes over 1700 workers. Its plan is to produce almost 5.5 million tires in 1999. 

 Jewellry Manufacturer Sold to AL Inzeniring 

 The Zlatarna Celje joint-stock company in receivership will be sold to AL Inzeniring, a Ljubljana-based company, for SIT 296 million, the bankruptcy senate of the Celje District Court decided at the beginning of the week. Following two failed auctions, a public invitation for tenders was issued at the end of last year with the opening price of SIT 291.6 million, that is 67.5 percent of the company's value. Two tenders arrived and AL Inzeniring was chosen after its programme and financial scheme were assessed as more favourable. 

 MERGERS Government Opposes Mercator's Bid to Take Emona Merkur Over 

 The government unanimously refused Thursday to issue a permit for Mercator's purchase of Emona Merkur's 170,325 common registered shares. The decision was taken after basic guidelines for the national development strategy had been considered. By worsening the economic situation of Slovenia as a whole as well as of the regions in which Emona Merkur is present, the takeover resulting from such a purchase would have a negative impact on the development of the Slovene food retailers in the long run. Dissatisfied with the government decision, the Mercator management team decided Friday to start administrative proceedings at the Supreme Court. 

 Shareholders of Kranj-based Trading Company Vote for ""Triplet"" 

 Shareholders of Zivila Kranj, a Slovene chain of supermarkets, decided on Friday to merge with two Slovene rivals, namely Emona Merkur and Emona Obala into a new company called Emona Zivila. 99.8 percent of the shareholders voted for the merger. 

 Trading Companies Zivila and Mercator Fighting for Loka 

 Zivila Kranj issued a bid to buy shares of its Skofja Loka-based rival Loka. Zivila will be purchasing Loka shares until 22 February. The bid will only be successful if 46 percent of Loka shares are bought. Having signed a letter of intent about a friendly takeover with Mercator last September, Loka opposes a Zivila takeover. 

 TOURISM Slovenia Recorded One-Percent Decline in Tourists in 1998 

 Slovene tourist resorts were visited by 1,797,217 tourists in 1998, recording a year-on-year decline of one percent. The first statistical data on the turnover in the Slovene tourist industry show the number of tourists was up by 4 percent to 103,174 last December from December 1997. Slovenia recorded a considerable decrease in the number of domestic tourists last year, while the number of foreign visitors remained on the level of 1997. The number of domestic visitors was down by 3 percent to 821,267, while the number of foreign tourists remained unchanged at 975,950. Between January and December 1998, domestic guests allowed for 3,229,061 tourist nights and foreign for 3,061,164 nights. The figures were down by two and one percent, respectively. 

 Slovene Tourism Promoted Abroad 

 Slovenia participated for the first time at the Holiday World Experience in Dublin from 21 through 24 January. The promotion was organized by the Slovene Tourist Board (CPTS), air carrier Adria Airways and the Globtur travel agency in cooperation with Crystal Holidays of Great Britain. The CPTS believes Ireland is an interesting market for the Slovene tourist industry, especially after Adria has introduced regular flights between Ljubljana and Dublin. The most favourite Slovene destination of British and Irish tourists is Alpine lakes and the mountains. The Slovene tourist industry is currently promoted also at the IRU fair in Austria's Linz as well as at a number of penal discussions promoting Europe in U.S. towns. The latter promotion is part of activities of the European Tourist Commission. 

 STATISTICS January's Inflation Totals 1 Percent 

 Consumer prices have increased by 1 percent in January, putting the January inflation rate at 1 percent. A year-to-year rise in consumer prices is 6.1 percent.The National Statistical Office has said the sharpest increase was recorded in prices of food and nonalcoholic drinks (2.7) and in prices of communications services (1.6); the latter were up mostly due to a price rise in some postal services (6.7416000n average). 

 Volume of Industrial Production Up 3.7 Percent in 1998 

 The manufacturing sector increased the volume of its production by 3.7 percent last year from a year earlier, the National Office of Statistics has said. At the end of 1998 the growth of productivity in industrial companies exceeded the growth in 1997 by 5.4 percent as a result of reduction in workers and increase in production in 1998. 

 STOCK EXCHANGE Shares of Pharmaceuticals Companies in the Lead 

 The last week saw a 4.6 percent rise in the SBI index, which closed the week at 1886.87 points after gaining 83.51 points. The BIO index edged up 2.64 points to 110.31 points. Fifteen shares were up and twelve down in the Friday-to-Friday period. Major rises were recorded in the shares of two rivals in the pharmaceutical industry. Gaining 14.4 percent, Lek closed the week at SIT 44,284, and Krka, gaining 12.8 percent, reached SIT 28,864 on Friday. 

 EXCHANGE RATES No Major Changes 

 In the past week the euro increased by SIT 0.07 to SIT 188.81 and the U.S. dollar by SIT 2.76 to SIT 165.87 according to the mean exchange rate of the Bank of Slovenia. Gaining SIT 0.03 to SIT SIT 96.54, another foreign currency on the rising side was the Deutsche mark. The Swiss franc, on the other hand, lost SIT 0,80 to SIT 117.06. Both the Austrian schilling and Italian lira remained unchanged. One schilling cost SIT 13.72 and 100 liras SIT 9.75. 

 (c) 1999 STA, Slovenska Tiskovna Agencija d.o.o."
Weekly Review of Slovenia's Economy from 20 through 26 September. ,1998-09-27," Ljubljana, 27 September (STA) - After hard negotiations Minister of Economic Activities Metod Dragonja and Board Director of the Petrol oil company Janez Lotric signed a contract for the Nafta Lendava refinery on 24 September. It provides conditions for the short-term operation of the refinery. It determines the rights and obligations of both owners - Petrol has a 55-percent stake in Nafta Lendava, while the rest is owned by the state - until 30 August next year. The state will stand surety for Nafta Lendava to take a loan of SIT 500 million (US$ 3 million) to start the production. To subsidize Nafta Lendava's loss from day-to-day operations the state is to earmark up to SIT 65 million per month. 

 The state pledged to provide current assets of SIT 500 million by means of a special contract binding the Commodity Reserves Fund to buy oil, its derivatives or tanks from Nafta. Last week the government in addition passed a decree abolishing the eco tax on fuel oil of domestic production, while the state will ensure Nafta the supply of natural gas at a price enabling the refinery to manufacture methanol at a competitive price. Petrol pledged to supply 25,000 tons of crude oil to Nafta each month. 

 Both contractors agreed not to burden Nafta with the costs resulting from the financing of old liabilities until the end of August 1999. They also expressed readiness to change the claims - Petrol's amount to about two billion tolars and those of the state to SIT 3.5 billion - to the company's capital stock. 

 CHRONOLOGY 

 Wednesday/23 September - Brdo pri Kranju: Government started debate on the 1999 draft budget. Wednesday/23 September - Maribor: Three-day 1st Slovene Congress Transport, Traffic, Logistics, with international attendance was opened. Thursday/24 September - Ljubljana: Health care trade unions, the Health Care Chamber and the Ministry of Health signed an agreement on the rider to the Collective Agreement for health care and an accord on the measures to improve the organization and quality of health care. Friday/25 September - Ljubljana: The Slovene Railway Union called a six-hour warning strike for 8 October at the Ljubljana-Zalog and Celje-Tovorna shunting stations. 

 SLOVENIA - EUROPEAN UNION Slovenia At Multilateral Screening for Agriculture 

 Slovenia attended on 21 and 22 September the multilateral screening for the agriculture section covering fruit and vegetable. According to delegation leader, Agriculture Ministry State Secretary Franc But, the meeting showed the screened area would not pose particular problems, but other agriculture areas, cereals in particular, are expected to prove more demanding. To align with the European Union, Slovenia will have to amend its legislation and, most importantly, set up appropriate institutions. Harmonization of Slovenia's with the EU legislation for fruit and vegetables will be examined in the bilateral screening next week, on 29 and 30 September. 

 Slovenia Attends Multilateral Screening for Customs Union 

 Slovenia's adjustment to EU rules for the customs union will require a lot of work to build up staff and appropriate institutions, primarily the customs service, Vojka Ravbar, state secretary in the Ministry of Economic Relations and Development, who headed the Slovene delegation at the two-day multilateral screening, said after the screening session on Thursday. She added an important task will be to adjust customs tariffs, which Slovenia plans to carry out gradually until its accession to the Union. Slovenia has a quality customs service, but it will need to continue investing in its development according to Ravbar. By joining the EU Slovenia will enter an area without internal borders that controls goods on entry or exit from the common area under a unified system. In that, Ravbar said, of particular importance will be the EU information system used to monitor incoming and outgoing goods. 

 EU: External Factors Influence Economic Situation in Slovenia 

 The recovery of EU economies had a positive influence on the macroeconomic situation in Slovenia, the European Commission said in its autumn report on the economic situation in EU candidates. A higher growth rate of Slovenia's GDP was chiefly a result of an increase in demand for Slovene exports in the EU. A low salary growth rate, however, made home demand rather weak. As external factors brought about a higher growth rate of GDP, the European Commission stressed the need for reforms that would improve public finances, facilitate rehabilitation of companies and the financial sector, and resulted further privatisation of state-owned companies. 

 NATIONAL BUDGET Government Opens Budget Debate 

 The government started the debate on the 1999 draft budget bill during its regular session at Brdo pri Kranju on Wednesday. The key goal of the government's fiscal-budgetary policy in 1999 is a maximum public finance deficit of less than one percent GDP, Premier Janez Drnovsek said at the session. The draft budget proposes maximum government expenditure of SIT 933 billion, up SIT 63 billion from the 1998 budget. Nominal growth of government expenditure is planned not to exceed 7 percent. On the income side, the budget plans SIT 900 billion of revenues. 

 BANK OF SLOVENIA Central Bank's Council Expects Balanced 1999 Budget 

 Dealing with monetary and economic trends at home and abroad, the Council of the Bank of Slovenia established at its latest session that the recent events on world markets announced a possible deterioration of the situation in some large parts of the world, for which reason the period of favourable export demand could change very quickly for Slovenia. This can have a negative effect on Slovenia's further economic growth, the council of Slovenia's central bank assessed. In order that the process of stabilization and the introduction of necessary structural reforms should continue successfully, the council expects the government and the parliament to balance the 1999 national budget and to ensure budgetary expenses do not increase in real terms. 

Central Bank's Intervention on Foreign Money Markets Ends 

 Following the resolution of the governor of the Bank of Slovenia and in agreement with the 5th item of the bid for intervention on foreign money markets by means of intervention buying rate dating from 10 September, Slovenia's central bank announced the period of intervention ended on 21 September. The banks involved are not obliged to sustain the intervention buying rate as of Tuesday, 22 September, the Bank of Slovenia said. 

 CHAMBER OF COMMERCE AND INDUSTRY OF SLOVENIA Chamber's Position on 1999 Budget Bill 

 The Chamber of Commerce and Industry of Slovenia (GZS) supports a development-oriented budget, but says the planned expenditure of SIT 930 billion is excessive. In its position on the 1999 draft budget, adopted on Thursday, the GZS also said the proposed budget deficit should not be spent on day-to-day expenditure. The position of exporters has already deteriorated because of the oncoming wave of global recession that resulted mainly from the crises in Russia, Asia and the Latin America. According to the Executive Committee, the government should pay special attention to downward trends in foreign markets and to deteriorating conditions for doing business of the Slovene industry, and take immediate action to improve business conditions primarily for exporters. 

 FAIRS Craftsmanship Fair Concludes 

 Having received about 210,000 visitors, the 31st International Craftsmanship Fair closed in Celje on 20 September. It featured 1,794 exhibitioners from 30 countries. The exhibition grounds extended over 55,000 square meters. 

 Furniture Fair Opens in Ljubljana 

 The 9th Ljubljana Furniture Fair was held from Tuesday through Sunday. The fair, presenting the latest products of furniture industry, was attended by 324 companies from 17 countries. All leading Slovene furniture manufacturers were present as well as a number of foreign producers. Furniture and other equipment for homes as well as for offices were exhibited at the fair. 

 First Show of Tourism, Hotel Services and Gastronomy 

 The first international fair of tourism, hotel services and gastronomy, EXPO-TAG, opened in the Portoroz Marina on 24 September. Covering the area of 1,000 square meters, the show features 50 exhibitors from Slovenia and Italy. 

 COMPANIES Color Expects Lower Income This Year 

 Color, Medvode-based chemical industry, recorded sales revenue of SIT 3.3 billion in the first six months of this year. The overall profit amounted to SIT 211 million. Color sells 28 percent of its production to the former Soviet Union countries. General Manager Bojan Dolar said the company would not fulfill its plans by the end of the year. The deviation from the envisaged results will depend upon further developments in Russia, but the profit will be lower than expected. 

 Sava Kranj Records Increase in Sales 

 Sava of Kranj turned over SIT 17 billion in the first half-year, an increase of 5.2 percent over the same period last year. The volume of production was up by 3.7 percent in the period. According to the consolidated profit and loss account, the half-year net profit of the pneumatics producer amounted to SIT 560 million, 42.4 percent up from the same period last year. Sava exports most of its production, with the share of exports in overall sales surmounting 86 percent. 

 Droga Successful in Half-Year 

 Droga food industry recorded an income of SIT 5.9 billion in the first six months of this year. The nett profit amounted to SIT 357 million, five percent up from the same period last year. The Portoroz-based company looks upon its half-year operation as successful. According to Finance Director Assistant Ales Skraba, a nett profit of over a billion tolars is expected by the end of the year. The company's performance in the first half-year was strongly influenced by relatively high inflation in the first quarter and mild winter. 

 Gorenje Business Results in the First Half of 1998 

 President of Gorenje Joze Stanic estimates the company's business results in the first half of 1998 were good, although they could be better. In the first six months Gorenje's company Gospodinjski aparati (kitchen appliances) manufactured over one million appliances with the turnover totalling 324 million German mark, which is a 15-percent increase over the same period last year. The Gorenje management, however, was not satisfied with the net profit that was only seven million mark instead of the expected 14 million. Gorenje remains the biggest Slovene manufacturing company and Slovenia's most important net exporter. Recently the sales have been very good in Germany, France, Croatia, Austria, Denmark and Poland, while in Russia they have been, due to the crisis, worse than planned, Gorenje PR department announced. 

 Petrol Sells Less Oil Derivatives 

 The Petrol business group recorded a 12-percent fall in sales of oil derivatives in the first half of the year, which reduced its clear revenues by 11 percent in nominal terms in comparison with the January-to-June period 1997. A clear profit of nearly SIT 520 million is 28 percent lower from the same period last year. Return on equity fell to 4.8 percent at the annual level. Petrol has explained its poor business results with a fall in the consumption of oil in Slovenia, which was down 10 percent in the first half of the year after a long period of steady growth; as a result of measures taken by neighbouring countries much less oil derivatives were sold in the regions along the state borders (the so called oil tourism), where over a fourth of all Petrol petrol stations are based. 

 Kovinotehna Incurs a Loss in Half-Year 

 Kovinotehna, a Celje-based international trade company, incurred a loss of over SIT 358 million in the first half of 1998, while it had made a profit of SIT 11.2 million in the same period last year. The main reasons for bad performance are according to Board Director Saso Gerzina high extraordinary expenditures resulting from considerable write-offs and too large amount of tied-up current assets, especially stocks. Kovinotehna operation revenues amounted to SIT 17.4 billion in the first six months of this year, a 10-percent increase over the same period last year. Revenues from the operation of the Kovinotehna group totalled about SIT 21 billion, while the loss amounted to SIT 354 million. 

 Donit Filter to Expand Production with New Owner 

 The company Donit Filter, based in Medvode outside Ljubljana, registered as Filtrauto Slovenija Ltd. this summer after French Filtrauto bought it in June last year, allowing it to continue marketing its products under the Donit Filter brand name. Providing fresh capital upon purchase and transferring part of its production to Slovenia, the new owner is currently engaged in preparations for Filtrauto Slovenija to build a new production facility that would unite all production on one single location. The company this year also plans to start production of cockpit filters, next year it is to move all production to new premises, while in 2001 it plans to make SIT 3.2 billion (US$ 20 million) of turnover with the annual production of 9.1 billion filters, according to its director general Krajnc. The company is currently still in the red, with its losses in 1997 amounting to SIT 200 million (US$ 1.25 million). Director general Krajnc expects the business result to become positive after moving to the new factory. 

 Ormoz Sugar Factory Starts Production of Sugar 

 The Ormoz-based sugar factory is to start the processing of this year's sugar beet later this week. This year the factory in Ormoz, eastern Slovenia, is to buy 350,000 tons of sugar beet; in three months some 45,000 to 47,000 tons of sugar are to be made, depending on the contents of sugar in the beet. Last year the factory bought 288,000 tons of beet, making slightly less than 43,000 tons of sugar. Farmers tend to increase the production of sugar beet and by the year 2002 Slovenia should cover its needs - some 80,000 tons of sugar per year - with the domestic production. According to Dogsa, this would be a good basis for the definition of quota when entering the European Union, as the quotas are defined in accordance with the average production in five years' time.The Ormoz factory, employing 309 people, is owned by Dutch Consun (57-percent stake) and Italian Sucadria (25-percent stake). Last year's turnover totalled SIT 6.351 billion, while the net profit was SIT 89 million. This year both are to be increased, although the factory is facing problems due to high price of beet and low price of sugar. 

 SLOVENE RAILWAYS Slovene Railways Sign Contract to Purchase Pendolino Trains 

 Slovene Railways (SZ) and the Italian FiatFerroviaria company signed a contract of SIT 4.33 billion on Monday for the Slovene company to purchase three new Pendolino trains. The contract covers three trains, spare parts, a special maintaining equipment and the necessary documentation. To pay for the order, SZ will take a loan from a consortium of Slovene banks, for which the government has already issued a guarantee through passing a special law. The trains, whose maximum speed is 200 km/h, will be delivered in the middle of 2000, and will run between the towns of Ljubljana and Maribor. 

 SLOVENE IRONWORKS Gov't Examines Performance of Slovene Ironworks 

 The government examined the rehabilitation process of the Slovene Ironworks at its session of 24 September. According to State Secretary Boris Sustar, the Slovene Ironworks output was increasing both in terms of its size and value, although the company Acroni was lagging behind the rehabilitation plan. The Slovene Ironworks have cut the losses by half to SIT 1.3 billion in the first six months of this year. This marks an important step forward from last year, but it is still far from the objective set in the rehabilitation plan. The government believes the rehabilitation as well as the privatization processes should be accelerated, complementing it by internal management rationalization. According to Sustar, demand for thick stainless plates has already decreased because of the anti-dumping procedure against the Slovene Ironworks. 

 Expert Group Set up to Refute Allegations of Dumping 

 A group of domestic and foreign experts has been set up by the Slovene Ironworks and Acroni of Jesenice to refute the allegations about the dumping of stainless steel which moved the European Commission to launch an inquiry against Acroni. The Slovene Ironworks and Acroni see the complaint as a legitimate move in their competitors' struggle for the market. Last week the ironworks received a comprehensive and demanding questionnaire from the EU. They are determined to explain by means of appropriate answers that the sale of stainless steel was not a case of dumping. 

 Internal Distribution of Shares Begins in Ironworks 

 The management of the Slovene Ironworks decided, in agreement with the Privatization Act, that the internal distribution of shares to the employed and former employed in the companies of the concern start on 25 September. The distribution will conclude on 30 October. The beneficiaries - the employed, former employed and the retired - will be able to exchange their privatisation vouchers and receipts of unpaid salaries for shares. 

 TOURISM This Year's Tourist Season Successful 

 Minister of Small Business and Tourism Janko Razgorsek met heads of 36 largest hotel and health resort companies in Slovenia on 21 September. According to him, this year's season has been successful so far. By the end of August the foreign currency influx from hotel, health resort and casino services was by about 15 percent higher than in the same period last year. Sales of petrol and cigarets to foreign subjects, however, were down on account of measures taken by Italy and Austria, so the total of this year's foreign exchange influx from tourism will be lower than last year's. 

 Logo of Slovene Tourism on Adria Airways Aircraft 

 Five aircraft of Slovene air carrier Adria Airways will now carry the logo of Slovene tourism - the word Slovenia surrounded by flowers. Adria Airways last year brought to Slovenia some 44,000 foreign tourists, which is a 7-percent increase over the year 1997. Most tourists flew in from Germany, followed by Great Britain, Russia, Israel, Denmark, the Netherlands, Switzerland, Spain and Turkey. The increase is a consequence of cooperation between Adria and the Centre for Tourism Promotion - the centre's representatives namely often work in Adria's offices abroad. 

 TRAFFIC Contract Signed for the Reconstruction of Logatec-Robic Road 

 The national Direction for Roads signed a contract with four contractors on 24 September, launching the reconstruction of a 56-kilometer long section of the main road between Logatec and Robic. The contract amounts to SIT 1.468 billion. The project will be funded by the loan of the European Bank of Reconstruction and Development. 

 Slovene Truckers Need More Permits for the EU 

 The Ministry of Transport and Communications has responded to truck drivers' warnings of the lack of permits for international haulage. The ministry proposed that the Chamber of Commerce and Industry as well as the Chamber of Trade should have a more active role in the distribution of permits in the future. As the ministry established, permits for the EU countries are lacking most, while the situation is reversed in the case of East European countries. As far as Italy is concerned, only eight percent of 53,000 permits are used properly (in both directions), the ministry found. In the beginning of October the Slovene-Italian commission is expected to meet and the Slovene side will try to negotiate an increase in the quota of permits. It will in addition ask the Italian side to supply the information about the cases of fake permits detected with Slovene truck drivers so that the ministry will be able to start legal actions against the perpetrators. 

 STATISTICS Lower GDP Growth in Q2 

 Following a high, 6.5 percent growth rate in the first quarter of the year, GDP growth was much lower in the second quarter. Y/Y growth over Q2 1997 was 3.2 percent, while compared to Q1 1998 it was .5 percent. GDP growth in the first six months of 1998 over the same period last year was 4.8 percent. Compared to the second quarter of 1997, GDP growth was the highest, 5.8 percent, in the traffic, warehousing and communications sectors. Somewhat lower were the figures for financial services (5.6) and the processing sector (4.7). Basic industries recorded 3.7 percent annual growth, while service 2.6 percent growth. 

 STOCK EXCHANGE Shares Up on the Average 

 Prices of shares on the Ljubljana Stock Exchange increased on the average last week. The SBI share index gained 34.87 point and concluded the week at 1676.36 point. The BIO bond index was up too, by 1.12 point to SIT 105.42. 

 EXCHANGE RATES U.S. Dollar Down 

 The mean price of the U.S dollar was down by three tolars to SIT 157.25 in a week according to the Bank of Slovenia. The Swiss franc depreciated by SIT 0.6 to SIT 114.29, while other major foreign currencies did not change much: the German mark was up by SIT 0.04 to SIT 94.45, the Austrian schilling stayed put at SIT 13.42, as did 100 Italian liras at SIT 9.55. 

 (c) 1998 STA, Slovenska Tiskovna Agencija d.o.o."
Bank of  Slovenia  ends tolar rate  intervention . ,1998-09-22," LJUBLJANA, Sept 22 (Reuters) - The Bank of Slovenia said on Tuesday it had concluded its tolar exchange rate intervention that began on September 14. 

 ""From Tuesday, September 22, the chosen banks are no longer obliged to maintain the intervention exchange rate,"" the bank said in a statement. 

 From September 14, banks were buying foreign currency from companies at a rate of 94.7 tolars to the German mark, up from 94.4 tolars at the start of the month. 

 Analysts said the central bank had decided to intervene in order to slow the appreciation of the tolar. 

 Bank foreign currency buying rates from companies were at the start of September almost the same as those at the beginning of the year although consumer prices have risen 3.8 percent over the first eight months of 1998. 

 ((Ljubljana newsroom, 386-61-17-00-545, ljubljana.newsroom@reuters.com)). 

 (C) Reuters Limited 1998."
Weekly Review of Slovene Economy from 6 through 12 September. ,1998-09-13," Ljubljana, 13 September (STA) - Following Croatia's comments on the government decree on the Krsko Nuclear Plant's reorganization into a public company, the Slovene side on Monday submitted its stands on the comments to Croatia. The document containing Croatian comments consists of 15 points that can be summarized in three demands: co-ownership with a 50-percent stake, consensus in decision-making and terms of payment and guarantee. After a thorough examination of all the points, the Slovene side could only consider a part of them, especially in the part where both partners shared the same views, but could not accept those whose adoption would disagree with Slovene legislation. 

 Current developments between electricity industries of Slovenia and Croatia were discussed by the Administrative Board of the Power Industry Association at its Tuesday session. Members of the body working within the Chamber of Commerce and Industry of Slovenia (CCIS) were addressed by Ivo Banic, director of the Slovene electricity company ELES, and Alojz Kovse, state secretary for power industry. The Krsko N-plant operated at full capacity, achieving a 95.7-percent capacity utilization and generating 441,435 MWh of electricity. 

 Chronology: Tuesday/8 September - Ljubljana: the Council of the Bank of Slovenia adopts a decision to intervene on foreign money markets Wednesday/9 September - Nova Gorica: a contract signed to supply and assemble the equipment for the reconstruction of hydroelectric power plants on the lower Isonzo river Thursday/10 September - Ljubljana: the government and the Petrol oil company launch negotiations over Nafta refinery Thursday/10 September - Ljubljana: the government adopts a strategy of shoe industry restructuring Friday/11 September - Prague: CEFTA summit begins Friday/11 September - Celje: the 31st International Craftsmanship Fair opens 

 BANK OF SLOVENIA Central Bank Council Decides for Intervention on Foreign Money Markets 

 The Council of the Bank of Slovenia discussed a banking bill and adopted several resolutions at a session on Tuesday. It passed a decree on the intervention on foreign money markets by means of an intervention buying rate. Banks chosen through tenders will buy foreign exchange at the rate SIT 94.7 for one German mark as of 14 September. The banks' rate for the purchase of foreign cash in exchange offices may not be lower than 0.2 percent in case of German marks or 0.4 percent in case of other foreign currencies. 

 GOVERNMENT Gov't and Petrol Negotiate on Nafta Refinery 

 Chairman of the Board of Petrol Janez Lotric and Minister of Economic Activities Metod Dragonja on Thursday began a new round of negotiations over the contents of a contract between the oil company and the government to re-start the Nafta Lendava refinery. On Friday working groups harmonized a draft contract, having negotiated compromise solutions in some points. These were discussed by Petrol Supervisory Board on the same day. In the talks the state insisted on it that Petrol secure crude oil supplies so that the refinery could start operating even this month. 

 Gov't Adopts Shoe Industry Restructuring Strategy 

 The government adopted a strategy of restructuring and jobs renewal in the shoe industry on Thursday. The strategy had been prepared by the Ministry of Labour, Family and Social Affairs in cooperation with the Ministry of Economic Activities. The document envisages certain financial investments, by the state as well as by individual companies, Labour Ministry State Secretary Zdenka Kovac told a news conference after the cabinet session. The total of required investments over the following years is estimated at SIT 14 billion. The state is to provide three to four billion tolars in the next five years. 

 INTERNATIONAL ECONOMIC COOPERATION Slovenia Attends CEFTA Summit in Prague 

 A two-day meeting of Central European Free Trade Agreement (CEFTA) member countries' prime ministers began in the Czech capital on Friday. It gathered heads of governments of the Czech Republic, Hungary, Poland, Rumania, Slovakia, Slovenia and for the first time also Bulgaria. Addressing his counterparts, Slovene Prime Minister Janez Drnovsek made a special note of the signing of Additional Protocol No. VI to CEFTA last December. It stipulates liberalization of trade in agricultural products between Slovenia and CEFTA members. The seven CEFTA prime ministers on Friday signed a final declaration stressing CEFTA's contribution to the development and growth of trade among its member states as well as its contribution to a speedier accession to the European Union. 

 Chamber of Economy Delegation Visits Slovakia 

 A 23-strong Chamber of Commerce and Industry of Slovenia (CCIS) delegation led by CCIS Chairman Jozko Cuk started a three-day visit to Slovakia Tuesday, during which it held a business conference and several business meetings with Slovak partners in Bratislava, Nitra and Kosice, where representatives of 17 Slovene enterprises discussed concrete forms and possibilities for business cooperation. 

 Slovene Business Representatives also in Siberia 

 A Slovene economic delegation on Tuesday participated in a business conference in Tyumen, the capital of a west Siberian region of the same name, which the delegation visited led by the Chamber of Commerce and Industry of Slovenia (CCIS). The meeting was attended by ten representatives of Slovene companies and 46 Russian counterparts. 

 SLOVENE DEVELOPMENT COMPANY Restructuring Process Successful 

 The restructuring process in the enterprises Litostroj and Andria Mobil is getting on very well, and positive results have also been recorded in other companies run by the Slovene Development Company (SRD), SRD officials said in a news conference on Wednesday. SRD board of managers also presented the sale of Maribor's textiles manufacturer MTT, the activities concerning the Rogaska health resort and the acquisition of the 90 percent stake in the Goricane Paper Mill. SRD transformed part of its claims to a capital investment of DM 6 million, to provide easier access to bank loans to Goricane. At the end of July, SRD also bough the Austrian stake in the company, becoming the over 90 percent owner of the paper mill. SRD chairman of the board, Bogdan Topic also introduced a new member of the board, Barbara Kuerner Cad, a former economic court judge. 

 SLOVENE EXPORT CORPORATION Slovene Export Corporation, Hermes Sign Insurance Contract 

 The Slovene Export Corporation (SID) and Germany's exports-credit agency Hermes signed a joint insurance contract in Hamburg on Thursday. The contract, signed by SID chairman of the board Marjan Kramar and president of Hermes, Hans Janus, is intended to promote exports of Slovene and German enterprises by providing insurance and more favourable funding for joint export projects and investments in third countries. It will also joint actions by enterprises from both countries in third markets. 

 TOURISM Incomes from Tourism This Year Lower than Expected 

 Slovene tourism foreign currency influx in 1998 was lower than expected, secretary of Slovene Tourist Association Alojz Soster told a news conference on Monday. According to him, the expected proceeds in tourism amounting to US$ 2 billion will not be realized. Similar trends can be also seen in other European countries where tourism is developed, the main reason for this being journeys to the more distant and exotic places, which are getting cheaper. ""We will be glad if the last year's proceeds amounting to slightly more than US$ 1.2 will be achieved,"" Alojz Soster explained. 

 AGRICULTURE Agriculture and Food Industry Association on Perspectives of Accession to the EU 

 A lively discussion on the opportunities of Slovenia's food industry in accession to the EU was conducted among Agriculture and Food Industry Association officials at the CCIS headquarters on Tuesday. The Slovene food industry is on the right path according to the EU report, there is nevertheless still much to be done, CCIS representatives maintained. Among the required measures, the EU report includes an increase in investments needed to improve on the industry's efficiency and especially restructuring and merging of Slovene food companies to increase their competitive power. 

 CEFTA Agreement of Little Benefit to Slovene Agriculture 

 The study on the Slovene agriculture and the CEFTA agreement, which was presented at the Zootechnical Department of the Biotechnical Faculty at Domzale on Monday, shows the Slovene agriculture has not profited much from the CEFTA agreement. It says the agreement has distinctive deficiencies and provides opportunities only to a limited number of branches. The agreement's hazards are so great that they endanger the basic strategic principles of development of the Slovene agriculture, also from the aspect of Slovenia's accession to the EU. The study claims Slovene farmers' incomes are very likely to decrease or, at the best, stay at the present level. 

 POWER INDUSTRY Nuclear Power in Central Europe Discussed at Catez 

 A regular annual international expert meeting of the Nuclear Expert Society of Slovenia (DJSS) was held at the Terme Catez health resort from Tuesday through Thursday. The meeting on 'Nuclear Energy in Central Europe' featured presentations of the latest achievements in the field of nuclear safety, papers on operational problems of research reactors and nuclear power plants as well as disposal of nuclear waste. The participants talked about the progress in the technical reconstruction of the Krsko Nuclear Power Plant in Thursday's round-table discussion. For the first time this year several papers focused on the use of nuclear methods in medicine, technics and industry. 

 Isonzo Hydroelectric Power Plants Sign Contract on Reconstruction 

 A contract on the supply and assembling of the equipment for the reconstruction of the Doblar II and Plave II hydroelectric power plants on the lower Isonzo River was signed on Wednesday in Nova Gorica (west) by representatives of Soske elektrarne of Nova Gorica, Rudis of Trbovlje, Litostroj of Ljubljana and Koncar of Croatia. The investment value of the equipment according to the contract is SIT 2.5 billion. Electrical generator sets of both power plants will have a joint capacity of 58.4 MW (Doblar 40 MW and Plave 18.4 MW). 

 TRANSPORT AND COMMUNICATIONS A By-Pass Opened at Ormoz 

 A 3.75 kilometer motorway by-pass around Ormoz, eastern Slovenia, that will ensure smooth and safe traffic in the region, was opened by the Minister of Transport and Communications on Friday. The Ormoz by-pass constitutes the first part of the new motorway from Slovenjska Bistrica via Ptuj to Ormoz, to be partially renovated or constructed until 2002 under the national motorway construction programme. The by-pass was built in 14 months by building companies GIZ Gradis and SCT Ljubljana together with Cestno podjetje Celje. The investment is worth SIT 1.4 billion (about US$ 8.5 million). 

 SMALL BUSINESS A Seminar on How to Promote Development of Small Business 

 The Faculty of Business and Economics in Maribor on Monday hosted a seminar on encouragements for a quicker development of small business in Slovenia organized by the Ministry of Small Business and Tourism. Minister Janko Razgorsek said assistance was most needed in companies' access to financial funds, business knowledge and experience, access to information, infrastructure, technology, innovation, development and internationalization of operation. 

 FAIRS Minister Razgorsek Opens 31st International Craftsmanship Fair 

 Minister of Small Business and Tourism Janko Razgorsek on Friday opened the 31st International Craftsmanship Fair (MOS), the second largest craftsmanship and business fair exhibition in Europe and one of the key business events in Slovenia. This year the fair, covering 55,000 square meters of exhibition surfaces, is attended by 1794 exhibitors from 30 countries. 

 COMPANIES New Lek-Bosnalijek Plant Opened in Sarajevo 

 Slovene President Milan Kucan and president of the Bosnian presidency, Alija Izetbegovic on Monday opened the renovated and modernized solid drug forms factory of the Bosnalijek corporation, in which the Slovene pharmaceuticals maker Lek is present with a US$ 1.5 million investment. In May this year Lek and Bosnalijek signed another contract for the equipment installation and technological installation worth 0.5 million D-marks. The works are scheduled to finish in October. 

 Slovene Ironworks Incur a Loss of SIT 1.6 billion in Seven Months 

 The Slovene Ironworks Group made SIT 1.6 billion of losses or SIT 400 more than expected in the first seven months of the year, with Acroni Jesenice accounting for the bulk of the loss of SIT 1.5 billion, chairman of the board, Miran Tasic told a news conference on Thursday. Tasic condemned the proposed anti-dumping procedure that was to be started against Acroni Jesenice by the European steel builders association Eurofer because of Acroni's exports of rolled steel plates. Tasic tackled also the issue of the ironworks' privatization and rehabilitation. General Manager of Acroni Vasilij Preseren met with European Commission representatives on Friday in an attempt to convince them that the allegations about dumping of stainless steel by the Slovene company were not grounded. 

 Simobil Increases Initial Capital by SIT 1.7 Billion 

 The management of Simobil, joint-stock company providing telecommunication services, passed a resolution to increase the initial capital by 1.7 billion from SIT 3 million to SIT 1.703 billion. The decision to increase the capital by shareholders' additional investments was adopted at the second general meeting of the company. 

 Union Brewery Awarded Gold Medals for Quality 

 Monde Selection, Brussels-based international institute of quality assessment, this year awarded gold medals for quality to six products of the Union brewery: beers Union and Union Pils, beer and lemon juice beverage Union Radler, ice tea Sola peach and red cranberry flavors and mineral water Zala. The latter was awarded a great gold medal. 

 STATISTICS Average Catering Prices remained Unchanged in August 

 Prices of catering in August 1998 on the average retained the level of a month before. Catering prices were up by 5.8 percent from December 1997 and up by eight percent from August 1997. 

 Exports above US$ 800 Million for the First Time in July 

 Slovene exports amounted to US$ 818.7 million in July and imports to 840.8 million. Trade deficit was US$ 22.1 million, while exports/imports ratio was 97.4 percent, up from July 1997 when trade deficit was at US$ 56.7 million and exports/imports coverage 93.1 percent, the National Statistical Office said. 

 STOCK EXCHANGE SBI Index Down Again 

 Fourteen shares depreciated and ten appreciated in stock quotations of the Ljubljana Stock exchange last week. The SBI share index lost 29.41 point and concluded the week at 1769.51 point. The BIO bonds index slid by 0.44 point to 104.90 point. 

 EXCHANGE RATES Most Major Foreign Currencies Depreciates 

 Apart from the Swiss franc and Austrian schilling, major foreign currencies depreciated last week according to the mean rate of the Bank of Slovenia. The franc was up by SIT 0.31 to SIT 115.07, while the schilling stayed put at SIT 13.41. The U.S. dollar was down by SIT 4.99 to SIT 159.47, the German mark by 0.01 to SIT 94.37 and 100 Italian liras by SIT 0.01 to SIT 9.55. 

 (c) 1998 STA, Slovenska Tiskovna Agencija d.o.o."
Slovenia  cenbank says to  intervene  on tolar market. ,1998-09-10," LJUBLJANA, Sept 10 (Reuters) - The Bank of Slovenia said on Thursday it would begin tolar exchange rate intervention on Monday. 

 ""From September 14 onwards the chosen banks will be buying foreign currency at a rate of 94.7 tolars to the German mark,"" the bank said in a statement. 

 Currently banks buy foreign currency from companies at a rate of about 94.4 tolars to the mark. 

 The bank did not say at what rate it would buy foreign exchange from the banks in question. 

 Analysts said the central bank decided to intervene in order to slow down the appreciation of the tolar. 

 Current bank foreign currency buying rates from companies are almost the same as those at the start of the year although consumer prices have risen 3.8 percent since the start of 1998. 

 ((Marja Novak, Ljubljana newsroom, 386-61-17-00-545, ljubljana.newsroom@reuters.com)). 

 (C) Reuters Limited 1998."
Weekly Review of Slovene Economy from 5 to 11 July. ,1998-07-12," Ljubljana, 12 July (STA) - Prime Minister Janez Drnovsek's economic college, which comprises ministers dealing with economic affairs, discussed Monday the analysis of economic trends in 1998 and a development projection for next two years, placing special emphasis on drafting the 1999-2000 national budget, basic macroeconomic projections and conditions in public finance. Based on the latest data, economic ministers again confirmed that positive economic trends in Slovenia continued. 

 The ministers also established that results of the spring report 1998 by the Institute for Macroeconomic Analyses and Development proved the government was staying firmly on course towards macroeconomic objectives and had this year achieved the set goals. About six percent higher economic growth than predicted in the beginning of the year was recorded in the first quarter of 1998. GDP growth is expected to at least topple four percent. 

 Chronology: Monday/6 July - Brussels: Slovenia with EU on economic priorities Wednesday/8 July - Ljubljana: Economic-Social Council passes grey economy prevention bill Wednesday/8 July - Ljubljana: Bank of Slovenia ends period of using intervention purchase exchange rate Wednesday/8 July - Ljubljana: Government passes regulation setting the procedure of closing tally accounts of privatisation voucher holders and the use of privatisation vouchers Thursday/9 July - Ljubljana: Government inter alia debates situation in the processing industry Friday/10 July - Potoroz: Splosna plovba supervisory board opts for privatisation and the search of strategic partner Friday/10 July - Krsko: Krsko Nuclear Power Plant Interim Board of Directors session ends unsuccessfully 

 BANK OF SLOVENIA Slovene Central Bank Has Stopped Intervening on Foreign Money Markets 

 The Bank of Slovenia announced the period of intervention by setting purchase prices of foreign currencies ended on Wednesday. The banks selected according to the bid are no longer obliged to keep up the intervention purchase price as of 9 July. 

 GOVERNMENT Hike in Electricity Price Rejected; Reports on Processing Industry and Slovene Ironworks Discussed 

 The government rejected at its session Thursday a proposal made by Eles, a power transmission enterprise, to rise the price of electricity by 14.5 percent as of 1 July. The latest rise took place on 1 January (8 percent). Reports prepared by the Economics Minister on the situation in the processing industry were confirmed by the government, together with measures to improve the condition of the procession industry which will be sent to parliament. The government also debated the report on the iron-manufacturing companies gathered in the Slovene Ironworks (SZ), establishing that reorganization in the branch was bearing fruit. 

 INTERNATIONAL ACTIVITIES Multilateral Screening for Fisheries 

 The Slovene delegation on Monday attended the multilateral screening, with the other five European Union membership applicants, for the common fisheries policy. Delegations of Slovenia, Poland, the Czech Republic, Hungary, Estonia and Cyprus and European Commission enlargement group members examined the development of capacity to implement and enforce the common fisheries legislation. Bilateral screening for fisheries for Slovenia is scheduled for 14 July. 

 EU-Slovenia Subcommittee about Mid-Term Guidelines for Economic Development 

 The EU-Slovenia Subcommittee on Economic Issues was harmonizing Monday a draft Joint Assessment of Mid-Term Economic Policy Priorities of Slovenia. Divided in three chapters, the Joint Assessment analyzes the current economic situation in Slovenia, points to some economic problems and manners of settling them plus defines a medium-term macroeconomic target scenario. It in fact represents a common idea of what policy should be adopted to transform successfully the Slovene economy and prepare it for membership of the EU. 

 ECONOMIC-SOCIAL COUNCIL Grey Economy Prevention Bill Should be Passed Soon 

 The Economic and Social Council on Wednesday discussed and passed a bill aimed to prevent black economy. Social partners said the bill was good and had to be adopted as soon as possible. It will make a major contribution to improve the situation in the area, Minister of Labour and Council Chairman Anton Rop said. The session, which was attended also by European Affairs Minister Igor Bavcar, passed the decision to appoint representatives of the trade unions and employers, one of each, to the working groups reviewing the agreement of Slovenia's legislation with that of the EU. Grey economy has been increasing constantly over the last years also in Slovenia, where the share of moonlighting amounts to 17-22 percent of gross domestic product. 

 PRIVATISATION Gov't Passes Decree to Close Tally Accounts of Voucher Owners 

 The government on Wednesday issued a decree on the procedure to close tally accounts of privatisation voucher owners and enable the use of vouchers on the basis of the act on the conclusion of privatisation and privatisation of legal entities owned by the Slovene Development Company. The decree took immediate effect, It regulates the procedure of tally accounts closing; the procedure of exchange of vouchers for shares in internal distribution or internal buy-out in those companies in which these will be carried out by the end of October as well as the procedure of using vouchers in privatisation of the Triglav National Park Development Promotion Fund. 

 Privatisation Report in Slovene, English and German 

 The national Agency for Restructuring and Privatisation on Thursday presented a publication Privatisation Report, published in Slovene, English and German. According to the Report, the performance of privatised companies has improved during the last 3 years, but there is quite a difference between internally owned companies and companies controlled by outside owners. 

 VALUE ADDED TAX Finance Ministry on VAT 

 The Ministry of Finance on Friday organized the first working meeting with the press concerned with the introduction of value added tax. From now on such meetings will take place every week. The first one dealt with two topics: VAT exemption and VAT zero rate. 

 CONFERENCES Seminar within the 'Educate for Europe' Programme 

 The Slovene Management Research Institute on Tuesday organized a seminar on 'Liberalization, Privatization, Integration and Concentration on Finance and Capital Markets'. The seminar was addressed by France Arhar, the governor of Slovenia's central bank, who said the privatization of the greatest Slovene commercial banks Nova Ljubljanska banka and Nova kreditna banka Maribor was not to be carried out headlong. Such educational seminars are aimed to inform the participants, the leading managers of Slovene economy, about the economic, system and market conditions of Slovenia's adjusting to Europe. 

 ENERGY Krsko N-Plant Generated 425,000 MWh in June 

 The Krsko Nuclear Power Plant operated at full capacity and 95.4-percent capacity utilization last June, generating 425,847 megawatt-hours of electricity. 

 Krsko Interim Board of Directors Session Unsuccessful 

 The interim board of directors of the Krsko nuclear power plant failed to agree on any of the items on agenda of the session held on Friday at Krsko. Krsko CEO Ivo Banic, also director of the national power company Elektro-Slovenija (Eles), said problems appeared as early as at the session agenda. The session was discontinued after four hours when due to opposing views by Croatian members the board failed to reach agreement on the first two items on the agenda, concerning the selection of an international auditor to revise Krsko operations in the 1986-1996 period, and modernization funding. 

 TOURISM Higher Prices of Tourist Services Result in Less Tourist 

 Trends in the Slovene tourist industry ahead of the high season were presented at a news conference on Wednesday by the Ministry of Small Business and Tourism and the Slovene Tourist Board. Seemingly downward trends in the first third of 1998 resulted from the 'green' winter in the season of 1997/98, a rise in prices of tourist services, unemployment in some Western countries, the financial crisis in Asia and therefore low prices in the Far East, the fear that the Kosovo conflict might spread to Slovenia, the fact that the Slovene currency is overvalued, and perhaps also the EXPO world exhibition in Lisbon and the Football World Cup, Minister of Small Business and Tourism Janko Razgorsek said. In the January-to-April period, Slovene tourist destinations were visited by 1 percent less tourists than in the same period 1997, with overnight stays going down just the same. The number of foreign tourists in the same period fell 1 percent, too, but overnight stays made by them decreased by 2 percent. While there were less tourists from Austria, Belgium, Switzerland, the Netherlands and Germany, more guests came from Hungary, Italy, Great Britain, the USA, Croatia and Russia. 

 COMPANIES Kovinotehna Explains Changes in Management and Presents Plans 

 Representatives of Kovinotehna, a Celje-based trade company, on Tuesday talked about the reasons for changes in the management. Supervisory Board on Friday, 3 July, unanimously accepted the resignation of the management, who had established they were not achieving the 1998 targets on the basis of previous operation results analysis. The company's officials presented their plans for the future. Supervisory Board appointed Aleksander Ivan Gerzina new Management Board Chairman, observing the proposal of outgoing Chairman Ales Ilc. 

 Autocommerce Becomes Owner of Globtour Praha Travel Agency 

 Autocommerce, a Ljubljana-based joint-stock company, acquired a majority stake in Globtour Praha, one of the three largest tour operators in the Czech Republic, in the first half of July. Autocommerce thus continues with the implementation of its strategic objective to develop its tourist activities by investing in successful tourist companies engaged in organizing travels in a wider geographic area. 

 Port of Koper Holds 3rd General Assembly 

 Port of Koper shareholders allocated 1997 profit and undistributed profit from previous years at the third general assembly on Friday. They elected a new member of the nine-member supervisory board, and postponed deliberations on a proposal to reduce capital stock until autumn. It was decided that SIT 500 million (US$ 2.9m) of the SIT 1.9 (US$ 11.6m) net profit be allocated for the own share fund and SIT 1.4 billion (US$ 8.2m) remain undistributed. Of the undistributed profit from previous years amounting to SIT 837 million (US$ 4.9m), SIT 212 million (US$ 1.2m) belongs to the government according to the general assembly decision; SIT 8.5 million was allocated for awards to supervisory board members, and SIT 614 million (US$ 3.6m) for dividends. Gross dividend will thus amount to SIT 86 (US$ .508) per share. 

 Petrol Presents Modernized Laboratory 

 Slovene oil company Petrol's management team on Thursday presented a modernized chemical laboratory, the only Slovene chemical laboratory with the accreditation of the Office for Standardization and Metrology. The laboratory has gained the title of the central Slovene oil laboratory. Representatives of Petrol spoke also about the current business operations, a annual general meeting to be held on 31 July and problems regarding Slovenia's oil refinery Nafta Lendava, owned by Petrol, the majority stakeholder, and the government (45 percent). 

 Slovene Shipowner's Board Opt for Privatisation 

 Supervisory Board of Splosna plovba on Friday examined an analysis of conceivable ways of privatisation of the only Slovene shipowner. Board members established the analysis indicated good starting points for a successful realization of company's privatisation as it considered the agreement for a 20-percent workers' share and demands by the Banka Koper bank. Wishing to secure state property, Supervisory Board advocated the idea that a strategic partner be found by international tender. 

 Kolicevo Paper Mill Changes Hands 

 The ownership structure in the Sarrio Slovenija paper mill has changed: the 40-percent stake of Italy's Sarrio SA was bought by Austria's Mayr-Melnhof Karton AG. The company's new name is Kolicevo Karton d.o.o.. 

 Acroni Exceeds Sales Targets 

 Acroni of Jesenice sold 94,000 tons of goods in the first six months, exceeding the target amount by 15 percent. The loss amounted to SIT 600 million in the period, while the annual plan had been set at one billion tolars. Acroni is a metallurgical company operating within the Slovene Ironworks concern. 

 STATISTICS Slovenia's Foreign Exchange Reserves Total US$ 4.31 Billion 

 Slovenia's foreign exchange reserves amounted to US$ 4.31 billion in end-April, a rise of US$ 77.5 million, or 1.8 percent over March. Foreign exchange reserves of the central bank allowed for US$ 3.3 billion (77 percent) and those of commercial banks US$ 981 million. Foreign currency reserves increased by US$ 55 million in end-April over the beginning of 1998, when they reached US$ 4.26 billion. 

 Foreign Trade Declined in May 

 Slovenia's exports totaled US$ 736.6 million in May and were down by 1.9 percent from a month before, with imports down by 5.6 percent to US$ 809.9 million. The deficit amounted to US$ 73.3 million at a 90.9-percent exports/imports ratio. Compared to May 1997, exports rose by 8.5 percent and imports by 2.4 percent. 

 STOCK EXCHANGE Shares Up on Ljubljana Stock Exchange 

 All three markets within the Ljubljana Stock Exchange recorded appreciations in shares last week. The SBI share index was slightly down only on Monday, and then up in the following days. It increased by 52.94 points and concluded the week at 1743.51 points. The opposite trend was recorded in the BIO bond index; it was down by 0.34 points to 104.02 points. 

 EXCHANGE RATES Most Leading Foreign Currencies Appreciate 

 The mean prices of leading foreign currencies increased last week according to the Bank of Slovenia. The U.S. dollar was up by SIT 0.84 to SIT 171.09, the German mark by SIT 0.05 to SIT 93.85 and the Austrian schilling by SIT 0.01 to SIT 13.34. A decline was recorded in the Swiss franc, by SIT 0.31 to SIT 111.11, while the mean price of the Italian lira remained unchanged at SIT 9.52 for 100 liras. 

 (c) 1998 STA, Slovenska Tiskovna Agencija d.o.o."
Bank of  Slovenia  ends tolar rate  intervention . ,1998-07-08," LJUBLJANA, July 8 (Reuters) - The Bank of Slovenia said on Wednesday it would on Thursday end the tolar exchange rate intervention it began at the end of May. 

 ""From July 9 the cooperating banks are no longer obliged to maintain the intervention tolar exchange rate,"" the bank said in a statement. 

 At the end of May, the central bank said banks cooperating with its exchange rate intervention would have to buy foreign currency from companies at a minimum rate of 93.9 tolars to the German mark. 

 The minimum rate was raised to 94.1 on June 15 and to 94.4 on July 2. 

 Following the intervention, the banks' exchange rate for companies rose to an average of about 94.5 tolars to the mark from 93.5 tolars at the end of May and 94.4 tolars at the start of the year. 

 The central bank said it would continue to buy foreign exchange from those commercial banks that bought at least 90 percent of all foreign exchange from companies at a rate no lower than the last tolar intervention exchange rate. 

 Banks wanting to sell foreign exchange to the central bank will also have to have a mark exchange rate for citizens no lower than 0.2 percent below the last intervention rate of 94.4 tolars. 

 ((Marja Novak, Ljubljana newsroom, 386-61-17-00-545, ljubljana.newsroom@reuters.com)). 

 (C) Reuters Limited 1998."
Slovene  Central Bank  Has Stopped  Intervening  on Foreign Money Markets. ,1998-07-08," Ljubljana, 8 July (STA) - The Bank of Slovenia has said the period of intervention by setting purchase prices of foreign currencies ended on Wednesday. The decision was adopted on Wednesday by the central bank governor, following the bid for intervention in foreign money markets by means of intervention purchase price dating from 27 May. The banks selected according to the bid are no longer obliged to keep up the intervention purchase price as of 9 July, the Bank of Slovenia reported. 

 The central bank on 2 July sent the bid for temporary intervention purchase of foreign exchange with the obligatory return purchase in two months to those banks which have signed an agreement on cooperation in foreign money markets intervention with the Bank of Slovenia. The banks were entitled to lower exchange rates for the purchase of foreign cash in exchange offices for a maximum of 0.2 percent for D-Mark, and 0.4 percent for other currencies. 

 (c) 1998 STA, Slovenska Tiskovna Agencija d.o.o."
Bank of  Slovenia  raises tolar  intervention  rate. ,1998-07-02," LJUBLJANA, July 2 (Reuters) - The Bank of Slovenia said on Thursday banks cooperating in its exchange rate intervention will from Thursday have to buy foreign currency from companies at a minimum of 94.4 tolars to the mark, up from 93.9 tolars. 

 It said the central bank would in exchange buy marks from the cooperating banks at a rate of 94.6 tolars to the mark, up from a rate of 94.1 set at the end of May. 

 ""Raising the intervention rate is in line with the bank's strategy regarding the appreciation of the tolar,"" Francek Drenovec, head of the central bank's analytic and research centre, told Reuters. 


The Bank of Slovenia started intervening at the end of May to slow the appreciation of the tolar, cooperating with Nova Ljubljanska Banka, SKB  , Dolenjska Banka		   , Banka Celje and Abanka.



On Thursday, the tolar stood at 93.76 to the mark compared with 94.4 tolars at the start of 1998. ((Marja Novak, Ljubljana newsroom, 386-61-17-00-545, ljubljana.newsroom@reuters.com)).



(C) Reuters Limited 1998."
FOCUS-Bank of Slovenia slows tolar strengthening. ,1998-07-02," LJUBLJANA, July 2 (Reuters) - The Bank of Slovenia on Thursday intervened on the local foreign exchange market for the third time in six weeks to rein in the appreciation of the tolar currency. 

 Economists said the central bank's policy was proving a success and should have been implemented earlier. 

 ""In fact it should have come some five months earlier,"" Franci Krizanic, an economist at Ljubljana University's Faculty of Law, told Reuters. 

 ""Had the bank not intervened, the appreciation of the tolar would seriously hurt Slovenian exporters and their profitability which could cause reduction of exports and....a lack of foreign currency,"" he added. 

 Slovenia has seen its currency appreciate over the last few years due to high foreign exchange inflows from exports, foreign investment and tourism. 

 ""The central bank's goal is to neutralise surplus foreign inflows in order to reach a stable tolar exchange rate,"" Bank of Slovenia Governor France Arhar told Reuters earlier. 

 Maintaining a stable tolar exchange rate and controlling inflation were the bank's main goals. 

 In its latest move on Thursday, the central bank said banks cooperating in its exchange rate intervention would have to buy foreign currency from companies at a minimum of 94.4 tolars to the mark, compared to 94.1 tolars since June 15 and 93.9 tolars since the end of May. 

 ""Raising the intervention rate is in line with the bank's strategy regarding the appreciation of the tolar,"" Francek Drenovec, head of the central bank's analytic and research centre, told Reuters. 


The Bank of Slovenia started intervening at the end of May, cooperating with Nova Ljubljanska Banka, SKB  , Dolenjska Banka		   , Banka Celje and Abanka.



Bankers expect the Bank of Slovenia to raise the intervention exchange rate at least once a month over the next five months.



""If the central bank wants to reduce the difference between the exchange rate and inflation it will have to raise the tolar rate to the mark by about 0.6 tolars each month,"" said Vanda Mocnik Kohek, head of treasury at Bank Austria.



Slovenia's consumer price index rose 4.9 percent from the end of December to the end of June but the government is still forecasting that price inflation for the whole year will be eight percent, down from 8.4 percent in 1997. Analysts said the government may slow the pace of increases in officially-controlled fuel and electricty prices in order to hit that target.



((Ljubljana newsroom, 386-61-17-00-545, ljubljana.newsroom@reuters.com)).



(C) Reuters Limited 1998."
Weekly Review of Slovene Economy from June 14 through 20. ,1998-06-20," Ljubljana, 20 June (STA) - President of the Chamber of Small Business (OZS) Transport Section Darko Hlupic officially called off a protest of truck drivers scheduled for Monday, 22 June, after an agreement was signed on Friday afternoon between the government, Chamber of Small Business (OZS) and Chamber of Commerce and Industry (GZS). At Friday's correspondence session, the government adopted several measures thus meeting the demands made by Slovene truck drivers. The government agreed to reduce motorway tolls and yearly payments for the use of roads which in the future would be calculated on the basis of lorry axle pressure and the lorry's weight, as stipulated by the EU standards. Moreover, it was agreed that in the border area at border crossings and on national roads the government will not allow the collection of municipality taxes. 

  By 2 July at the latest, the government will have adopted a decree (which will take effect on 15 July) allowing lorries to have a free access to the customs house. By 30 October, a working group should bring some other issues into line with truck drivers' demands, one of which is a change to the recently passed Road Safety Act. Minister of Transport and Communications Anton Bergauer said a working group would start dealing with the remaining open issues as early as on Monday. 

 Chronology: Wednesday/17 June - Ljubljana: Trade union SKEI congres; Wednesday/17 June - Ljubljana: Three-day meeting of high-ranking representatives of the nuclear safety administrations in the EU, Central and Eastern Europe and former Soviet Union nations, taking place in the framework of Concert Group; Wednesday/17 June - Celje: The beginning of the fair 'For A Healthier Life with Nature'; Thursday/18 June - Ljubljana: The beginning of 27th regular annual economic colloquium of NATO; Thursday/18 June - Ljubljana: Resumption of negotiations to conclude a new social agreement. 

 GOVERNMENT Slovenia temporarily abolished concessions for the import of wheat from Hungary 

 For the first time since Slovenia has become a member of CEFTA, the Slovene government on 18th June adopted a protective customs measure, the aim of which is to reduce the import of inexpensive wheat from Hungary. With the modification of the decree on temporary use of additional protocol no. 6 to CEFTA agreement, it temporarily abolished the 15-percent preferential customs rate for the import of wheat and replaced it by a regular 5.3-percent customs rate and a special import levy (SIT 17.2). The customs duty for the import of wheat from Hungary has thus increased by 7.5 percent. 

 Employment Programme Adopted 

 The government passed on 18 June an active employment policy programme for 1998 in an effort to reduce unemployment by 5000 to 10,000 persons. According to Minister of Labour Anton Rop, the programme is designed both for those unemployed and those workers whose job is uncertain. A part of the employment policy programme is also the scheme to reorganize enterprises, carried out by the Slovene Development Corporation (SRD). Two basic schemes on which the active employment policy programme is based are a programme to train the unemployed and a public works programme. The two programmes are expected to involve 10,000 unemployed. SIT 16 billion is to be allocated for their implementation. 

 EU - SLOVENIA Legislation of EU Candidates in Area of Free Movement of Goods Screened 

 Slovene producers should not face any severe difficulties when EU standards are enforced, said State Secretary in the Slovene Ministry of Economic Relations and Development Vojka Ravbar, who attended a week-long multilateral meeting at which EU candidates' legislation regulating the free movement of goods was screened. Nevertheless, Slovenia will have to adopt several regulations to do away with some technical obstacles obstructing the free movement of goods, and apply them, too. Slovenia is scheduled to hold a bilateral meeting with EU officials at which the same topic will be discussed on 30 June, to wind up on 8 July. 

 Slovene Agriculture Presented to European Negotiators 

 Slovene Ministry of Agriculture, Food and Forestry officials briefed a EU delegation on visit to Slovenia on 18 June about Slovenia's integration into the EU from the aspect of agriculture. The visiting EU delegation consisted of head of the EU negotiating team with EU candidates Nikolaus van der Pas, chief negotiator in charge of Slovenia Jaime Garcia Lombardero and head of the European Commission delegation to Slovenia Amir Naqvi. EU officials were updated on the situation in Slovene agriculture, and compared it with agriculture in some other EU candidates; they were also informed about how Slovenia is preparing its agriculture for EU membership. 

 BUSINESS CONFERENCES, CONSULTATIONS Slovene Enterprises Want to Increase Exports to Poland 

 Polish experts presented the characteristics of the Polish market and specific ways of marketing industrial products and consumer goods there at a seminar entitled How to Export to Poland, organized for Slovene business people by the Trade and Investment Promotion Office and business magazine Gospodarski Vestnik. The seminar was attended by over 40 representatives of Slovene business that are interested in exporting to the 40-million Polish market. The Slovene-Polish trade is marked by a surplus of some US$ 100 million on the Slovene side. With Poland buying a lot of Slovene products, its main imports from Slovenia are pharmaceutical products, whose worth reached US$ 60 million last year, and electric switches. 

 A Conference of Slovene and Belgian Business Officials 

 A Slovene-Belgian business conference was organized in the framework of the visit by a Belgian business delegation to Slovenia on 16 June by the Chamber of Commerce and Industry of Slovenia (CCIS). It was attended by 14 Belgian companies from the field of agriculture and food industry, metal and chemical industries and banking as well as 32 Slovene companies. A cooperation agreement between the CCIS of the Belgian Foreign Trade Board was signed on the occasion by Matevz Bambic, head of the CCIS department for international cooperation, and Paul Vindelinckx, secretary general of the Belgian Board. Trade between Slovenia and Belgium amounted to US$ 101.1 million in the first four months of this year, which is nearly by 20 percent more than in the same period last year. 

 COMPANIES The Most Successful Slovene Companies in 1997 

 Company Revoz from Novo mesto heads the list of 300 biggest Slovene companies with regard to revenue in 1997. Petrol and Elektro Slovenija are placed second and third in the list, respectively, followed by Poslovni sistem Mercator and Gorenje from Velenje. The total revenue of Revoz amounted to SIT 156 billion, the revenue of Petrol amounted to SIT 128 billion, and the revenue of Elektro Slovenija to SIT 87 billion. With net profit amounting to SIT 5.7 billion, Telekom Slovenije - according to unaudited data - is placed first on the list of the most successful Slovene companies regarding the net profit. The pharmaceutical company Krka is placed second with net profit amounting to SIT 5.1 billion in 1997, and the pharmaceutical company Lek is placed third with the net profit of SIT 3.7 billion in 1997. 

 Iskrateling Signed a Deal with Russians 

 Slovenia's Iskrateling has recently signed a contract with Russia's North Caucasus Railways. The equipment supplied and installed by Iskrateling will launch the digitalization of the railway network there. Iskrateling will supply 237 digital telephone exchanges and install optical cables. Apart from telephone exchanges, Iskrateling will provide the other teleinformation equipment necessary for the operator. The first deal is worth US$ 12 million. The railway of the region of North Caucasus is among the largest of a total of 17 railway regions in Russia. With its routs totaling some 7000 km, North Caucasus Railways employ 120,000 workers. Iskrateling is negotiating similar contracts with some other Russian railways. 

 Bankruptcy Proceedings of Delta Ptuj 

 Bankruptcy proceedings were initiated for the company Delta in Ptuj, which employs 330 people. The decision was reached on 15 June by the management of Labod and trade unions representatives. 180 of the employed will be temporarily included in the other Labod's company in Ptuj, the company Valida, whereas the other employees will be directed to the National Employment Office. 

 British Airways Opened Its Branch Office in Ljubljana 

 The company British Airways opened its branch office on 16 June in Ljubljana. Apart from selling tickets, the company will also be offering services of its subsidiary company British Airways Holidays. 

 233,800 Passengers Travelled with Adria Airways in the First Five Months 

 As many as 233,800 passengers travelled by Adria Airways' aeroplanes in the first five months of this year, which is by 14 percent more than in the same period last year. The number of passengers increased by 18 percent in the regular passenger services and by four percent in charter. Adria also transported 1490 tons of cargo in the first five months, which is by three percent less than in the same period last year. 

 COMPANIES - GENERAL MEETINGS Cinkarna is to Pay Out Dividends, Last Year's Loss Covered 

 Cinkarna Celje shareholders discussed at the first general meeting on 16 June the shareout of profits since 1993 and last year's loss. The company registered SIT 574 million of revalued profit in the period from 1993 to 1995. They will allocate 39.74 percent of the profit to pay out the dividends, whereas 60 percent of the profit will not be allocated. The total loss of Cinkarna Celje amounted to SIT 230 million last year. 

 Ljubljana Stock Exchange Shareholders Hold General Meeting 

 Ljubljana Stock Exchange shareholders approved the 1997 business report and decided not to divide last year's clear profit of SIT 332.8 thousand. A change passed by the general meeting was that the number of members of the supervisory board would be reduced from 11 to 7. The market capitalization of shares listed on the Ljubljana Stock Exchange increased a great deal in 1997. Another significant factor influencing last year's business operations was the introduction of the fiduciary accounts by the Bank of Slovenia. 

 Lek Share Brings a Dividend of SIT 660 

 Lek shareholders adopted some changes to the joint-stock company's statute, passed the 1997 business report, discussed the division of their profit and elected new members of the supervisory board. Lek's clear profit amounted to SIT 3.7 billion in 1997, a rise of 21 percent over 1996, Management Board Director Andro Ocvirk told news conference on Friday. Net profit per share totaled SIT 1,914 last year. While last year's clear profit remains undivided, Lek will divide clear profit made in previous years (amounting to SIT 1.3 billion). The divided per share (either A, B or C) will total SIT 660. The general meeting, held on Thursday, reached two decisions to change the Lek statute. The changes will apply to dematerialization of shares A and B. Director Ocvirk said the company's business operations were positively influenced also by the 12.9-percent growth rate of U.S. dollar exchange rate in 1997. Lek managed to register its drug aciclovir in the U.S. market, one of its key foreign markets. Together with amocsiclav and cimetidin, aciclovir is Lek's major product. Mostly owing to an increase in exports, Lek's revenues totaled SIT 21 billion in the January-to-May period, 15 percent up from the same period 1997. Foreigners hold a 30-percent share of Lek, with Slovene investment funds holding nearly the same share. 

 BANK OF SLOVENIA New Intervention Purchase Exchange Rate 

 The Bank of Slovenia informed on 15 June about the new intervention purchase exchange rate, amounting to SIT 94.10 per German mark. The banks, which were chosen on the basis of the proposal and are obliged to buy the foreign currency on the basis of the intervention purchase exchange rate, started to use the new intervention purchase exchange rate on 16 June. 

 Governors of Central Banks of All Former Yugoslav Republics Meet 

 A meeting of governors of central banks of all former Yugoslav republics, first after seven years, was held in Brussels at the initiative of Alfons Verplaetse, Belgian governor and Chairman of the Bank for International Settlements (BIS), Bank of Slovenia reported on Tuesday. The talks, held on Monday, centred on economic situation in the new-formed countries and on the results of monetary policies in the new situation. The governors also discussed possibilities for distribution of the property of the former central bank of Yugoslavia (NBJ) at the Basel Bank, in particular certain options presented by Governor Verplaetse. The governors agreed a new meeting should be organized as soon as possible, the Bank of Slovenia reported. 

 Watts: New Round of Negotiations on Succession to Ex-Yugoslavia in Autumn 

 Sir Arthur Watts, international mediator for negotiations on succession to former Yugoslavia, will start a new round of negotiations with the successor states in September. At their meeting on Wednesday, Watts also informed Slovenia's Foreign Minister Boris Frlec that he would visit Slovenia in September or October. According to Watts, the forthcoming round of negotiations will be the last chance before the international community decides for arbitration. Minister Frlec, who is paying a two-day visit to London, explained to Watts that it was in the interest of Ljubljana for the succession issue to be solved as soon as possible. In his opinion, the solution would also contribute to the normalization of relations between the successor states and to economic and political stability in the region. Slovenia believes that solution of the succession problem would not only help stabilize South-Eastern Europe but would also have a positive impact on the solution of the Kosovo crisis. 

 BANKS Hmezad banka to Merge with Banka Celje this September 

 The General Meeting of the Hmezad banka Zalec bank on 15 June passed a resolution to merge with Banka Celje. As proposed by the managements of both banks, the merger will be carried out on 30 September 1998. Hmezad banka decided to merge with the Celje bank to economize operating, globalize banking transactions, expand the range of services and last but not least to cushion restricted conditions of bank operations and severer foreign competitions. After the merger Hmezad banka will operate as Banka Celje, Zalec subsidiary. Hmezad banka was set up in 1992. A universal bank, Hmezad is licenced to conduct all banking operations except the foreign currency deposits of individuals. The banks Banka Celje and Hmezad banka signed a contract to set up the banking group Banka Celje in January 1997. 

 Bank of Celje's 1997 Net Profit Over 1 Billion Tolars 

 The 1997 net profit of Bank of Celje amounted to SIT 1.2 billion tolars (USD 72 million). The 1997 income totalled SIT 17 billion while the expenses amounted to SIT 15.7 billion. Bank of Celje increased its market share from 5.14 percent to 5.21 percent and confirmed its position as the fifth biggest bank in Slovenia (of the total of 28). 

 TRANSPORT AND COMMUNICATIONS State Guarantees for Loans Taken up to Build a Railway Line between Puconci and Hungarian Border 

 The National Assembly adopted through a fast-track procedure a law on state guarantees for loans taken up by Slovene Railways to build a railway line between Puconci and the Hungarian border. The principals of the loans taken up must not exceed ECU 71.3 million (SIT 13.2 billion). 

 POWER SUPPLY The Government Appointed a Negotiating Group for Power Plant Krsko 

 The government agreed to the initiative on 11 June to conclude an interstate agreement between Slovenia and Croatia connected with the proprietorship and the status of the power plant. The government appointed the negotiating group, consisting of 14-members and led by Uros Korze. The initiative to conclude the agreement was sent to the parliament and is to be discussed by the international relations committee. 

 Geoplin Lowered the Natural Gas by 10 Percent 

 The company Geoplin lowered on 16 June the price of natural gas by ten percent. The reduction will be in force by the end of this September. The price of natural gas will amount to SIT 20.6 per cubic meter in average. 

 UNEMPLOYMENT Unemployment Decreasing for the Fourth Month in SuccessionThe National Employment Office provided employment to 56,000 unemployed people last year, and included 32,000 unemployed people and 8,000 redundant workers in employment programmes. It offered assistance to 50,000 employers, enabled unemployment benefits to nearly 41,000 unemployed people and provided scholarships to 55,000 college and university students. 124,552 people were registered at the National Employment Office at the end of May, which is by 1.7 percent more than in May 1997. The unemployment is decreasing for the fourth month in succession currently. The level of unemployment was 14.4 percent in May; 13.5 percent among men and 15.6 percent among women. 

 STATISTICS GDP Increased by 1.9 Percent in the First Quarter 

 Gross domestic product (GDP) in fixed prices dating from 1992 increased by 1.9 percent in the first quarter of 1998 compared with the last quarter of the previous year; this is by 0.6 percent higher growth than in the previous quarter (1.3 percent). The growth rate on the annual level also shows strong rise; GDP was in the first quarter of this year by 6.5 percent higher over the first quarter in 1997. Slovenia has not registered such a high growth rate (on the annual level) since the second quarter of 1994. 

 April Net Salary SIT 97,993 

 The average net salary in Slovene companies and other organizations amounted to SIT 97,993 in April, the National Statistical office reported. The average April net salary was by 0.6 percent higher than in March and by 9.8 percent higher than in April 1997. The average gross salary in Slovenia amounted to SIT 155,145 in April, which is by 0.9 percent more than a year ago. 

 STOCK EXCHANGE The Majority of Shares Decreased in Price 

 The SBI share index fell under 1700 points last week one more time, having lost 37.88 points to 1663.51 points. Seventeen shares depreciated on stock market listings and ten appreciated at Ljubljana Stock Exchange. The BIO bond index was up by 0.15 point to 103.96 points. 

 EXCHANGE RATES U.S. Dollar and Swiss Franc Down 

 Last week saw a decrease in price of the U.S. dollar (by SIT 1.3 to SIT 167.90) and the Swiss franc (by SIT 1.2 to SIT 111.96). The price for 100 Italian lira remained almost unchanged at SIT 9.50 per 100 liras, whereas the Austrain schilling and the German mark increased slightly - by SIT 0.1 to SIT 13.31 and by SIT 0.06 to SIT 93.66, respectively. 

 (c) 1998 STA, Slovenska Tiskovna Agencija d.o.o."
Bank of  Slovenia intervenes  to slow tolar rise. ,1998-05-29," LJUBLJANA, May 29 (Reuters) - The Bank of Slovenia said on Friday from this week it would buy foreign currency from five commercial banks at a minimum rate of 94.1 tolars to the mark to slow the appreciation of the tolar. 

 The rate for other currencies will be fixed according to their Frankfurt rate against mark, the bank said. 

 ""We want to reduce the difference between tolar exchange rates and inflation. Since September the tolar has appreciated six to eight percent against the main currencies in which we conduct our foreign trade,"" Francek Drenovec, head of the central bank's analytic and research centre, told Reuters. 

 While the tolar had eased slightly on the foreign exchanges since September, in real terms it had appreciated substantially because of high domestic inflation, Drenovec said. 

 Slovenia's main foreign trade currencies are the German mark, Italian lira, Austrian shilling, French franc, Swiss franc, U.S. dollar and British pound. 

 On Friday the tolar stood at 93.47 to the mark, compared to 94.4 tolars at the start of 1998 and 92.63 tolars at the start of September 1997. 

 Slovenia's consumer price index rose by 8.8 percent in 1997, but in the first five months of 1998 it has risen a further 4.9 percent. 

 The central bank said it would buy foreign currency from Nova Ljubljanska Banka, SKB  , Dolenjska Banka, Banka Celje and Abanka, who are in turn obliged to buy foreign currency from companies at a minimum price of 93.9 tolars to the mark. 

 The five banks account for over 40 percent of Slovenia's currency trade between banks and companies. ((Marja Novak, Ljubljana newsroom, 386-61-17-00-545)). 

 (C) Reuters Limited 1998."
Bank of Slovenia to Participate in Foreign Money Markets. ,1998-05-27," Ljubljana, 27 May (STA) - Bank of Slovenia's Council passed the following decisions at its 161st session on Monday: 

 The Bank of Slovenia will actively engage in foreign money markets. The banks that the Bank of Slovenia will sign cooperation agreements with after selecting them in public tenders will be allowed to purchase foreign currencies at SIT 93.90 per Deutsche mark from 25 May onwards. 

 The selected banks will be entitled to lower exchange rates for the purchase of foreign cash in exchange offices for a maximum of 0.2 percent for Deutsche marks, and 0.4 percent for other currencies. 

 The Bank of Slovenia will have the right to change intervention conditions in accordance with foreign money market trends and monetary policy objectives. The central bank will inform the public about the selected banks, through which interventions in foreign money markets will be conducted, on Thursday, 28 May. 

 The Council also amended the decision on the Bank of Slovenia unbalanced foreign currency assets and liabilities (the bank's open foreign currency position), stipulating that the banks will have to balance their open foreign currency positions on a monthly basis. The decision will take effect upon publication in the Official Gazette. 

 The Council confirmed the June foreign exchange minimum of SIT 362,934 million, down 0.3 percent from the previous month. 

 The Council also adopted the report on the use of contemporary payment instruments in the first quarter of 1998, pointing out bank risks the are increasingly present in the constantly rising volume of credit card operations. 

 (c) 1998 STA, Slovenska Tiskovna Agencija d.o.o."
